{"type":"FeatureCollection","features":[{"type":"Feature","properties":{"city":"Naples","country":"Italy"},"geometry":{"type":"MultiPolygon","coordinates":[[[[14.159209058398217,40.808043213134674],[14.1592651804786,40.808001152096075],[14.15932214653241,40.807963291897664],[14.159361995917147,40.80796150608625],[14.159976687421038,40.80826705576233],[14.160790375620405,40.80869383837887],[14.161041747288206,40.808825680864835],[14.16135241219114,40.808988620723945],[14.163626982030792,40.810174008597016],[14.163955045333088,40.810360971433575],[14.164491001739654,40.81066641118442],[14.164810295971703,40.81084016754767],[14.165461496584532,40.811194540782154],[14.165675295383025,40.811316109525734],[14.166267321284769,40.81052720709769],[14.166821176427817,40.80973187147698],[14.167356459525138,40.80897085291315],[14.166185643008138,40.80836035967223],[14.166093073824216,40.808374475894965],[14.166039633418162,40.80837039373195],[14.165638793946648,40.808149396459804],[14.1656152700686,40.80808638488985],[14.16561945179154,40.80805133861849],[14.165630690225415,40.80801995767085],[14.165669727761843,40.808009150700194],[14.165771882673207,40.80800619250093],[14.166143965106343,40.80819371278559],[14.166225884147813,40.80825344976405],[14.166283723126767,40.80829453012675],[14.167363901897787,40.80885820216196],[14.168301047984018,40.8075371235267],[14.168445100320998,40.80733054139367],[14.1691652990175,40.806277368454865],[14.165661125994314,40.8047628939743],[14.165700480203943,40.80472200215078],[14.165743931867432,40.804675277771004],[14.165812198932176,40.80459330736263],[14.16585775270399,40.80454844676691],[14.1678015291687,40.80541307825515],[14.169349450004098,40.80605374064836],[14.169438943068966,40.80592534130169],[14.169477492909085,40.80587820011897],[14.170116701538646,40.806136759157226],[14.170457272970484,40.806302001920486],[14.170712763670911,40.80642105056977],[14.170823380745967,40.806480451697595],[14.170925754932167,40.80651374568229],[14.171010676986088,40.80657296161826],[14.171121697880954,40.806599806816],[14.171266412369706,40.80667247641187],[14.171411694364055,40.80669956693687],[14.17153176738557,40.80668740558878],[14.171626225888257,40.80666854905959],[14.171712362516455,40.806630097428496],[14.171784559627799,40.80660268892255],[14.1718455146151,40.806550881968654],[14.171905740074266,40.806512307330394],[14.171956209292642,40.8064724245545],[14.17197573098333,40.80644954515813],[14.172031551706848,40.80640588176884],[14.17208072136587,40.806369504667906],[14.172116291772793,40.8063312953428],[14.172150906137396,40.80630316391982],[14.172197082748216,40.80626592014964],[14.172255978396983,40.80622267393749],[14.172300050758848,40.806181551609775],[14.172331170200767,40.806141313102934],[14.172361313497705,40.80610988935976],[14.172390420111872,40.80606840704358],[14.172418738346046,40.80601418105081],[14.172459802866285,40.8059676200025],[14.172491682783592,40.80589105366889],[14.172544111786193,40.80583897598048],[14.172561229336083,40.80579420079814],[14.172570936695015,40.80574738547747],[14.17258306091384,40.805688909539334],[14.17257417792968,40.805527254385375],[14.172562648234805,40.805464752235146],[14.172396071067695,40.80542722414044],[14.171363528950419,40.80517653199537],[14.170268658271308,40.80492412934049],[14.169963741812326,40.80488831266525],[14.16973580895524,40.804795018385924],[14.169714660218405,40.80474569025925],[14.169776445589662,40.804698661101845],[14.169901304161272,40.80472954229978],[14.171344476762847,40.80508646242065],[14.172466925150612,40.80535172030887],[14.172558984836433,40.80537488695442],[14.17252164486527,40.80530904251893],[14.172456943433254,40.80525793275135],[14.17243333529787,40.80517346557756],[14.172463518331137,40.80510458591533],[14.172555226135234,40.8049699211072],[14.172604891040326,40.80474834601914],[14.172625008573638,40.80472541272792],[14.172664326684016,40.80468972943216],[14.172710794809609,40.80465682540495],[14.172689362199455,40.80458126366403],[14.172684417676447,40.80452674752471],[14.172746267278015,40.80447517090691],[14.1727970378296,40.80433784367776],[14.17287806939032,40.804113627712134],[14.172905497072168,40.8039998568326],[14.172946555614754,40.80388997566669],[14.172957979594544,40.803808435328676],[14.172909790049331,40.80369356218281],[14.172810335620241,40.80357649376445],[14.172754878406188,40.80352046609375],[14.172710889603202,40.80357186013789],[14.172686078598943,40.80360479807625],[14.172574301297379,40.80381667963649],[14.17257550066904,40.80387964615528],[14.172522546100593,40.803917299165114],[14.172465821182252,40.80390708428252],[14.172419101815153,40.80387767320882],[14.173218174702917,40.80241495055836],[14.17325859718853,40.80238145021951],[14.173329787465729,40.802373041362124],[14.173393204204851,40.80238890338031],[14.173398725425159,40.80230762838331],[14.173372210387031,40.80212507374997],[14.173333599096733,40.80193809407295],[14.173254445998214,40.801719706294755],[14.173225971132139,40.80154057809937],[14.173166702488208,40.80136900863835],[14.173128286431616,40.801166471610586],[14.1731088833281,40.80108076034434],[14.173099617175184,40.80100290149572],[14.173060427850142,40.80086259223833],[14.17302220431286,40.80064449892273],[14.172998249389911,40.80051152841186],[14.172850349886467,40.80017156103408],[14.172767813125745,40.79992984647115],[14.172695936304791,40.79971934924374],[14.172593317769321,40.79946117550897],[14.172565471660173,40.7993911166347],[14.172541246990436,40.799330170042424],[14.172489457637965,40.799241529855635],[14.17245973983016,40.79919066432867],[14.172425923257476,40.79913278678846],[14.172375160334507,40.79917637599775],[14.172327612489546,40.799220129482805],[14.172275476201262,40.79920462679904],[14.171864363270558,40.79908875828585],[14.171627958148928,40.79907869733647],[14.171540162715194,40.79906133787789],[14.17146902452334,40.799031552642305],[14.171473309108832,40.79899398699095],[14.171525015199471,40.798952494043306],[14.17150903481035,40.79891055875317],[14.171366913989326,40.798838442472594],[14.171295514651773,40.79882956524104],[14.171240877450163,40.798799897222075],[14.17110639112552,40.79855636899125],[14.171047935241539,40.798593334857124],[14.17094345335399,40.798648430597254],[14.17111513800385,40.79917956592563],[14.171063911027488,40.79922244075997],[14.170401680095866,40.799804917300676],[14.170352651007578,40.79984929834275],[14.169643770185639,40.80050985986045],[14.16960601215874,40.800487631072805],[14.169531674825674,40.800443719217775],[14.168936309104835,40.799964647836624],[14.168977007644477,40.79992950702266],[14.169631290592246,40.80046616175699],[14.169907878882947,40.8002055783174],[14.169947590286656,40.80016287112271],[14.169239590019421,40.79960519415805],[14.169267403898303,40.79958030145958],[14.169982875418086,40.80012648404157],[14.170281440941801,40.799852566283995],[14.170318717144065,40.799815674597866],[14.169545018950481,40.79926637215328],[14.169590797769558,40.799231333322595],[14.17035743227796,40.79977906577031],[14.170713622477155,40.799470483048204],[14.170759524737571,40.799429941768096],[14.169975373351727,40.798880482600914],[14.170019160597532,40.79884547996327],[14.170800808157361,40.799392361189945],[14.171002928486741,40.79921313396432],[14.171050644740316,40.799171533312375],[14.170893319204282,40.79867804677696],[14.170878032879589,40.798623708931956],[14.171005623663206,40.79856081163335],[14.171068253766963,40.79852682012962],[14.170970266710057,40.79844456500941],[14.17090561733274,40.79833536517003],[14.170835417817125,40.798230307660845],[14.170715663082227,40.79812907578381],[14.17057364994164,40.798048595084246],[14.170447771970926,40.797997504872576],[14.170310789812563,40.797954698485064],[14.170261673163331,40.797998243408244],[14.170222483491841,40.798039339990176],[14.169980990768083,40.79793559645542],[14.169263658236149,40.79767532387077],[14.16910493775095,40.79761144912286],[14.169056962470675,40.79765607396753],[14.168764316358114,40.79798448176909],[14.169785518863344,40.7986137830128],[14.169745300757322,40.79864922122648],[14.168727708708666,40.798031827128845],[14.168703051234532,40.798069803596746],[14.168400870758557,40.79841664603786],[14.169433558464268,40.79904827953064],[14.16938426994895,40.79908995195209],[14.168358005205349,40.79845814568278],[14.168317447628548,40.7985022525139],[14.168110323192199,40.79875123322452],[14.169082299155844,40.799426321478236],[14.169039132191275,40.799459683436574],[14.168083567320455,40.79879585632812],[14.168053515191152,40.7988365148074],[14.167832831461173,40.79907162687526],[14.16858445971708,40.79964856836911],[14.168747876367151,40.79977729975153],[14.168702044288956,40.79981253241652],[14.168536819934179,40.79968515971396],[14.167793607722384,40.799105426201706],[14.16776623581793,40.79906891226667],[14.168266110847224,40.79849728541248],[14.168307020075494,40.79844954982674],[14.169037028328498,40.797580797042535],[14.169083876939922,40.79753602024434],[14.168985344800566,40.79749767117143],[14.168908813353204,40.79745948079621],[14.168698587984768,40.797391623918905],[14.168386609358256,40.79729309829032],[14.168136730429897,40.79716477419006],[14.167815283697148,40.797287245794536],[14.167479935886675,40.79738333208108],[14.167419405348825,40.79730952400666],[14.167350946178967,40.79727658717665],[14.16736203790858,40.79734959294428],[14.167371082594252,40.79739272081716],[14.167314120348992,40.79742477670548],[14.16724875427228,40.797457434105986],[14.166826128526116,40.797592748949064],[14.166534323442153,40.797685608892614],[14.166348517172421,40.797744736110545],[14.1656976130668,40.797963018577704],[14.165451540264758,40.79805509232718],[14.165240656717097,40.79811407488465],[14.165169797445037,40.79804072830721],[14.165089264926722,40.7979858240503],[14.165057083725445,40.79792424793355],[14.164273870304841,40.79820468407487],[14.163846376612387,40.79836880607451],[14.163824945379963,40.79844770033536],[14.163848934314743,40.79868970473967],[14.163887324639052,40.79876450736982],[14.16386919105269,40.79894088070929],[14.163749640230584,40.79919382786426],[14.163709401168074,40.79920727014116],[14.163502492805083,40.799276387953135],[14.163344403361823,40.79932454865725],[14.163325263171256,40.79935550965625],[14.163083919231255,40.79974587354322],[14.163163017607646,40.799791841253565],[14.163289525779984,40.79987619515702],[14.163314368381656,40.79992909876165],[14.163306703704256,40.79999246324478],[14.16324829635459,40.800037430470326],[14.163117438296274,40.80008198319484],[14.162982567844708,40.80005202167243],[14.16293112807814,40.800024483092265],[14.162796372624976,40.79995233980956],[14.162645473130922,40.79987808103678],[14.162645250163889,40.79978059991431],[14.162754542201265,40.799739710843895],[14.162809281432184,40.7997086788298],[14.162799102422415,40.79958060226417],[14.162946415905031,40.79942890823881],[14.162995182328453,40.79938523263264],[14.163101353530385,40.79923642059346],[14.163132382458052,40.79916449825533],[14.163180795669101,40.7991248196358],[14.163305003972363,40.79906522829091],[14.163469358996439,40.79902280154455],[14.16351573362641,40.79898906273625],[14.163570002077023,40.79894980366841],[14.163579469659656,40.79881433360405],[14.163560321651943,40.79864413567947],[14.163550933082465,40.79859954187674],[14.163382083301693,40.798580109569336],[14.163163115725556,40.798583319743216],[14.163084022999554,40.79858447899113],[14.162991974670353,40.79862912239235],[14.162935896482614,40.79863163840531],[14.162924354916544,40.79849260936833],[14.162927919607021,40.79835740417455],[14.162838492828167,40.79831189965526],[14.162604711357886,40.798295379326426],[14.162427089692079,40.79825833182723],[14.162255453243667,40.79820301005553],[14.16204981425676,40.79808169112024],[14.161799737847998,40.79799837698892],[14.161618427912265,40.79796149365447],[14.161473355129786,40.79798210150663],[14.161375900512947,40.798010101496544],[14.16121325583469,40.79807453786047],[14.160991250892884,40.79808165332049],[14.160738606374546,40.79796389413343],[14.160535891542525,40.7979173380241],[14.16035915399743,40.79782588989254],[14.160199114592325,40.797753883290326],[14.160022055749517,40.79768819189132],[14.159929533338213,40.79763599763138],[14.159853872042396,40.79759036596875],[14.159799296277248,40.79756946775659],[14.159779452085594,40.79750008122319],[14.15974356942745,40.797388351489296],[14.15967434151785,40.7972023917989],[14.159653462992388,40.79700976263244],[14.15964832982934,40.79692838413932],[14.159643836759743,40.796857142464226],[14.159657598821559,40.79681176688571],[14.159675670542232,40.79675218098434],[14.159699530461108,40.79665805945378],[14.159753026499198,40.79661366628207],[14.159830892272842,40.79660567423551],[14.159898037631669,40.796664562359815],[14.15994197625583,40.79667271719394],[14.159993550016432,40.7965263569872],[14.15989945830012,40.79637302262222],[14.15977113916602,40.79621772241093],[14.159705782865021,40.796138624621314],[14.159602017544533,40.796003730137116],[14.159501636258721,40.79585517901978],[14.159483446021202,40.795803849818306],[14.159451387251051,40.79571338335207],[14.159434435752733,40.795656858672764],[14.15939144647325,40.79551350224617],[14.159368847242888,40.79532105548047],[14.159363051297147,40.79527169416753],[14.159363958036392,40.79519431057576],[14.15936547815208,40.79506451613168],[14.159454291784376,40.794920987248666],[14.159471226479525,40.79482252159762],[14.159480820238251,40.7947667469576],[14.159510977883729,40.79469190257327],[14.159556558911872,40.79457878818859],[14.159616387583817,40.79448157387],[14.159654723776093,40.794344877167575],[14.159681899479844,40.79432392007958],[14.159730467842937,40.79428022685336],[14.159771398833279,40.79423714614276],[14.159819835387474,40.79419335885466],[14.159851181075055,40.794114643760906],[14.159910206810455,40.79407001340794],[14.15996564089267,40.79403449685844],[14.160021392454881,40.79399525762726],[14.160115486329783,40.79398653687328],[14.160215275242917,40.79402257669234],[14.160232139505437,40.79412535552765],[14.160172533793089,40.79417224844681],[14.160158740515826,40.79428619928391],[14.160141398352627,40.79436800395571],[14.160092595667253,40.794473726434255],[14.160092701202595,40.794520634699445],[14.160092837769204,40.794581752230975],[14.160073978561263,40.79467262902343],[14.160133843283877,40.79472846370008],[14.160197788159266,40.79477961468346],[14.1603171042906,40.794981334440116],[14.160454891609941,40.79509669621642],[14.160655229552836,40.79524526555223],[14.160759939484969,40.795335101593395],[14.16082488334141,40.79534402650345],[14.160908121917489,40.795355465692396],[14.161248264734262,40.795340210647126],[14.161407331116134,40.79531957153952],[14.161577001539673,40.79528093365599],[14.161770832897558,40.79518220661078],[14.161838739319618,40.79514783761565],[14.161902544328608,40.79510829745094],[14.162043584255713,40.7950762523226],[14.162105893377953,40.79503339394538],[14.162168020204636,40.79499188068804],[14.162242419747745,40.79498951646659],[14.1622132961616,40.794905294319754],[14.16202461729155,40.794706688056635],[14.16206723043315,40.79458718844937],[14.162139141800735,40.79452936456187],[14.162191961744245,40.79448761065227],[14.162262076280363,40.79439893679992],[14.162231350693446,40.794342634315015],[14.162197332450615,40.794280299727916],[14.162151055023287,40.794237361452694],[14.162150768603382,40.79413834089805],[14.162092174245643,40.79396540960272],[14.161996815856424,40.793904059169606],[14.161909031714075,40.79384758265869],[14.161598082458214,40.79377149991849],[14.161330889691442,40.793724964124614],[14.16128127437093,40.79369710700015],[14.161229512695945,40.79366804695516],[14.161167547013507,40.79363325662836],[14.161020252336794,40.793500314758816],[14.160822539727427,40.79342365387677],[14.160610769597424,40.79333137046434],[14.160595952461362,40.793289765787605],[14.160698940413704,40.793271642517226],[14.16079065675112,40.793311043729425],[14.160844337433138,40.79327628694503],[14.160883777136727,40.793240090859655],[14.160908914312197,40.793210816821876],[14.160942329134619,40.79316765143927],[14.160978829261841,40.79312325739118],[14.161027872454154,40.79308048317798],[14.161121415235264,40.79302693867888],[14.161182933945884,40.792995381978386],[14.161281243562057,40.792948338151085],[14.161339302967278,40.79291296700706],[14.161373912448353,40.79288381902802],[14.16142159616723,40.79284310073538],[14.161652387615161,40.79278323247985],[14.161885309978453,40.79274127548444],[14.162208696596734,40.79275827969269],[14.162548456477248,40.79282406606005],[14.162607091700478,40.7928259371975],[14.162691550711644,40.7928266497889],[14.16280785783326,40.79279892480729],[14.162912585179512,40.792803228625374],[14.16305746250934,40.792819236697454],[14.163213551954001,40.7927753195204],[14.163269982736072,40.792727888674996],[14.163325624980779,40.79268988892078],[14.163443999519298,40.79262502507937],[14.163500738981583,40.79258777819647],[14.163659489001608,40.79255364546203],[14.163836032164161,40.792662762546364],[14.163932716257175,40.7927211745386],[14.164030241685678,40.79278009068459],[14.164159890590742,40.792819287809124],[14.16427144389456,40.79286379934744],[14.164441143543435,40.79301823765941],[14.164504309274117,40.79310450213027],[14.164549647665526,40.793166418908015],[14.164776078861767,40.793336317931946],[14.164956273267617,40.79345427344846],[14.165040587900695,40.79354348947379],[14.165095027902664,40.79360109642862],[14.165229893316308,40.7937931097682],[14.165291045509942,40.79392440089456],[14.165322312719704,40.79399152976003],[14.165340311781367,40.79408975428886],[14.16538134515488,40.79415093481775],[14.165450026978503,40.794215374077375],[14.165509198285296,40.794262234710004],[14.165687555802338,40.79446129750172],[14.165970628802249,40.794750191826225],[14.166158905019065,40.79487678573779],[14.166313646947003,40.794914853826334],[14.166489744833237,40.79496096609589],[14.166616287411227,40.79503631167076],[14.166660982780254,40.79507983859998],[14.166753265295743,40.79516970931103],[14.166813429322673,40.79532456025295],[14.166895517202072,40.795416916087824],[14.166932702206166,40.795458751698476],[14.167050513172452,40.79550748015041],[14.16705580945075,40.79564228748799],[14.167037456527796,40.79578715899169],[14.16715016964119,40.79590363925106],[14.167317214883823,40.79599517172422],[14.167433363798425,40.79600346094427],[14.167815174908776,40.795990816820265],[14.168235978929578,40.79600122757718],[14.1683322372634,40.796003608191185],[14.16833680079345,40.79613844833681],[14.16827482174847,40.79614495657507],[14.168114868182151,40.79613992117224],[14.167996228121606,40.796134762394416],[14.167907269990193,40.79613089314624],[14.167701722382168,40.79612195452126],[14.167392486991869,40.79614959420587],[14.16724878082583,40.79616492338394],[14.16719994733753,40.79620179012891],[14.167167725959366,40.796240064495144],[14.167197481277348,40.796293145484654],[14.167322779465554,40.79640005726172],[14.167491262868143,40.79650052806648],[14.167654044021743,40.796556239642776],[14.16793724169652,40.79665605987404],[14.168258458831307,40.79674967027345],[14.1683586668856,40.796785550779454],[14.168417258794639,40.79680653099052],[14.168513098236602,40.7968408474447],[14.168593576971686,40.79686966495315],[14.168653277270062,40.79689676063959],[14.168855301370233,40.796988452808186],[14.168930909759615,40.79698955825396],[14.169035708286046,40.797078905350375],[14.16913154125681,40.79716060622929],[14.169397372453592,40.79735123290975],[14.169802162600433,40.79748159800757],[14.170215608018093,40.79765658868634],[14.170400988753116,40.79777430136135],[14.170516562363517,40.79774660051583],[14.170599670950827,40.79772035920006],[14.170748400517981,40.79777481509244],[14.17080773665593,40.79779653848668],[14.171083286667065,40.79795971577803],[14.171167689613968,40.798037669115516],[14.171297089010146,40.79815717750117],[14.171509146028033,40.79833220929045],[14.171564108057677,40.79835305387638],[14.17162587829221,40.798376480682684],[14.171803265787757,40.79846754070524],[14.171994438126733,40.79853884192766],[14.17207139035691,40.798567542634615],[14.17214795103821,40.798596097929945],[14.17232829749198,40.79864093685396],[14.172531000268243,40.79869133389694],[14.172588162109113,40.79870554639422],[14.172745953614802,40.79874477666227],[14.172865919948947,40.79877925358281],[14.173049768752156,40.798832088990586],[14.1732150802708,40.79887959748476],[14.17332838552423,40.798912159485425],[14.173476587087846,40.79894907119372],[14.173569222985478,40.79897214373019],[14.173772376939414,40.79902274153607],[14.174098118437147,40.799098126354025],[14.17430522281592,40.79914283216136],[14.174476008811956,40.79915933870353],[14.174498880149043,40.799135282831905],[14.174547050163483,40.7990914446691],[14.174618260867389,40.799071386740394],[14.174662077362004,40.799060890382805],[14.17467089767717,40.799027356667075],[14.174790758576618,40.799005613271085],[14.174917447565237,40.798926520385194],[14.174973313109161,40.79888721479486],[14.175275124976594,40.79864360422171],[14.175330881995707,40.798602941163935],[14.175390845453935,40.798562789343336],[14.175450037959784,40.79852262715023],[14.175511631325383,40.79847961368065],[14.175564973835025,40.79844246770786],[14.175600466367165,40.798366489880515],[14.175620821827282,40.79832291643437],[14.175620436367213,40.79824190702844],[14.175571274612496,40.79818109774893],[14.175568094371414,40.79806420135355],[14.175590007010014,40.797954659162926],[14.175660678783869,40.79789695737752],[14.175714604519747,40.797856247764784],[14.175745205305313,40.7978346719018],[14.175795533742674,40.79779827721323],[14.175837301601145,40.797767650541225],[14.175888604116397,40.79773018023722],[14.175931630882982,40.79775975513118],[14.176001142524406,40.79780614506644],[14.17612917882388,40.79779588525141],[14.17628799711725,40.79772567682816],[14.176333430187745,40.797672219628],[14.176387950400985,40.79761673037059],[14.1764441888029,40.79756944491376],[14.176496244323056,40.79752729033413],[14.176499626433896,40.79742810512438],[14.17644145282625,40.79740371249031],[14.176321418880423,40.797355093870365],[14.176079602063076,40.79732095620705],[14.175970998755407,40.797297970966554],[14.175904191344364,40.79728383117281],[14.175711773961197,40.79717094472211],[14.17564885264221,40.797109510990985],[14.175553105912446,40.79701602666512],[14.175600016549012,40.79692402194158],[14.175641036667773,40.79690234301829],[14.175698348288824,40.79686544613539],[14.175901767914779,40.796815001898366],[14.175953770408661,40.7967681683045],[14.175947857717947,40.796741686731224],[14.17595387794066,40.79671440733297],[14.176069251343336,40.79673172579577],[14.176116046180347,40.79674312569956],[14.176158024210334,40.79675924293402],[14.17617008944582,40.79683049421152],[14.17617996170693,40.79688879943582],[14.17632756523032,40.796958685098666],[14.176429890036868,40.79700810124349],[14.1764890460428,40.797076823621126],[14.17654148444338,40.79705224399708],[14.17659508853666,40.79701867536461],[14.176684056002811,40.79700116928332],[14.176907660654509,40.79698210689007],[14.177010372085816,40.796959070118675],[14.177058295833538,40.796948321466],[14.17707872446221,40.79683036300715],[14.177049471292008,40.79678755904721],[14.17701604880474,40.79673865123607],[14.176946306479174,40.79666076209626],[14.176927162992666,40.79656709184294],[14.176955961972448,40.796513637278814],[14.17697438563976,40.79647943998847],[14.177058188455717,40.796462165075454],[14.177146378157053,40.79645369590644],[14.17726843083981,40.796461709494324],[14.177345592996005,40.796444734039845],[14.177523953336927,40.796481723272294],[14.177697692433066,40.79656393689259],[14.177940983598802,40.796683534010256],[14.17807029728997,40.796803755998035],[14.178279298181069,40.796920393768644],[14.178405857649972,40.79691019789124],[14.17853431649665,40.79692050123735],[14.17863722871805,40.79679733517447],[14.178668672511117,40.79677473746662],[14.178746326336347,40.79674386686273],[14.178812993214404,40.79669756496733],[14.178866575165232,40.79664638429564],[14.17876844156526,40.796575741332575],[14.178832464002157,40.79653590026788],[14.178897445379947,40.796500947045025],[14.178805992960934,40.796410531378854],[14.178816726457699,40.796362811419],[14.178871843303394,40.79630918033454],[14.17893226964455,40.79625939320569],[14.178995690450753,40.79621293119463],[14.179031958594683,40.79609876205336],[14.179000698368977,40.79607766103342],[14.179009670914164,40.79601902114385],[14.179057377467515,40.79596499872681],[14.179099153362348,40.79592220996477],[14.1791424350576,40.79588222002453],[14.179115562098636,40.7957843964756],[14.178951259326693,40.79573777208194],[14.178891879408589,40.795682337141066],[14.178921540011121,40.79565995647217],[14.178975373647093,40.79561964836129],[14.178982984385247,40.79556528774511],[14.178910793288043,40.79545599984616],[14.17890497453612,40.79541760122448],[14.178898598883958,40.795375521962505],[14.179054978117566,40.795377487227576],[14.179112140604383,40.795464944407826],[14.179113773266254,40.79559991480246],[14.179086862817964,40.795682153532425],[14.179220253744214,40.79571216177243],[14.179292457255643,40.79571456153294],[14.179450377390589,40.79571981057035],[14.179521595418565,40.79571210347441],[14.179564546161817,40.795759686748134],[14.179697586688139,40.79578520951552],[14.179899169922356,40.79582565222657],[14.180040634347009,40.79577877099668],[14.18017552148312,40.79583571934906],[14.180227772030019,40.795833367230856],[14.18025043506195,40.79574582212618],[14.18027300876342,40.79569178540859],[14.18038989516093,40.79570002734817],[14.180539594803701,40.79571129443208],[14.180705488329378,40.795730835425026],[14.180821913045225,40.79584713384352],[14.180952425435626,40.795897495242954],[14.180992396823113,40.79587166437775],[14.181047337249543,40.79583248399047],[14.181246864119478,40.795922533377926],[14.181383594599271,40.79594788802683],[14.18161429197696,40.79597260812117],[14.18165060936304,40.795953870395],[14.181691895895357,40.79587790179431],[14.181737468483542,40.79583358345605],[14.181793933872557,40.79578003883199],[14.181852954934575,40.795728687508095],[14.181818890384639,40.79558617359754],[14.181774186255273,40.79543063493341],[14.181723660883888,40.79534288027233],[14.181617292173621,40.7952036211754],[14.181456091637154,40.7950353216333],[14.181278773902267,40.794840738051505],[14.181149922796386,40.79469799098555],[14.180992141085873,40.79450702891633],[14.18095197887883,40.79423874767495],[14.180957693599499,40.79402162042502],[14.181008468352832,40.79396611492652],[14.181104462192508,40.794029315788144],[14.181200188176877,40.7941555489541],[14.181284961456944,40.794255266600075],[14.181439984034798,40.79440133669433],[14.181523868636104,40.794481820200524],[14.181641647785298,40.79459482377875],[14.18175788124493,40.794756145664905],[14.181838075805727,40.794892080790234],[14.181874428849012,40.79501648533173],[14.181909657399071,40.79514544297609],[14.181926167193787,40.79525273383531],[14.181977455839702,40.79530022611648],[14.182023524468427,40.795342881061266],[14.182023879120907,40.79543289578172],[14.182028789755863,40.79547943705448],[14.182038994367744,40.79557615941932],[14.182046568781642,40.79564794533499],[14.182049971892765,40.795750892660934],[14.182054739221114,40.79589515977182],[14.182054813408572,40.795957189996635],[14.18205490118696,40.79603019716094],[14.182050161579722,40.796089395692505],[14.182044772944218,40.79615669478307],[14.182054021203212,40.79623730494117],[14.18210423015588,40.79622604164096],[14.182198360652446,40.79620829789914],[14.182297502899837,40.79622634101215],[14.182383794571704,40.79631698533292],[14.18246057237373,40.7963900535366],[14.182644913795816,40.79640875995868],[14.182853405840522,40.796385865947144],[14.182974758784576,40.79638490179255],[14.183100227117315,40.796370248310915],[14.183234275775618,40.796332699419864],[14.183352482943539,40.79630943259227],[14.183441321985262,40.79624064690167],[14.18349343615122,40.79619896554318],[14.183603881169022,40.796107988750784],[14.18365031383587,40.79607524409458],[14.18371538909782,40.79604776106915],[14.18378801425166,40.7960031146077],[14.183841125939852,40.795958750236096],[14.18382232302789,40.79586956751533],[14.183813339678707,40.79575664137588],[14.18387349140084,40.79571871312153],[14.183834965990153,40.795670933061885],[14.18377135431788,40.79562428125854],[14.183767675340482,40.79557711289641],[14.183762958555766,40.795516623399],[14.183751343825962,40.79547213263219],[14.183704186181581,40.79528519336809],[14.18370380598125,40.79519913312353],[14.183703244764049,40.79511403266646],[14.183753409035532,40.79507441523258],[14.183805943155223,40.795033028139066],[14.18378298858178,40.794966539414965],[14.183791721167387,40.79490762732471],[14.183813346558852,40.79485263602406],[14.183851968312574,40.794777672640464],[14.183906378421781,40.79474490974799],[14.183900042711482,40.79467317171739],[14.183838759844189,40.794599407361524],[14.183782094437419,40.7944804191884],[14.18376035117939,40.79441820280576],[14.183744924211608,40.794374057524195],[14.183677017209549,40.79424023341114],[14.183740217658295,40.794199336418814],[14.183793019507819,40.79416482289375],[14.183820234255865,40.79409607507582],[14.183824408252997,40.794052078592266],[14.18382795526751,40.7940147006626],[14.18392398157842,40.794007093234775],[14.183959671102965,40.794004264650496],[14.183982368378754,40.79396774452694],[14.183990575855516,40.79393535056587],[14.184050375395719,40.7939236543964],[14.184107624308032,40.79396093952725],[14.184162768250495,40.79395750635511],[14.184166008312618,40.79391984064043],[14.184253907060707,40.79392493611059],[14.184294312939596,40.79389015702393],[14.18422829804356,40.79388862949515],[14.18420034740863,40.79384771071165],[14.184251824385322,40.7938200477483],[14.184348509009906,40.79383232078792],[14.184382687877587,40.79383665911876],[14.184415390955595,40.79376460823752],[14.184468339584633,40.79372926671014],[14.184613874043224,40.793723484132464],[14.184659860445711,40.793689433938376],[14.184712466104063,40.79365074597536],[14.184791954468922,40.793526601559066],[14.184851270169133,40.79348430525104],[14.184905125925216,40.79344399973173],[14.185074733442166,40.79339057481527],[14.185121914216419,40.793375713065466],[14.185149743913156,40.79324841765018],[14.18518258640543,40.793156908070344],[14.185270363866325,40.793049351783324],[14.185353316528644,40.792985609708836],[14.185407356600752,40.792944213478684],[14.185452693129065,40.792775614935515],[14.185412958255297,40.792664868724316],[14.185376941287071,40.79259228769057],[14.185327745741853,40.79249315056528],[14.185393623198474,40.792397086793],[14.185446708523843,40.7923572461024],[14.18551058430205,40.79234086393734],[14.185661742325827,40.7923544085219],[14.185711144980793,40.79235883560589],[14.185732266627593,40.79233537590774],[14.1856959542806,40.792287495831594],[14.185684604132382,40.79217997217755],[14.185684132597245,40.792116972259],[14.185689827264703,40.79199067330382],[14.185705992443006,40.79193645081612],[14.185719754158567,40.79189029272072],[14.185825917171305,40.79190351490292],[14.185964590031197,40.791991796905855],[14.18598610876028,40.792049345835835],[14.186076125966993,40.79213081724138],[14.186310020970465,40.79229133421485],[14.186494398066293,40.79238655796124],[14.186643116910183,40.79236635032907],[14.186775877803708,40.79236937055124],[14.186982941517249,40.79241930065574],[14.187117337430992,40.79235155405157],[14.187177798002931,40.79231873840211],[14.187286152397947,40.79225582163624],[14.187343017196172,40.79221776519957],[14.18763978963837,40.792159373047205],[14.187764935913792,40.79213122347615],[14.187818804932784,40.792214323079776],[14.187912126888444,40.792406251290096],[14.187953740993308,40.79249183358277],[14.187963117849614,40.79263095693316],[14.187926067172148,40.792583110879114],[14.187895583680127,40.792522890123244],[14.187788015719361,40.792521812746],[14.18772824140418,40.79255669551253],[14.187648810578525,40.79259262463139],[14.187669595668748,40.792617180042086],[14.187741872255817,40.792708452997374],[14.187747436398139,40.792789229591044],[14.187736505912929,40.79293376912033],[14.187717174156504,40.79297065321236],[14.187670866769931,40.79301528697137],[14.187646820175711,40.79304684396367],[14.187605982604596,40.79309426157496],[14.187584919467268,40.79311756952251],[14.1876694783876,40.79317536971573],[14.187803755157379,40.79316931723394],[14.187877108446031,40.79317951502156],[14.187963509258994,40.79323557807654],[14.188016086901511,40.79319575639411],[14.188021816270084,40.79316883887226],[14.188029629993727,40.793132124687304],[14.18819050357917,40.7931158695139],[14.188273298078428,40.79316165217381],[14.188336059799177,40.7932353483247],[14.188365195577909,40.7933240643531],[14.188391106283873,40.79339041881584],[14.188450190980863,40.7935498078751],[14.188526746744557,40.793676899946284],[14.188531499202497,40.79377571757294],[14.188644932400539,40.793815617817735],[14.188743557850744,40.793779661597114],[14.18880683575785,40.79376386993815],[14.188856238691379,40.79373406657194],[14.188898391033357,40.79361962924314],[14.188829989046,40.79348316662306],[14.188858257884904,40.793368537844174],[14.18889293096301,40.793348903273525],[14.188949094460318,40.793311242289064],[14.189070628004693,40.79326524878002],[14.189243045698325,40.793311490877876],[14.189384288256319,40.79340415430727],[14.189420090178636,40.79339803911234],[14.189467121336612,40.79344093300049],[14.189564710400187,40.79347704527606],[14.189568511328218,40.793449864431466],[14.18964551677345,40.793468899516334],[14.18974081687926,40.793523122055014],[14.189830952403694,40.79357757563272],[14.189924778321725,40.79363186359839],[14.19001701579503,40.793713231654934],[14.190097412623485,40.793804136815524],[14.190260203678392,40.79385981467062],[14.190497450792886,40.79401567005731],[14.1906020846285,40.7941324901416],[14.190608576150577,40.79416820899765],[14.190877863999157,40.7943361221182],[14.190934376839975,40.79440559618929],[14.191113290498041,40.79448755493185],[14.191262950677537,40.79450781290716],[14.191355799437451,40.794528643056346],[14.191414424275687,40.7944922275023],[14.191471648666647,40.79445512783872],[14.19155870947615,40.79439658166957],[14.191613221083893,40.794356967305184],[14.19178527421307,40.7943131923516],[14.191951239840463,40.79431470839665],[14.192162100541571,40.79434120614481],[14.192492888991547,40.79444331937942],[14.192617261109742,40.7944891322618],[14.192841272737308,40.794571646142764],[14.192825521858962,40.7946353770798],[14.192786274714607,40.79462276743576],[14.192704209032998,40.79462734669401],[14.192547391758586,40.79455339654615],[14.192198896582033,40.794452083320145],[14.191818031359569,40.79441975031269],[14.19165226660268,40.79445873914387],[14.191599367697444,40.79450052795359],[14.191563096721872,40.79452979226363],[14.191504425868121,40.79457715958782],[14.191610449262448,40.79467219594287],[14.191740005139971,40.79473837419621],[14.19170755874151,40.79482536609007],[14.191687932642257,40.79493428742041],[14.19175077258419,40.79498997090141],[14.191829181993947,40.79502694741322],[14.191946583356893,40.79508917223005],[14.191979747992512,40.79509667902193],[14.192342761919768,40.79516582857003],[14.192448803105837,40.79512053050224],[14.192583395110573,40.795127961934504],[14.192578452883378,40.79525422617189],[14.192517137764792,40.79530345544087],[14.192337043436593,40.7953921139789],[14.192329389040896,40.79545902766233],[14.192424203487413,40.79550369225973],[14.192477686755145,40.79545233697238],[14.192499120208296,40.79538748985973],[14.192526892626368,40.7953652035378],[14.192551559483952,40.79533646614763],[14.192651697069588,40.79529143428342],[14.192685839566426,40.79533040772206],[14.192824675706438,40.79538266123003],[14.192922852648882,40.79538658843337],[14.193089084506127,40.795393236063276],[14.193134958754689,40.79544968619656],[14.193059212125153,40.79546243539701],[14.193025340144457,40.7954681369344],[14.192880059886791,40.795432587196586],[14.192764717046217,40.795419759813136],[14.192651992329667,40.795399456806464],[14.192594444974267,40.79540205270678],[14.192602201696575,40.795440256824655],[14.192620599451939,40.79549990521008],[14.19267279896751,40.79554256540251],[14.192820174618511,40.79558092975776],[14.193007651557462,40.79555446318166],[14.193106996820875,40.79561300094097],[14.193047678026641,40.79568770210594],[14.193111830263883,40.79569381013888],[14.193242108050118,40.79567442606467],[14.193312686549273,40.79570966531455],[14.19399554188132,40.79561911335732],[14.19404575356864,40.79567904241249],[14.193966460099958,40.79568932249372],[14.193849536509015,40.79570448178352],[14.19385871601913,40.79574093259811],[14.19379798502266,40.79575454678937],[14.193750870648023,40.79576337071586],[14.193743539324338,40.795721614656685],[14.193312000721042,40.795766261168026],[14.193300208814476,40.79580095304218],[14.19331814078253,40.795906313238774],[14.193435009635841,40.79586831330008],[14.19349157214888,40.79582113737855],[14.19355730021456,40.795804248454495],[14.193601901820049,40.79590126813487],[14.193710987821735,40.7959233531813],[14.193800392066745,40.79597783833213],[14.19385962244756,40.795979627807135],[14.19410573566097,40.79590288174509],[14.19418028236183,40.79589446609936],[14.19421899244948,40.79593346246743],[14.194352379659179,40.79591949890644],[14.194517319610206,40.79599949546027],[14.194604437842422,40.79607208852974],[14.194660015212879,40.79610108970463],[14.194806525211888,40.7960809710779],[14.194850150113522,40.79614652426849],[14.194845284342982,40.796254779719234],[14.194817896521283,40.796368551672614],[14.194892510362907,40.79643270677484],[14.195021818302617,40.796441824242685],[14.19507633596687,40.79639739938895],[14.195098447696745,40.79631087317232],[14.195059876355746,40.79627210042974],[14.195008302982249,40.79619783100554],[14.195044857192748,40.7961557404688],[14.195079498204409,40.796163178794956],[14.195126534195138,40.7961937546631],[14.195150459365241,40.79621849460143],[14.195178919172987,40.79620370592963],[14.195183565251202,40.79614947828198],[14.195165026000486,40.79608279358604],[14.195131488134392,40.79598527506263],[14.195123971749632,40.79592961492085],[14.19511215281597,40.79584210057398],[14.195082843591342,40.79573679608219],[14.195098017678106,40.79568968817933],[14.19517801352521,40.795699580434274],[14.195279261289746,40.79574452658341],[14.19536719066448,40.79579907527977],[14.195555076301183,40.79585361335963],[14.195737204331639,40.795872399470255],[14.195887607390613,40.795892616877936],[14.195994528908464,40.79586721862485],[14.196049330430187,40.79584930372732],[14.196045049200867,40.79581348542433],[14.196024259305737,40.79575590473552],[14.196017032292351,40.795690772007745],[14.196054559671522,40.79565100324127],[14.196138281008333,40.795651723469554],[14.196188379633696,40.79566746749694],[14.196196312435715,40.79571212403365],[14.196190508121472,40.79575810312555],[14.196182595028718,40.79582077921223],[14.196230093178682,40.79584114131019],[14.196319608187737,40.79586860917029],[14.196452692061913,40.795885107248566],[14.196547444588205,40.79589433215295],[14.196638471799908,40.79591272924205],[14.196722968874292,40.79590441267673],[14.196800716611444,40.795923409343004],[14.196779138285365,40.79596939768659],[14.196738428940417,40.79596513653573],[14.196676690797846,40.796011483593006],[14.196621908296056,40.79605039772987],[14.196620812830014,40.79608458256392],[14.196677017587453,40.796140564698476],[14.196790446651397,40.796274987055945],[14.19682315266424,40.79630502095789],[14.196952364531398,40.79636670714451],[14.19701749738293,40.79640427963061],[14.19709421782647,40.79649534570437],[14.197176623521152,40.796640171915875],[14.19722565791613,40.79673698988515],[14.197270373024004,40.79678143815491],[14.1973099735794,40.79677369580076],[14.197324137124012,40.79673704358234],[14.197336640316955,40.796666754144],[14.197407594037385,40.79662073775189],[14.197500521282258,40.796625543626725],[14.197652679320987,40.79666818722569],[14.197734783083625,40.79671759891228],[14.197805746564246,40.79676030584423],[14.197947781785487,40.79684391945805],[14.198048042237744,40.796951927775574],[14.198123000130277,40.797115095948115],[14.198145692326168,40.79715908649767],[14.19819540430218,40.79717934774865],[14.198302594838031,40.79721501866982],[14.198359764600195,40.79723072137962],[14.198443336340631,40.797253675362],[14.19860755398873,40.79723275278334],[14.198669809242197,40.79725244715285],[14.198725848254748,40.7972589185415],[14.198795129835876,40.797273794742075],[14.198861353242203,40.79731581753854],[14.198907935432912,40.797381235495656],[14.198919308721416,40.79748875733492],[14.198854928066337,40.797631210858476],[14.198826279415936,40.79778555559296],[14.198900790504716,40.797876720205444],[14.198987987811847,40.79793129999975],[14.198977370174902,40.79800380289968],[14.199041078167047,40.79799633831898],[14.199099633191652,40.79795992740087],[14.199148058816917,40.79793307087812],[14.199160341553867,40.797905506547245],[14.19914425677712,40.797832109679604],[14.199133842710342,40.79779866814459],[14.199202615577505,40.79778431952706],[14.199271536443764,40.79776993987311],[14.199341024203216,40.7977692418181],[14.199387162670638,40.797771467791364],[14.199395102844486,40.79771617196575],[14.199389245076018,40.79766558970853],[14.199385634986633,40.79755321559383],[14.199394497383329,40.79745828416511],[14.199323891077547,40.79731292650734],[14.19932879097575,40.797287608006776],[14.199339708963711,40.797231184591475],[14.199418161946111,40.79725915069875],[14.199515832086952,40.79727724529816],[14.19960833740144,40.797295572291226],[14.19962368815766,40.79733089023911],[14.19970417411675,40.797403778094015],[14.199829459351584,40.79743412925932],[14.199914550795478,40.79746179413946],[14.200005997173383,40.79756119585016],[14.200188474210893,40.797678991536586],[14.200285371421879,40.79770612261579],[14.200379244476178,40.79770968596565],[14.200441717969424,40.79771706312662],[14.200431977014667,40.797659878880225],[14.200421172932835,40.797596451298084],[14.200410753217058,40.79754791191037],[14.200399763280126,40.797496718062355],[14.200394375584436,40.79747162136494],[14.200492225165336,40.797444692309455],[14.200614666634854,40.79744816086691],[14.20067801151926,40.79747230734498],[14.20072192906091,40.797465820903746],[14.200680709424054,40.79751415435664],[14.200692654309844,40.79759318587698],[14.200769171795288,40.797643744516506],[14.200850504484485,40.797689585711055],[14.200975088469947,40.7977109632788],[14.201071212527777,40.79774713265078],[14.201126578527019,40.797830157983654],[14.201201093858701,40.79792132085588],[14.201151847643635,40.797963263139216],[14.201152950365977,40.798063042580786],[14.201180075657994,40.79812866197873],[14.201205924780453,40.79819118976145],[14.201305525974618,40.79828121866696],[14.201343607175446,40.79835152229611],[14.201435038503604,40.79836380661625],[14.201492906197977,40.798375644456854],[14.201541103926905,40.798344508146776],[14.20159127188796,40.798308817208884],[14.201685921312182,40.798345050903116],[14.201812995444243,40.79848335459595],[14.201922083045618,40.79859996255637],[14.20199923715543,40.798670430762705],[14.202048876879287,40.79871576994963],[14.202091916222624,40.79874533514051],[14.202129225031213,40.798824674724706],[14.202162005738108,40.79883669743063],[14.202193644054361,40.79882689329961],[14.202233259663137,40.79881997143469],[14.202242368305976,40.79878096327803],[14.202264344451896,40.79875925537686],[14.202316637634029,40.798721671920084],[14.202342509294107,40.7986767065987],[14.202339056999444,40.798648634306744],[14.202407699153733,40.798633038234705],[14.202487467022813,40.7986149152115],[14.202523407105824,40.79866730899614],[14.202532119129199,40.79870292577238],[14.202738532551962,40.79873860881546],[14.20285758727827,40.79874214162935],[14.202918879152014,40.79874395920215],[14.203104845701342,40.79872654740014],[14.203154912666344,40.79875129285837],[14.20328406778844,40.79873644961489],[14.203283854273174,40.79879047705574],[14.2032162509614,40.79882872082968],[14.20336634719361,40.798917289273426],[14.203489880379506,40.79892520779773],[14.203499189424338,40.79899680994957],[14.203638356697276,40.799062540667386],[14.20369752229234,40.79911838442181],[14.20376381990667,40.79914239471785],[14.20406151619373,40.79922796501326],[14.204399862687211,40.79929368886115],[14.204653781632679,40.79934972667163],[14.204735118864358,40.799395563921166],[14.204788115332008,40.79940154960461],[14.204950969433277,40.799267875062135],[14.205003936246019,40.79922585380067],[14.20507571668529,40.79926311998435],[14.205032809386228,40.799302508395556],[14.204995855909658,40.79928973714988],[14.204949061010982,40.7993336426807],[14.204902141992624,40.79938835213869],[14.204857051582627,40.79944078570831],[14.204883141949761,40.79955542339412],[14.204937658938805,40.79960618472344],[14.204994484220986,40.799568392353194],[14.205014650805486,40.799693521890774],[14.205029126626464,40.79976489017631],[14.205065562312347,40.79978574891485],[14.205087345309442,40.799874792876956],[14.205383993170596,40.800135964112904],[14.20562545644464,40.80018394448407],[14.205660788304309,40.80019096476648],[14.205684405682174,40.8001241133063],[14.205694727433926,40.800094898524385],[14.205788152146056,40.80006816419127],[14.205793142019061,40.80011295399006],[14.205776904337123,40.80016366665166],[14.205758042464726,40.800222576520454],[14.205863835794757,40.80024029810395],[14.205990884551838,40.800293069475046],[14.20607770142327,40.80030255896073],[14.206162139394106,40.80030888878323],[14.20619477528412,40.80031535474174],[14.206216187900226,40.80026431245529],[14.206278099328719,40.80013676332624],[14.206285245090308,40.800099692931234],[14.206339108280234,40.800097255876246],[14.206282367260394,40.800270879486106],[14.206383733564476,40.80028879998571],[14.20647719411618,40.800347592087704],[14.206614958731333,40.80030084551854],[14.206763018197536,40.800262636059145],[14.206807325653878,40.8003461588841],[14.206858798655022,40.80038884436919],[14.206950365106485,40.80046122554305],[14.207097375000407,40.800598620108715],[14.20725830031139,40.800762393168924],[14.20743300228444,40.80098856426058],[14.207624046874741,40.80104690412643],[14.207766795242332,40.801090495539725],[14.207723555742097,40.80114825281604],[14.207672146500549,40.80112808882052],[14.207645871050383,40.80111120694416],[14.207626638780829,40.80108783648088],[14.207573756559745,40.80108195320453],[14.207461840159942,40.801052429968124],[14.207457068508466,40.80109704922623],[14.207445519433481,40.80118606160475],[14.207368471993217,40.80136510534528],[14.207361030767375,40.80157250901486],[14.207452454495387,40.80183333659836],[14.20746975444458,40.80188269196798],[14.207446215923401,40.80196028271175],[14.20739828616069,40.802004175782336],[14.207305395259578,40.802096282259065],[14.20726214465796,40.80213983567836],[14.207292362875343,40.8021608075827],[14.207326059087372,40.80222230261389],[14.207382241446613,40.80233336756925],[14.207408425388437,40.8023851307685],[14.20742420643654,40.80250145335165],[14.207375681681029,40.80254521218935],[14.207334370987304,40.80258850138746],[14.207323372878708,40.80272658815542],[14.207305672324212,40.80291645169102],[14.20727774560466,40.80307976778857],[14.207226499632828,40.8031089629518],[14.207158070356185,40.80312119507753],[14.207083298070925,40.80309306788146],[14.207116275568024,40.80300405006718],[14.207147244215667,40.802973879216985],[14.207196429600568,40.80293112142943],[14.20722564089391,40.80275921947578],[14.207243360375418,40.80252764280571],[14.207283940125224,40.802425743192664],[14.20727668142877,40.802274225308054],[14.207237027647077,40.80220268590779],[14.207219444735866,40.802177793040265],[14.207205729916721,40.802149843230936],[14.20704642103398,40.80222103118318],[14.206993674484774,40.8022625482659],[14.206942073428376,40.80230265762246],[14.206908259090554,40.80238075467401],[14.206860047510082,40.80241103588059],[14.20680983589614,40.802430324745714],[14.206751648989105,40.80246657169506],[14.206661052577108,40.80253223255675],[14.206613266917063,40.80257607107462],[14.206546795863439,40.802654866920335],[14.206495225753827,40.80281695687498],[14.206434881216126,40.80298286230597],[14.206397781231805,40.803133090424424],[14.206486647941128,40.803331634858864],[14.206637144153415,40.803522889911584],[14.206739364003509,40.80370282460057],[14.20686638856278,40.803859128989984],[14.206909645654093,40.80392919549977],[14.206951568433174,40.8040578407559],[14.207004594713402,40.8041769813308],[14.207059206004033,40.80436357073875],[14.207056503963027,40.804489734683585],[14.206992507084982,40.80453906871891],[14.206982355020978,40.80435262906011],[14.20697253322958,40.804317107011286],[14.206914011996531,40.804230595646544],[14.206841557899002,40.80417535499292],[14.206742396106518,40.80406280442955],[14.20653961909242,40.80403596837342],[14.206487106237748,40.804084797799234],[14.206365163952995,40.804124887273225],[14.206274053542714,40.80412450812523],[14.206207292604402,40.80412302810884],[14.206223560630976,40.8041653854272],[14.206239831013335,40.80419808050205],[14.206216854980214,40.80432066020516],[14.206202218579401,40.80437652588396],[14.206178663344389,40.80446643430348],[14.206220935496818,40.80450503476773],[14.206247678109934,40.80464787178793],[14.20618982986119,40.804662219308575],[14.206070076941975,40.804691918876145],[14.206067962351174,40.804720757868544],[14.206063454853426,40.80478224775656],[14.206139284299296,40.80491836234582],[14.206239710491532,40.80499034313766],[14.206379314594152,40.80504254584954],[14.206496006095968,40.80501025743302],[14.206521321108223,40.80508323454797],[14.206555111474282,40.805131373022625],[14.206664752650964,40.80544376503704],[14.206809731204721,40.80544170718008],[14.206818380523453,40.80558986342594],[14.206764074532106,40.80559818183248],[14.20665154498659,40.80561541808221],[14.206651947690029,40.80564938748384],[14.2066866513321,40.80569485658117],[14.206651725555169,40.80575945779949],[14.206602291037985,40.805802860477804],[14.206547791682492,40.80585641373534],[14.206585247792106,40.805875001987545],[14.206545763877967,40.805918983443036],[14.206517998238917,40.805999584168056],[14.206508136262531,40.805962582888434],[14.20649649418328,40.80590527101993],[14.206439116640096,40.8059491176674],[14.20640943571312,40.805967044378995],[14.206329198394323,40.80598111758892],[14.206276943140509,40.80602330539801],[14.206254512518766,40.80604226348965],[14.206238230238222,40.80613378212046],[14.206239390883416,40.80621475576154],[14.206192556845966,40.80640143578487],[14.206146169228784,40.80641724724553],[14.206055518687656,40.80644814826482],[14.20596352625358,40.8064838203511],[14.205910748475748,40.806490709753525],[14.205779293668142,40.80642913561484],[14.20562721395727,40.80645402122829],[14.20557210755941,40.80649290302929],[14.205529629493654,40.80651950766028],[14.205531078117293,40.80660691901908],[14.205552057012303,40.80671400452281],[14.205497217979731,40.80675318660353],[14.205422222722442,40.806806684335434],[14.205373424800348,40.80684950581547],[14.205323013063596,40.806905362956414],[14.205284154822488,40.806945763966276],[14.205266034346353,40.80712757407711],[14.205205456491283,40.80724285151678],[14.205221130764775,40.80738618858228],[14.205313794662958,40.807557554571915],[14.205482080117028,40.807730000055564],[14.205583913107523,40.80772539311012],[14.20568019415195,40.807725539706404],[14.20573915795507,40.80774087649392],[14.205894122456272,40.80773386638383],[14.205975804479051,40.80772805505531],[14.206067920476091,40.807721501492004],[14.206100179204002,40.807774059681535],[14.206094140008094,40.80790487526325],[14.206145309023716,40.80812313169598],[14.20618378427192,40.80822002257718],[14.206199744091482,40.80826021507215],[14.206198727199938,40.80833228412797],[14.20614416866109,40.80836651383623],[14.206066806986325,40.808413840312326],[14.205995903551923,40.808408982435395],[14.205907807668929,40.80839046138194],[14.205890611741284,40.808439561759606],[14.205880577157828,40.80846821798945],[14.205838098741516,40.80847946976927],[14.205798596545659,40.80848993235546],[14.205736926909234,40.808506227099706],[14.20564573939964,40.80852385724401],[14.205649552494046,40.808554205266425],[14.205653612214132,40.80858652101381],[14.205672905845518,40.8086531705405],[14.205712474388966,40.80872340344046],[14.205807421751249,40.80868759782023],[14.20584983511145,40.80869018046544],[14.205919976393997,40.80877253473669],[14.206028385438087,40.8088801668694],[14.20608907441125,40.80892693627439],[14.20606335368419,40.808995623308356],[14.206031612470802,40.8089797644728],[14.205972339990703,40.8089682303274],[14.205819059222673,40.80892114757229],[14.205702851864435,40.80892190352691],[14.205586573389137,40.808940667894184],[14.205548478575958,40.80897865044614],[14.205600738440658,40.80909307626702],[14.205740144002593,40.809293837167196],[14.205858849027663,40.809410006741345],[14.205991964425928,40.809521022641526],[14.206108885441036,40.80954860557389],[14.206261045929502,40.80944198087052],[14.206315951780791,40.80940282958806],[14.206294726453171,40.809358775351626],[14.206149735175334,40.80926630335342],[14.206054136309602,40.80911018172514],[14.206122461158078,40.80906947356569],[14.20620539123429,40.809088229073254],[14.206321286457818,40.809168512873455],[14.206422526140068,40.80922245037622],[14.206611720576806,40.8092363981516],[14.206672161831449,40.809251667578735],[14.206787809510317,40.809300453029806],[14.20691688348147,40.80940714826133],[14.206941170631803,40.80951858619823],[14.20690642127076,40.80963269480133],[14.206859264014097,40.80967742696872],[14.206809108705071,40.80973719852343],[14.206769440889953,40.80977867653946],[14.206725447443008,40.80981825706038],[14.20668099127438,40.809857754967915],[14.206651034610694,40.80994585003351],[14.206611050948188,40.80994800232476],[14.206627844764665,40.810027925521865],[14.206716688793321,40.81023547371543],[14.206807182027557,40.81039793348148],[14.206850475243682,40.81039269454019],[14.206895321936933,40.81033909893722],[14.206942347133305,40.810294581597226],[14.206979817893837,40.810269756949644],[14.207034709247417,40.8102300855956],[14.207102497759784,40.81025402719114],[14.207057099998368,40.810355113071815],[14.207104333052463,40.81044750635578],[14.207136427219682,40.81049389913542],[14.207182843112083,40.810560991930856],[14.207276479085493,40.81064763169214],[14.20730778306412,40.81062502348824],[14.20736167627143,40.810584408607895],[14.20742946289591,40.8106083500874],[14.207394328884815,40.810726977790594],[14.2073217365782,40.81089681688844],[14.207267938963195,40.810975777044426],[14.2072188191886,40.81100822522072],[14.207183879511168,40.811031905450974],[14.207126260404516,40.81108564073341],[14.20706029599432,40.811057196993744],[14.20703158453968,40.811040491000995],[14.206927988571097,40.811022671333134],[14.206962673912823,40.81108034933002],[14.206885597328368,40.8110967270298],[14.206824362119336,40.811108386841916],[14.206764870399025,40.81115761690516],[14.206781212199306,40.81120036870225],[14.206873705199781,40.8112276931427],[14.20701089667861,40.81123949097975],[14.20712995571813,40.81126561298989],[14.207179681130897,40.811285870414494],[14.207315712546942,40.811311224135714],[14.207390007728895,40.81134765097561],[14.207447036245172,40.811314283898696],[14.207485444458566,40.81130354342102],[14.207570523466751,40.811340205935835],[14.207663338269622,40.81147555058676],[14.207740403713503,40.811485567256405],[14.207807333271417,40.81182915108779],[14.207758773950003,40.8118666356779],[14.207801083375996,40.811919462278],[14.207890094228734,40.81189292667207],[14.207961890631813,40.811930190973655],[14.208003644408208,40.812009327199036],[14.20806452540671,40.812087519320485],[14.208095054183534,40.812126727962564],[14.20808887516936,40.81219903245319],[14.208127186243098,40.81230983440901],[14.208071600192484,40.81235214324319],[14.207937566946704,40.81240394482397],[14.20781671716957,40.812452614277966],[14.207780419655823,40.81249658432331],[14.207733339879276,40.81253400824608],[14.20773618195794,40.81258411511734],[14.207690013574929,40.81262374854868],[14.20761607072712,40.8126390666149],[14.207629981477785,40.81266704617604],[14.207603811778393,40.81275665996932],[14.207623599069496,40.812791775911805],[14.207825436446997,40.813070734483844],[14.207871577157622,40.81306414452836],[14.207944945806991,40.81310286998515],[14.20799070894999,40.81307225699145],[14.208047009986316,40.81311022168199],[14.20820290874441,40.81324721197171],[14.208357752961923,40.81337074602387],[14.208454291346051,40.813402387558334],[14.208560003088195,40.81344711840022],[14.20862442044336,40.81348471628689],[14.208742746071334,40.813510869744846],[14.208860719674549,40.813536114396996],[14.20891552186202,40.81348240042189],[14.208974781240487,40.81342048898587],[14.209023728330221,40.81337697495008],[14.209067454926355,40.81334374289574],[14.209126521506953,40.81329839861173],[14.209186816466413,40.81325218840662],[14.209285044165954,40.81332426669613],[14.209330379316533,40.81333571881826],[14.209369355575207,40.813369965665515],[14.209378107219676,40.81339657782746],[14.209452720568706,40.8134697242058],[14.20941134232889,40.81351364749804],[14.209537425768469,40.813605435291294],[14.209486421019086,40.81364868348348],[14.209418080217835,40.813712574686306],[14.209384053676327,40.81367540012981],[14.20934685284957,40.81365907820355],[14.20932817630012,40.813715478296146],[14.209284029109652,40.81378346164481],[14.209279541822264,40.81386953725182],[14.209273678980036,40.81398199479221],[14.209293261377727,40.81407113738829],[14.20938970458798,40.81408447461971],[14.209435498685957,40.81405916697273],[14.209493042185334,40.81402157919793],[14.209587121289648,40.81401885733972],[14.209652199376935,40.8139828622076],[14.209748875309716,40.81397848581028],[14.209784196458331,40.81400389490736],[14.209926713933905,40.814168497032576],[14.210002203966614,40.814205592747236],[14.210037455657341,40.814249011100095],[14.210003595516753,40.814421598645424],[14.20999052627479,40.814462704363564],[14.210023881655074,40.814519712328504],[14.209978202993458,40.81459830611262],[14.209941884246362,40.81461082098061],[14.20987291924171,40.81463458421497],[14.209854483150394,40.814664029934576],[14.209794598682034,40.81475966872277],[14.209812739247779,40.814839874302244],[14.209856256731717,40.814941437664196],[14.209944791988567,40.81504096259222],[14.20997424159126,40.81505763438985],[14.210000904727309,40.815093982576606],[14.210050349374773,40.81504447921325],[14.210056718430067,40.81500438362486],[14.2101072871155,40.814997593145456],[14.210251545035057,40.814957506254096],[14.210300815068598,40.81494381510407],[14.210310879638381,40.81486246293044],[14.210338006592295,40.814841523144395],[14.210390830348485,40.81480005403598],[14.210458288516309,40.8147463451078],[14.210510909623332,40.814704726668495],[14.210591350211324,40.81470108386443],[14.210652012642838,40.81475685590564],[14.210687056133674,40.814807035796214],[14.210728398929328,40.814946958642516],[14.210673898016685,40.81495066205069],[14.210686772854846,40.8149988541558],[14.210700648456365,40.81506525381157],[14.2107866086619,40.81506586244362],[14.210783451731581,40.815120023080354],[14.210776604732388,40.81517435083189],[14.210830636128689,40.81532495286223],[14.210814864720756,40.81539769097451],[14.210770469180396,40.815365235009715],[14.210723307354119,40.815316309800835],[14.21065137029238,40.81531506606557],[14.210597998192501,40.81534821966295],[14.210540267025483,40.815376201193885],[14.21044234015493,40.815422689296476],[14.210414435454865,40.81543930683194],[14.210434984253338,40.81555894033272],[14.210501913561624,40.815713459990285],[14.210487094956413,40.81582666794183],[14.21043892370532,40.81587091094264],[14.210454315538767,40.815909178417954],[14.21046749743829,40.81593559075851],[14.210536380552828,40.81596398128368],[14.210576732674046,40.81602517466041],[14.210627304341388,40.8160183829048],[14.210689306382713,40.81611010571602],[14.210616327394456,40.81615345556904],[14.210607397161894,40.816208344915474],[14.210659694547974,40.81623298582217],[14.21095651147429,40.81612076786322],[14.211123943333362,40.816198689012886],[14.211162692884267,40.81624373928247],[14.211116657917724,40.816299407969886],[14.21099409742668,40.81626391278122],[14.210932624838934,40.81624216522035],[14.210870696754814,40.81625880313898],[14.21083063839537,40.816295315251146],[14.210831240480196,40.81639182455952],[14.21083483025137,40.81644409960479],[14.210843422102585,40.81652626346189],[14.210956553629778,40.81656165285708],[14.210979500699818,40.81654260740357],[14.211058048440718,40.816552554604705],[14.211011393609645,40.816596868716566],[14.210983000868936,40.8166292900218],[14.210992270917593,40.81668100889787],[14.211088137678031,40.816626885352136],[14.211144612317753,40.81658914797081],[14.211220867402414,40.81659838951801],[14.21128387248737,40.816551331592336],[14.21140879714746,40.816483615959456],[14.211466141178812,40.816446284698976],[14.211502336850378,40.81646999075134],[14.211563532976891,40.81651519547494],[14.211618938957168,40.81657528795508],[14.21161823400849,40.81663499778379],[14.211694812077898,40.81680212061304],[14.21174298442556,40.81676920472727],[14.211915232756951,40.81681837841113],[14.212088890371462,40.81702923392784],[14.212005612333442,40.817045664707166],[14.211847269107572,40.81694422047025],[14.211790379553864,40.81698068594789],[14.211705592805815,40.81702361612642],[14.211980278998613,40.81727153033865],[14.212108809236437,40.817333229393974],[14.21209649164545,40.817468831944645],[14.212206258039188,40.817519431977104],[14.212252147372672,40.81747978685003],[14.212344751689935,40.81748009237604],[14.212432758387429,40.8175256215638],[14.212541296003808,40.81760623291791],[14.212624739295183,40.817687980151746],[14.212570300431778,40.81772339056863],[14.212507745401021,40.8176977810806],[14.212390386327819,40.81760856713969],[14.212321431717642,40.81759818629111],[14.212272620742988,40.8176424158292],[14.212215356697504,40.81770363177918],[14.212205202995666,40.817797015351395],[14.21224256939196,40.817867345542446],[14.212328669857607,40.81783193424326],[14.212361845470058,40.817839434410864],[14.212410204183822,40.817832743000395],[14.212444890938452,40.81783117159476],[14.212512471311733,40.81781460535212],[14.21249972247202,40.81786919965884],[14.21262479318633,40.818066099383465],[14.212629404332592,40.818115407471645],[14.21262842925086,40.81817847147547],[14.212625727576244,40.818210103787756],[14.212619248805293,40.818363446231004],[14.212614095418859,40.8184573721572],[14.212611325563197,40.818507852825554],[14.212559392437877,40.818582228537174],[14.212600552748045,40.81862537834828],[14.212724508907497,40.818628765605126],[14.21286998032117,40.818571950219294],[14.212907041504925,40.81855747589967],[14.212959041793116,40.8184650908151],[14.212910399431202,40.818449288492516],[14.21276833077063,40.81835669294242],[14.212768130965896,40.81832603747197],[14.212767863433697,40.81828469120021],[14.212875969045427,40.818284294878886],[14.212982746607382,40.81834247690444],[14.21308179182042,40.81839650852538],[14.213227231637147,40.81847544629833],[14.213407157665257,40.81860683979319],[14.213575492816886,40.81877927030547],[14.213753492080178,40.81893325645609],[14.213866427129433,40.81902267030803],[14.213893398287954,40.81911147625931],[14.213829944316133,40.81914337316422],[14.213789659790981,40.819169743779504],[14.213793575482018,40.819264548009],[14.213856490804858,40.81935901765186],[14.214110439725648,40.81916287872857],[14.214163345098894,40.81912179039914],[14.214074197690728,40.81904093396071],[14.214135735944154,40.81899286776685],[14.21419392746055,40.81895399320914],[14.21413083289213,40.8188865510384],[14.214105317621865,40.818867091165615],[14.214068772375285,40.818843837564515],[14.21410649564608,40.81880386852352],[14.214151644307726,40.81880221591818],[14.214253426823936,40.81891855435062],[14.214508146156842,40.81918686236792],[14.214589670487674,40.819271701196236],[14.21463801810786,40.81932691274817],[14.214575126528285,40.819361652958385],[14.214531604131468,40.819315580500486],[14.214454098791037,40.81922878407829],[14.214315631322089,40.81907419140682],[14.214269886244777,40.819108803497706],[14.213908315548375,40.81938131872267],[14.214013426771633,40.81948767064372],[14.214079948624425,40.81944917128897],[14.21409922890052,40.8194279208666],[14.214136839297485,40.819412545255936],[14.214149544599431,40.81938346120271],[14.214251110167641,40.81935635067765],[14.214360104939079,40.81941443268874],[14.21448964858705,40.81951847226622],[14.214559409576719,40.819594461221705],[14.21467157517747,40.81969291130035],[14.214739652260935,40.819794097767],[14.214835304295045,40.819942815792864],[14.214878434087119,40.8200023358209],[14.21492608570372,40.820091499705924],[14.21486865957669,40.82012263691352],[14.214782339422676,40.82016242210013],[14.214656679299232,40.82012572460711],[14.214599151198357,40.8201616469416],[14.214556768076088,40.82018016141943],[14.214494146808399,40.82020949559757],[14.214433176828058,40.82024150714774],[14.214380294468631,40.82026572278621],[14.214433216583688,40.820288902089786],[14.214377238827446,40.82032730552788],[14.214305604321572,40.82037003774098],[14.214254024039604,40.820420450012676],[14.214227370164798,40.82050072934735],[14.214232661981177,40.82053081101984],[14.214256283416542,40.82063903077343],[14.21430979302328,40.820735637880674],[14.214404916420325,40.820852866714425],[14.214605286466034,40.82101837614866],[14.214863024574294,40.821191821343454],[14.215261129202068,40.82143489757035],[14.215738145392695,40.82169138664564],[14.215873798868587,40.82174409379433],[14.2159904684976,40.82160204424514],[14.216033411388738,40.821556041750796],[14.21619071997851,40.82162578645244],[14.216143373404995,40.82166937775705],[14.216036809314685,40.821785127776884],[14.216017222563897,40.82180728912661],[14.216033950455222,40.82183686935099],[14.216124113033613,40.82190030308976],[14.216266997574884,40.82196967704902],[14.216330337510028,40.821921014801596],[14.216380015671875,40.821875452270554],[14.216431348818887,40.82183235625384],[14.216538487751306,40.821895021774026],[14.216597666287186,40.82194030433975],[14.216695109717623,40.82185210983533],[14.216727159626604,40.82183595822789],[14.21674653660808,40.82180906344847],[14.216786424981958,40.82179825176619],[14.2168469086309,40.821808934708585],[14.216908106173221,40.82181974370294],[14.216984833297452,40.82182526773269],[14.216988424029887,40.82185211325554],[14.216973562819922,40.82187979635397],[14.21693302110985,40.82188200647333],[14.216855592921336,40.82186252251082],[14.216784073632839,40.82185152787167],[14.216725116224504,40.82189608071738],[14.216635044540062,40.82198317664786],[14.216682012150242,40.82199654860847],[14.216750905360005,40.82202493568955],[14.216781033775433,40.82205958103877],[14.216879449163185,40.82208662854868],[14.216887368752088,40.82214028703301],[14.216954179628706,40.822132756987415],[14.217099480085915,40.82215317683181],[14.217214913793395,40.822135029365015],[14.21726044623004,40.82212787161948],[14.217276211368613,40.82205513389992],[14.217299072834228,40.82199530351128],[14.217368386323699,40.82181192684147],[14.217416171700478,40.82177329564497],[14.217471548884834,40.82173332081654],[14.217526102696318,40.82169819184509],[14.21758207246526,40.82165864114656],[14.217648882670181,40.82165110983341],[14.21776735825684,40.821641235452915],[14.218351893523261,40.82171825870226],[14.218394955508822,40.82174781636924],[14.218751749824248,40.82186632094243],[14.219399040420752,40.82204773868239],[14.219422769406476,40.82213105164402],[14.219362029810965,40.82214415340557],[14.219348051299555,40.8220986404696],[14.219275085060724,40.822080101839646],[14.219225249155649,40.82211953265956],[14.218737685885953,40.82203411268112],[14.218690644348102,40.822014633637146],[14.218627904714046,40.82199025679009],[14.218574183752763,40.82197376267804],[14.218504074943827,40.82193857329896],[14.21835210433909,40.821862295672695],[14.21822573288786,40.82184511440571],[14.21773143502509,40.82177790805084],[14.217677351619463,40.82181786124369],[14.217536519936319,40.821914448755365],[14.217511534707084,40.82200348965274],[14.21748934666185,40.82209048334215],[14.217528683839655,40.82212921332847],[14.217565554861588,40.82213654436233],[14.21761897937472,40.822151016797854],[14.217654080829968,40.822167349201465],[14.217784000195229,40.82222455903394],[14.217813433860034,40.82225584504937],[14.217874362838737,40.822290450028326],[14.217923528068702,40.82231837341517],[14.217923428872867,40.82234538714728],[14.21802746339522,40.82234967202306],[14.218400283918603,40.82234139513911],[14.218389223315697,40.82238155535654],[14.21838856348801,40.82243787972235],[14.218336752421541,40.82243201344034],[14.218286121418728,40.82244523325435],[14.218148514374906,40.82244161777138],[14.218026427715388,40.82243074489148],[14.21792970772493,40.822444133544295],[14.217892845373026,40.822483499402075],[14.2178777134021,40.82253605509225],[14.217785980388877,40.82269823190491],[14.217912544889355,40.82269699358576],[14.217979647408612,40.82269529540579],[14.218089021428854,40.82269871864628],[14.218173282286303,40.82273684244023],[14.218200768166454,40.82278295382609],[14.21828724364428,40.822846553931846],[14.218400066280017,40.82296101295657],[14.218469934871177,40.822950022094034],[14.218516700794728,40.82291502079973],[14.21855108767886,40.822880410810846],[14.21857253986651,40.8228542309798],[14.218599802201245,40.8228368789158],[14.218618353398272,40.82280902914368],[14.218493088960726,40.82265715968083],[14.218453401868544,40.82259544215017],[14.218447046715966,40.822567028589134],[14.218500112057182,40.82255665850049],[14.218602333782803,40.8225486710488],[14.218749342419702,40.82250599156277],[14.218867180028507,40.822469136632584],[14.21894249052541,40.82245504376924],[14.219055739427164,40.82242898891288],[14.219165239008491,40.82242168187064],[14.219230563761254,40.82256965329853],[14.219166660760841,40.822584506414394],[14.219037852473233,40.8226144443692],[14.219052655031613,40.822640241941905],[14.219075615887382,40.822680253518165],[14.219220631172202,40.822678176785935],[14.219334129764105,40.82271804254069],[14.219629382853315,40.82279917870912],[14.219867068066758,40.822882925910754],[14.220078304703314,40.82303539475322],[14.22006713506345,40.823062910747836],[14.220029455679267,40.82308109410572],[14.220012320207122,40.823102990956855],[14.219843274972458,40.82295263220494],[14.219628283533863,40.82289826059681],[14.219506247192859,40.82287228707522],[14.219470401798754,40.82288741783523],[14.219451389020023,40.82291240679617],[14.219417884731293,40.822936392995636],[14.219376532120908,40.822994539066656],[14.219421901268662,40.823033663665356],[14.219468301256443,40.82305856794056],[14.219493683214148,40.823079923258646],[14.21951646544996,40.823105898046784],[14.219546626328281,40.82313153898979],[14.219582981231122,40.82317940570845],[14.219605632240917,40.82324139872734],[14.219615094903867,40.823276980832915],[14.2196141597372,40.823331039902186],[14.219616209912521,40.82337596226244],[14.219609338355689,40.82343929372077],[14.219673033541715,40.82347691788882],[14.220003514414348,40.82371400501284],[14.220334670381197,40.82396906755754],[14.22045039778682,40.82406979803381],[14.220821297128024,40.82439263061069],[14.221134712438795,40.824657497931256],[14.221326820042764,40.82472788622482],[14.221544840725066,40.824701782653335],[14.223616952860832,40.82567280920316],[14.22490213285977,40.82627503352279],[14.225268178511996,40.826448617131156],[14.226138109011988,40.82685923112111],[14.226222793443984,40.827024342046386],[14.226172836187493,40.82706764100816],[14.226118954220707,40.82712058584473],[14.226039444815324,40.82715145515865],[14.2258413393297,40.82705798176904],[14.225817082962369,40.826909729973295],[14.225323062402808,40.826731582727696],[14.225271603487544,40.826675399951],[14.225113503138783,40.82661956065716],[14.224859656091914,40.826509550358324],[14.224631998162499,40.826402849932556],[14.224572875177646,40.82641580546753],[14.224513077030204,40.82646744088139],[14.224356813157998,40.82637933477738],[14.223474181982127,40.82598473824671],[14.223353705880013,40.82593087503437],[14.223195973457068,40.825860356638756],[14.223173882604792,40.825915554388935],[14.223036796845287,40.826258091839335],[14.222994672618753,40.82623768736107],[14.223150661246814,40.82583990698022],[14.222927436897322,40.82573300270333],[14.22287864042649,40.82577724328825],[14.222662344391008,40.826007872162386],[14.222622699475297,40.82599607986906],[14.222844611197978,40.82575636773372],[14.222893195341598,40.82571204947226],[14.221694448678699,40.82517226886151],[14.221652095105199,40.82521614089002],[14.221641684888345,40.82527369551855],[14.221594777841869,40.825317946145056],[14.221565671168296,40.825350743667116],[14.221528627841568,40.8253986637128],[14.221487768879733,40.82545696099392],[14.22145882929365,40.82550175470011],[14.221424657819602,40.82554119403254],[14.221401786665965,40.82559518355],[14.221351672738978,40.82563861359047],[14.221221869492895,40.82576351499986],[14.221289329036528,40.825775842517444],[14.221311374928261,40.825801851238054],[14.221972349986698,40.82607795174745],[14.221956751971822,40.82610566801508],[14.221517719711699,40.82594819205459],[14.221333755383617,40.825847800975446],[14.221247509169487,40.825813096335956],[14.221177627585062,40.82580041415049],[14.221127731398099,40.825841040563105],[14.221077229900896,40.82589062366906],[14.221013133789752,40.82596106167537],[14.220971831552518,40.82600835193807],[14.220952910444554,40.82603080172685],[14.22099465038162,40.82604129582213],[14.22109124418138,40.826063920713686],[14.22120224777977,40.82608139095305],[14.221271885195124,40.82610974143851],[14.22135628505115,40.82613742102212],[14.221470914370952,40.826172732591445],[14.221674372565431,40.82623552147851],[14.221738778400539,40.82628211434902],[14.221691505971009,40.82629326291747],[14.221625593620278,40.826275343844856],[14.221426063736017,40.82621230636857],[14.221305781566166,40.826173748199686],[14.221233386301117,40.82614684724344],[14.221184441097055,40.82612516799504],[14.221151016675176,40.826117689862386],[14.22105158392596,40.826101993873515],[14.22094248717591,40.82608105540348],[14.220906615841578,40.82607472899209],[14.220738172739775,40.82604843282643],[14.220727046509278,40.82608587640387],[14.22070423080664,40.82614900499444],[14.220777221635503,40.82616819964436],[14.220918774733757,40.82620679066583],[14.220967262731174,40.82626761181828],[14.220873126941576,40.826248982486014],[14.2207316754337,40.82620565568532],[14.220669791806905,40.82618509720591],[14.220670923334755,40.82623684773146],[14.220621065767997,40.82639135562807],[14.220582037625196,40.82643489542333],[14.220544510595474,40.82647520341277],[14.220531051830546,40.82658900162518],[14.220547537661643,40.82672329693767],[14.220567427830645,40.827068113236656],[14.221255518444451,40.826531688314766],[14.221308599696622,40.82648970548165],[14.221357691809331,40.8265108675308],[14.221304643367613,40.82655233302157],[14.220594671047463,40.82710179185502],[14.22079213672616,40.827464805898984],[14.221771906385193,40.826642603484004],[14.221823309190471,40.82660089286112],[14.221839695179652,40.82662636158541],[14.221788541359695,40.82666852547353],[14.22081090967959,40.82749875988783],[14.220940228160325,40.82761927216968],[14.221119224319226,40.827774386654035],[14.221200358002289,40.82782803804691],[14.221252672633899,40.82787228630317],[14.221299586885848,40.82783703943229],[14.221374457113287,40.82784714620816],[14.221496374444577,40.82790913435773],[14.221582044158591,40.82793718014991],[14.221747457702206,40.82781063775643],[14.2218059496888,40.827758131205975],[14.221860324649251,40.82770270903095],[14.221899875091568,40.82766236099209],[14.221947440514164,40.82761742311493],[14.222103018348214,40.82748090200027],[14.222157550287992,40.827440559005936],[14.222206406412903,40.82740781381521],[14.222255123708056,40.82737503709303],[14.222272626146367,40.82733101441303],[14.222307945840917,40.82727971067913],[14.22235287318628,40.8272325227793],[14.222436371267454,40.82717487718617],[14.22249186345858,40.827136064186895],[14.222552571963924,40.82709344195874],[14.222607570965444,40.827052941610354],[14.222657376291815,40.82705518227858],[14.222700893618956,40.82706220899974],[14.22273141167726,40.827092334372516],[14.222741518968867,40.82715489521801],[14.222725824043813,40.827209625187784],[14.222706086646486,40.82726003622913],[14.222701560801653,40.827287250878506],[14.22265616978616,40.827317981647106],[14.222581519889841,40.82731970923759],[14.222546040224309,40.82733482348408],[14.22252123097298,40.827360058969596],[14.222494744729973,40.827377386653716],[14.222467032983669,40.82740303117512],[14.222465614861687,40.82743300463666],[14.222461827048804,40.82746018577683],[14.22245431610302,40.82749653808638],[14.222451619230057,40.82752817033892],[14.222407074349398,40.82753854898389],[14.22235046436874,40.82754176414051],[14.222300591512203,40.82755753254402],[14.222246829727263,40.827599077670136],[14.22216382518013,40.82766288494025],[14.22211187278061,40.8277056164094],[14.221989465333685,40.82781353365593],[14.221940108222512,40.827857603950136],[14.221810875339349,40.82797461870239],[14.221761179331205,40.82801780399743],[14.221737720068221,40.82803726020053],[14.221940329859903,40.82820408686617],[14.222233680536387,40.82841134246313],[14.22245847018371,40.82853060834839],[14.22250406192682,40.82849295687946],[14.222550624874042,40.82844827672747],[14.222641599889702,40.82834922137177],[14.222689248167933,40.82830529227068],[14.22291018424952,40.82813161037155],[14.22296166991791,40.828089592967096],[14.223225807783473,40.82786612495039],[14.22327839001704,40.8278241755658],[14.223459693569364,40.827687354389006],[14.223513548229642,40.827646516628526],[14.223496958817222,40.827563345047245],[14.223527278613867,40.8275124516156],[14.223569193914853,40.82746778401289],[14.223621703388483,40.82743003771106],[14.223665637308573,40.827423541448375],[14.22371130500563,40.82744847717516],[14.22372885795429,40.8274926946295],[14.223696091174242,40.827575208138924],[14.22363341367057,40.827663581210686],[14.223582940513435,40.82769870970685],[14.223512346604318,40.82774749914292],[14.223455671269374,40.82778513203197],[14.2233498737279,40.827854219026115],[14.22329709728149,40.827895115799116],[14.223124258207312,40.82805432571032],[14.22307671913971,40.82809904950029],[14.222946715719607,40.828224146533934],[14.222899186666044,40.828268563694635],[14.22276964927325,40.828385551925855],[14.222726406335976,40.82843244565707],[14.222660725730007,40.828519447438055],[14.222622535798273,40.828567009358544],[14.2225608205982,40.82864502968095],[14.222515740060803,40.82868470526547],[14.222560983708693,40.82872059041623],[14.222733143857829,40.82882966119176],[14.222793554494318,40.82878081141303],[14.222850024433361,40.82874184850292],[14.223053340572658,40.82862390649957],[14.223110025747513,40.828585905124605],[14.223174306908962,40.82864185067565],[14.223120362102936,40.828681088036696],[14.222942343039383,40.82880787425031],[14.22290280461452,40.82878034528961],[14.222849438817493,40.828821205603276],[14.222798828760657,40.82886015368505],[14.222891631436255,40.8289216496616],[14.223091953195201,40.829038596647734],[14.223159775958361,40.82911815581056],[14.22321101728848,40.82907370414603],[14.223290190153065,40.82911962566238],[14.22324533090182,40.82916828734855],[14.223736246012548,40.82945048693415],[14.224287157095992,40.82976758199535],[14.224656968655756,40.829957856303245],[14.224753890196947,40.829993966799606],[14.224702509568777,40.830122341214086],[14.22476550914906,40.83015099002269],[14.22481204716211,40.83016344621869],[14.224832344324561,40.83014217392539],[14.224877651903121,40.830105359100344],[14.224937015617105,40.830071178514125],[14.225393419793415,40.83029802972508],[14.225833714913065,40.83048959944711],[14.225779864151406,40.83058657581071],[14.225845784140592,40.8306240935167],[14.226272741539598,40.830797874983],[14.226343241913609,40.83082657019632],[14.226913689609727,40.831050763382],[14.227963939891778,40.83136063013613],[14.22890151700927,40.831601612934165],[14.229585797451628,40.83174428642741],[14.229612885927837,40.831727399687686],[14.22966914822068,40.83168826101098],[14.229840465005044,40.83166246820264],[14.23001036787136,40.83161873331465],[14.230123955747349,40.83158514157102],[14.230184676610705,40.831547986798455],[14.23024697608182,40.83151281562489],[14.230300432069354,40.83147438222045],[14.230344130486655,40.83146401555276],[14.230359165736862,40.831278773092585],[14.22936571635332,40.83108085561759],[14.229330380828502,40.831055452590434],[14.229325778415088,40.83101447192281],[14.229363141687989,40.83097293782315],[14.229491164132133,40.83098062232675],[14.231541482900635,40.83133879276024],[14.231801665505246,40.83138424129503],[14.231858088828291,40.831395179990814],[14.231958469926038,40.83141306054452],[14.231938149621822,40.83144625425978],[14.231925350070805,40.83151889041881],[14.23188054651657,40.83151652722005],[14.231793848367777,40.83151195388098],[14.23170623735446,40.83150228034775],[14.231431587881843,40.831461060048206],[14.231414683939168,40.8315024873656],[14.231347281449345,40.83172039738887],[14.231366054112812,40.831787361027246],[14.231395701832028,40.831806243646604],[14.23141133522088,40.831833617775196],[14.23142294653392,40.831863995447996],[14.231446519226889,40.83189445312117],[14.231485969185773,40.83193107614189],[14.231580046305577,40.83196429496889],[14.23160183045064,40.83199279745035],[14.231678503936038,40.83199422917251],[14.231727084398432,40.831999030675384],[14.231815832819912,40.83201384721629],[14.231988815964469,40.83202922376562],[14.232185320410329,40.8320340879421],[14.232400418722861,40.83204974525946],[14.232606159968592,40.832065338886906],[14.232769865650079,40.83207354034079],[14.233041030252245,40.832079614049164],[14.233209330606458,40.83207195948822],[14.233646644342738,40.83206557085053],[14.233835644269762,40.83205825394587],[14.234133377487074,40.83204672453134],[14.234311341205533,40.832039833315456],[14.234797539296574,40.832001404395676],[14.234987803719283,40.83198636466581],[14.235080728981151,40.83197901938262],[14.235250754626554,40.83196557988917],[14.235878188918344,40.83193702738877],[14.236031591326144,40.831905195614084],[14.236100495191673,40.831890898556324],[14.237744597363717,40.83176585533599],[14.237968390319113,40.83174883314629],[14.240113853316284,40.83157095544487],[14.240198981758803,40.831561750901216],[14.240917875321307,40.83148703462349],[14.240968637801368,40.83144857047482],[14.240969954662566,40.8314094967635],[14.240995135519938,40.83137586131227],[14.241033107596468,40.83135232163294],[14.24105141552963,40.831321531823505],[14.241088139806457,40.83132177375004],[14.241124774162495,40.831329988341025],[14.24123372379608,40.83133981058033],[14.241281082222173,40.83135790984534],[14.241365397646462,40.831394642512315],[14.241420367695516,40.83141908509132],[14.241419230528077,40.83134964433484],[14.24141852585863,40.831306633867065],[14.241547234216391,40.831310614752546],[14.241653933510293,40.83131391469001],[14.241786061076278,40.83130789471326],[14.241861706026018,40.83130894963364],[14.242123362640527,40.83130152896334],[14.24245331098262,40.83128649516785],[14.242627101898398,40.83125622837923],[14.242706906746413,40.83126143443344],[14.242842973681743,40.831229930719324],[14.242973169164184,40.831199785590194],[14.243323962951743,40.83112978116559],[14.243523998854728,40.83105330087095],[14.24366351488343,40.83097798153396],[14.243720395650303,40.830940275376776],[14.243921482318576,40.83077753537028],[14.243967647553289,40.83073231023072],[14.244052154887369,40.830630667417125],[14.24409459540032,40.83058344228125],[14.244241119315921,40.83043195507148],[14.244290105756495,40.83038862868762],[14.244344330668374,40.83034856746618],[14.244404831560098,40.830303150527804],[14.244457815314286,40.83026334389926],[14.244463035253478,40.830214844350785],[14.244562934039008,40.830098375611435],[14.244603826606586,40.830051054305805],[14.244710035539153,40.82992965312726],[14.24475422568402,40.829883086245424],[14.244834223920193,40.82980731245644],[14.244877886309467,40.82976704379374],[14.24506958986965,40.82970878833035],[14.24524378598346,40.829700846463375],[14.24552173250788,40.82967467027987],[14.24570582689186,40.82967234083487],[14.24593171340163,40.82966948111262],[14.246005444524274,40.82966324621239],[14.246162773387983,40.82964994282087],[14.246359440901651,40.82965250111552],[14.246700391262815,40.829656935675224],[14.247556158217844,40.82965420537275],[14.247608868247289,40.82966051694343],[14.2476090418918,40.82960649183511],[14.247590733369274,40.82956231276578],[14.247567403903943,40.82947334853746],[14.247534209978175,40.829353324591835],[14.24751846458302,40.82920099331937],[14.247454949985107,40.82910035926037],[14.247424136625796,40.829004010860125],[14.247494340642213,40.82897557059776],[14.247551208080338,40.82896182292243],[14.247605123109205,40.82893099972346],[14.247588891175848,40.82881510784764],[14.247540564155425,40.82869140769306],[14.247473370327556,40.82867373588233],[14.247404856909316,40.82867289593661],[14.247345020332816,40.82868761443946],[14.247284955347085,40.82872247407196],[14.247245402228495,40.82885783601596],[14.247271083080015,40.82897727451838],[14.247216468791432,40.82901417317985],[14.247111546174754,40.82908257389696],[14.247142600996284,40.82899853145182],[14.247123311256576,40.82897333039399],[14.247119194693402,40.82894070125123],[14.247115513453922,40.82890645691934],[14.24711443331632,40.82885689686418],[14.24711950910176,40.82880919246247],[14.247141935433516,40.828764347449564],[14.247162838068434,40.82857402287007],[14.247151527423549,40.82850253351349],[14.247155924873773,40.828399046751464],[14.247203534647971,40.82834455429474],[14.247256013734495,40.82829780379997],[14.24727042170729,40.82824898592538],[14.247354308679574,40.82827264874479],[14.247386520454151,40.82823470563126],[14.247420554342408,40.82816435227319],[14.247470664877367,40.828098768271936],[14.247508248786875,40.82802405666308],[14.247532036384554,40.82798417317355],[14.247547317614291,40.827959973795316],[14.247570658576402,40.82790970318472],[14.247621193986966,40.82785930313429],[14.247700339732008,40.82779606969288],[14.247751560999381,40.827753388098444],[14.247870711558392,40.8276496294073],[14.247924404581264,40.8276091163539],[14.248029780627268,40.82754007304409],[14.248087598358223,40.82750413615852],[14.248152569730792,40.82746332279236],[14.248200887867572,40.8274323198026],[14.248307308971334,40.82726991503454],[14.24837244988703,40.827181315720736],[14.248408070925365,40.82715661509249],[14.248488965414625,40.8270919689052],[14.248598050935051,40.826930628930235],[14.248667382503914,40.82694755075752],[14.2487747817399,40.826838612165595],[14.248820815120052,40.82684316342436],[14.24888898009592,40.82677603489674],[14.248925477476494,40.82670361867756],[14.249012482952953,40.826631161408145],[14.249041832362531,40.826611555238976],[14.249139407852187,40.826546374417646],[14.249296276732325,40.82645170959407],[14.249387235975885,40.82641863448681],[14.249450581592187,40.826387081262446],[14.2494917132071,40.82636583000818],[14.249553532127495,40.8263342761658],[14.249593840787918,40.82631354498788],[14.249655530976503,40.8262819681561],[14.249721178900625,40.826249212264],[14.249777408817314,40.82621201636108],[14.249880030774825,40.82620858137741],[14.249999504400312,40.826224904174005],[14.25005717108723,40.826307800351145],[14.250049589538497,40.82637116559699],[14.25007206921841,40.82649617921244],[14.250097059575012,40.826643585775294],[14.250099729869579,40.826758739363115],[14.250102900439861,40.82689539901909],[14.250103918322255,40.82703939713117],[14.250121941241284,40.82717361712019],[14.250143906194893,40.82746070568133],[14.250180442223309,40.827922684373725],[14.250183173544393,40.82813944133518],[14.25018633538162,40.82839056204261],[14.250228539851843,40.82881176937169],[14.250272751661209,40.82894929567271],[14.250400627345776,40.82900197851564],[14.250699246231212,40.829087382187545],[14.251349643089819,40.82930510077023],[14.251418894359974,40.8293504056226],[14.251429076547666,40.829399405164466],[14.25136775865795,40.82945027383722],[14.251288784530265,40.82946781709992],[14.251200615584601,40.82943462221165],[14.251163766153084,40.82937117731682],[14.250805541364837,40.82925467286427],[14.25066158589229,40.82921063890707],[14.25051307185328,40.82914989435637],[14.250273741911892,40.82910229893953],[14.250139634972681,40.82903639580477],[14.250118194700462,40.82896659166578],[14.25009873059381,40.82890322002112],[14.250091716402368,40.828844988136055],[14.250075003432672,40.828706240182164],[14.25005702470847,40.82844147723662],[14.250052872841994,40.828374401614525],[14.250043688856419,40.828226018066694],[14.249981283190014,40.828008296616275],[14.249965080183312,40.82776596013648],[14.24995304805029,40.827604457714216],[14.249931487991491,40.82743255495184],[14.249924979509053,40.82738066690166],[14.249879509654114,40.82725286347278],[14.249838304054292,40.827137044709765],[14.249752109204692,40.826974425808224],[14.249720814080181,40.826953346306574],[14.249665366240622,40.82700604480138],[14.249584184698538,40.82708309664547],[14.249527209255229,40.827138122735576],[14.24946037590334,40.827185531002804],[14.249413599680928,40.827217962260086],[14.249386714465683,40.82725052126122],[14.249359997634302,40.82726797362253],[14.249345861117304,40.827229644600905],[14.2493123667338,40.8272138924829],[14.249300169583776,40.827243688986854],[14.249290875146785,40.827279901838075],[14.249278763085831,40.82736924397911],[14.249185865604089,40.82744452354445],[14.249116668454793,40.827474516006994],[14.24896859693562,40.827482822987285],[14.248925336418228,40.82751043729139],[14.248945045514258,40.827578427333286],[14.24894540940412,40.82769544809227],[14.248949347450544,40.82784831603164],[14.248965364875996,40.828032143398836],[14.248961941865279,40.828410418884275],[14.248970674101315,40.82868010454279],[14.248911991064075,40.82868741757081],[14.24866140841924,40.828694215158805],[14.24857644698132,40.82870654776237],[14.248480513925955,40.828720472898354],[14.248410052530465,40.82871995560174],[14.24822554283077,40.82871859996662],[14.24805427246836,40.828735414985665],[14.24798575131073,40.8287459015342],[14.247886664942792,40.82876106658307],[14.24788700293118,40.82879268685777],[14.247903323596116,40.82885933715084],[14.247905306649256,40.82907492020175],[14.248333294790497,40.82903867345007],[14.248373148285584,40.82903599557307],[14.248365526044873,40.82895845192544],[14.248399515248206,40.82895867224579],[14.248434582463368,40.829239816613246],[14.248396342821264,40.82923956693477],[14.248372782908163,40.829068280841554],[14.248331785137763,40.829072721492125],[14.247925504544552,40.829112263475544],[14.247933319825929,40.8291498285725],[14.247963553831573,40.82929322779356],[14.248027604210328,40.82945685821145],[14.248061470306277,40.82948232239284],[14.248164805883947,40.829477608500774],[14.248355240589005,40.829468922036064],[14.248646410329568,40.82946013927337],[14.248872685952326,40.829436312290824],[14.249141742780441,40.829419535934285],[14.249329193385666,40.829419986115084],[14.24951325104783,40.82941145004994],[14.249655427598128,40.829409375786476],[14.249769626312093,40.82943711306932],[14.249907312297257,40.82948299807007],[14.250094656512315,40.829488589864766],[14.250200684553567,40.829512643721614],[14.250259850213837,40.82952606533609],[14.250366264271978,40.829597733640945],[14.250390714948912,40.82965771400112],[14.2504113008267,40.82970821320736],[14.250508348258988,40.82990757627202],[14.250450533643965,40.829919780518125],[14.250401207476864,40.82996713222065],[14.250431026093827,40.83000440688355],[14.25047346537219,40.830119506456455],[14.250504999344209,40.83017467371808],[14.25059383207126,40.830330081686014],[14.250638706482759,40.83041245755435],[14.250813956928903,40.83073416541096],[14.250852324705068,40.83085395305606],[14.250964872379594,40.83108739044242],[14.251020960261767,40.83118086190848],[14.251062147510263,40.83124950254144],[14.251135974352534,40.83135866858884],[14.251158714748916,40.831402645654634],[14.251212839279086,40.831440686891206],[14.25131780974537,40.8315034180299],[14.251446784243047,40.831560550057304],[14.251513315719945,40.83164303983769],[14.251561721357705,40.83173986149495],[14.251548575159614,40.83180880160969],[14.251539208004205,40.83185792645969],[14.251549086864983,40.832001520005356],[14.251583907075297,40.83210168520288],[14.25159991922,40.83214774649774],[14.251622631822311,40.83220072683566],[14.251708924342088,40.832336331554224],[14.251817985582756,40.83250690792389],[14.251900588229416,40.83264268182893],[14.251947191164342,40.83272608108854],[14.25197335047275,40.832786886065136],[14.252001469337852,40.83282503014372],[14.252036359110305,40.83289575668446],[14.252085521650246,40.832966575269985],[14.252162864975254,40.83307011523268],[14.252261921462974,40.83314668026866],[14.252311328499582,40.83319580925416],[14.253125186142851,40.8332889925693],[14.253216625598364,40.833293867042094],[14.253259322136584,40.83330498974964],[14.253373019625533,40.83334911094702],[14.253608036671347,40.8333940173934],[14.253871357313425,40.833460798192505],[14.254305589700557,40.83356122147039],[14.254433567241378,40.83361268315319],[14.254632679537151,40.833634278245874],[14.255008230641835,40.833671142227104],[14.255255812286107,40.83368234028396],[14.255440321211301,40.83368291373276],[14.255603370160612,40.83370247415247],[14.255672646396626,40.83385205327944],[14.25562143400394,40.833894730803756],[14.25554139417955,40.83396408398335],[14.255421349355556,40.83398600833502],[14.255265134006319,40.83391449970739],[14.255072568480747,40.83390241004691],[14.254994188524092,40.83389105797792],[14.254887261565889,40.833879520719094],[14.254812089801824,40.83385115486373],[14.25442923992214,40.833787615514446],[14.253959398831348,40.83369203573772],[14.253527560635986,40.83359922189117],[14.253115653927697,40.83350549538442],[14.253077539379898,40.833550645540065],[14.253058406828321,40.833574665881535],[14.253018234391366,40.83361186310113],[14.252876992317685,40.83369971743944],[14.252822870425748,40.83373882904937],[14.252725514338225,40.83382237551986],[14.2526764129845,40.83385402391908],[14.252625959474225,40.83388611126018],[14.252556745248164,40.833940840610175],[14.252503118576112,40.83398172106159],[14.25199115828435,40.834361147868464],[14.252404437311542,40.83467159903813],[14.253034758565889,40.83417812488192],[14.253086233364685,40.83413794474316],[14.25297471984799,40.83406672535312],[14.253025033490177,40.83402918752545],[14.25316446126966,40.83411543397008],[14.253191546484093,40.83413672900057],[14.253142703889425,40.83418058645947],[14.25310962602861,40.834214705741715],[14.253059908387772,40.83425698888497],[14.252984495843439,40.834309649935065],[14.252927713719135,40.83434783421969],[14.252791439391178,40.834436262012986],[14.252734881456025,40.834475094988456],[14.252678523081995,40.8345164351646],[14.252628213544751,40.834558734348704],[14.252529895569198,40.834652205386554],[14.252576740798718,40.83472747708137],[14.252736499898553,40.834855225104526],[14.252911789675046,40.83497326165463],[14.252961324118102,40.83496904532371],[14.253018512627708,40.83493306890155],[14.253076464349105,40.83489559371382],[14.253178973637564,40.834827269774244],[14.253232874126375,40.83478713545218],[14.253440335261882,40.83461516853625],[14.25349251731637,40.83457350013134],[14.253744162549866,40.834380124324085],[14.25379727575068,40.83433885801042],[14.253839791063635,40.83436624818439],[14.253889260470139,40.83440995379962],[14.2540168068337,40.83449212504665],[14.254229264351332,40.83463992217879],[14.254326745218423,40.83470689979344],[14.254356751415704,40.834727516446954],[14.254406758763512,40.83458655474454],[14.254424713384342,40.834527538404465],[14.254398823370195,40.834474800128525],[14.254404054986368,40.834441991031575],[14.254443111324235,40.83442910288806],[14.254499165274405,40.83444260492943],[14.254524699934025,40.83447890733157],[14.254523889370727,40.834551175416124],[14.254484171036388,40.83462319311248],[14.254452878286477,40.83471497467935],[14.254434449914067,40.83475851579927],[14.254605440327625,40.83482673982021],[14.254854676173217,40.834877157612055],[14.255082380634889,40.83493828253698],[14.25533893715701,40.8349724781662],[14.255574568055959,40.834963153474305],[14.255896566840548,40.83488930851507],[14.256025572495652,40.83484133280973],[14.256221319522629,40.83483560617951],[14.256618017967348,40.8347184503291],[14.2567593964275,40.834685361198424],[14.25695259780667,40.83464014277222],[14.257348034776232,40.83457255763115],[14.258177836885396,40.83437708367238],[14.258536799752058,40.8342886549764],[14.258863254768418,40.83421071327249],[14.259033956746686,40.83416622997136],[14.259099300635258,40.834132401289494],[14.25927883538474,40.83407017768615],[14.259506240235666,40.83404177634875],[14.25983682332645,40.83406267334213],[14.260129734131889,40.83409429487523],[14.260363564870673,40.83413762101961],[14.260773376918545,40.83419540502121],[14.261069924089218,40.83424486381196],[14.26112001123745,40.83427858517456],[14.261269063169713,40.83428977458802],[14.261696971352672,40.83422068946985],[14.262150678604494,40.83415245376082],[14.26255718426221,40.83409131543024],[14.263126456950067,40.834011256754934],[14.263494923293027,40.83397700701822],[14.263542186425225,40.833953931563656],[14.263573741645017,40.833935806183746],[14.263598345546084,40.83391764502698],[14.263629401603744,40.83389821813225],[14.263722275376375,40.833884035763035],[14.263797751622608,40.83387251026757],[14.264134371251544,40.833848105517475],[14.26445045740272,40.83377962452207],[14.26475276514696,40.83375228661639],[14.265009336989685,40.833718038094794],[14.265154033375186,40.83368697634798],[14.265194795771597,40.83364653029936],[14.265332090042545,40.83364024658888],[14.26545940479245,40.833638920964326],[14.265860676477455,40.83358904457939],[14.266407901183351,40.83347396788889],[14.266773080364857,40.83339873254531],[14.266973800933638,40.833407549061704],[14.267072019288962,40.83339339929162],[14.267126751676132,40.83334652946187],[14.267184282019125,40.83334756506637],[14.267229853916273,40.83333634323493],[14.267343718901877,40.83331404489267],[14.267495327943976,40.83330349658408],[14.267660500631326,40.83329508371933],[14.267798608207949,40.833276644519515],[14.268162588762454,40.833218075544245],[14.268487773828406,40.833189679284295],[14.268829581016835,40.83315602023873],[14.269313975602087,40.8330708153211],[14.26963893381199,40.832992912569225],[14.269973486850715,40.832914567572956],[14.270280927970628,40.83289598204506],[14.270603606966779,40.83282125640778],[14.270659042937876,40.83280841811962],[14.270648653253312,40.83267647219438],[14.270702221123441,40.83263433649361],[14.270752999935118,40.83259481337071],[14.270858388936757,40.832555042514755],[14.270935836505572,40.83250475068661],[14.271001163592937,40.83245715325013],[14.271091482996491,40.83242528762003],[14.271149967182126,40.83238312362133],[14.271229033804959,40.8323626391583],[14.271277715436852,40.83233519124802],[14.271336443020036,40.83230740634337],[14.272629477720042,40.83177664238672],[14.273252904953315,40.83153903962358],[14.275042532533565,40.83085694366948],[14.275038315508295,40.83100390414796],[14.27613020081005,40.830228274602824],[14.276184344418931,40.83018770893247],[14.276285791485225,40.830283534615404],[14.276230171022933,40.83032246020676],[14.275129467212366,40.831057022050736],[14.275094123322228,40.8311269076235],[14.275052993319612,40.831143752887186],[14.274995116364046,40.831167458332025],[14.274969459981532,40.83110561584027],[14.273296518283711,40.83178025818027],[14.273168516592671,40.83183187579729],[14.27227383857401,40.832217565397386],[14.272277455363229,40.83229948685905],[14.27226056904672,40.83238426289068],[14.272265230686486,40.83244042310534],[14.272267619084209,40.832469190650905],[14.272282829797927,40.83254289494175],[14.272313634343844,40.83263924636036],[14.272321015624746,40.83269386036346],[14.272333280313543,40.83276276693753],[14.272381202472648,40.83289158807943],[14.272451812609527,40.83313728839152],[14.272391469752034,40.8331478171987],[14.272208915413998,40.83317967051971],[14.272078753512906,40.83316010590713],[14.271987817217381,40.833097950237956],[14.27194236541027,40.83306553288571],[14.271915802604537,40.8330393784515],[14.27180996741168,40.833064908236025],[14.271719909858126,40.83308663140712],[14.271306023565234,40.833164115165445],[14.27106714948518,40.83320656982138],[14.270897238079264,40.83322145277488],[14.270571109043907,40.83325968084963],[14.27033599643758,40.83328697171938],[14.270025142165705,40.83331378223775],[14.269934190752974,40.833318961496346],[14.269959573719461,40.83335562739556],[14.269970797377734,40.83343430605156],[14.26990911987278,40.83344803853329],[14.269854572838659,40.833460183031896],[14.269774548596873,40.83344134135748],[14.269752221063055,40.83333507665667],[14.269588085917539,40.83335085085902],[14.269205745409558,40.833414781191685],[14.269068998064656,40.8334376459699],[14.268352008915738,40.83356051074922],[14.268119036089795,40.833602689042344],[14.268120255916996,40.83363464594793],[14.268121779875615,40.83367458536541],[14.268068498419442,40.83368538814076],[14.267949715837442,40.833709472611254],[14.267065163534674,40.83384000137365],[14.265932075655293,40.834031414671855],[14.265170582746881,40.83411988154193],[14.26516208254427,40.83416198316889],[14.26511662474142,40.83417103915329],[14.265049797481817,40.83418752015806],[14.264987397320716,40.83419413831918],[14.264823315855226,40.83421063251031],[14.26478708155288,40.8341472559358],[14.264585487689109,40.83416506676894],[14.263701760456573,40.83432018478737],[14.263197972581569,40.834408609488136],[14.262060487150304,40.83458218082846],[14.262069542035908,40.83461611573716],[14.262010261183264,40.83462883587423],[14.261975324271383,40.83464435609654],[14.261878657621137,40.83467152179536],[14.2614352476855,40.83474131750821],[14.261366013176286,40.83474448392595],[14.26129499752616,40.834747730859824],[14.261208304129624,40.83473819116334],[14.261053344704413,40.83472727274571],[14.26090913047297,40.83470235735671],[14.260730713369068,40.8346384942077],[14.260476621722615,40.83458259172935],[14.260198800423732,40.83456378564902],[14.259982084133066,40.83459620117668],[14.259919971859963,40.834627640864134],[14.25981250191826,40.834646831461356],[14.259715035722978,40.83467593062923],[14.259441179565133,40.834809988634724],[14.259395072476295,40.83484926266845],[14.259347632172947,40.83488979773304],[14.259233758058757,40.83494100890772],[14.258907654400199,40.83502343805047],[14.2583957507893,40.835163873710876],[14.258262170140362,40.83516097641309],[14.2582135885501,40.83511818198073],[14.258222498404779,40.83505309814862],[14.258230950602101,40.83499134923524],[14.258193879589365,40.83492552299925],[14.258194152717074,40.83483548240094],[14.258167006000308,40.834782706134405],[14.258129386499702,40.83477542258909],[14.25803907949229,40.83478497533616],[14.257979513049024,40.83479127561173],[14.257570022814651,40.834868508192926],[14.257408908365488,40.83492043782255],[14.25726084105222,40.83496816439532],[14.25683352186158,40.83508222019893],[14.256273331869723,40.83520234536471],[14.255772576141503,40.835315251941545],[14.255340961571097,40.83538448438586],[14.255039211034054,40.835465789194274],[14.254982048902338,40.83550250906034],[14.25490173020084,40.83554406070471],[14.254882524529014,40.835576915729916],[14.254888809904449,40.83565287861968],[14.254923947593587,40.83570191456027],[14.254958356167686,40.8358160205512],[14.25502106866738,40.835952002847925],[14.254961120844381,40.83620650103277],[14.254955438097724,40.83625688750471],[14.254903262319512,40.83629857880276],[14.254848386598988,40.83635337392789],[14.25479028326582,40.836363937077365],[14.254696861874093,40.83638170786952],[14.25466509153173,40.83639216201985],[14.254570444873302,40.83632896438851],[14.25434681079881,40.83620863794371],[14.254150791035839,40.83610955646048],[14.253954415550547,40.83600598937758],[14.253783410229595,40.83593277293775],[14.25376582037728,40.835892106615624],[14.253719227835779,40.835856095892645],[14.253662957087085,40.83584501979091],[14.253578448489046,40.835861107813955],[14.25327307165189,40.83562954826601],[14.25304092688311,40.835453517318484],[14.25300011374973,40.835502355874645],[14.25295851293822,40.83553997122879],[14.252841276315591,40.8356219506709],[14.252787793888507,40.83566210624619],[14.252754030929886,40.83568960260021],[14.252702310400787,40.835731726773375],[14.252670318113546,40.835758067298286],[14.252619512929053,40.83580106434725],[14.252505390152791,40.835900215860306],[14.252455889608111,40.83594368895211],[14.252344506179854,40.83604242624529],[14.252291102288249,40.83608268334688],[14.25223521475569,40.836118549612124],[14.25217877069867,40.83615611671765],[14.252045250128159,40.83624774817816],[14.25206596577141,40.836267771336345],[14.252154761147061,40.836313234009246],[14.25232942868463,40.83639528780002],[14.25260550058938,40.83650422103161],[14.252913229396144,40.83663871800986],[14.253069612189245,40.83666758842846],[14.253254897303274,40.83665912773679],[14.253381295759478,40.83659933871435],[14.2534954717001,40.836553613110745],[14.25365869447466,40.836519151165014],[14.25379534307102,40.83648590259691],[14.253988177322219,40.836423078868],[14.254180867663525,40.836388355251444],[14.254332726314873,40.836445618058136],[14.254458332617983,40.83651264427466],[14.254402742501256,40.83655209109997],[14.254366576313002,40.83657835084275],[14.25429786949361,40.83662438189888],[14.254254914193018,40.83664791317433],[14.254290917030287,40.83667709329238],[14.254303617134305,40.83671028168929],[14.254325102871698,40.836736906263376],[14.254359216738111,40.836803339714706],[14.254436489973976,40.8369064688691],[14.25450959266055,40.83699301857154],[14.254629506709616,40.83717919006678],[14.254702647676122,40.83726242838604],[14.254904158481501,40.837555067363965],[14.25498571666594,40.837664845367215],[14.255151060119648,40.8379634637041],[14.255313931210301,40.83792451482255],[14.255523639372539,40.837876889840466],[14.255544793612032,40.837933307625605],[14.25559632795458,40.838019647224655],[14.255649256357566,40.83808925226269],[14.255716815598461,40.838081663389794],[14.255852783283549,40.83803043834634],[14.25604780535318,40.83797651414585],[14.25616783177519,40.83794852365449],[14.256284523422586,40.837925186003766],[14.256440720816338,40.83789554254703],[14.256720608570447,40.837846742488985],[14.257122407139075,40.837756360568136],[14.257486174075964,40.83767221504082],[14.257677504825486,40.83761845679163],[14.257764625267091,40.83760997451623],[14.25785718477884,40.837754289939944],[14.257872135660111,40.837798803435845],[14.257898877507326,40.83787842447074],[14.257940626285052,40.83786301185756],[14.258108990490854,40.83783731154265],[14.258308412764796,40.8377921844916],[14.258587203473622,40.83773892943779],[14.258867798183214,40.837699094827634],[14.25923940863599,40.83758307654452],[14.25959095128503,40.837512987702695],[14.2598793360456,40.837459289993404],[14.260199872775095,40.83739061784605],[14.26057295516438,40.8372745279824],[14.260937124848706,40.83717684957907],[14.261106276705936,40.83713310290098],[14.26128833327959,40.837093267281574],[14.26131630262695,40.83711899617483],[14.2613529967708,40.83718934095644],[14.261413398137982,40.83735313010284],[14.261461223483627,40.83752649737171],[14.261507244078434,40.83768644358286],[14.261573634041602,40.83782295068207],[14.261641413554711,40.83790427791765],[14.261678434448791,40.83794869885056],[14.261727323303404,40.83801398334501],[14.26166693478931,40.8380498628707],[14.261447660754932,40.838112300834155],[14.261193123403345,40.83820046560237],[14.260680409525547,40.83835895391346],[14.259345174885679,40.838609062698126],[14.258135230877446,40.83891644946536],[14.257426904669687,40.839074861086175],[14.257358748403924,40.83908472451325],[14.257300598794208,40.83911945961653],[14.257427373996808,40.83932145229587],[14.257369309878866,40.83935448556514],[14.257323278656738,40.83936016339299],[14.257219183116321,40.8393988735059],[14.2571690019423,40.839427402354026],[14.257190561196513,40.839486287921076],[14.257274743481563,40.83959497555011],[14.257490489158421,40.8398867097531],[14.25772991524529,40.84015935615259],[14.257800645770091,40.84023375716722],[14.25795137985881,40.84039231130637],[14.25803244745772,40.84055515773962],[14.258282815315718,40.84087231684196],[14.258524463218427,40.84114485990865],[14.258635963987096,40.84125229860595],[14.258794192728711,40.84140711664103],[14.258933909821096,40.84133770959281],[14.259056711337646,40.84130605455971],[14.259173530931605,40.84124737581095],[14.259233104550297,40.84121377113841],[14.259366598281805,40.84112493784761],[14.25942267392702,40.84108673402161],[14.259352010324031,40.84103213126546],[14.259272306685016,40.84092195667236],[14.259334329611384,40.840874494214205],[14.259466586988664,40.841007812938074],[14.259546147435326,40.841107157940286],[14.259601787843016,40.84114712075514],[14.259687560902636,40.841208725582845],[14.259721574389891,40.84118916446763],[14.259943823292968,40.84111175219864],[14.260131055546193,40.84101153985422],[14.260188348056161,40.84097426224506],[14.260426012844643,40.84088858344993],[14.260478380368514,40.84083143084175],[14.260520708599431,40.840783509800524],[14.260597322202743,40.840834024270876],[14.260649796105868,40.840873322902674],[14.260721854171589,40.840927291184805],[14.26086355557488,40.84103341499861],[14.261062914636678,40.84125837183683],[14.261014988972699,40.84130272279518],[14.260860943750696,40.8413911716956],[14.260801530405356,40.8414241873841],[14.260597000760885,40.84155667976527],[14.260539461491518,40.84159353942452],[14.260398139438639,40.841682939113454],[14.260339103209786,40.84171913248362],[14.260128585231463,40.84184467388574],[14.260068880431735,40.84187849389382],[14.25996504347784,40.841929494597366],[14.260020068212482,40.84201576429332],[14.260114173762334,40.842139354162114],[14.260051423255,40.84217257698601],[14.259974840227628,40.84220726322976],[14.259938514830898,40.842230595251124],[14.260136194552127,40.84236307978523],[14.260348212973604,40.84255144614305],[14.260667909637402,40.8427709008409],[14.260838832021113,40.8428801205077],[14.260908503468848,40.84290844474208],[14.261009836975633,40.842962328082926],[14.261311160675497,40.843155613118775],[14.261722984414284,40.84342486731214],[14.261948024275531,40.843581125445155],[14.262225267404608,40.84379022213343],[14.262261335983979,40.84376338366853],[14.262311501795043,40.84372654982417],[14.262395280538419,40.84359446720065],[14.262433726467863,40.843546398038214],[14.262601874560163,40.84334189710972],[14.262643492939395,40.843294638866865],[14.262776672215864,40.84315286226028],[14.262821762889134,40.843107474374946],[14.262953999407626,40.842981798417206],[14.262999437695084,40.84293655121359],[14.263185368132111,40.8427423843101],[14.263229008580343,40.842696326179144],[14.263331518539614,40.84258750759414],[14.263375296187597,40.842540715692145],[14.26353591838814,40.84236659444078],[14.263574461898582,40.842318847259556],[14.263779141048202,40.842016661834165],[14.263818460311036,40.841969582212336],[14.263903607191944,40.84200619767585],[14.264161340626684,40.84208893432685],[14.264387305741957,40.842182126264575],[14.264602302361588,40.842239808706935],[14.26472657724723,40.84227463286933],[14.264730503312338,40.84244550703726],[14.264632114323945,40.843147726976085],[14.264497307888496,40.84418926377762],[14.264451598488055,40.8445424185651],[14.264444663122505,40.844641766889715],[14.264586330675824,40.844662292520376],[14.264756842625737,40.84466349102545],[14.265023711779545,40.844655779494175],[14.265376145741786,40.84465359774756],[14.2658198349426,40.84465084968294],[14.266194102680872,40.84463371765294],[14.266328573723605,40.84462324472077],[14.266387324733486,40.84461866986147],[14.26637595482139,40.84455336965152],[14.266371760851618,40.844472536703464],[14.266372945434142,40.84431943464509],[14.266373748022493,40.844049229506446],[14.2663668559228,40.843800146487595],[14.266398608480792,40.84335795143094],[14.266401027007518,40.84332426052291],[14.26653623446749,40.843303146371575],[14.266522151630646,40.84370591425881],[14.266529934690283,40.843874430287265],[14.266518564480823,40.84424974906121],[14.266513585362553,40.84443903582376],[14.266521705068019,40.844602545188636],[14.266588895860647,40.8446075429257],[14.266589343132845,40.844567032483255],[14.266589808407188,40.844524822355844],[14.267139713112053,40.84452418184512],[14.267885562362228,40.844528919283334],[14.26825558235432,40.844547813154136],[14.268249411163882,40.844613956089695],[14.268637826021969,40.84462987438342],[14.26868949364749,40.84463199146195],[14.268697910597526,40.84375833521589],[14.268705420053621,40.84353257317424],[14.268742753499168,40.84241036471646],[14.268712996732386,40.84184905379501],[14.268759847774424,40.841599330878886],[14.268748623147731,40.84140512247717],[14.268746099646457,40.84136149173227],[14.268987022135418,40.84137034468767],[14.268996098804699,40.84142167440958],[14.269262695519748,40.841423364757844],[14.269314220785228,40.84142369112034],[14.26931769714552,40.8402297897691],[14.26893556113535,40.839912407722444],[14.26598560023962,40.839908316857226],[14.265987724384207,40.83971575133937],[14.26598818561396,40.839673944721916],[14.26646053866887,40.83967694989274],[14.266507606790855,40.83977979497788],[14.269014209199922,40.839773736651374],[14.26956865697572,40.840202081701605],[14.269587051316416,40.84028276907018],[14.269644167438244,40.840349053311805],[14.269778482899905,40.84040850152116],[14.269825879259754,40.840482047967406],[14.269893867322141,40.84060659639585],[14.269925978973724,40.84099224567555],[14.26991097409229,40.84133503855382],[14.269897999904947,40.841533506390626],[14.269890904576148,40.84164205248041],[14.269882313454948,40.84206557732596],[14.269888107138964,40.84236240437542],[14.269862947131905,40.84264264259724],[14.26984621978053,40.84288978133651],[14.269836359196761,40.843035481496145],[14.269794193480761,40.843325502607414],[14.269959267144635,40.843357888418694],[14.270165422569455,40.84337569592565],[14.270343733963665,40.843384891676486],[14.27039336591577,40.84338745147774],[14.270401577741668,40.843264901424924],[14.270403321643187,40.843222490490014],[14.270574363438527,40.8432235723647],[14.270576512506459,40.843275156315634],[14.270722209336604,40.84326828278935],[14.270759519511378,40.8432693561175],[14.270775113057956,40.843222045906785],[14.270813120327027,40.84322480594366],[14.271022445098213,40.84321609251103],[14.271386226111762,40.843220454143015],[14.271388172126889,40.843290601578516],[14.271453354070756,40.84328895070605],[14.271559259589303,40.843287556526604],[14.271674522951805,40.843281172512384],[14.27173047189126,40.84328180100807],[14.271727648828831,40.843246288556095],[14.271740081466382,40.84321158947957],[14.27191818711169,40.843201177453984],[14.272132550642894,40.8431389011337],[14.272188424087716,40.843107939677616],[14.272146610848386,40.842959154549085],[14.27217356739784,40.84248075319405],[14.272120599678294,40.841366504760025],[14.272154570960497,40.841178221940005],[14.272125143595039,40.841143559652636],[14.272030321797796,40.841003860604786],[14.2718471438262,40.84078718488321],[14.271675453928816,40.84058199415071],[14.271636756200273,40.84053574569875],[14.271191570375771,40.84018252991485],[14.270249223696743,40.83946788927909],[14.26990619562874,40.83921324127154],[14.27023871422718,40.83891850382549],[14.270289421651228,40.83887603743758],[14.27076940367129,40.83917268247957],[14.270825111834329,40.839141492523005],[14.27101515604833,40.8392768305288],[14.27097738504825,40.839316202573286],[14.271615253385747,40.839658959337],[14.272098971824805,40.839978279605354],[14.272146247683478,40.83994522201028],[14.272336398530728,40.84004454100818],[14.272322958025981,40.84009917387159],[14.272444889093341,40.840179111863854],[14.27322650033498,40.84058892439706],[14.27336195782743,40.8406780437565],[14.27340377318162,40.84064206151305],[14.273526376344732,40.84052604692514],[14.273571633552779,40.840480557269196],[14.273620777297015,40.84042803637475],[14.273668098028809,40.840384124834394],[14.27324558427989,40.84010189971346],[14.27270908589872,40.83980239007996],[14.272680246001082,40.839821717864815],[14.272592119506617,40.83979424669785],[14.272440330790467,40.83970217376207],[14.27243238841673,40.839639517953216],[14.271558418787999,40.83913940183632],[14.27135320247409,40.83901826531671],[14.271273172284879,40.83899942597639],[14.271197240656019,40.838966894332636],[14.271160077620605,40.8389280838479],[14.271112196743207,40.838894266830174],[14.27113146695405,40.838866375866374],[14.270583145066896,40.83857791046382],[14.270808060779665,40.838348549911984],[14.270855891223226,40.838305004202155],[14.272367977842515,40.83914788064394],[14.273080296519543,40.839560306567186],[14.273370685209937,40.839712878516956],[14.273655536622403,40.83986253901325],[14.27392391579209,40.84009781313475],[14.273945638554904,40.84019831028689],[14.273967271120966,40.840298387529444],[14.273955454133104,40.84035169922375],[14.273934005553533,40.84044845781085],[14.273879194805609,40.84047798670197],[14.273760552794503,40.840447406758216],[14.273722217527908,40.84049217942814],[14.273683023206605,40.84054550376477],[14.273639933582178,40.84059185020989],[14.27349297707824,40.84071571823447],[14.273505776189127,40.840756178688416],[14.273534489960864,40.84078187126676],[14.273489935579407,40.840821634321145],[14.273451373819908,40.840854836783116],[14.273403578760322,40.84089579900777],[14.273331408779972,40.84096099186773],[14.273293617652758,40.841005040828996],[14.273232364496133,40.84112882322137],[14.273234987332721,40.841245738756086],[14.273241381978236,40.841466013617314],[14.273216082071576,40.8416697354272],[14.273188721613185,40.84195007683685],[14.273163649495414,40.84212694047265],[14.273145044969665,40.84225817323691],[14.27311796472928,40.842570010343664],[14.273106108104729,40.84284963925745],[14.273093896344585,40.84325532406934],[14.273085728853777,40.84353478567399],[14.273062469852348,40.84393197391351],[14.273060901437223,40.844490218431226],[14.273147710687192,40.84446373176755],[14.273371526243263,40.844408458046615],[14.273653150337182,40.84434931113214],[14.273620951315081,40.84447938460076],[14.273637004725005,40.84461978170983],[14.27372021245327,40.84465037011222],[14.27393283409332,40.84469332205932],[14.274112948482045,40.84464375693834],[14.27420530227885,40.844590310699424],[14.274260970990326,40.84455223897656],[14.274353683562467,40.844525481639366],[14.274469450036724,40.844488065530285],[14.274619970677497,40.84446285367632],[14.274680885119333,40.84445265115094],[14.274599415889366,40.844142077355095],[14.274592237352678,40.844114713415955],[14.274689217370666,40.84409194111832],[14.274817190124361,40.84404932035156],[14.274940729095029,40.84401001237637],[14.275088928209255,40.843978610611416],[14.275227696376426,40.84393787563354],[14.275295454793758,40.843901619494915],[14.275821382098492,40.84376946745333],[14.275853135969742,40.8437609240028],[14.275911418423066,40.84374524440919],[14.275597004150201,40.842153819022045],[14.275581597367617,40.84211593352168],[14.275664352139607,40.84211196367311],[14.27599610864055,40.843722460282294],[14.276547517354647,40.84357411302561],[14.276970701237007,40.843449192896536],[14.277151472757044,40.843408482438136],[14.277212261349472,40.8433768636375],[14.277668308797123,40.84323548124825],[14.277773850986318,40.843202760515396],[14.277849178733222,40.84318509781935],[14.277924524518287,40.84316883960692],[14.277477902546046,40.842362819827756],[14.276632936013032,40.84083785312433],[14.276328964468366,40.840307012594835],[14.276135636494203,40.83996938754488],[14.275339892933053,40.84007275705729],[14.275298664772432,40.840110292179546],[14.2751805020919,40.84011222120657],[14.275169937985963,40.840053601237166],[14.275229485293917,40.840015444877],[14.275389725154614,40.83999009167271],[14.275630470542007,40.83995410409086],[14.275845059519874,40.8399261461384],[14.276097318289846,40.839887888380105],[14.276431595101707,40.839843278907814],[14.27685577491125,40.83979231363299],[14.277329844688678,40.83971654982088],[14.278093665315609,40.83962299048156],[14.278536938558355,40.83955810849599],[14.27863121515556,40.83954430961838],[14.279255488757274,40.839466147838024],[14.27925796625393,40.839507715083954],[14.279259988792749,40.839566270162116],[14.279205812153837,40.839560641162294],[14.27915003992938,40.839565516174005],[14.279154047645234,40.83953532723429],[14.278806044169121,40.83958130104817],[14.278440989776756,40.839627763592],[14.278047945434245,40.83967126070508],[14.27807768399849,40.83971594544105],[14.278162236074577,40.839852111398095],[14.278337302827417,40.84012371126934],[14.278482995472622,40.84040925651758],[14.278597747330055,40.84060780607312],[14.278708644783318,40.84078764058511],[14.278887193874207,40.84108554120199],[14.279014525140534,40.84135428250584],[14.27919722294746,40.84164476283787],[14.279313598226441,40.84188895226064],[14.279407899887609,40.84206311144808],[14.279458965076273,40.84213513309489],[14.279687977012554,40.84253443120377],[14.27972759424318,40.842513075620246],[14.279784662996734,40.84247579500199],[14.280033208096402,40.842414871923346],[14.280486125597122,40.84225003892613],[14.281054274650307,40.842052905327726],[14.28125341421831,40.841998443112494],[14.281648658124816,40.84185482913455],[14.281800854016076,40.84181938201873],[14.281865261295257,40.84178720661945],[14.281922506538253,40.841754980110736],[14.28183914421426,40.84160104198231],[14.281798640448716,40.8414150706421],[14.281695333544532,40.841139887228785],[14.281592200172044,40.84084855436559],[14.281469733484009,40.84037945643518],[14.281316695755859,40.83978904815399],[14.281252474041247,40.83958761174754],[14.281681833082482,40.83938178334065],[14.28230579521361,40.839141569041644],[14.282358844678688,40.839314686818184],[14.282490798421875,40.83979027675814],[14.28281665136097,40.840765616571446],[14.283008977073,40.841301451168896],[14.283275327184207,40.8412036934978],[14.28350970638813,40.84109918574554],[14.283691746536945,40.84101801694983],[14.283798475675098,40.84099060738295],[14.284565772676057,40.84069878403401],[14.285021698203149,40.84054459153364],[14.285076292021186,40.84051328115581],[14.285053979300386,40.840437782222935],[14.285014754209278,40.84036356804649],[14.28499387001303,40.84027699558162],[14.284870802703093,40.83999956571123],[14.2847625418225,40.83964773854842],[14.284688572504777,40.83940115846836],[14.28439724219446,40.83845367623341],[14.284318092304979,40.83830378950419],[14.284365348609716,40.83828035830182],[14.286045591863116,40.837619755634286],[14.286789767880288,40.83997952632018],[14.287056995450467,40.83987476850634],[14.287577007154436,40.83965113752106],[14.28810898398557,40.83943762716556],[14.288385365034744,40.839307886442526],[14.288622482894885,40.8392339677114],[14.289130832998714,40.83902153800155],[14.289274129948435,40.83897893858879],[14.289881345990278,40.83870368744131],[14.290177749982947,40.83911691089666],[14.290299606805815,40.83907468307605],[14.290359018195668,40.83904374647116],[14.290059573063552,40.838648100212204],[14.290047697547825,40.8386190023905],[14.290096923175225,40.83861250461457],[14.29038951346933,40.83849101667016],[14.2908002713194,40.838333665149335],[14.290859778303314,40.83830283823769],[14.290732921116202,40.83813408082312],[14.29067661932336,40.83805918567388],[14.290297088660331,40.8375454766511],[14.289861374782001,40.83692699983196],[14.289181239111889,40.835961548318096],[14.289445693165534,40.835838345995946],[14.289704789507876,40.83622277273668],[14.289917524530493,40.836153398295764],[14.290436973656949,40.83591223043332],[14.290495457504942,40.835879849172706],[14.290397448936153,40.83574526039063],[14.29012872485251,40.835376228247995],[14.290190809039315,40.8353476473712],[14.290252755850153,40.835317641313935],[14.290475172822253,40.83520472994407],[14.290779449021734,40.835583718322425],[14.29086183340596,40.83569949532262],[14.290969702542133,40.83585108954148],[14.291298082544042,40.83631256986176],[14.292234441284695,40.83757340337363],[14.292338538826188,40.837726494039394],[14.292406279959645,40.83769354725743],[14.292466046956635,40.83766220700415],[14.29274804150979,40.83750644395323],[14.292808319798018,40.8374735224966],[14.29305706839675,40.837338638315984],[14.293117223886567,40.83730611307778],[14.293656370356842,40.837015787566926],[14.293716894079578,40.836983665512854],[14.29427941103098,40.836689729162515],[14.294340390551838,40.83665787480364],[14.294544043892254,40.836551489148185],[14.294605152098859,40.836519631429894],[14.295244166861831,40.83618321667659],[14.295302052400661,40.836149351640046],[14.29513060526189,40.83594117710864],[14.294952625844308,40.835766149207174],[14.29470217768719,40.83551985202141],[14.294569427318615,40.835576967931495],[14.294397126910956,40.83539005138368],[14.294464870872476,40.83534661850491],[14.294521430339534,40.835310205854135],[14.294295149654989,40.83508097231724],[14.294172645175028,40.83513042648915],[14.294032698664132,40.834968958912945],[14.29406712550239,40.83493109372868],[14.294114239643118,40.83488677205396],[14.293883002694187,40.8346459215066],[14.293765581549943,40.8346954068927],[14.293596645065666,40.83450663091186],[14.29363867019031,40.83447544028925],[14.29369209600541,40.83443621209271],[14.293126125299722,40.8338106299203],[14.293496113869542,40.833629329221296],[14.29355555563059,40.833596844748875],[14.294154866752303,40.833276399767655],[14.294210870427737,40.833239219714066],[14.295922816127176,40.83510274303913],[14.296039201710524,40.83502270852528],[14.296097177039291,40.834985990451244],[14.296184185773521,40.83493508223042],[14.296244195996834,40.83490312927191],[14.296327922122051,40.834861724299365],[14.296388068494888,40.83483029076904],[14.296567711554397,40.83473827287199],[14.296628474790062,40.8347069521625],[14.298231324551463,40.83384040479401],[14.298289736948878,40.833805432781745],[14.296975880854324,40.83236206951612],[14.296417103091041,40.831762251356864],[14.296432664397113,40.83164696024005],[14.297036139432098,40.831306618635445],[14.297091242153607,40.831268779176796],[14.297135262289205,40.83123218554267],[14.297187096347503,40.83119041642972],[14.297204462761309,40.83110426375956],[14.297254861185577,40.831059018078676],[14.297301438608635,40.83103104845459],[14.297356625214865,40.83099264593002],[14.297429874273094,40.83099309195763],[14.297689971876599,40.83113781463988],[14.297751415355425,40.83126542374979],[14.298197305624385,40.831818780246245],[14.29824724580535,40.83188075647553],[14.298888750754907,40.83257649448418],[14.299084729859764,40.83284805805199],[14.299271417044473,40.833008235892606],[14.29941750272852,40.83304888410532],[14.29989887679501,40.833051807906195],[14.300453167781503,40.83308698009072],[14.300578827218159,40.83307979022277],[14.30068339048162,40.83308837665744],[14.300724664128456,40.83314429150194],[14.300723910724107,40.83321585608768],[14.300666020745025,40.83325666343516],[14.300377072602963,40.833356890248204],[14.299929705216561,40.83356721559459],[14.299867985486522,40.83359875674372],[14.299655243979728,40.833714583119146],[14.299692139026394,40.833802029271816],[14.299701766870974,40.83388160895136],[14.299795781311273,40.83389808434614],[14.299926498488434,40.83384821706347],[14.300560348375507,40.833517765966924],[14.300615722431756,40.83348108718978],[14.300840134947357,40.83329410970063],[14.300890533224731,40.833252347461524],[14.301040134057734,40.833128938250965],[14.301096216914988,40.833092103247694],[14.301207370297115,40.83303118110703],[14.301259905794126,40.83300042080226],[14.301282034752456,40.8328899815598],[14.30133474556667,40.832849784403855],[14.30151272555336,40.832842910277726],[14.301837546450326,40.832805115417656],[14.302162949338204,40.83271166029024],[14.302520412282504,40.83255478023403],[14.30286792414913,40.832404576099094],[14.30290774721499,40.832368000894185],[14.302922940095344,40.83234344646498],[14.30264883605331,40.83209383877652],[14.302637890565176,40.83206459322186],[14.302733800800898,40.83200384019632],[14.30278821412585,40.831965952384515],[14.302819440566797,40.83198204611741],[14.30276444419772,40.83201975735427],[14.302675677061792,40.83207217936776],[14.302951220604955,40.83232588807663],[14.303105251458993,40.83224732704521],[14.303161312880638,40.83221002479406],[14.303227328465304,40.83215375187204],[14.303252744914193,40.83212583706694],[14.303278650296532,40.832108787822115],[14.303308071575005,40.83208957694357],[14.30315459594544,40.83195623932245],[14.303180923148702,40.83194049408094],[14.303331368828713,40.83206466055151],[14.30336807606019,40.832056930074955],[14.303474798456572,40.83215174952871],[14.303583857814893,40.8320804224909],[14.303640876495905,40.832047598934075],[14.303092995376522,40.831560210092924],[14.303042308231273,40.831597938877174],[14.302913922285422,40.83168250557012],[14.302883441467975,40.83165521119411],[14.303067472369571,40.831541946700604],[14.303122717698528,40.83150277438266],[14.303695524609859,40.8320134414773],[14.303790317021663,40.83195025341656],[14.30383724345234,40.83192492902756],[14.30375252677233,40.83182068755283],[14.303778937784967,40.831796990554466],[14.303886586063129,40.831901302803125],[14.304055505133205,40.83180621349582],[14.304114090381665,40.83177118109273],[14.304069570126735,40.83172418691507],[14.303596737441968,40.83120743167735],[14.302929309001769,40.8309847152851],[14.302845866865146,40.8309875803601],[14.302759765319482,40.831001872902256],[14.302436483616779,40.83110951042138],[14.302133962326291,40.83122200066897],[14.302131769818367,40.831194600559314],[14.30280926177359,40.83095615774307],[14.302898250259878,40.83095272012564],[14.303602302131251,40.831175657783916],[14.304120237879633,40.831683745103625],[14.304313082389738,40.831756478134956],[14.304558787671656,40.83177783992615],[14.305109542589578,40.8316499500195],[14.305643450800384,40.83149796127842],[14.306384523802963,40.831232831565146],[14.306522115168864,40.831129511935515],[14.306577285398083,40.831090631340516],[14.30660461071561,40.83107236709148],[14.306661943508288,40.83103620820635],[14.30684387589867,40.83092858393858],[14.30690211265807,40.83089196370099],[14.307211234356464,40.83068655183422],[14.307269070482985,40.830650218184765],[14.307469068945082,40.83053043834285],[14.307527803364321,40.83049573675976],[14.307726454562834,40.83038076046175],[14.307777458905628,40.83034037357021],[14.307868466506028,40.83024210513321],[14.307910931781583,40.83019655739332],[14.307967524245846,40.83013629438731],[14.308010261036717,40.830089978742166],[14.308035883021418,40.830061407923715],[14.308076846967502,40.83001494898417],[14.308111932603627,40.829974425885354],[14.308157761184884,40.829930299275006],[14.30819431990473,40.8298587121347],[14.308229484567725,40.82981809712719],[14.308275094254643,40.829773992276614],[14.308317198749283,40.82969888025057],[14.308346062892726,40.829617027413946],[14.30838381864141,40.82957453453509],[14.308399346666873,40.829524445264425],[14.308410325915325,40.82948590323027],[14.308418851750087,40.829460832892735],[14.308427546621866,40.82941056377229],[14.308338756840715,40.829289138129845],[14.308390508154345,40.829190898163056],[14.308448352557514,40.8291415318822],[14.30853196941338,40.829183090247604],[14.308618324705149,40.829249757277104],[14.308681025658023,40.82928206694109],[14.30886808988137,40.829407082245154],[14.308915124903432,40.829368536376585],[14.308970567257626,40.82932531352168],[14.308673775100875,40.82911323006287],[14.30865626371955,40.82906522359402],[14.308646218018911,40.828979604252424],[14.308687700135392,40.82892855223208],[14.30877791214058,40.82891312569335],[14.30887067321417,40.82894105369238],[14.309016728112963,40.82904001270626],[14.309121165001,40.82909994349782],[14.309245880703223,40.829133888659186],[14.309285231350254,40.82911184846957],[14.309359541412489,40.82907277825934],[14.309428753997746,40.82902888184454],[14.309532894646198,40.82893873250811],[14.309581677856825,40.82889572038374],[14.30966602915468,40.82882031003055],[14.309715898152218,40.828778027386534],[14.309765633103412,40.82873829242342],[14.309822262093242,40.82870105623722],[14.309925349222631,40.82864514544357],[14.309977802869986,40.82861198845166],[14.310037174559326,40.82856829653657],[14.310096651356368,40.82852400825055],[14.310146501615394,40.828486964169386],[14.310374128441081,40.828317842204676],[14.310431139916592,40.828280521449635],[14.310507366391091,40.828236625634105],[14.310575401200396,40.82819756795084],[14.310643059892152,40.82815924692164],[14.310697137519238,40.828128649785796],[14.310757829114339,40.828088963179944],[14.310815452250669,40.828046804661646],[14.310929109673461,40.827963282023106],[14.310988817898915,40.82792652161989],[14.311027105145282,40.827891577494846],[14.311078189900995,40.82785495408203],[14.311124198819403,40.82781494492814],[14.31115359778809,40.827785152932954],[14.311199007056569,40.82773950231954],[14.311257072948067,40.82768115486834],[14.311305347336681,40.8276377631009],[14.31137498515619,40.827517513173774],[14.311382548209894,40.82743613984409],[14.311362005126075,40.82738307101892],[14.311318563027683,40.82734006410844],[14.31126219636993,40.82730215353455],[14.311188856449208,40.82726502835911],[14.311096265561224,40.827255798753704],[14.311017799012301,40.82720090348182],[14.31095962596374,40.82714635239241],[14.31100594065157,40.827110702776594],[14.311048223489523,40.82708139635304],[14.311090429167548,40.827057288140395],[14.311144385811076,40.827024007233234],[14.311193945046531,40.82702099985217],[14.311249106996696,40.82698783790586],[14.311276116577531,40.826966700836195],[14.311329259657635,40.82692685379091],[14.311491296238213,40.826811715177726],[14.311556726002241,40.82676567664351],[14.3116232635353,40.82672076000096],[14.312298454866424,40.82628683746161],[14.312365032238258,40.82624414857556],[14.312431069642914,40.82620165924294],[14.312825583558453,40.82594768915123],[14.31288305340007,40.82591107258702],[14.312924042052494,40.825887353930376],[14.312964897959564,40.825855121064684],[14.312997389335042,40.82584461761726],[14.313039454745608,40.82584267487282],[14.313095875973618,40.82585639491823],[14.313140081647328,40.82586734714534],[14.313176174100382,40.82589346849837],[14.313216615868926,40.825938612811726],[14.313252744791647,40.82596127985092],[14.313318201766933,40.82600484743748],[14.313383516582746,40.826062229266405],[14.313448689427045,40.82613342712912],[14.313535306837826,40.8261951888618],[14.313607551475226,40.8261550986174],[14.31339241978668,40.82593419774348],[14.313309094354125,40.82578866150822],[14.313316026531142,40.82574881689592],[14.313352337208645,40.82570833922016],[14.313447842713053,40.82570085000417],[14.313606300242581,40.825758197894835],[14.31373236787837,40.825871758452024],[14.313880223088606,40.825929042897975],[14.314251066709936,40.82595542339847],[14.31447421973899,40.8259084027644],[14.314559455196934,40.8258686201887],[14.314739782948035,40.82586163350779],[14.314930795057704,40.825846653523946],[14.315463329472202,40.825616137822266],[14.315729389006147,40.82552102223488],[14.315945454976127,40.82543052635968],[14.316396800852742,40.82510660354792],[14.316438065789962,40.82506626058889],[14.316462614143461,40.82503573173906],[14.31650131834625,40.82498841013522],[14.31656954518235,40.824908891104776],[14.316611451513568,40.82486153941796],[14.316658488728425,40.82481000463154],[14.316704141092735,40.824757486794894],[14.31674788691998,40.82469855247893],[14.31679291849811,40.82464799261479],[14.31680340431706,40.82455399336301],[14.31683220037014,40.824457636287214],[14.316888596273778,40.82442554452287],[14.316944745098937,40.82438841534045],[14.317043442974036,40.82435764543148],[14.31709831145086,40.824358392813664],[14.31714846422806,40.82432932544905],[14.317186644233734,40.82431990383408],[14.317224874097514,40.82430565976482],[14.317282137377628,40.82429826490946],[14.31734271267785,40.824265355852134],[14.317393724692645,40.82425434173697],[14.317495581277493,40.82419366375256],[14.317544246197093,40.82415280190885],[14.317575386469127,40.824115685930366],[14.317622844908767,40.8240733754426],[14.318132414953544,40.8237267106941],[14.318186479183808,40.8236866838334],[14.318310118577223,40.82369947439085],[14.318399560981188,40.82367127569552],[14.318474071784829,40.82361341766558],[14.318526337268965,40.82357254020899],[14.318413251943113,40.82348705805415],[14.318458261815437,40.82343153348564],[14.318503734286201,40.82338707994853],[14.318518840054475,40.82328480132066],[14.318530763924283,40.8232302328508],[14.31831673598696,40.82302593211685],[14.318332593308893,40.82296909855975],[14.318709864636677,40.82259465165553],[14.318757918481369,40.82255186575276],[14.318983596003536,40.822162965547406],[14.319382523031603,40.82193657485845],[14.319438972357299,40.821901005208616],[14.31953049460282,40.82183703384074],[14.319581856903266,40.8217956467188],[14.319608327626307,40.82177100804463],[14.319657172970533,40.82172817527834],[14.319745006877001,40.821384124965796],[14.319907926301505,40.82146116770963],[14.321057690558689,40.82197318854211],[14.321105870701382,40.821997757065525],[14.321205651622746,40.82205171801419],[14.321576949710757,40.821811543162596],[14.32163233913153,40.82183945564672],[14.322010399826391,40.82210098957708],[14.322377989021982,40.82235913184079],[14.322603527933541,40.822499833497666],[14.322303182986884,40.82264759718081],[14.322512949850445,40.82276148263335],[14.322748904465092,40.82288960853885],[14.322798110103351,40.82291620493959],[14.323165798091342,40.823115414462336],[14.32311194969575,40.82313436694924],[14.322536187716498,40.82333847756498],[14.322274557915215,40.82342660032482],[14.321538222939909,40.823803122029844],[14.3214798239939,40.82383467400098],[14.321370708351292,40.82392647924178],[14.321316104528137,40.82397190545047],[14.321251896129256,40.824023643964594],[14.321159149087357,40.82409872619667],[14.321107181083166,40.824140415741205],[14.321020359479215,40.82430438994693],[14.320983736040327,40.8242162677375],[14.320593893795545,40.82436006852101],[14.3199212589291,40.82454362398486],[14.319276353131979,40.82476019342397],[14.31896087392981,40.824892928459846],[14.318991516869914,40.82502490264433],[14.318653912928355,40.82513198071718],[14.318460354243658,40.825220963952304],[14.318291616842021,40.82524400933992],[14.317905067564354,40.82530380246866],[14.317489476187776,40.82550213955759],[14.317545719179543,40.82564055448688],[14.317681729834126,40.82573034075356],[14.31754893352236,40.82574330781518],[14.31734763677824,40.825798345956905],[14.31726157396466,40.825726100191076],[14.317132043444047,40.82567491981229],[14.317056931456538,40.825739370597994],[14.316760563309604,40.82598555106651],[14.316553696534234,40.826158992651294],[14.316504318521662,40.82616889737134],[14.316401775769403,40.826204126310245],[14.316230507950984,40.82638354400448],[14.316167995339057,40.826542692091024],[14.31612589265305,40.82656839899815],[14.316191610219569,40.8266088405639],[14.315992662174338,40.82679819333862],[14.316047159525175,40.82682229559212],[14.31617618932282,40.82698936639013],[14.316348779523251,40.82708762535696],[14.315890468291629,40.827314863179296],[14.31557786436339,40.82766605777418],[14.315539765658881,40.827716481417696],[14.315625795905932,40.82777888082719],[14.315780151923793,40.82789328806527],[14.316291311997503,40.827941685454796],[14.316420734147423,40.827954306130955],[14.316586198716113,40.82796856769897],[14.316860137703731,40.82795113019919],[14.317172516146773,40.82793043077941],[14.31743240909735,40.827913751864024],[14.317559322459356,40.82790558884986],[14.318638445650253,40.82779268132489],[14.31959904843629,40.827771198284765],[14.319835202726976,40.827766071167815],[14.32005340815212,40.82775974708027],[14.320119060027706,40.82776022655357],[14.320264572533235,40.82775799666037],[14.32032097126446,40.82772177344194],[14.320932428549762,40.82740300755743],[14.32108740236689,40.827384773961036],[14.321763414185055,40.827306049095],[14.3219672536395,40.82729211862968],[14.322973955346315,40.827214030792625],[14.323180042939226,40.82720449467598],[14.323421725089169,40.82719331105004],[14.323702192311174,40.82718033204005],[14.324159929693895,40.82715914723165],[14.325127231803076,40.82765484588123],[14.325222926355249,40.82770412174656],[14.32538819556656,40.82780451258779],[14.325563328383609,40.82791153270165],[14.325656685610532,40.827969336765015],[14.325902082646717,40.828118336478965],[14.325990780588882,40.82817301411247],[14.326056129917996,40.8282145913892],[14.326051150986784,40.8282423769345],[14.326038826182444,40.828297814533],[14.326025998230127,40.82835266863307],[14.326014658758682,40.82840444866612],[14.32596909479071,40.82865708054466],[14.325925720522768,40.828828321579884],[14.325853613326487,40.828978776442426],[14.325837216607784,40.82901314590543],[14.325820826974866,40.829059450119395],[14.325788668719937,40.82910037502573],[14.325753028468762,40.82916954552386],[14.325658177901829,40.829346703226236],[14.325383202954908,40.82953721495976],[14.325327871808675,40.82957539617145],[14.325253507453777,40.829627029123166],[14.325193727886967,40.82966735181067],[14.325120274833626,40.829713253590334],[14.32507760303763,40.829742039383305],[14.324696249520283,40.83047885049542],[14.324713711015146,40.831144249855676],[14.324364372403524,40.831810176920136],[14.32431487841965,40.831868845389295],[14.324273829189904,40.83191749263026],[14.324230503732664,40.831969902168446],[14.324193205926898,40.832017353929665],[14.324152260812257,40.83206394726102],[14.323928875731868,40.83232946643896],[14.323887355536446,40.832381099986264],[14.323843652867547,40.8324330550944],[14.323744762331742,40.83254962003567],[14.323701903141332,40.832595514046986],[14.324514626276056,40.83304404707946],[14.324557141085606,40.832997351248935],[14.324926796240739,40.8325725230169],[14.324967248334888,40.83252580098597],[14.325154615119658,40.83230938951246],[14.32524521633951,40.83236203131955],[14.326757326271254,40.833237508731976],[14.327007282101023,40.8333832804619],[14.327172036265662,40.83347918907473],[14.328383316579513,40.83393161203765],[14.328442788555746,40.83395397161222],[14.328566940867729,40.83400077124029],[14.32820867742748,40.834406547392696],[14.328167281265483,40.834453526746735],[14.32809983867668,40.83452951689197],[14.328058906056746,40.8345762775764],[14.3279956363799,40.83465022520042],[14.327950046842682,40.8346945403004],[14.329169257239423,40.83518723053599],[14.329417256731526,40.835290179871215],[14.329850348431512,40.83546922551132],[14.329990506769263,40.83552729801162],[14.33022982854026,40.83562496502692],[14.330364678719192,40.83562980164147],[14.330471802859691,40.835631339543745],[14.330544971031454,40.83568971208757],[14.330507013684711,40.835738082311096],[14.33059876922193,40.83577552706293],[14.330293969776472,40.83614814507604],[14.330376875163097,40.83620786259023],[14.330366163115913,40.8362343654724],[14.330222994703501,40.8364204711606],[14.33014225383557,40.83653730429772],[14.330027074632,40.83670192667194],[14.329935399634207,40.836839454279335],[14.329810216019334,40.837025208722494],[14.329865997299605,40.83704300301144],[14.330432578635905,40.83723084450602],[14.330561150163003,40.83727440580916],[14.330663138073515,40.837306305907155],[14.330926783899274,40.837394802807765],[14.334459290375552,40.838556124514476],[14.334490634324132,40.838566424153605],[14.334604216732831,40.83860393821736],[14.335321687982239,40.83883623731238],[14.33619075788948,40.83915394216905],[14.337987475217396,40.839810901172214],[14.338070969953154,40.83984158207175],[14.339241194958607,40.84027066792868],[14.339272458081316,40.8402824185369],[14.339758394263422,40.840457920360144],[14.33987292838974,40.840499272325104],[14.340320564715471,40.84066589032299],[14.340793309501217,40.8408690094349],[14.340920615142261,40.84088713155743],[14.340997288559386,40.84089774911972],[14.34132902615655,40.84094316392568],[14.341385842985794,40.840949534745356],[14.34132475046461,40.841071958707694],[14.341199562953198,40.841324709989784],[14.341161215112045,40.841401105073274],[14.341066415126063,40.84159188776717],[14.340581285544731,40.8425582573445],[14.340441790294383,40.842834424988524],[14.340384750837783,40.84294961201535],[14.340245471602401,40.84324818553245],[14.34021158900621,40.843295396550936],[14.340198317454693,40.84332287620302],[14.339700894265983,40.84430169595482],[14.339675844965365,40.844364441666904],[14.339123823574786,40.84547039898122],[14.339440904818952,40.845570109225754],[14.339757448075167,40.84566855884741],[14.339938971801926,40.84572518272861],[14.340026920389763,40.845752572735044],[14.341296740283337,40.84617075950456],[14.341378278453824,40.846197264055704],[14.342635545206312,40.84660818165012],[14.342947882234595,40.84669431093999],[14.343336217038999,40.846726616593116],[14.343623044636514,40.84672574198484],[14.344179801208488,40.84672404020947],[14.345023876656995,40.84665278115172],[14.345460589801956,40.84663482311737],[14.346251940833833,40.846716544753],[14.347029671630436,40.847281816138526],[14.349377195763573,40.848084509385814],[14.348204646951082,40.84863161162823],[14.347990011023384,40.848725000474325],[14.347925779307445,40.84876160787163],[14.347552418989919,40.84893322855643],[14.347487579581072,40.84896653923131],[14.348469610783454,40.849458515308065],[14.348986405364444,40.84971609740197],[14.349467829458073,40.850024512506415],[14.349752562292135,40.85020712110297],[14.349383767345325,40.850905318022654],[14.349356623224018,40.850951819490895],[14.34917670162337,40.85127547405557],[14.348823554759345,40.85192933834434],[14.349033400822229,40.852140313901245],[14.349092314151667,40.85220041726383],[14.349517113648664,40.85244624803139],[14.349300893004097,40.85300019821838],[14.348769940531461,40.85325556984349],[14.34873904401761,40.85327017590971],[14.348295190838483,40.85387673559733],[14.3482587265735,40.853924705529586],[14.348212278478998,40.85398671050175],[14.348176701100329,40.85403484353453],[14.348130516965487,40.85409338993013],[14.348096815861929,40.85414172198674],[14.348044849910314,40.85421227593926],[14.34800805088097,40.85426024515716],[14.346905379950943,40.855648092279466],[14.346865101265378,40.855693512167704],[14.346973672996077,40.85572497763492],[14.347624283347614,40.85590819221641],[14.347939680667851,40.855997195121525],[14.348054581847245,40.856029825503995],[14.348112211463816,40.85604551518493],[14.349222647219488,40.856355629262474],[14.349720390395035,40.85649733408764],[14.349786568318317,40.85651644339875],[14.349886022706647,40.85654381522238],[14.350166491562517,40.8566258739602],[14.350457326147307,40.85670580949253],[14.350887161529075,40.856825352237294],[14.350966251424438,40.85684456327873],[14.351181240166106,40.85689719901611],[14.351249995630106,40.8569170004991],[14.352387393938166,40.85719767177277],[14.353550808237186,40.85749364075742],[14.353706635982485,40.85755113470061],[14.353609083901613,40.857669365325776],[14.353570485397139,40.85771692850633],[14.353187922555705,40.85817964430849],[14.353148788652634,40.858226986497904],[14.352592154039533,40.85890019189642],[14.352553214243871,40.85894812714742],[14.352496079333743,40.859013386035606],[14.352460814907081,40.85905871676303],[14.352422595620192,40.85910507716459],[14.352383669735213,40.85915158657227],[14.352364787303731,40.859174570731476],[14.352344755951805,40.85919867248316],[14.35232959211838,40.859222876321816],[14.35229791308037,40.859271186630046],[14.352165187672442,40.85954322615614],[14.352037627529286,40.8597921427945],[14.351358677545122,40.861120217420996],[14.351343364089002,40.86115244868899],[14.350977473503633,40.86197521381286],[14.350939301160297,40.86206241184203],[14.350724290318409,40.862545156844206],[14.35056980134035,40.86276562636723],[14.350452304305692,40.86293319666311],[14.34978708225835,40.86388516895475],[14.349756827080425,40.863929583497395],[14.34972376197134,40.863966379126914],[14.349210675815828,40.864551138385394],[14.349171334535123,40.864596149124885],[14.348881746413554,40.86491045465361],[14.348838543410062,40.86495649294346],[14.348105671387243,40.865690051445235],[14.34805890866459,40.86573481273376],[14.347701489423898,40.866035301942645],[14.347650817476412,40.866077902308426],[14.347360602695797,40.86632214292224],[14.347310795832085,40.866364064624314],[14.3472596640177,40.86640699770144],[14.34720899441954,40.866449442922175],[14.347082420021575,40.866554853532406],[14.347031592605058,40.866597359131426],[14.347003652518094,40.86662111376699],[14.3469564115331,40.86666130092979],[14.346916373727533,40.866695666893726],[14.346865444661887,40.86673829688485],[14.346840718172805,40.86675925706158],[14.346793682087503,40.86680217778765],[14.346755131777025,40.86684554756823],[14.346632594450753,40.86698745373692],[14.34659162798275,40.86703501045373],[14.346498654563524,40.867142157060464],[14.346457683180143,40.86718940516444],[14.346425323837591,40.86722659651477],[14.346228809025456,40.867114296258485],[14.34566446616314,40.867655014445646],[14.345455554671316,40.867917566177006],[14.345295560209111,40.868023978986365],[14.345047526205233,40.86828518377219],[14.344898104342008,40.868413409145425],[14.345041585199432,40.86847617346793],[14.34499346996774,40.86852006462627],[14.344966563190694,40.868544268619715],[14.34491806341017,40.86858827484918],[14.344417049463607,40.86904026449318],[14.344368286714543,40.86908425391057],[14.344300589077015,40.86914529040258],[14.344253389833128,40.86918965456051],[14.344200298060205,40.86924662995007],[14.344152606444545,40.869298773764406],[14.344098332378563,40.86935663500468],[14.343760459856771,40.86971730351883],[14.343717423985563,40.869763376317216],[14.343373185829634,40.87013167769709],[14.343330226571851,40.87017776570385],[14.342520884639505,40.87105324028945],[14.342475541261141,40.87109860327918],[14.342109620562633,40.87115660820621],[14.341881020879311,40.87119374211704],[14.34126054726695,40.87110041196735],[14.341261025006698,40.8710504799963],[14.340929570465853,40.87098461601011],[14.340656908200051,40.870940532948254],[14.34044493338784,40.870969290917415],[14.340292589880443,40.871043764313455],[14.340222821957646,40.87115293181368],[14.340177180567803,40.87116132419601],[14.340125168982663,40.871202447673625],[14.339818579348071,40.8714290761312],[14.339790118388153,40.87145089694209],[14.339765105062726,40.871469464311524],[14.339733042094831,40.871493521190445],[14.339668474424903,40.87154189400549],[14.339613065286064,40.87158375027854],[14.339398639988946,40.87174440241576],[14.339345400105023,40.8717842762676],[14.339316966476844,40.871805748187576],[14.339265694799538,40.87184711782706],[14.338628456826854,40.872472965625114],[14.33858214771734,40.872518030744246],[14.337994876345899,40.87307458655889],[14.337951051804147,40.87312021943162],[14.337870878547443,40.873222151307395],[14.33783271645748,40.87327640441102],[14.337782530042992,40.87334159401734],[14.337625432765217,40.87354948670587],[14.337587444941844,40.87359741166696],[14.337349504660175,40.87391606517416],[14.337309262732452,40.873962764940096],[14.337242149077063,40.87412966147081],[14.337119465296814,40.87442879715646],[14.337102076124772,40.87447120163954],[14.337041916771232,40.8744697521319],[14.336941292821146,40.87446588598542],[14.336577189715902,40.8744514101226],[14.33636664411476,40.87444314322459],[14.335345804369563,40.87440047664596],[14.33499475657618,40.8742259968978],[14.334650474010857,40.874054632318455],[14.334568549981784,40.874064276899425],[14.33452560605029,40.87406931983582],[14.334474928407365,40.874075768494706],[14.334334323224184,40.87409178802573],[14.33429590527251,40.874098069509444],[14.333834027903846,40.87415150318888],[14.333340621349947,40.87420858029595],[14.33324532232029,40.87426917537318],[14.333187837353774,40.8743057276882],[14.332993528110286,40.874429328608954],[14.332939458397298,40.87446807307684],[14.332805013141577,40.87460635340609],[14.332760804411746,40.87465182301333],[14.33208406311947,40.875346243969304],[14.332038856557475,40.87539203055805],[14.331488217696613,40.87592905805539],[14.331442191871657,40.875973944303254],[14.331004955388751,40.8764006288513],[14.330956148455355,40.87644433211242],[14.330586776958935,40.876701824784824],[14.33053128421636,40.8767405089772],[14.329793134964088,40.877254232315636],[14.329736863196324,40.87729253270547],[14.329409567162013,40.87750117607729],[14.32935239389541,40.87753762296204],[14.328910668738049,40.87781898510794],[14.328854293805874,40.87785648680464],[14.328784391399077,40.877909417715856],[14.328731048110877,40.87794981104152],[14.328616156530664,40.87803674229365],[14.32856854374696,40.878071744724274],[14.328532365822968,40.878098747688256],[14.328310189337671,40.87826276019014],[14.328261416910282,40.87830554425828],[14.328175029062685,40.87841750582703],[14.328139248336399,40.878463626699855],[14.328109874518256,40.878503207275934],[14.328039761604098,40.878596590946856],[14.328003244098515,40.87864555839911],[14.327816097169313,40.87889542143071],[14.32777822017318,40.87894316618958],[14.327401472785041,40.87934406193765],[14.327353756490748,40.879386809319925],[14.327229110921158,40.87945323875307],[14.327169064661069,40.87948585371564],[14.325783482308736,40.88028512546063],[14.325721335421177,40.88032329268149],[14.325648934260402,40.880368618422914],[14.32540188567879,40.88016398639354],[14.324990481202336,40.87980941941915],[14.32448399347557,40.87936472218812],[14.32409546442592,40.879027100271365],[14.323471477126086,40.87856421512435],[14.322965767486288,40.878903560726265],[14.322910518018613,40.878942280465914],[14.322279833041401,40.87944549366272],[14.322229041110296,40.8794878267115],[14.321833475274149,40.87986412264534],[14.321784969078438,40.87990829435213],[14.321703077785529,40.879973839625],[14.321651012553794,40.8800157172837],[14.320888183226293,40.88062775651633],[14.3208362844258,40.88066940014704],[14.320532672701715,40.88091251126166],[14.320480701376079,40.88095433544865],[14.320162459283814,40.88068106070263],[14.319995518626595,40.87987304445477],[14.31948130187182,40.87985675518249],[14.319498493244872,40.87970168441849],[14.319503852873334,40.879579220070745],[14.319251632766896,40.87954178054541],[14.319218560215088,40.87953701807518],[14.319167790739439,40.87952970431077],[14.318772853960848,40.87947308640137],[14.317837280334281,40.879338928495855],[14.317790858936943,40.87933230164886],[14.317670093529333,40.88058477056939],[14.318794746686477,40.88101441166803],[14.318444848112406,40.881685193294835],[14.318422479744203,40.881722895432176],[14.318148476275775,40.88157095698328],[14.317971464604344,40.881457602669336],[14.317780433375273,40.881331397428035],[14.317582888771865,40.88121178781002],[14.317238117645974,40.88100363005],[14.317074909105548,40.880904878871966],[14.316773964218367,40.88072523298],[14.316617041246223,40.880629436079396],[14.316414607193831,40.88050777628119],[14.315894089807394,40.88014920868734],[14.315559670443438,40.87989477235572],[14.315082291454596,40.87952503049614],[14.314931226610788,40.87939510969867],[14.314400245230997,40.87894436111499],[14.313560930568018,40.87848798445925],[14.312986094712954,40.87809630811109],[14.312748635099915,40.87793583132729],[14.312423833880516,40.8777459796801],[14.312362513749632,40.877710588595015],[14.312147873895295,40.87758996280945],[14.311838152881133,40.877428238307104],[14.311309509514162,40.877151534549775],[14.311071430947756,40.877034026446886],[14.310994642238974,40.877153338555374],[14.310006153135344,40.87671508071249],[14.31011020370119,40.876522895402516],[14.309799440338168,40.87633899244477],[14.309429422064797,40.87609167814712],[14.309221087037129,40.87595156420746],[14.308995179274941,40.87587422603734],[14.308733316431683,40.875785020205406],[14.308442526812025,40.87568706206615],[14.307804647574214,40.875471428132194],[14.307762321555195,40.87550846567913],[14.307719790887242,40.87554442960898],[14.307505331447134,40.87572488335337],[14.307454157723441,40.87576752825017],[14.307301448818837,40.87568940070966],[14.306587166803016,40.87532489644167],[14.306488837656262,40.87527403397432],[14.306450787338667,40.875314055390184],[14.306180766432428,40.87563711450719],[14.306138270068653,40.87568367987508],[14.306208253511171,40.87602966937291],[14.306223014061116,40.876109900888224],[14.306233162259376,40.87616609683317],[14.306312690782846,40.87662264420991],[14.306322675930577,40.87667964532185],[14.306332957917194,40.87673703516613],[14.306421953529233,40.87703032403233],[14.306480150703347,40.8772640635979],[14.30649054998975,40.87730675620892],[14.306618794845829,40.87783221076503],[14.306784279792186,40.878375099563065],[14.30740961128048,40.87947821401246],[14.308492080264081,40.88029104764886],[14.308712890284482,40.88035473045299],[14.308791514966227,40.88045173355938],[14.308945118746085,40.880551356977605],[14.309043994464627,40.8806573174539],[14.309624539116502,40.880821075484484],[14.310508952813326,40.881142303713396],[14.310964065974,40.88127867812352],[14.310930585191558,40.881342057739666],[14.310838909173292,40.881518074951],[14.310612225734973,40.881750458728],[14.31056561879945,40.881797777336104],[14.310513727760032,40.881847232322734],[14.310399533128969,40.88188526303796],[14.31033772501458,40.881915431656395],[14.30992795361674,40.88207032093038],[14.309377833375873,40.882392555919566],[14.309320929951305,40.88242896434122],[14.309160805767215,40.88286849519325],[14.309227382639227,40.88332006154643],[14.3094106056921,40.88364312764963],[14.309426402652747,40.883670982498124],[14.309051827887059,40.8837501889839],[14.308773846109723,40.88376412563183],[14.308687705660457,40.88376810364897],[14.30859306515536,40.883772472150774],[14.307997506680023,40.883775216272795],[14.307675945396687,40.883957051310716],[14.307617653601822,40.88399305214036],[14.307512136626187,40.884150740155846],[14.307475909052453,40.88419912525492],[14.307216108503946,40.88450302918822],[14.307170594121148,40.88454730620014],[14.306657340945202,40.88484115176329],[14.306601287840286,40.884878238076766],[14.306553074237593,40.88492707781768],[14.30650797016398,40.88497276890264],[14.306334648006004,40.8851482888438],[14.30628736594634,40.8851932871824],[14.306002635195174,40.885192924100146],[14.305552497323701,40.88517768021963],[14.304969526081889,40.88544700662912],[14.304932236926415,40.88547846408998],[14.304881705028473,40.88552163203507],[14.304539796480698,40.88581412148681],[14.304491881035347,40.885858238129394],[14.304176722857655,40.88622343432018],[14.304135982824464,40.886270738215096],[14.304076203549112,40.88634053700599],[14.304036586593753,40.88638816449189],[14.30374153799895,40.88676918107882],[14.303671297589961,40.886860111121095],[14.303615515925193,40.88689381372066],[14.303453027586935,40.88698978452499],[14.303394965206216,40.88702607428925],[14.303106989286357,40.88720049894911],[14.30304948551815,40.88723772519342],[14.302120913805322,40.887456099436065],[14.301619940858036,40.88754777136804],[14.301561903122217,40.88755839094786],[14.301607547291932,40.88778585602064],[14.301628474165378,40.88852223246298],[14.30163079551121,40.8885950443534],[14.301633564406503,40.88867593731207],[14.301664736349316,40.889093130161875],[14.301836765417292,40.889769419180844],[14.301877954626704,40.890325690396665],[14.301827478680838,40.89043604754943],[14.301733764246634,40.89063442778895],[14.301720961866039,40.89066152788447],[14.301350185417862,40.8908091610567],[14.300530330640564,40.89094148111415],[14.299864234301344,40.891026199349405],[14.29900957549049,40.89125451591926],[14.29877612895353,40.8914717345305],[14.298713773671128,40.891528321464676],[14.29866209149816,40.89157811009252],[14.298391659689905,40.891882846680375],[14.298345082240019,40.89192679568942],[14.297759671627063,40.89225592689129],[14.297702122345457,40.89229168067326],[14.297439455671828,40.892325654498116],[14.297215560718318,40.892354612528344],[14.296730441235393,40.892151924610744],[14.296205579887449,40.89231017514505],[14.295712720881367,40.892648061920035],[14.29565648254828,40.89268623732628],[14.295585945211702,40.89273284783522],[14.295529141760401,40.892770382087775],[14.295103267523217,40.89305037584392],[14.295046797415948,40.8930889550583],[14.294725632950039,40.89333516941394],[14.294672228673296,40.89337638289561],[14.294524588099938,40.89349251846686],[14.294471696344456,40.89353429885353],[14.294335182084092,40.893585253211896],[14.29413898327727,40.89365125923161],[14.294067071964392,40.89368346891842],[14.29399243050418,40.893663970919995],[14.293903906619715,40.89364095167059],[14.293690422665893,40.89357648665521],[14.293639545666808,40.89360223338264],[14.293230305678442,40.89380557458722],[14.292920565330139,40.89413823437728],[14.29287468135788,40.89418399220988],[14.292669896893896,40.894495007961055],[14.292562527479838,40.89466449895305],[14.292440596773085,40.89486933915593],[14.292408559650266,40.89491883319562],[14.292385942353135,40.89495242313868],[14.292353581165202,40.89500212383922],[14.292321567369589,40.89504575048868],[14.292305491383145,40.89507226650701],[14.292288609469672,40.895096343811396],[14.29227104136177,40.895122598083674],[14.292161969879903,40.89528805092433],[14.292130628092115,40.89533251808128],[14.292105607377472,40.89536856472876],[14.2920408665158,40.89546118313383],[14.292005038665074,40.89550961450448],[14.291923427118597,40.895621587568854],[14.291891206170266,40.89566559815893],[14.291859070020944,40.8957075674805],[14.291826879188054,40.895753945332864],[14.291791390831492,40.89580383749606],[14.291670995225681,40.89597164036209],[14.291633997998298,40.89601999488864],[14.291282498188679,40.89649446456257],[14.291087188169051,40.89683386907205],[14.290943975083326,40.897081712541116],[14.290699762398928,40.89756109911449],[14.290628344640323,40.897699434623604],[14.290517149206986,40.897951659234536],[14.29032415889211,40.89838361468696],[14.290242222982696,40.89857345602656],[14.290142262481083,40.89867588803002],[14.290097261135182,40.89872200124479],[14.289938378891486,40.898885296872386],[14.289889746214406,40.898935252034434],[14.289830911347075,40.89899115562782],[14.289546932119592,40.89919346971714],[14.289491836574843,40.89923270871756],[14.289372374456095,40.89931787727896],[14.289317950750851,40.89935733017715],[14.289128371673037,40.89923138475366],[14.288954586275986,40.899136058992234],[14.288681140067544,40.898986372310496],[14.288593590440357,40.89894059347381],[14.28835616057154,40.89881698767825],[14.28814881643527,40.898709261933575],[14.28810022762737,40.898662252043984],[14.288067462984271,40.898631298635344],[14.287946411303835,40.89851593405745],[14.287820845894672,40.89839573165284],[14.287647887228239,40.897899523608665],[14.287368293691161,40.89730018655155],[14.286883490759445,40.89700731686526],[14.286806334044599,40.89674819113108],[14.28649832211798,40.89681605361078],[14.286475889301876,40.89673266353898],[14.286287054810867,40.8968870451657],[14.286157749395693,40.8968657558661],[14.286077924757226,40.89691481321532],[14.28599906150217,40.89697592984631],[14.285513843768708,40.89729174092012],[14.28527306264849,40.89745756800758],[14.284995990899874,40.89764838712448],[14.284403844209209,40.898023573410335],[14.284380604314546,40.89808213214714],[14.284524048419016,40.89823462873761],[14.284235258591952,40.89833547546509],[14.283822497880545,40.89809785905071],[14.283676944356662,40.897973932912194],[14.283528864170679,40.897845768846636],[14.283436165340465,40.89776004789603],[14.283298275205127,40.89763178898999],[14.28300043106074,40.897356882915936],[14.282933041168755,40.89728845669511],[14.282546695008918,40.896898121738886],[14.282517367769287,40.89686807833948],[14.282429502661946,40.896778054373556],[14.28238802653627,40.89673680214353],[14.282255024269139,40.8965903682654],[14.282095937458404,40.89641660110223],[14.282004310596282,40.89631520421196],[14.281880934177737,40.896179429277694],[14.281813436475948,40.896105990878674],[14.281679472088886,40.89596574227483],[14.281615861945419,40.89590094988301],[14.281279396456444,40.8955519270837],[14.28125034704943,40.89552206414456],[14.281173203969582,40.89544217113579],[14.281050537557723,40.89531726339434],[14.280779575493387,40.89493357497673],[14.280494023202934,40.894528126776855],[14.280371932101007,40.89435810876379],[14.27983456491769,40.89349599676228],[14.279725641538748,40.89329848622026],[14.279357036435533,40.892640145269255],[14.279269452765233,40.89240531520487],[14.279141682763175,40.892062736114084],[14.279114715879452,40.891991974797904],[14.278964399458781,40.89158924917008],[14.278907388011522,40.89143639976204],[14.27885895731355,40.89135262221186],[14.278714825721188,40.89110333654516],[14.278660409822471,40.891011082762795],[14.278574256056196,40.89086157390152],[14.27836083034814,40.89048960980887],[14.27832485349362,40.89049533301184],[14.278038859660262,40.890539959709265],[14.277622402886333,40.89072300132617],[14.27755562450167,40.89075475087638],[14.277480672784547,40.890793075770205],[14.277434446672029,40.89081391049242],[14.27737287383241,40.890846433898886],[14.277109374920698,40.890979476573015],[14.277049623872777,40.89101299566961],[14.27637376667871,40.89122299055462],[14.27623175143556,40.89113609859113],[14.275991920873238,40.89098049355469],[14.27542612425001,40.8906958573811],[14.274880590241677,40.89074193581801],[14.274843166700935,40.89074509632422],[14.274802989031933,40.89085048191858],[14.274763672723402,40.89096371997524],[14.274718063042362,40.89100979570349],[14.27463023628032,40.8912162306345],[14.274601697812262,40.89126033498994],[14.273960891023842,40.89126272264143],[14.272818005818863,40.891346707138865],[14.271618742234276,40.89144662664564],[14.270724272783111,40.89155118548888],[14.270668483423451,40.891557699948585],[14.270682061918487,40.89167862111655],[14.270700554115805,40.8918469138979],[14.270722876161376,40.892054861114126],[14.270738839093193,40.89219077274435],[14.270743443996126,40.892229478763646],[14.270788550934917,40.8926145348444],[14.270760000246788,40.89289201425468],[14.270755199131436,40.892935858989915],[14.270746921794927,40.893017074938165],[14.270638016788936,40.89343793300385],[14.27060234963131,40.893592550235574],[14.270509883648261,40.89371116307422],[14.270470995897172,40.893759918105175],[14.270374877242592,40.8938849507836],[14.270335946623042,40.89393324408385],[14.270211162485262,40.89407454326333],[14.270167010069564,40.89412109064787],[14.27010799461312,40.894184297545564],[14.270064825694648,40.89423112933265],[14.269875640986493,40.89443587907616],[14.269832907273607,40.894482801574384],[14.26967851941175,40.89465718220617],[14.269630495713393,40.89470849558399],[14.269574792943198,40.89477123983067],[14.269300769107787,40.89508285443426],[14.269262522943494,40.89512664606277],[14.269231515534615,40.895163016196115],[14.269203246929296,40.89519441274809],[14.269160837759076,40.8952419215363],[14.268958320197637,40.89547382411214],[14.268916659521368,40.89552163343264],[14.268840796281143,40.89560811446156],[14.26880039614879,40.89565572374533],[14.268650076594383,40.89585044972051],[14.268571986086501,40.89596416572277],[14.268535989593463,40.89601299654952],[14.268483087574957,40.896082560469345],[14.268452232020795,40.896124428754014],[14.26842560501611,40.896161361464365],[14.268384733443595,40.89620879414163],[14.268190917758085,40.89656878428957],[14.268828386550087,40.896859184384404],[14.269075773707266,40.89702340169344],[14.269453528379008,40.89733469538248],[14.269711743283953,40.897723496155294],[14.269966532198307,40.89815746354483],[14.270012405315697,40.89831427164805],[14.270127141005364,40.89871728783986],[14.270134064611332,40.89888352065975],[14.270146237512868,40.89915754653918],[14.270143522743702,40.89942776308169],[14.270140346340776,40.89955394815796],[14.269981328775895,40.9000203784706],[14.269837626978441,40.90024303608243],[14.269727588536247,40.900405628208915],[14.269449845493298,40.90079196823245],[14.26936427813843,40.90114250166418],[14.269348754790457,40.90154834488567],[14.269295284955206,40.901951427101956],[14.269273025536782,40.90222367804518],[14.269269316461854,40.9022687033994],[14.269207062939936,40.902265213183085],[14.26895947900673,40.90224803541995],[14.267994001258554,40.90218650443114],[14.267931017544079,40.902180665683915],[14.267645485354267,40.90205845460339],[14.26724555154407,40.90188536983327],[14.267062769891373,40.901740533451594],[14.266682278242227,40.90143659582145],[14.265695764456058,40.901377539062224],[14.265432230758787,40.901361666376914],[14.265266724658776,40.901352735228976],[14.264738100737427,40.90104147334317],[14.26451214866086,40.90091511147341],[14.264473283936544,40.90094976939088],[14.264424577606054,40.900995838913445],[14.26437634727468,40.90104253844147],[14.264324757566312,40.90109227987697],[14.264276575773723,40.90113693527105],[14.264193650846204,40.90126620991277],[14.264174091494224,40.90129691943594],[14.264128736441412,40.90136634037294],[14.264076047131303,40.90145587741574],[14.263833615660667,40.90177265613893],[14.263794703675897,40.90182066919614],[14.26372002354305,40.90191228757563],[14.263680283233926,40.90196036101611],[14.263309148237813,40.902390054793685],[14.263271064098495,40.90243735547301],[14.263228382537562,40.902482036914364],[14.263012884964859,40.90269597388035],[14.262966803686368,40.902741776832094],[14.262796262053381,40.902910474226175],[14.262752564060694,40.902957318609936],[14.262531370506707,40.90324498497208],[14.26251421205229,40.90326856565225],[14.262355681971613,40.903574923607664],[14.262346047556889,40.9036095505272],[14.262291100031012,40.90380969164172],[14.262158758650891,40.90400655162197],[14.262064403760919,40.904133148169485],[14.261948107253305,40.90409975663933],[14.26191554934888,40.90416413204977],[14.261754432410315,40.90428584150707],[14.261749490262524,40.90431846300388],[14.261803398987594,40.90437310229841],[14.261707762040851,40.90445487383517],[14.261659965865901,40.90449559335011],[14.26161748102792,40.90453064105049],[14.261527289329972,40.9045986363508],[14.26147293253264,40.904640256447315],[14.261374730694842,40.904715042621994],[14.261322861824567,40.90475703318604],[14.261232210032722,40.904845524761285],[14.261185273970867,40.90489110145066],[14.260678712363845,40.90536705216987],[14.260630785472209,40.9054121004777],[14.26034768587417,40.9056776285312],[14.260299816535612,40.905722525524915],[14.260156843088772,40.90585684435295],[14.258841477948822,40.90585953099097],[14.257762905542698,40.90580820394382],[14.255878091349222,40.90591892118824],[14.255999426826115,40.90710230818529],[14.255186759781028,40.90716643012196],[14.2551329647759,40.907170674556376],[14.255177399026156,40.90828298695891],[14.25517632480332,40.908350334218696],[14.255234023025361,40.909468835862064],[14.255236317509677,40.909513473114046],[14.254860601748716,40.90949913411171],[14.254417693728877,40.90948785943887],[14.253907667219991,40.90948841294782],[14.253393397759975,40.90953433947287],[14.253003920935974,40.90957044909689],[14.25250903790477,40.90959305428398],[14.252379676290161,40.909601415067925],[14.251825517968475,40.909714625201765],[14.251847118080578,40.908576574250226],[14.251855205203864,40.90825447151675],[14.250840782561955,40.90835866472192],[14.250786877533978,40.90836420137932],[14.250816231647653,40.90928708535998],[14.250817263708127,40.90931951201475],[14.250515808063186,40.90937532694086],[14.250464246041563,40.90938487445236],[14.250440105188066,40.910133104038074],[14.25043712398779,40.91043472322294],[14.250436763813823,40.910471127945726],[14.248876054517238,40.91065088330276],[14.248817533965267,40.91065762365409],[14.248867428017922,40.91094804084541],[14.248932846159027,40.911326877255014],[14.249501050250629,40.91123895213299],[14.249938024607342,40.91128820310388],[14.250181268934782,40.91131774770981],[14.250187270349288,40.911631405236655],[14.250189029500854,40.911675138868866],[14.250192428167372,40.91172000225033],[14.250259146881094,40.91259257789637],[14.250286017604513,40.91283429585007],[14.250539573497502,40.91340360840206],[14.25080605385643,40.91354221429055],[14.251057731715555,40.91368363546393],[14.251173372023468,40.91372146582751],[14.25165434173087,40.9138809844233],[14.252020297996564,40.91400179307462],[14.252126921699258,40.91419298414546],[14.25217756140911,40.914294870976605],[14.251869669998024,40.914551240709095],[14.251817816126595,40.91459417087815],[14.251095347147215,40.91496328316603],[14.248076755228267,40.91455449075931],[14.248021524410214,40.9145470125478],[14.248119729637697,40.91588743378598],[14.248123020389844,40.915932354383564],[14.248067481585414,40.91593009129569],[14.24789930086543,40.915920427477744],[14.246629362226663,40.91584389540087],[14.246523686927208,40.91446226171001],[14.245919367548293,40.91446981797847],[14.245792744454818,40.91447411222165],[14.245598833771547,40.91447745129593],[14.245484046426615,40.91396052145498],[14.244134273666596,40.913747488815034],[14.243643572115767,40.91305866431344],[14.242787302572887,40.91323271986294],[14.241539726302427,40.91324907971491],[14.241402562014398,40.912863706047695],[14.240640445579244,40.912893940043524],[14.239734129166274,40.91243107219419],[14.239701638846944,40.91241666222677],[14.239296089859868,40.91220867940498],[14.239020056019326,40.912470846245995],[14.23897249136933,40.91251584764345],[14.238874287394424,40.91260768481617],[14.238826134019321,40.9126527174765],[14.238410610430074,40.91304084227613],[14.23836481945782,40.9130836127193],[14.238322894013834,40.91312106364699],[14.238262804318131,40.913078633539556],[14.238149501925873,40.91299866912882],[14.238052307062329,40.912930825435716],[14.23795044735694,40.91280957128146],[14.237876208666691,40.91272277394438],[14.237796992133642,40.912591340359924],[14.237688935721017,40.91241619975802],[14.237587612579366,40.91204718938428],[14.237563669623757,40.91196275750615],[14.23756011975884,40.911917899607964],[14.237555844335883,40.91186909182062],[14.237532523804397,40.911604061731204],[14.23751163669115,40.91125839784623],[14.237490738911973,40.91108111421552],[14.237459297909359,40.910828644907944],[14.237408189897202,40.91052272906623],[14.237359248930753,40.910234503558705],[14.23745075652477,40.909523606662056],[14.237442511625627,40.909410979909296],[14.237421442332943,40.909093158887465],[14.23739999715026,40.90876966776972],[14.237395212960617,40.908690396226504],[14.23739145040992,40.90863248012386],[14.237368840113193,40.908302940708886],[14.237309211069796,40.90807377730124],[14.237181435722112,40.90758356783017],[14.237166768816271,40.90751970753372],[14.237226200833101,40.90751156140766],[14.237853875971794,40.90742552187964],[14.238160036268594,40.90738286131866],[14.2382942481344,40.907365009143355],[14.239255170485842,40.90753676270618],[14.239523440961538,40.90758438367625],[14.239937618877702,40.907658951685605],[14.240118776130567,40.90769150352815],[14.240253525444404,40.9077056230579],[14.24068916985843,40.9077510424541],[14.240679818424614,40.90770227885965],[14.24051801315204,40.90685855002168],[14.240512364123168,40.90682851951425],[14.240497502622608,40.90674988741574],[14.240442073684205,40.90646139361191],[14.240251547899735,40.906483815657026],[14.239245897884253,40.906604241725105],[14.23901647002076,40.906631713783455],[14.238302188718723,40.90671641965367],[14.237898868758128,40.905402277821786],[14.23782275856605,40.9051537435468],[14.23780088061931,40.905110234457254],[14.237345698316066,40.905188971818355],[14.237180566807561,40.90521016741604],[14.237071604932067,40.905224184595625],[14.236429656229214,40.90530720701641],[14.235645386221531,40.90529340273523],[14.2354442711722,40.90520539061239],[14.23524477790479,40.90511808756349],[14.234578893870438,40.905161888954915],[14.233776072543643,40.90534236415585],[14.23367403261234,40.9054585985333],[14.233630651853227,40.90551251745273],[14.233577336939092,40.90556759787299],[14.23353111715996,40.90579717250789],[14.233488450355948,40.906017280817885],[14.233330309674182,40.90642061203765],[14.233297472736588,40.90648739532311],[14.233233759646554,40.90661856786928],[14.233188131308635,40.90671349325142],[14.233157053634477,40.906779897545796],[14.233089774492038,40.90692866754573],[14.233070353062724,40.906954450050655],[14.23338081679435,40.9069360370704],[14.233371211663274,40.907032217718715],[14.233248889973119,40.90729890322471],[14.233013623232972,40.90758813534616],[14.23268987670443,40.90784657729237],[14.232482388216301,40.90805185797423],[14.232178758869669,40.90827456762885],[14.231985329212307,40.90844003926353],[14.231687068413377,40.90865815135898],[14.231296899779577,40.90880210721981],[14.231271628758861,40.90865507141635],[14.231215411367284,40.90869984741417],[14.230823667289464,40.909002643548625],[14.230770324494861,40.90904439861515],[14.230295058108602,40.90923188268863],[14.229993072662323,40.909241394924535],[14.229778243614765,40.90924482454535],[14.229541927052809,40.909258996452756],[14.229463934890257,40.90926370525094],[14.229366592077351,40.90927040937476],[14.229116560592951,40.90928615926269],[14.228285263124645,40.909350965604446],[14.227215175943314,40.90948062270075],[14.22715154502702,40.909469885181004],[14.226693977481677,40.90939236580697],[14.226635713143537,40.90938250137346],[14.226315544808532,40.90932816955615],[14.225936347519623,40.909264230061154],[14.225946998908915,40.908982891765184],[14.225952788258924,40.90883128311248],[14.225918500318825,40.908643778294355],[14.225899054243945,40.90837038077335],[14.225877727835949,40.90809195136082],[14.225879111806863,40.908001857184765],[14.225880332763113,40.90790723288447],[14.225885336505293,40.907488405620946],[14.225736590742768,40.90695498586548],[14.2253160056969,40.90635288724863],[14.225306215200638,40.90631025973726],[14.225224106974489,40.90595010902403],[14.22521283593768,40.90590507923588],[14.2251377493815,40.90558280301696],[14.225123066625844,40.905519878927855],[14.225119949357325,40.905364559646365],[14.225115432948268,40.90513950875627],[14.225111365044517,40.90500219733093],[14.225107559323417,40.904872371725475],[14.225125236953662,40.904765556863666],[14.225210446855252,40.90423298728123],[14.225295087856919,40.904053578775354],[14.225192389650061,40.90372963918432],[14.225102117933165,40.903297166837824],[14.225095403423234,40.90325385666171],[14.225057628315376,40.90319147932779],[14.2249771973366,40.90300735792697],[14.224930203307192,40.90289977646163],[14.224696317477228,40.902527776231636],[14.224519751546598,40.90231072394954],[14.224335230280397,40.90193197977263],[14.2243310855012,40.9018848507568],[14.224282298261016,40.901380704257555],[14.224204381201757,40.9008845755909],[14.223985078558776,40.900313847004185],[14.223637846800589,40.8995643651078],[14.223423574392518,40.899249992726865],[14.223262713157558,40.899013717462566],[14.223174645914924,40.89902271376001],[14.22292027869126,40.89903877608867],[14.222123244243765,40.89916049151565],[14.221148326808931,40.89916874389526],[14.220857211548362,40.89916877800593],[14.220750839499674,40.89916877925383],[14.220115488795324,40.89916161708494],[14.219446638008858,40.89919616943631],[14.219344028224695,40.89920112137202],[14.218728315896827,40.89907151001631],[14.2181155019941,40.898752708611376],[14.217855302184317,40.8986879832722],[14.217263563970404,40.8987030609642],[14.216987861400098,40.89870933457464],[14.216555538760453,40.89867010116992],[14.215838114775009,40.89860392958177],[14.215540250336906,40.89858142712176],[14.21535544282932,40.89858290049967],[14.21508363324934,40.89858445633264],[14.214710185879428,40.89858755616882],[14.214097017403574,40.89856765608814],[14.213903504089718,40.89856110933473],[14.213560653428083,40.8985721509203],[14.212714942056257,40.898610476492],[14.211811456464158,40.89869194392161],[14.2111571931512,40.89890615331562],[14.210882808800358,40.89888256582324],[14.210707525683816,40.89887191778363],[14.210560520474951,40.89886289094712],[14.210507208001022,40.89885908151425],[14.2103966765947,40.898852497541654],[14.210089339007824,40.89883299210373],[14.20990305528563,40.89877397337646],[14.209563294196698,40.89866126523439],[14.209302252996766,40.89857457828967],[14.209270056376315,40.89856392474941],[14.209224888773946,40.89854814354233],[14.208159512454698,40.898389219178455],[14.207020696764383,40.898274230683],[14.206581224397707,40.89824010604585],[14.206337688610317,40.8982262496728],[14.206232636106106,40.89821992950914],[14.20588155772273,40.89819975567893],[14.205658530858543,40.89811981873997],[14.205563765358315,40.89808359497221],[14.205395197288812,40.89801904846057],[14.205290963450427,40.897978911705565],[14.205042922393066,40.897873095491015],[14.204996327338092,40.8978457317023],[14.204796348536643,40.89772670025163],[14.204492578175945,40.89758984757807],[14.20434217119229,40.8975221827768],[14.204339527122908,40.89749528776404],[14.204314105263817,40.89728036405739],[14.204256486111477,40.89708040637528],[14.204229372648415,40.89702799105007],[14.20408194982356,40.89673718712023],[14.20396087670473,40.89663505593252],[14.203868064951264,40.89655743165008],[14.20365921763599,40.89638268583915],[14.203582279290998,40.89631188592588],[14.203205588863938,40.89596653295725],[14.203108517200677,40.895876419896744],[14.203024980941532,40.89575889584236],[14.202921855259737,40.895614777766966],[14.202888268160464,40.89541373215761],[14.20285539779129,40.89521715475577],[14.20281201595704,40.89511990945362],[14.202708184745346,40.89488834636259],[14.202669315177282,40.894802424441274],[14.202674319783029,40.894640447659384],[14.20267933154503,40.89447838052223],[14.2026826465656,40.89436711804232],[14.202689805610465,40.894171293022055],[14.202798529157516,40.893964058364965],[14.202834913756021,40.89389463272035],[14.203078161174627,40.89354298985948],[14.203114545486905,40.8934952985018],[14.203245194532476,40.89348941688758],[14.20357893976926,40.89333927521696],[14.203994403956443,40.89336099085977],[14.204215226615771,40.89337800945764],[14.20461144716933,40.89340959666906],[14.205080168524008,40.89333516546125],[14.205185377439399,40.89199219553258],[14.205267869123263,40.89179458622117],[14.205308601991918,40.89161470407418],[14.205604964579127,40.891648275565124],[14.205812683126569,40.89164970570141],[14.206207777723739,40.89161639474485],[14.20667414324371,40.891579068312545],[14.207196997881603,40.89153311985643],[14.207739977637674,40.89154135573565],[14.208243951654765,40.891585354553776],[14.208934765609328,40.89163964203786],[14.209032690103038,40.891640314554984],[14.209042306366461,40.89182955046343],[14.209279323544083,40.89186270395016],[14.209484557281655,40.891823574846484],[14.209557276509992,40.891697959908306],[14.209724094880261,40.89164505447352],[14.210071550299363,40.89162491589276],[14.210416357171082,40.89157773306669],[14.210660783419632,40.89150077266633],[14.210735207414341,40.891467315373475],[14.210762832204983,40.890890984401445],[14.210773072949728,40.89077845288522],[14.210834775942196,40.89058069767003],[14.210837077786461,40.89038703900143],[14.210712425820562,40.89013846290944],[14.210568075312052,40.889799669751426],[14.210549606837075,40.889605868051596],[14.2105818490744,40.88938989473573],[14.210584527542945,40.88916470913168],[14.210503651699197,40.88882024029741],[14.211137894036822,40.88866207615308],[14.211271893412771,40.88902672986101],[14.211303040707687,40.88915078544252],[14.211316236012923,40.88928822809581],[14.211402387787256,40.88952524233203],[14.211493055697641,40.88963169187159],[14.211584554444029,40.88966834428096],[14.211640766485033,40.88969127860738],[14.211730297887547,40.88970215601605],[14.214112691795592,40.88845981687278],[14.213953953127342,40.88833647023973],[14.213400549476303,40.88796542794301],[14.213306729765456,40.88786614787798],[14.213165346726027,40.88764298146963],[14.213148230840156,40.88757623602095],[14.213121478702325,40.887518929497695],[14.213059723441011,40.887337169171964],[14.2130216337459,40.88724886663876],[14.21298987450174,40.887146772568855],[14.212869420995041,40.8867561039479],[14.212845623537339,40.88669866343763],[14.212776350453327,40.88655325593712],[14.21259860769511,40.886376751068696],[14.212576895388498,40.88635522828356],[14.212371145203223,40.88616198617876],[14.212131643783401,40.885907254338164],[14.212088198100078,40.88576967906992],[14.212086499557643,40.88572924221294],[14.212086631583317,40.885693224840146],[14.212082330843243,40.885657408338275],[14.212095992165588,40.88555775727639],[14.212138560167375,40.88547987117204],[14.212069568537045,40.88510881003015],[14.212037281749328,40.88484918848243],[14.212004675523037,40.88457607768555],[14.211947204969057,40.88433560432287],[14.211925756662295,40.88424204485037],[14.211928028525257,40.88402587264612],[14.211932560354978,40.88399865897407],[14.211971923149292,40.8838393242256],[14.212040527448126,40.88356162716223],[14.212058669240651,40.88337661480576],[14.211987391657324,40.88304636813568],[14.211976803849492,40.88295862858993],[14.211474336603787,40.882955193487234],[14.211444080921664,40.882504580281086],[14.211773523985471,40.88249782434786],[14.211868418204904,40.881837709978065],[14.211812572005027,40.881775877506655],[14.211506890506772,40.881546649556824],[14.211388825486845,40.88151349816203],[14.211335961732022,40.8818642627959],[14.209954962703241,40.88171968687286],[14.210080645381845,40.881186611646825],[14.20962434203586,40.88110075706498],[14.209435594042546,40.88101027370992],[14.20931919076873,40.88083098612497],[14.209301377061657,40.88075526852689],[14.20927447842528,40.88063944851782],[14.209276389614491,40.880522323726126],[14.209481550093544,40.8801709221471],[14.209941422966551,40.879447867373294],[14.210096986010008,40.87932378373498],[14.210264821931778,40.879176636265576],[14.210432236613247,40.879043012258514],[14.210698611810274,40.878612310396974],[14.210735361474706,40.87856113045735],[14.21137502482347,40.87764536586975],[14.211394306664104,40.877023291706486],[14.211381276451421,40.87695067535155],[14.211371872080898,40.876898267780795],[14.211361024143608,40.87683573863127],[14.211409602967144,40.87668048807493],[14.211446351069778,40.876629307098256],[14.211518654910474,40.876549506826045],[14.211763319132787,40.876316874516],[14.21192628860977,40.876161918118335],[14.211986739241144,40.87609165772669],[14.212122801173633,40.87593203138405],[14.21223859036942,40.87570040492734],[14.212241669583452,40.875440789570554],[14.212145400451451,40.875188868540185],[14.211758742176682,40.87431518401114],[14.211528808312558,40.873943000947975],[14.211334829091939,40.873771598318356],[14.211280021615012,40.87381778234136],[14.211269445099097,40.873854236910994],[14.211279955927715,40.87398222382573],[14.211270019762898,40.87414357338538],[14.211224283395799,40.87428031171017],[14.211167023162483,40.87437433482272],[14.211142762210876,40.874436653077225],[14.211481641817322,40.87455922160886],[14.211407655319391,40.87471099663889],[14.211027970889907,40.87460180313994],[14.211238292319969,40.87512708448361],[14.211029264037654,40.875168292928784],[14.210986672316213,40.87504008658669],[14.210697662607936,40.875062474026684],[14.21066362815707,40.87522670232685],[14.210362948547477,40.875218553359645],[14.210211364013883,40.87515051136305],[14.210200883080484,40.87535754105662],[14.209903922932913,40.87537377921218],[14.209876116130582,40.875014207841936],[14.209619475488903,40.87501244949096],[14.209474970837748,40.87502364066585],[14.20936167499513,40.87510814022267],[14.209321326013661,40.8755166061349],[14.209084136493473,40.875514347424875],[14.208854827061602,40.8765848257979],[14.20810931061153,40.876549251174545],[14.208106987946028,40.87674415334927],[14.207890223556065,40.8767609389494],[14.207883074565112,40.87668779476694],[14.207377510061672,40.87670868595927],[14.207394568041341,40.87662352599885],[14.207395149219217,40.87657480020266],[14.207429192231343,40.87641057236401],[14.207446685456196,40.87628886897924],[14.207447412429937,40.87622796081082],[14.207515134346146,40.87592995831171],[14.207581692331148,40.87572940654251],[14.207574545162432,40.875656263149516],[14.207519565984336,40.8755584254559],[14.207384751629519,40.875429583371],[14.20735317994976,40.8753867282948],[14.20721404498746,40.8752499716182],[14.20716833485857,40.87513050106021],[14.207152496829131,40.87507044901573],[14.207170590091525,40.87492333250239],[14.20718466416743,40.87471562800759],[14.207145181415646,40.874609380148684],[14.207135429211784,40.874551303368435],[14.20721086152058,40.87442634962276],[14.20709202619705,40.874527701221],[14.20695779756948,40.87454528346944],[14.206848265095585,40.8745352776746],[14.206787573714614,40.87451635453283],[14.20672644034685,40.8745344396457],[14.206652572502612,40.874598699987224],[14.206528315677945,40.87480140378678],[14.206502775468897,40.87489401229301],[14.2064773751696,40.874986107587745],[14.206415357988664,40.875078207310786],[14.206157643310162,40.87523372872324],[14.206035374838613,40.87526989834535],[14.205742548631264,40.8753048918944],[14.205499228068838,40.87527545728714],[14.205195326693758,40.87521784609754],[14.203320836802765,40.87503218874705],[14.203225317057862,40.87389036811005],[14.203301517726533,40.87363181939211],[14.203302294768472,40.87356705559975],[14.203388790693747,40.873465874353016],[14.203524016210604,40.87336502932507],[14.203604926454469,40.87327060173839],[14.203704563213797,40.87322918253242],[14.203643850812535,40.873133797170446],[14.203514432989172,40.87298660097169],[14.203396771976363,40.87295141145522],[14.203123891933178,40.8729502496582],[14.202767020854742,40.8729934001445],[14.20243368181589,40.87306249360843],[14.202350565827025,40.873070754284065],[14.201818827689285,40.87287873221642],[14.20173676171312,40.8728059179858],[14.201630113602981,40.8727882330023],[14.201436616082917,40.87269344912246],[14.201358878907278,40.872647449060054],[14.201240412520898,40.872630298109925],[14.201309318755802,40.87251197418962],[14.201375907022408,40.87236475066569],[14.2014251093823,40.87231586274441],[14.201492583660546,40.87209480160185],[14.20151041294348,40.87195954671004],[14.201544610340202,40.87183278072972],[14.201451925811336,40.87176109375933],[14.201371469180227,40.87164508882663],[14.20138412116374,40.871565249848125],[14.201432278138926,40.87145013469624],[14.201479686408497,40.87139717925975],[14.20156578397144,40.871226232588505],[14.201671348217884,40.871016637567],[14.202080820988902,40.87002483767129],[14.20207008909135,40.86994483712282],[14.20187228810353,40.86986354245174],[14.201744210710867,40.869818252548825],[14.201592110486281,40.869826080414455],[14.201533438076396,40.869843435612104],[14.201486457670214,40.86986087159138],[14.201287696359971,40.869859494811074],[14.201303836544284,40.87027204144045],[14.20109261046295,40.870319806884524],[14.201182133176152,40.87096039621385],[14.20069545385016,40.87100625300033],[14.200633307849516,40.87078429405091],[14.200503685884685,40.87078339486728],[14.200486002771644,40.87090634388932],[14.1999191986035,40.870877798039736],[14.199971660449641,40.870558176988744],[14.199907144988805,40.87053311450353],[14.19986238999696,40.87021281941494],[14.199747193197796,40.8703597050104],[14.199648494064911,40.87048209097072],[14.199613716689878,40.870678763826426],[14.199613271726538,40.87071568225309],[14.199368598557989,40.87084936142777],[14.199272271076074,40.870774850065494],[14.19910905729701,40.87087217266435],[14.198896638511622,40.87101838292488],[14.198717665076718,40.871078675350375],[14.198458271099184,40.87108917932816],[14.198298482020547,40.87097531325586],[14.1980165394585,40.87080278654409],[14.197799616650874,40.870715994485856],[14.19769430564858,40.87068516112838],[14.197659950432524,40.870795288250825],[14.19713254901669,40.87071135080439],[14.19729712003208,40.87021083035441],[14.19740091530058,40.869820253941235],[14.197077837739949,40.869772854844896],[14.196961806162554,40.8695362628527],[14.196970835139648,40.86933565912674],[14.197047546425447,40.86900007680476],[14.197177455233437,40.86863476560709],[14.197285307865432,40.86845491638502],[14.197047549282921,40.86845326122397],[14.196810094302847,40.86842652359726],[14.196408378104044,40.86832840894004],[14.196322945641041,40.86829269597825],[14.196311279415898,40.86816452083119],[14.195578724461205,40.86822812371194],[14.195456155699365,40.868241947955276],[14.195609700060045,40.86863772474472],[14.195213254469202,40.86873503064125],[14.195106895069998,40.868616021590825],[14.194088933419406,40.86959143471348],[14.194050693496436,40.869807577748674],[14.193790111815465,40.8696954185535],[14.193380586623562,40.86950536936502],[14.193332619562735,40.86973170532905],[14.19331688694203,40.870040908251596],[14.193299588666047,40.87022469284003],[14.193267016777718,40.87021350048941],[14.193246863128838,40.87011615126913],[14.193085653221054,40.870039169124574],[14.193107981414656,40.86999563579077],[14.192949826405583,40.8699488920445],[14.192760032918125,40.86993574805796],[14.19265897792766,40.86986059360506],[14.192530397196201,40.869764969673696],[14.192412855114975,40.86970308076472],[14.19209565496092,40.869705352412325],[14.19209644279506,40.86976870870247],[14.192042219196306,40.86977805795681],[14.191959537039683,40.86980136357038],[14.191382718811791,40.869302534205175],[14.191318046509672,40.869686190280284],[14.190468789767827,40.869738824490526],[14.190525615794762,40.86999963763336],[14.18997642426975,40.87004786255583],[14.189947286946186,40.86983786130604],[14.189921268309124,40.869650345082384],[14.189784130015589,40.86964938118656],[14.189760726094375,40.869502525692496],[14.189709678580837,40.86954991459105],[14.189588109359127,40.86966343399434],[14.1895336558191,40.86970640469423],[14.189438397465219,40.86979622913827],[14.189347182147644,40.86989037357589],[14.18932122061877,40.869918554138],[14.189197078338795,40.86998926863162],[14.189250365097523,40.87003967889682],[14.189470162945597,40.87018678304093],[14.189649041927739,40.87025172199409],[14.189822264871305,40.870289330279924],[14.18998966732478,40.870313248774416],[14.190005968466549,40.87044982529903],[14.18985470250581,40.870576126940435],[14.189991052897295,40.870690803284944],[14.190060916337856,40.8707224562928],[14.190193388117084,40.87079684465857],[14.190213939020813,40.87086860318964],[14.19026422823862,40.87094285882834],[14.190377122724403,40.87105930518798],[14.190482629775142,40.87117608387263],[14.19061830471166,40.87131383339618],[14.190063804043001,40.871601057638664],[14.190210465851349,40.871733042396215],[14.190262377832314,40.87177121322164],[14.190470199300114,40.8716721423005],[14.19068435080082,40.871791912301255],[14.190368284939325,40.87217178650876],[14.190219233142031,40.87211615544091],[14.190128848222557,40.87216100698469],[14.190044174327033,40.872228643368835],[14.190002032441006,40.87224654242188],[14.189845743074136,40.872272489686075],[14.18954263828379,40.87231314611352],[14.189504897381038,40.8724885388176],[14.189280759857335,40.87262208510543],[14.188931145345496,40.87282681419983],[14.18857938625192,40.8729639652108],[14.188355684054716,40.87306148030213],[14.188182139398114,40.87318186762844],[14.18805929908272,40.87328009343373],[14.18803968289396,40.87342858889652],[14.18800816295099,40.873801335380925],[14.188598887466958,40.87383770391018],[14.188731697078063,40.8746311814982],[14.189208766371726,40.874456611187306],[14.18954110036893,40.874459624511005],[14.189671640891516,40.87441322189595],[14.189769708370791,40.87440047399802],[14.189849590690974,40.874423199510126],[14.189934898618155,40.874374802201594],[14.189993293123505,40.87431768330772],[14.190261139335588,40.874103031341086],[14.190412929980132,40.87400615369617],[14.190472096224742,40.87398547768427],[14.190773027987024,40.873822865965955],[14.190838910774213,40.87363878707508],[14.191076822446188,40.873443686617755],[14.19115721700183,40.873400880521096],[14.191572925055741,40.87323807285115],[14.191649240782475,40.873225845930634],[14.191890002501236,40.87339572310396],[14.191910508250977,40.873646302327764],[14.192548032878737,40.873516607523065],[14.19262970272596,40.87357978782915],[14.192698945296772,40.87369654662268],[14.192698184266048,40.873759149927025],[14.192001452063298,40.87391526377704],[14.192127723463619,40.87418447256655],[14.191311919610147,40.874447077215],[14.191273871055749,40.87467041332228],[14.191751463291821,40.87510308081843],[14.19166805172643,40.8751829930249],[14.191798024495279,40.87527842079588],[14.191641378612264,40.87539519573853],[14.192156339348344,40.87570517474477],[14.192015842480016,40.875882952924165],[14.191673733520561,40.87573634092908],[14.191426918026995,40.87558542712237],[14.191332616463532,40.87552666219928],[14.190951496529829,40.87507120732382],[14.190855936141133,40.874958480986685],[14.19079869152343,40.87500695675101],[14.190583017346015,40.87530954264073],[14.19078464720738,40.87561841610339],[14.190624050718268,40.875566887202446],[14.190441618606979,40.87550835130642],[14.190261448573322,40.87549847484069],[14.189826549299491,40.87537855097041],[14.189198743958672,40.87529433655258],[14.188355120667577,40.87534139375703],[14.187831760207738,40.87545502833252],[14.186926222712676,40.87542189097963],[14.186393984616148,40.875399618286544],[14.186686631500036,40.875070826493165],[14.18679060932333,40.87463682481964],[14.186828449093767,40.87448867730428],[14.186846606895351,40.874413944665605],[14.18690936613899,40.87393425690639],[14.186928191968398,40.873780206297624],[14.18693369627146,40.873736645852574],[14.186976230499646,40.873413264026745],[14.187069328296758,40.87267531652312],[14.187289812583103,40.87212069016387],[14.187453515515399,40.871784182334906],[14.187678575345494,40.87131989609967],[14.187734025690412,40.87127912847371],[14.187947476118985,40.87112511155759],[14.188003357809587,40.871084797915934],[14.188376906103018,40.8708153185257],[14.18843256957793,40.87077596615431],[14.18835782792012,40.8707666069304],[14.187580833525194,40.87065357746197],[14.186958620490437,40.870654761675155],[14.18690829351883,40.87065496749306],[14.186840096279063,40.8706554704018],[14.186784700507836,40.870657968239364],[14.185978046736732,40.870694338737515],[14.185918632552063,40.870697017320154],[14.18533096553946,40.87084476644755],[14.184976417138255,40.8709305512596],[14.184141777206666,40.87137485175357],[14.184082678938168,40.871410239742744],[14.183538091456455,40.87186666536035],[14.183486554916785,40.871909548629986],[14.183438925756633,40.871948238606215],[14.183386590406645,40.871990751786846],[14.18333367842564,40.87203376359239],[14.183306223616471,40.87205664785776],[14.183281123634252,40.87207653600161],[14.183254618668288,40.872099463885036],[14.182890170559244,40.87236596092115],[14.182835050333024,40.87240679870942],[14.182623156789688,40.87256265383059],[14.182568055061006,40.87260317104995],[14.182447141308462,40.87269206331301],[14.182391552196766,40.87273247816511],[14.182324950434886,40.872779309596154],[14.18226816935068,40.87281899841949],[14.181155712806648,40.8735843067028],[14.181100201312548,40.87362406472478],[14.180698008404867,40.87377973205162],[14.18005049440369,40.87403147040712],[14.17912134473331,40.87428688553045],[14.178956054099844,40.87433280694515],[14.178908718032403,40.874345704100925],[14.178383863751847,40.874489133481745],[14.17768142331976,40.874518553380376],[14.176933441130984,40.87454992046418],[14.176807959182906,40.87453971320321],[14.176866537051868,40.874498306688096],[14.177167589208707,40.87440679479143],[14.177352280469622,40.874341324817024],[14.17747604289133,40.874333472043475],[14.177637703842588,40.87432321283273],[14.177696325167357,40.87431949291321],[14.17781984354812,40.87402893759343],[14.177987718245289,40.874030133799515],[14.178014103524736,40.87383603119582],[14.177862142154678,40.87384101872237],[14.177858941319187,40.87360410549005],[14.177829760649233,40.87322755699401],[14.178056405007545,40.87314087495399],[14.177972249056863,40.87302845689023],[14.177946315862537,40.872726500050604],[14.177908463229377,40.872428961889135],[14.17776550036813,40.87223426675894],[14.17749700896531,40.87235396189365],[14.177456146002061,40.872299621483535],[14.177545409390657,40.87203902219869],[14.17749251330811,40.87199810871252],[14.177493962844526,40.871881013370576],[14.177655158586662,40.87180108991123],[14.177939774594396,40.87181663142025],[14.178129978194784,40.872029678354444],[14.178190269458844,40.87219225485478],[14.178229516318739,40.87237720164029],[14.178206354231378,40.872570710833145],[14.178248847833562,40.87273316024357],[14.178424890192169,40.87289205728085],[14.178680012373658,40.87289387496591],[14.17881743726219,40.87305699930506],[14.178935691940497,40.87285065487171],[14.179225171935,40.87271308995325],[14.17952382778585,40.87255306876065],[14.17996146347277,40.87243006925583],[14.180034626994814,40.87251166250228],[14.180665450825117,40.872119788692025],[14.181314315421394,40.87194873816543],[14.180624486281094,40.87159252177892],[14.180698626059593,40.87135433222178],[14.181036636640691,40.87137024593713],[14.181544264178203,40.87158554196577],[14.181896111570245,40.871682624244215],[14.182096931101476,40.87139378165052],[14.181864615830126,40.87131509988105],[14.181781125175332,40.87128714285443],[14.182025013741537,40.871036243259795],[14.181763545357509,40.87095246974605],[14.181693798589276,40.870942107779285],[14.18158085843729,40.87092918895827],[14.181539532813744,40.87092204732889],[14.181463099485686,40.8709209886527],[14.181387832576345,40.870906372677695],[14.180764597468718,40.870866161995814],[14.180263455120421,40.870797239600016],[14.18030881904157,40.87048678059135],[14.179327039806187,40.87047078929051],[14.1792445355026,40.87042516141404],[14.179277371501687,40.87016866354903],[14.179586935688787,40.870085289231284],[14.180158508980009,40.870165923419535],[14.180305642100846,40.87002283874351],[14.181022690205266,40.87028656837321],[14.181284114269447,40.8704027470307],[14.181931968977176,40.870178700363226],[14.181997734896683,40.87030268106356],[14.182184154842552,40.870654112243926],[14.182397905498922,40.87061325513206],[14.182615467451434,40.8706978124601],[14.182648664792962,40.870664841814886],[14.182931394086046,40.87078306648992],[14.183172551438759,40.87072666438419],[14.183629436700755,40.87090423208221],[14.183817783942796,40.87069802841332],[14.184184566886024,40.87082088090772],[14.184446216173185,40.870498486868165],[14.184424339678253,40.87018716766785],[14.184875954872657,40.87013180840162],[14.185484733880344,40.87008206159374],[14.18629550520542,40.87001121702132],[14.18692473629374,40.86986943061414],[14.18691610467639,40.86969391761361],[14.186891141078839,40.869441184755054],[14.186829021699726,40.86935070886429],[14.186649497524298,40.86908922920065],[14.186616866147803,40.86900517979171],[14.186516785269237,40.868824785999884],[14.186477942868889,40.8687548597984],[14.18612303265766,40.86859121728063],[14.186019443459827,40.86832924987548],[14.185616186347012,40.86831289062021],[14.185343834764524,40.86826592544042],[14.18506527426506,40.86824143759499],[14.184867060598336,40.86771305953953],[14.185006753431608,40.86769152616393],[14.185059335477616,40.86751624009216],[14.185190625942791,40.86745411017816],[14.185478357760793,40.86745614377302],[14.185636179569974,40.86740771304234],[14.185710888150618,40.86736319996416],[14.185849606520025,40.866770187153094],[14.18573721835309,40.86673511686358],[14.185608918628994,40.866677049497326],[14.185794170033285,40.86647420999439],[14.186141771766305,40.86618269054243],[14.186369720867503,40.86600464825426],[14.18652062026377,40.865973049206865],[14.186843618376951,40.865934497744455],[14.187155666818,40.865912200902564],[14.187305966997892,40.865929592260294],[14.187509018105649,40.86602901341086],[14.187679620878294,40.86614453931532],[14.187720147180475,40.866166837360254],[14.188100965354948,40.865976022103645],[14.18820916224557,40.865919621875754],[14.188317360198095,40.86586322240048],[14.188393807923541,40.86576576912426],[14.188341354470948,40.86565924303501],[14.188202503020829,40.865584772733264],[14.188106451481799,40.865526934597135],[14.187988701896534,40.86548527583875],[14.187892651861024,40.86542743744997],[14.187865732934371,40.865372687125095],[14.18791720081917,40.8649777864123],[14.18817254049504,40.865003086110924],[14.188213071237275,40.86485527961416],[14.188118431384753,40.864556123709555],[14.187984848723579,40.86432097074414],[14.187801056932521,40.86431066717314],[14.187480379245462,40.86433543362308],[14.187280821106299,40.86440158712352],[14.186995517093647,40.86444461709794],[14.186145372897693,40.86458725444846],[14.18609582962768,40.864514839464455],[14.186089370638403,40.86407339472557],[14.186446024810436,40.86401735834663],[14.186535340953645,40.86399096402024],[14.186870195436772,40.863777130911025],[14.186724258773372,40.863582426283514],[14.18679956838273,40.8634883718504],[14.18700951176135,40.86330068045807],[14.187334525508462,40.86316334551723],[14.187679146064662,40.86312073329272],[14.187818008269726,40.86292353264819],[14.187906446667695,40.86272597518391],[14.188090895694772,40.86268223384559],[14.188349606534638,40.862630006566654],[14.188404263950112,40.86228357690537],[14.188385814989065,40.8618510551823],[14.18831221303152,40.86180549681598],[14.1879422826648,40.86173533120319],[14.187537199854964,40.861628884228985],[14.187574829164625,40.861462497589805],[14.187738187331243,40.86120241205366],[14.187853538121734,40.86098702931471],[14.188016344535296,40.86077198033371],[14.188128616357798,40.860565582670944],[14.188354146416874,40.86031494200162],[14.188552758085804,40.8603253488868],[14.189130192446331,40.860405979265515],[14.18955921888841,40.860494573995304],[14.18984192326504,40.86066321059821],[14.1900637705833,40.860714314045666],[14.190163185364444,40.86058889874881],[14.190142857856932,40.86030950271188],[14.190146042196998,40.86004828824958],[14.190331084391323,40.85995500308298],[14.190603953467948,40.85995691787865],[14.19073956132362,40.85978221098696],[14.191163230121143,40.85989882421016],[14.191203562786281,40.85972781656514],[14.191253913157905,40.85950947488096],[14.191489483704727,40.85931878429317],[14.19158440125805,40.859310000048694],[14.191602243464795,40.85918765449096],[14.191390916289237,40.858949611055024],[14.19125093732225,40.8587803697807],[14.191214784745872,40.85869183675907],[14.190304354717096,40.85646223698615],[14.190276381282445,40.856241093095356],[14.190425881403172,40.856311867482866],[14.190708516894107,40.85648500596733],[14.191033934453046,40.856554850652635],[14.191318269634413,40.85658837419231],[14.1917111374325,40.856721746669024],[14.191863937450991,40.856839923796834],[14.191932872828668,40.85702507416732],[14.192057228720302,40.85728718292138],[14.192217340966678,40.85753602852526],[14.19235597082704,40.857600056932576],[14.192550295896481,40.857718524046554],[14.19283620692286,40.85835560022676],[14.192911078092497,40.858540791695475],[14.19291680385465,40.858802069329734],[14.192816589612933,40.85923826295118],[14.192840274492797,40.85948615344206],[14.192878133717619,40.859788191653884],[14.19285068772587,40.86009427709926],[14.192637105703154,40.860583725968624],[14.19241796061705,40.86079838748998],[14.192260826553266,40.861036003107294],[14.19221683939715,40.86123837815008],[14.192160549587609,40.861476699728556],[14.192280186602561,40.86163968423627],[14.192319740683196,40.86180210858813],[14.19232694208564,40.86194178564383],[14.192360401729584,40.86211767913142],[14.192376063770261,40.862293447725214],[14.192382662496206,40.862482665528965],[14.19245770157291,40.862654344963104],[14.192565313253432,40.86283075899062],[14.192728954374143,40.8630345871793],[14.192827996101677,40.86318391567793],[14.192731056217877,40.863349887730514],[14.192602199130471,40.86345708309103],[14.192400631393166,40.86366346697135],[14.192454250561834,40.863667239039074],[14.192555166242357,40.86370888961389],[14.19280979667127,40.8638139813366],[14.19295298689175,40.86387307900429],[14.194100055276559,40.86409382903731],[14.19449468661125,40.864149574915494],[14.195156173799896,40.864251338898],[14.195668074627587,40.86422148752588],[14.196238220889066,40.86418823577125],[14.196668265787377,40.86420006339573],[14.197017144160911,40.864193662651495],[14.19723856656239,40.8641510478409],[14.19739023373243,40.86410794613499],[14.19754158086455,40.864091336831656],[14.198010805463724,40.863944408267066],[14.198272817159193,40.86388305221948],[14.198474582315646,40.863837922865436],[14.198582095470254,40.86381955950958],[14.198652680181805,40.86380286495655],[14.198802466061473,40.863737578140665],[14.198867211086055,40.86370314116513],[14.19912287941428,40.86365289251197],[14.200351357149792,40.863045851498796],[14.200607988971203,40.86293800999137],[14.201381485848763,40.862855746386586],[14.201547623314962,40.86285723723297],[14.201713724867535,40.86286773256156],[14.20212780748723,40.86300655882791],[14.20258115316322,40.863179347424946],[14.202680855813524,40.863196902028555],[14.202782698084933,40.86322002091989],[14.20297966143779,40.86327485968394],[14.20322367341365,40.86329341043305],[14.203536473344702,40.86325795003156],[14.203929369933421,40.863145646763286],[14.204581176743364,40.863032945113375],[14.204921320093561,40.8630325190744],[14.204973792287817,40.8625656626478],[14.204927198341455,40.86249327571119],[14.204937118666997,40.862407766516384],[14.204967534587908,40.862344919851594],[14.205232002083074,40.86230620573713],[14.20541018281699,40.86228941803993],[14.20563635873445,40.86222791851931],[14.205740602095004,40.86219260409509],[14.205798464561658,40.86206688808009],[14.20588577327946,40.86195939145053],[14.206065621082898,40.86180298749077],[14.206200223660801,40.861709328927176],[14.206417768360138,40.86162524894738],[14.206643617705772,40.86159077063066],[14.206830479887612,40.8615920558499],[14.207030388634132,40.86149434103587],[14.207183430179194,40.861346758177895],[14.207410461524617,40.86121319718603],[14.207667098542426,40.861084341958176],[14.207898985952003,40.86104089446651],[14.208147205565792,40.860871444412744],[14.208281036565934,40.86059311106529],[14.208372162585993,40.86041357264555],[14.20831563211425,40.86017897283575],[14.208219632839869,40.86002067041862],[14.208231373104272,40.85978203511815],[14.208396149099292,40.859395814795846],[14.208617168949973,40.859018989316574],[14.208768253559759,40.8587858133962],[14.208545508073389,40.858311356550914],[14.208676919839101,40.85823568921224],[14.208670596267007,40.85801944949385],[14.2086435633751,40.85779856375174],[14.208487246023367,40.857159630346054],[14.20836120455665,40.857118930665415],[14.208465511530338,40.85699480545445],[14.208557769802155,40.85689171401897],[14.20857130881929,40.856710289292494],[14.20857305747817,40.85656335805349],[14.208541496536041,40.85634704828274],[14.208486871858927,40.85615651153884],[14.208463825769462,40.855991707308746],[14.208713145490387,40.85596998137408],[14.208832933998517,40.85592845413756],[14.209485341354029,40.855903412849194],[14.209957692800696,40.85590728559079],[14.209967016270403,40.8560802249363],[14.210398588246624,40.85601960530218],[14.210513802945668,40.85610891732887],[14.21055354448374,40.85614312777591],[14.210628985475012,40.85620723287491],[14.210660570452783,40.85625081672365],[14.210740272184962,40.85635974326716],[14.210781811072389,40.856407377741604],[14.21088267382558,40.85653300339085],[14.211378070249143,40.85607259612121],[14.211535924238296,40.856194687714144],[14.211292684014321,40.856556060265255],[14.211346804909704,40.85678981154795],[14.211559910275556,40.857050580082486],[14.211788288804362,40.856982990895254],[14.211711719468994,40.85768260965999],[14.212296011777449,40.85785980507881],[14.212466429556269,40.857672491582974],[14.212831008973327,40.85691773308578],[14.213230042857345,40.85632796636212],[14.213650725834636,40.85587226062434],[14.214142326989746,40.85540433680913],[14.214262416975384,40.855272852249094],[14.214305446028645,40.855216884294],[14.214341961411563,40.85512520017026],[14.214351659557327,40.85509775314478],[14.214474350984252,40.854961649819565],[14.214659301896234,40.85475970259451],[14.215028463454638,40.85435584445367],[14.21519375990303,40.85417729510566],[14.21527371990856,40.85401611987262],[14.215339933577063,40.85387807458464],[14.21540393286897,40.85374012965486],[14.215447092007642,40.85364814400159],[14.215474159089608,40.85361540609085],[14.215664305561738,40.85340422050618],[14.215745123021986,40.853310528248706],[14.216115220693366,40.85305066902741],[14.216142959941674,40.85303590753496],[14.2161939431214,40.85302459271006],[14.216520264749867,40.852924268246426],[14.216543960034814,40.85290518760159],[14.216616553259195,40.85283887601199],[14.216713097005703,40.852784981977415],[14.216782417412208,40.85270531409484],[14.216843935033785,40.85263950463091],[14.216102938951718,40.8521689418318],[14.215785061917964,40.851925233941415],[14.215332624136032,40.85148555790822],[14.215276311982159,40.85141396152019],[14.215237489101687,40.85136459939544],[14.215070496908687,40.85115228232592],[14.214905675618287,40.850690305810005],[14.214806420413188,40.850083243300055],[14.21484483724937,40.84953371322475],[14.214878263964236,40.84944907974644],[14.214943567341672,40.84928374625067],[14.215036193516989,40.84903477885437],[14.215080763428038,40.84915426119315],[14.215058496564906,40.8493777915526],[14.215086088750313,40.849534555508534],[14.21512240489369,40.849782613996226],[14.215192132130065,40.849792956705905],[14.215311297523373,40.8498100620707],[14.215492353605601,40.84955877517874],[14.215567964298957,40.84917272461276],[14.215595768222647,40.848838356567256],[14.215630717617822,40.84874888762419],[14.215749989672926,40.8486697826623],[14.215855877021928,40.84861056632482],[14.215895554719314,40.848590856626195],[14.216066946601805,40.8485520645905],[14.216204918117912,40.84850914094772],[14.216241745501323,40.84843094675789],[14.216077783563556,40.84824932020563],[14.215984187476202,40.84810501592548],[14.216007504703374,40.847986921432174],[14.21602260310175,40.84789620700883],[14.216070375227776,40.84785352802752],[14.216300945675854,40.84738392562205],[14.216369576873333,40.84708822002401],[14.216472380950004,40.846935010424126],[14.215804422708437,40.8463580375947],[14.215248294638606,40.84616224105616],[14.215192601150274,40.8461512621265],[14.21483419903171,40.846050470920616],[14.214727625724324,40.84602379108572],[14.214217566024253,40.84601089825549],[14.213778675177252,40.84601728542777],[14.21339888217073,40.846011990576365],[14.213113297440064,40.84608344957035],[14.213006623199847,40.84608378193896],[14.212770370228208,40.84599095457182],[14.21258162314597,40.84592748318994],[14.212579277078083,40.84616166423074],[14.212578303291181,40.84622472992973],[14.212447785227988,40.846185628281674],[14.212317518121827,40.84617802680207],[14.212135817823738,40.84620426444004],[14.211758054142498,40.846537155884114],[14.211477225662438,40.84671089549052],[14.210958199865267,40.84696407810721],[14.21042778870793,40.84717664438954],[14.209839648655732,40.84735631625588],[14.209591401555882,40.84743215186453],[14.208733821494256,40.84772354035754],[14.207513368916045,40.84817366369763],[14.206414291526977,40.84874804641141],[14.20597881003725,40.84920446558348],[14.205962304047905,40.849228671900555],[14.205199492202295,40.85014045086785],[14.204578242505203,40.85075322805185],[14.204258662778793,40.85094019516439],[14.20427985326345,40.85115203285171],[14.204134648677067,40.851389748123665],[14.204054684477688,40.85162791152006],[14.20398000562104,40.85192016227226],[14.203819913662334,40.85216227791727],[14.20359711246462,40.85243999219955],[14.203447912563403,40.85251553180167],[14.203136194953935,40.852540402332025],[14.202662392226351,40.85247857408671],[14.202658567677451,40.85230288858337],[14.202842392245941,40.85181321336329],[14.202866067931797,40.85157015724986],[14.202183808812906,40.8518266752762],[14.201395159849712,40.85205092489353],[14.20079674880785,40.85212680106186],[14.200798393773548,40.85232167542235],[14.200798252520043,40.852357692426295],[14.20074558303401,40.85261215597544],[14.20073194108469,40.852702801953356],[14.200694916806635,40.85282601496953],[14.200635632904154,40.85297724359675],[14.200573010615264,40.85313312466791],[14.200517137946417,40.85326169126586],[14.2004377762353,40.85344983897001],[14.200380003248405,40.85359199607117],[14.200317027018539,40.85374339146428],[14.200219554545539,40.85384232757416],[14.19978894025966,40.85426692401325],[14.199699084406157,40.85435613328819],[14.199554676515788,40.854650532931466],[14.19942859717715,40.854775772017824],[14.19943311821353,40.85489290967008],[14.19906384511662,40.85501645989864],[14.198841403680989,40.85454553884218],[14.197108751384894,40.85422737086344],[14.196790005650442,40.854189908895435],[14.196621829309239,40.85460761670404],[14.196314317071396,40.85452890419454],[14.196376680502938,40.854277110617375],[14.195774123860355,40.85407022615639],[14.195443707994052,40.85392378980909],[14.195483352455854,40.85383398490791],[14.195028651854901,40.85366416036949],[14.194872559042906,40.85357298882548],[14.19470504309097,40.85344570550455],[14.194947043395972,40.85305553923852],[14.194838566950102,40.852951188539926],[14.194327275037123,40.852840275182615],[14.194206454921677,40.85279955075177],[14.194129332282714,40.8527724178176],[14.194202957675063,40.85269561820855],[14.19368862150082,40.852548438889066],[14.19345542213476,40.85259650986873],[14.193116609113883,40.85236219710155],[14.193293132971593,40.85219223522824],[14.192912521534998,40.85180852207937],[14.193185279254376,40.85149565113881],[14.193340932882307,40.85124822857779],[14.19432530381373,40.85159750357299],[14.19431843681491,40.85156432113314],[14.194445614695853,40.85126699563672],[14.194451777895335,40.851172445701266],[14.19446198626685,40.85101893535722],[14.194465929529716,40.85095573638089],[14.194498427888487,40.850859738032526],[14.1936631628021,40.85064986795228],[14.193556551276309,40.85063217410491],[14.19295089008186,40.850515467080236],[14.192831375589963,40.85049385252712],[14.192658453869424,40.85081796185975],[14.192076600516854,40.85062665427504],[14.19230467722475,40.85020252289478],[14.191781983203109,40.8500836944622],[14.19192127417405,40.84988170463816],[14.19197710315856,40.84980074440739],[14.192074152589965,40.84960522810066],[14.1913698196497,40.84944975973059],[14.19123353367489,40.84941277389792],[14.19107549256584,40.849726950622504],[14.190951987206807,40.84988372832067],[14.190815025150318,40.849927807839094],[14.190362072103797,40.85010479105187],[14.190008294757115,40.85017437187016],[14.189753876380912,40.850346405824915],[14.18973358235927,40.85039524407417],[14.188913235629425,40.850262374676305],[14.189085485561336,40.85000660149323],[14.189178471181506,40.849868527115994],[14.188704883359973,40.84967416146558],[14.189253388537226,40.84887977154782],[14.188708056978133,40.84867807946521],[14.188955441718097,40.848270095996895],[14.18869784329069,40.84829457282211],[14.188080951044828,40.8482233617336],[14.187810198677274,40.84808702250556],[14.18775640668535,40.848062438815084],[14.1874329911374,40.847896963384855],[14.186961749217593,40.84759410380273],[14.186359948266627,40.8473556475719],[14.186300951547938,40.84734030095163],[14.185401511257995,40.847133263376655],[14.184322955516297,40.84712785248236],[14.183953388109055,40.84723453557806],[14.183357998755449,40.847409910825775],[14.182600417891559,40.84786623389192],[14.18240112402923,40.847990766121704],[14.182493780370251,40.84797406340766],[14.18265932628834,40.84796952190342],[14.182875624672207,40.848119645487884],[14.182957660307574,40.84817737628381],[14.183031893413922,40.84825791328024],[14.183096919761816,40.848475544416964],[14.183192946406953,40.84861910005886],[14.183289114369519,40.84875122696079],[14.18377024247276,40.84886074155214],[14.183859217931978,40.848880994008],[14.183878695580225,40.849132593198135],[14.184023718589495,40.84923452635153],[14.184075721448988,40.84924568771728],[14.184118472955902,40.84926176661729],[14.184127923285024,40.84929735331984],[14.184140991025064,40.84935078148955],[14.184149554918596,40.84942241979208],[14.184184192564018,40.849704452403834],[14.184206523307687,40.84983849049512],[14.184259085436878,40.850160228558984],[14.18426523169998,40.85019146257063],[14.184333406700693,40.85066554676454],[14.184455218457044,40.850934647616306],[14.18447947416955,40.850960563926655],[14.184557704530398,40.851146100671095],[14.184668920796879,40.851478699831624],[14.184717412564371,40.851625062576055],[14.184720763553226,40.85188599803957],[14.184722494602635,40.852092988584275],[14.184745042464776,40.85244308754049],[14.184759975196435,40.852491930896434],[14.184775977087932,40.8526397578721],[14.184726161820647,40.85290308946005],[14.184734572332582,40.853190805396245],[14.184731352198698,40.8534340307224],[14.184757878871652,40.85353636857013],[14.184751930364037,40.853725698937254],[14.184749230717062,40.85384285958641],[14.184761817232955,40.85401334832274],[14.184763949203989,40.85439137677709],[14.184764241842577,40.85449939852715],[14.184752747088584,40.8549590675504],[14.184751822951629,40.855004124883244],[14.184767177080081,40.85521950365686],[14.18477205062038,40.8552913082001],[14.184777661417655,40.85536307861465],[14.184824643134036,40.85551851334345],[14.184964672830464,40.85566975339653],[14.18504662297237,40.855760590895535],[14.185140056722554,40.85593193715274],[14.18515176146909,40.85595841899219],[14.18518641374038,40.856060391362526],[14.185199445989957,40.85612282410204],[14.185201513270618,40.856158743463816],[14.185183418619774,40.85624958860306],[14.185158530314528,40.856376751592215],[14.185144681235123,40.85651242014144],[14.185216257794723,40.856612727300394],[14.185248529702495,40.85666529149284],[14.185380439452373,40.85681689697849],[14.185426355457055,40.85687334767355],[14.1857276373759,40.85731441608607],[14.185705113416764,40.85740546096425],[14.185692373803548,40.857451050010745],[14.185651810472562,40.85752940335658],[14.185505530537236,40.85781959055053],[14.185485793318339,40.857860993436724],[14.185338033758986,40.85815124623076],[14.185143653527389,40.858556138498216],[14.184951711797694,40.85872684264783],[14.184931272537684,40.85875927395345],[14.184864787377377,40.858856801649914],[14.184799075338733,40.858945292230295],[14.184602164184737,40.85915673300568],[14.18453076823567,40.859191460793355],[14.184344750948766,40.85926736583763],[14.184176720603446,40.85927943984701],[14.183937051060227,40.85929474101596],[14.18372509516743,40.85930429310769],[14.183674488016228,40.85931107418592],[14.183848906176232,40.8593617341225],[14.183918216959494,40.85938562020672],[14.184298769758518,40.859674571071636],[14.184458908910552,40.86005448170904],[14.18439662542264,40.86038589682643],[14.184199816265995,40.86075038299673],[14.184158937100468,40.86081524539012],[14.184045883120698,40.86092387532075],[14.183914290462278,40.86105134503224],[14.183890433598284,40.861106437117044],[14.183832216602466,40.86116758092805],[14.183793625687011,40.861214333811176],[14.183922799684918,40.861306195094905],[14.184141522050307,40.861659154083135],[14.184118625174218,40.861816391245945],[14.183642586979385,40.86259690469233],[14.18250884662027,40.86342843023184],[14.182267455589676,40.86357236870838],[14.182242981258144,40.863547093863865],[14.182295087748557,40.86342455548808],[14.182127948900796,40.86349607652874],[14.1819869745902,40.86353900233826],[14.181819903708664,40.8636884222455],[14.181587519793139,40.863774626093],[14.181377367087059,40.86406806899279],[14.181200719976422,40.86432409790722],[14.181015452660171,40.864465478071665],[14.180828012127824,40.86439531806845],[14.18072938527287,40.86435840125534],[14.18030449566706,40.864166926252516],[14.180256187221731,40.8642411250323],[14.179981145080719,40.864411062716535],[14.179694084489975,40.86460903471767],[14.179647982593954,40.86464082812534],[14.179799822878811,40.86472304393955],[14.179876397023406,40.86476450630393],[14.18011451039123,40.86475128662077],[14.181412153396536,40.86537685523381],[14.180907776761737,40.86606548078648],[14.180040554682462,40.865886602780726],[14.179247876749459,40.86604942272688],[14.178912652757852,40.8659434418348],[14.178789623612674,40.865797637746084],[14.17840578143248,40.86568173666286],[14.178121323082191,40.86575791378544],[14.1777459542398,40.86558978712355],[14.177234664359268,40.865389389799994],[14.176789080611549,40.865197562691286],[14.176618912297748,40.86516284534091],[14.176299650577008,40.86515905065651],[14.176257167920454,40.86514649870627],[14.176037432884627,40.86505118504966],[14.176450176128348,40.864544828395],[14.17625601402628,40.864502775820554],[14.176126370964868,40.86449089561083],[14.175967820027449,40.86448428544462],[14.175759003858849,40.86446088507076],[14.17571284406906,40.86443212162029],[14.175602482881253,40.864423582248],[14.175453893311404,40.864404584108634],[14.175220936730527,40.864795699012724],[14.175303985124831,40.86483660762469],[14.175533707984497,40.86501051563342],[14.17576399278588,40.8653859136236],[14.175763828703559,40.865431663319214],[14.175751931370042,40.86547690106464],[14.175815150075232,40.86574259005354],[14.175845429536343,40.86598278492365],[14.175672015078634,40.866387894661564],[14.175555716799327,40.866549080641555],[14.175521286860105,40.86664356292401],[14.175325510382493,40.86686614631786],[14.175350860477943,40.86697704915474],[14.175343610606262,40.86704361781686],[14.175338152310944,40.86707442008214],[14.175327427994254,40.867120607066866],[14.17532666303257,40.867182285164425],[14.175290464793749,40.86723599963889],[14.175249432393846,40.867270403749345],[14.175163105052402,40.86727364196585],[14.175000933716674,40.86725320523294],[14.174960523103396,40.867237494930066],[14.1749543948826,40.86732226610616],[14.174953725147445,40.86737623502395],[14.174939103932333,40.86742136475217],[14.174772145154263,40.86792500953688],[14.174435127145237,40.86793105227146],[14.174430478484041,40.867902522410326],[14.174462112862297,40.867838338446866],[14.174477172132223,40.867739072913366],[14.17456096305405,40.867531489485486],[14.174552009436066,40.86743504442204],[14.174452370415286,40.8671897186197],[14.174102824626882,40.866728283144205],[14.17395332426263,40.86659802258782],[14.17366883775726,40.86693236271407],[14.173502030854285,40.866860790922495],[14.17302311959355,40.866655301064746],[14.172803276364395,40.86657988934452],[14.172668371807505,40.866730486862814],[14.17243577905729,40.86659402201384],[14.171991451524423,40.8663404002782],[14.171964429285746,40.866603204690364],[14.171888477444867,40.86674678965098],[14.171506549791554,40.866924208411376],[14.171314686914522,40.86708497626989],[14.171040169447123,40.86697490526048],[14.17093232742037,40.86686633921252],[14.170812853274347,40.866843461326646],[14.1707137197273,40.86679222738664],[14.170639211364897,40.866766430517],[14.170572938555342,40.86674700769559],[14.17049827328564,40.86673384111853],[14.170398589564257,40.866726808344055],[14.170317406661189,40.86672742312983],[14.170185544682683,40.86673785126461],[14.170114908884702,40.86676353294378],[14.170042561859201,40.86684330956532],[14.169921619519773,40.86706031488355],[14.169813273689485,40.86718222346675],[14.169706637709426,40.86725003703094],[14.169598759563323,40.86726388733928],[14.16955685349349,40.867220755652774],[14.169531507123699,40.8671903845217],[14.169482372678873,40.86702603672916],[14.169437241322678,40.86687501466654],[14.169478420311913,40.86640500772695],[14.169493898008538,40.86615673057237],[14.169495027335405,40.86606664998094],[14.169484803803874,40.866040100816925],[14.169448106856732,40.86598773092255],[14.169409389214918,40.86595886094842],[14.16935523785809,40.86594689020447],[14.169317997065939,40.86593505894543],[14.169269869065095,40.86596423024704],[14.16918220739404,40.86599968048842],[14.169138939016106,40.86601512861869],[14.168972281859615,40.866130653459955],[14.168940053636508,40.866154608605314],[14.168754931209909,40.86627096284835],[14.168669405071485,40.866324321283436],[14.168529142954384,40.86639814618925],[14.168414150817238,40.86643482290987],[14.168361320192048,40.86644169810817],[14.168273833243957,40.866436625569236],[14.168230741510687,40.86641155207692],[14.168177461478193,40.86635041044963],[14.168193094981557,40.86632321356435],[14.168218643759527,40.8662743174357],[14.168313522801515,40.86619351792211],[14.168367729844613,40.86614807526569],[14.167389411347301,40.86585627574255],[14.16741835429709,40.86577319984477],[14.167421098853445,40.8655540843883],[14.167143742399183,40.86517970647132],[14.166855291229957,40.86498784413565],[14.16675663440478,40.864920250809725],[14.166662019260066,40.864856977455354],[14.166803687885869,40.86459340029143],[14.166620676727245,40.864547255258444],[14.166674374045616,40.86444803515328],[14.166419747210186,40.864361530020695],[14.165962192800855,40.86424865317639],[14.166099438479488,40.86367942603222],[14.165705934523595,40.86363447352641],[14.165863461783658,40.86317506772075],[14.165783674167347,40.86314265234911],[14.165693145359652,40.86309228255152],[14.165497706260776,40.86301984805241],[14.165420934328441,40.862990882973335],[14.164973570398741,40.86325823914601],[14.164658875505392,40.8634524278491],[14.16453150388314,40.86351592766962],[14.16431865136328,40.863495340730225],[14.164168472268276,40.86347520717468],[14.163868594488832,40.863396856074154],[14.163386636982429,40.86384090322696],[14.16296602873772,40.864390136843355],[14.16294792718898,40.86444042712071],[14.162836121645189,40.8647510362583],[14.162782262821711,40.86504583253164],[14.16265355194816,40.86531151988759],[14.162778664448666,40.865331473095324],[14.162737818659352,40.865588274427395],[14.162587395856683,40.865587181614735],[14.162480754969645,40.866091083787175],[14.162004652689964,40.86606857997907],[14.16201382482503,40.866335267518004],[14.161537120988795,40.8663603687862],[14.161539281808958,40.86618898452887],[14.161530076977362,40.86577157794761],[14.161529820230719,40.865663553103644],[14.161525709758909,40.865591713892286],[14.161497636371122,40.86509780847592],[14.161394969721979,40.86510241400258],[14.161331449099881,40.865105263987246],[14.161097242748772,40.86510994587865],[14.161096316621613,40.86525535999864],[14.161085814987093,40.86529184387727],[14.161075582507532,40.8654180125751],[14.160734705221945,40.865373746651954],[14.160776999337894,40.86500268998639],[14.160144398441998,40.86461914888716],[14.160141001201854,40.8645203238765],[14.160145169360584,40.86440771415556],[14.160238098534958,40.86437283040074],[14.160525462536791,40.864240836624454],[14.160627337203023,40.86408279107202],[14.160815626741014,40.86386798492851],[14.161149283950797,40.86356491949361],[14.161288474641221,40.86340112256205],[14.161114784786738,40.86343592385264],[14.16050842601838,40.86353965150758],[14.159984236005265,40.86368020377591],[14.159701069380063,40.86375592527414],[14.159596376023387,40.8638011343904],[14.159466569645716,40.86384746974009],[14.159345545444475,40.86391141654224],[14.159305230230881,40.86392672941739],[14.159081302540647,40.863801727006106],[14.158959319953453,40.863586623015586],[14.158939150049328,40.86355601729637],[14.158886993642156,40.86349533486292],[14.158860176309357,40.86346502723298],[14.158727085174874,40.86343527546251],[14.158600693474332,40.863283098485546],[14.158557952900301,40.86318148022188],[14.158502778011663,40.86305341085406],[14.158463340010163,40.86295614605083],[14.1584437975242,40.86270493761168],[14.158384029204464,40.862613085999534],[14.158364771747939,40.862298844243526],[14.158343426619254,40.862119741206854],[14.158379901142105,40.86205508516872],[14.158522650659298,40.86200366820745],[14.158547430508257,40.8619125278636],[14.158585398311981,40.861762274521766],[14.158669856696239,40.861618941400636],[14.158683638593699,40.86151028783426],[14.15867202412991,40.861465792722456],[14.158543626614229,40.86128248700766],[14.158640842350522,40.86109356591543],[14.158691772923758,40.8608527020881],[14.158695247722264,40.860573453755755],[14.158686784634355,40.86032174851035],[14.158771118168115,40.86020542869877],[14.158868130161453,40.86006153161287],[14.158916500351438,40.8599783355973],[14.158990283349619,40.85974545003511],[14.158970205546439,40.85944925154487],[14.15887977921025,40.85911569343565],[14.15879904262382,40.858925749023896],[14.158777391185026,40.85873315500351],[14.158744311444464,40.858536571858636],[14.158687128570259,40.85836357751042],[14.15855794167182,40.85827483878147],[14.158547108540665,40.85822130631848],[14.158465350960888,40.858094428838754],[14.158445787208244,40.85776669598652],[14.158473205845784,40.8574998778611],[14.158504733779719,40.85689526128042],[14.15862061086466,40.85608879764834],[14.15864727191324,40.85590754285449],[14.158656232809228,40.85580360616194],[14.158656129087472,40.85574509008364],[14.157533660656725,40.85611769400248],[14.157467261498198,40.85613634622079],[14.157337091663992,40.856222869298705],[14.157302567233607,40.856264930483114],[14.157277991345035,40.85631104726666],[14.157146166911108,40.85639798373049],[14.157080193248802,40.85645495944982],[14.156978689114517,40.85653153334138],[14.156942378192369,40.8565601706169],[14.156906805705368,40.85658877387975],[14.156855349317551,40.85662961772945],[14.156438493897172,40.85662615498986],[14.155634122104278,40.85661658214701],[14.155608719562974,40.8557182581501],[14.155482593898416,40.85567577837999],[14.155388739977145,40.855612460303774],[14.154453673124552,40.85557074130393],[14.154650627974618,40.855923583193224],[14.154425958430108,40.85598994929442],[14.154791042075772,40.85661607387937],[14.15441694867051,40.85669834641708],[14.154357565955891,40.85659047745906],[14.154342611582441,40.85655063398427],[14.153730243709154,40.856721648176915],[14.15375967014176,40.8567856760297],[14.153795583019718,40.856863820205604],[14.153428368566711,40.85699148251468],[14.15326879148649,40.85663324494982],[14.152591012043413,40.857127024566395],[14.152765002136752,40.85752504281767],[14.152435807782298,40.8575963046348],[14.152398042374843,40.8575245371229],[14.15237326559223,40.857459171662136],[14.151375280607512,40.8576791868515],[14.15138057016765,40.85784925818791],[14.151156831902732,40.857841943601905],[14.151150239777383,40.857773882848974],[14.150851535453887,40.85779435362523],[14.150717805338035,40.85781760206683],[14.150657203376383,40.857821260683494],[14.150672787926414,40.857925900426544],[14.15069445833688,40.858109492287134],[14.150605612255163,40.85855911971832],[14.150421965750528,40.85899048424317],[14.15036323038068,40.85955228936138],[14.150975787957554,40.8595456430969],[14.151007215643268,40.85964523475239],[14.151562908519175,40.85966174518362],[14.151771477344463,40.859973780828184],[14.151523395222316,40.860195515613164],[14.151251958294877,40.86016143068413],[14.151083423484174,40.86014026593068],[14.150739609667204,40.860115225777406],[14.150384067430906,40.86007704640477],[14.150289223368095,40.86006778772722],[14.150231655138056,40.86041084729246],[14.150211054026938,40.860533612647224],[14.15018764557221,40.86059113140961],[14.150586571896417,40.86062392884969],[14.150985575237605,40.8607191280457],[14.15144924056825,40.86079467896185],[14.151600888187502,40.86082976385391],[14.151856320277775,40.86085272274595],[14.152178716812415,40.86089064160829],[14.152330003485476,40.86089300695292],[14.152348150430848,40.861076863343506],[14.15176972029675,40.86108601870255],[14.151626545624863,40.86137299528214],[14.151345234527252,40.8613018418828],[14.151117031322416,40.86163031540201],[14.151916997843545,40.86184574413424],[14.152099816607587,40.861928281022216],[14.151881668398387,40.86227200640156],[14.151294431342942,40.862063297391],[14.151116822004468,40.862269949191585],[14.150889098425731,40.862436054182446],[14.150910449747462,40.862956633899735],[14.150558105048225,40.86299334392495],[14.150544522738295,40.86335966034928],[14.150509979613416,40.86351968129699],[14.150023908446734,40.8634925164662],[14.150047403569705,40.86325746686455],[14.150052885749203,40.863173230547204],[14.150076167287844,40.86300018386559],[14.150114292239433,40.8628519130215],[14.149507012972414,40.862560844837176],[14.149230609367585,40.86283703357217],[14.149023655465987,40.862729045293726],[14.14886665810758,40.86263727999579],[14.148761449971772,40.862747684629795],[14.14869808773527,40.862803456635405],[14.14860494335914,40.8628854418762],[14.148537322278518,40.86293064466806],[14.148420486522442,40.86300874549591],[14.148400161754566,40.86303781353055],[14.147742681762786,40.86340934988998],[14.147463247006899,40.86355239743408],[14.147346642231522,40.863616134845806],[14.147681352822923,40.86381272979265],[14.147925424156503,40.8639683646745],[14.148306767184506,40.86422139089991],[14.148601554047866,40.86440222700378],[14.148690180292025,40.8644425607462],[14.148922683100295,40.864365299468126],[14.149060310736441,40.86460400051262],[14.148534541301006,40.864778714298865],[14.148408073306031,40.86475287836966],[14.147856520630812,40.86491614478496],[14.147748084884038,40.8651225726553],[14.147354171889745,40.86532896551209],[14.14728098048625,40.86525643519438],[14.146985168424004,40.865372237902776],[14.146771105081491,40.86548864370187],[14.146631332732488,40.865549709424414],[14.14678213006873,40.86570462093002],[14.146863399290993,40.86578334269766],[14.146601464525906,40.86596555888575],[14.14669781912198,40.8660597099164],[14.14679044840377,40.86615021827375],[14.146909625750471,40.866266669039966],[14.146972893751128,40.8663284885951],[14.14565043777452,40.866963848091835],[14.14588861702109,40.867377109357896],[14.14593496628456,40.867433185978726],[14.146251009905622,40.867815551235985],[14.14630168289629,40.86787630501036],[14.146430442265949,40.867978581472634],[14.146673271822252,40.86816578561027],[14.146836160427897,40.8683925768987],[14.146857868800618,40.868567164621304],[14.146950324025047,40.868613920477344],[14.147097971426076,40.86865756666804],[14.146896965226516,40.868656574690064],[14.14678199310602,40.868655438910736],[14.146552509670968,40.868611683907865],[14.14589666042016,40.86848607031708],[14.145161649236737,40.868345290291074],[14.144806565888459,40.86828003791014],[14.143940828429931,40.86812078768608],[14.143512970762169,40.86794887230337],[14.142962313601979,40.867727893035635],[14.142800124262939,40.86763762464224],[14.14233291106824,40.867377896526726],[14.141983390209683,40.867186442370944],[14.141463405108885,40.86710725032758],[14.14063513584774,40.86698115068948],[14.140745477064183,40.866719595658786],[14.140807632742613,40.86656414864435],[14.140892345105804,40.86635290807432],[14.14107502057066,40.86594860090613],[14.140937846140812,40.865522584598644],[14.140670195300155,40.86512490041994],[14.140145746770095,40.86445509022244],[14.139539237113269,40.863698560264275],[14.139490589946933,40.86363809727693],[14.139429097254455,40.86364897799625],[14.139665074115658,40.863385041507605],[14.140176647040525,40.86313396656902],[14.140307277344046,40.86307559232823],[14.140367666975372,40.863032380340165],[14.140467335242935,40.86296040353162],[14.14052329291008,40.86291738950189],[14.140762553828402,40.86276265004228],[14.14083406515241,40.86270993670266],[14.140929953399237,40.86265613576849],[14.14106176962982,40.862578220216385],[14.141634867643427,40.862255508455306],[14.14176668221126,40.86217759218747],[14.14188628802133,40.86210472486865],[14.142043032229507,40.861908653959766],[14.142178346954232,40.86156049047149],[14.142082729186608,40.86101557874525],[14.142023794347386,40.86067609687962],[14.141888338737314,40.86012396233809],[14.141764011989773,40.859638853457994],[14.141768640685854,40.85928752722295],[14.141914254543288,40.8590244316667],[14.141962866482022,40.858972742990424],[14.142324905489671,40.858461393406195],[14.14250627201897,40.85821020385972],[14.14262707988647,40.85803824761323],[14.1432546597982,40.85719541770149],[14.143850456014142,40.85647117446498],[14.143870107657957,40.85641614773862],[14.144075568641435,40.85637754831596],[14.1459446759965,40.85655294958959],[14.146253163494636,40.85650764005084],[14.14640838318324,40.856473687746565],[14.146694353322632,40.85634835720931],[14.147843957950087,40.85549115139506],[14.14802164629025,40.85554622185014],[14.14826963223434,40.85564766204635],[14.148655654505248,40.855790536679805],[14.148779638706507,40.85584991537321],[14.148847889231725,40.8558603656113],[14.148948577260214,40.85589011731946],[14.15039453233058,40.85548818259753],[14.150563785491844,40.85543572328551],[14.150629310408137,40.855415415295056],[14.150945790795525,40.85530129660207],[14.151121034671807,40.85523810472633],[14.152085423726206,40.85502669315297],[14.153044649827626,40.85477691617264],[14.153905612126879,40.85467507596694],[14.154580597667847,40.85464102385792],[14.154702849795747,40.85463485658387],[14.155146487636143,40.854674133352965],[14.155572083384829,40.85485455244607],[14.155767556719844,40.85514070186381],[14.15637733485647,40.854995824050974],[14.156511199949332,40.8547310622805],[14.15665395866917,40.854466366287994],[14.156656529823486,40.85426370169202],[14.156623625589601,40.85405177026925],[14.156535061662401,40.85378538124083],[14.156558734703676,40.85355584610291],[14.15662256237465,40.8532004912185],[14.15658965905953,40.852988558827505],[14.156288192903085,40.8529052793995],[14.155615059284704,40.85266163667108],[14.155187275915605,40.85248284428808],[14.154663907770562,40.85235739867868],[14.15480569660691,40.852169266576254],[14.154410012323197,40.851977922090256],[14.154606378495245,40.851734860828394],[14.15494302718631,40.851283992284316],[14.1549914343002,40.85124771733933],[14.155362951834388,40.85089533414116],[14.155410710713511,40.85084987060086],[14.155545775504772,40.850721297108805],[14.155585381613152,40.850673180977374],[14.155829841510988,40.8503475792365],[14.156127565323454,40.849962920120696],[14.15616598845082,40.84992267429365],[14.156210632508095,40.849872694484546],[14.156581061482619,40.84948702017852],[14.156628573656194,40.84944113595946],[14.156755065246283,40.849323550242616],[14.157134946226313,40.848963881235],[14.157183280688212,40.84891821292525],[14.157518142261038,40.848602662412006],[14.157568097446784,40.848558647202296],[14.157871179718528,40.84829821001248],[14.15821176266201,40.84800394388967],[14.158263823182788,40.847961399649485],[14.159002093127272,40.84736961116861],[14.159056587241738,40.84732798831833],[14.15967923937505,40.846859970246655],[14.159733668782227,40.846818821754574],[14.160583583163525,40.846180943723226],[14.160788648788188,40.84583975616059],[14.161030848572983,40.84550027952818],[14.161252025076564,40.84490964911636],[14.16113674108529,40.84433463837916],[14.161129883315779,40.844301482974274],[14.161190844434536,40.844294105274116],[14.161265285499443,40.84427526946849],[14.161366373346763,40.84445079460311],[14.161474869984563,40.84470251344227],[14.161550221489346,40.844937712826415],[14.16160692623412,40.84513323529698],[14.161626211211933,40.84552400057759],[14.161636923636186,40.845604547738965],[14.161655001792203,40.8460178751132],[14.161664489896575,40.846206512728465],[14.161695511317667,40.84661475778227],[14.161669571282134,40.84671945643676],[14.161631722172254,40.846928223326884],[14.161570015488312,40.847106550326274],[14.161410120571443,40.84761339170316],[14.161347593504015,40.84780976087399],[14.161113783441584,40.848499976246515],[14.16103923760602,40.848741900376744],[14.161002703302136,40.848934910152536],[14.160924511674692,40.84938175994031],[14.160899657155374,40.84949091044169],[14.160885354647641,40.84971662810501],[14.160858227801592,40.849920412191324],[14.160711890926512,40.850204586324644],[14.160703938376392,40.85032796710406],[14.160698406061918,40.8504092430518],[14.160673242492736,40.85050490349528],[14.160763742365049,40.850820450649444],[14.160800893352933,40.85085029435162],[14.160876710507546,40.85090091146201],[14.16093818945212,40.85093866695738],[14.161252423347246,40.85092006923637],[14.16132070910247,40.85092150730822],[14.161745574363994,40.85101048196905],[14.161829168812437,40.85105624789543],[14.162206370759446,40.851237389401724],[14.162379854516583,40.85132413643887],[14.162618512638327,40.8514484728456],[14.162938268583071,40.85168170634505],[14.163453816734995,40.852050199643884],[14.163653257485567,40.852194299443454],[14.163693610752908,40.85183686890126],[14.16371947870229,40.85166465100822],[14.163757402387029,40.85143787380938],[14.163738523765034,40.85136669753339],[14.163796574960559,40.85117953031345],[14.163786447895758,40.85104944145766],[14.163764237504646,40.850897387008764],[14.163743943721444,40.850646214244044],[14.163770871409675,40.85040192333251],[14.163843249414555,40.85031314712274],[14.163997704895568,40.850279204673846],[14.164105248222663,40.850251870298536],[14.164263315712699,40.850235771718694],[14.164403241606605,40.850148464572655],[14.16458246374561,40.85002337957],[14.164693739748245,40.849986873905074],[14.164857134069463,40.84993452356583],[14.164848238331455,40.84990116191434],[14.165015158840976,40.849594317769984],[14.165168609482901,40.849495148546325],[14.165234643720954,40.849462923469986],[14.165324892576947,40.84942285968316],[14.165364418221621,40.849416583457014],[14.165473517289923,40.84937117251796],[14.165533448521064,40.849341472088895],[14.165599639007947,40.84931599307393],[14.165883536585246,40.84939327551835],[14.165990100411454,40.84942000064072],[14.166019828581273,40.849459180015025],[14.166038908865017,40.84948533185474],[14.166071200536242,40.84952889678971],[14.166200378347602,40.849617627563354],[14.166366366750555,40.84964618628544],[14.166496990240576,40.84965832570474],[14.166670443239855,40.84959837346483],[14.166753952945824,40.84957789601485],[14.166855530714324,40.84949957463134],[14.166622345869264,40.849284441940924],[14.166466153647532,40.84913632804025],[14.166288357473796,40.84894840329089],[14.166022041895584,40.84870732981877],[14.165869943683084,40.8485431019018],[14.165989846473092,40.84847469653623],[14.16632319407358,40.8483877047693],[14.166537533771574,40.84833306430335],[14.166834228121544,40.84827022324131],[14.166889587694566,40.84824381733177],[14.166839892348671,40.848725642935655],[14.167148276745147,40.848966586904616],[14.167358261085536,40.84901314440231],[14.167499250047351,40.84912226026184],[14.167680208424425,40.84919647410387],[14.16789282414521,40.84904645147815],[14.168011558591557,40.84899160125116],[14.168226446517489,40.848896419610384],[14.168536944636122,40.848715915477094],[14.168704143941254,40.848636380172],[14.168929671741743,40.848639752290524],[14.169179803983246,40.848588001227206],[14.169310194015704,40.848568637751],[14.169690208558169,40.848529054062716],[14.169817534131912,40.84846848516587],[14.169903533104534,40.84847956943646],[14.170449372513323,40.84815291270378],[14.170917911927202,40.847818350547584],[14.171220443024325,40.84760748219145],[14.171504265625066,40.84734505381867],[14.171884362504576,40.847120048078445],[14.171980292956096,40.84704897971726],[14.171496863704832,40.84652066505389],[14.17147051239626,40.84649345089543],[14.171964668932036,40.846343861891356],[14.172390227362975,40.846225307045835],[14.172263564016799,40.84591812009184],[14.172395160290517,40.84582898205325],[14.172878229210982,40.84585496860548],[14.173040539468905,40.8459191906914],[14.17320900306688,40.845965439232586],[14.173462232705644,40.845872668059116],[14.173586328532554,40.84567087357559],[14.173588232902244,40.8455177485897],[14.173459325937102,40.845390710049934],[14.173380941763636,40.84525502613632],[14.173361640355788,40.84513778158585],[14.173502520934179,40.845017181019365],[14.173665611635794,40.84501834861332],[14.17373655521154,40.84503687387649],[14.173889240461103,40.84492086117882],[14.174008019749621,40.84490819979886],[14.174108559943923,40.844931441199556],[14.17433582116648,40.84454121293002],[14.174338001002846,40.84436556856154],[14.174451966031391,40.844024073948944],[14.174494988599397,40.8439027714212],[14.174656006662614,40.84383185793018],[14.174849138347383,40.84380171196066],[14.175082382233837,40.84364573831595],[14.175264769820402,40.84352543114175],[14.175417447790023,40.843409416816286],[14.175662270641384,40.84327604485801],[14.175862344031215,40.84340358944041],[14.175992813681455,40.843404521558334],[14.176161608807968,40.843423744129254],[14.17642450932379,40.84350669625172],[14.176553920797085,40.84359319722104],[14.176551913601639,40.84375532994566],[14.176470235180961,40.84388536524473],[14.17638905627395,40.84397486741096],[14.176073791972915,40.844049184868595],[14.175791925527417,40.8440606829457],[14.175538427359268,40.84417597730983],[14.17541484041944,40.84433724028746],[14.175293773460751,40.844534555468904],[14.175139527590792,40.84477667271763],[14.175036696399955,40.84493808383681],[14.174972470195387,40.84509526809033],[14.174931797397525,40.84526613192458],[14.17492950619012,40.84545078264439],[14.174935064749013,40.845693921317306],[14.175001738061624,40.845692797599305],[14.175108733156991,40.845693563058745],[14.175455796956095,40.84575024506172],[14.175748104712618,40.84590816034619],[14.1758628409145,40.84600383023603],[14.175923912498108,40.84611266596458],[14.176011900724815,40.846208145397924],[14.176233215469264,40.84633845181014],[14.176517701339058,40.846408233971516],[14.176606446317587,40.846442741919425],[14.177224271893573,40.84652921482279],[14.17744925103927,40.84657310821173],[14.177554807730226,40.84666288905038],[14.177754496999723,40.846838463002236],[14.177882009323834,40.84688674209458],[14.178018293107352,40.846927064503326],[14.178143794132419,40.846873759424604],[14.17898562243474,40.8465816556541],[14.17924378085111,40.84661736881664],[14.179968936278605,40.84638540257436],[14.180227010149455,40.84642788679337],[14.180324507123377,40.846476004839054],[14.180368837975085,40.846496645287026],[14.181146735560933,40.84632602188156],[14.181298898422623,40.846279676704654],[14.181381315065067,40.84610411101755],[14.181436815254823,40.84594190549417],[14.181491145885367,40.84587454044219],[14.181607225349692,40.84586181449493],[14.181705388220292,40.84585573574582],[14.181749804042024,40.84586960146596],[14.18183846805762,40.845910881134],[14.181899673077783,40.84600955286669],[14.182014211194113,40.84612215217951],[14.182120791097287,40.84615678428805],[14.182263119041705,40.846184892996064],[14.18241436535293,40.84621306614387],[14.1825655267599,40.846248012377906],[14.182663107518366,40.84628935426922],[14.182985430435057,40.84618323730463],[14.183066509386546,40.84611606284855],[14.183183420728822,40.846035589688945],[14.183400325646467,40.845800001246594],[14.18346222887724,40.845690149495255],[14.183668217196033,40.845329753909056],[14.18388690529217,40.84493277227184],[14.184005902818019,40.84472034250852],[14.184368566589391,40.8443168723197],[14.184418497564867,40.84427297011592],[14.184337237344987,40.84403919216851],[14.184280080070248,40.84384820391957],[14.184094884303562,40.843469422212955],[14.183789856153178,40.84315005581128],[14.1835787020825,40.84297951059071],[14.183437202838109,40.84292286483777],[14.183366084090093,40.84289455807479],[14.18299529714856,40.842789047193456],[14.182751523571254,40.842719677956055],[14.181994541981243,40.842533203261254],[14.181651667398562,40.84244061067078],[14.180771626801606,40.84216943435171],[14.180708422780897,40.84213647499028],[14.180548544566996,40.842062646920176],[14.18047634043438,40.842029885625806],[14.18043506885389,40.84201373863756],[14.180338651085547,40.84194605586152],[14.180258788299659,40.841891133204875],[14.180256024516751,40.84184624190267],[14.180248906656136,40.84178354215284],[14.18024249034653,40.841729813062784],[14.180239764587581,40.8416759177984],[14.180190200632,40.840737338352696],[14.180179734175837,40.84059376191888],[14.180149809634182,40.84016296709891],[14.180126006117186,40.839943466187826],[14.180096837469868,40.83968369265709],[14.180075844010268,40.839585605034266],[14.180073818999631,40.8395406813582],[14.180055792329451,40.839176872610786],[14.180087827508205,40.83893235056963],[14.180120136604716,40.83871032226387],[14.180157810785435,40.83852856656338],[14.180230269447009,40.83841276647992],[14.180446146745762,40.838245495558475],[14.18062909387006,40.8379221528553],[14.180641209023415,40.837849583919066],[14.18065942134207,40.83773172468],[14.180665517479422,40.837686436224836],[14.180688357965385,40.837608881850805],[14.180728831704998,40.83746301162348],[14.180770791919214,40.83740260256841],[14.180897758396886,40.837225829795486],[14.181054795399174,40.837007187659694],[14.181156308345289,40.83682705838769],[14.181187542594783,40.83677163469482],[14.181271508593769,40.83672733916881],[14.181570412564264,40.836560827799524],[14.181755984384134,40.836489449759426],[14.181824329964776,40.8364728668067],[14.182003181103239,40.836419796463254],[14.182102922494698,40.8363972985679],[14.184317784197551,40.83592839567069],[14.184736101992954,40.83588703806028],[14.185314121036887,40.83586999231728],[14.185432981801041,40.83586463521633],[14.185516092237537,40.83584738461265],[14.185465712302607,40.83571461180027],[14.185420984321745,40.835464544295384],[14.185404028064012,40.83537077734713],[14.185302007371652,40.83523132697399],[14.185256886493017,40.835165838788015],[14.185118740550106,40.83497174853709],[14.185019299305088,40.83478941851856],[14.184903016513545,40.83461910131403],[14.184851712415647,40.834531383751916],[14.184754589011826,40.83436920609534],[14.184725671050774,40.834311988843176],[14.184661655146574,40.83417532855253],[14.184636779049962,40.83412243070466],[14.184564717647117,40.833968126625834],[14.184547149354769,40.83393290573076],[14.184461839712167,40.833770195437424],[14.184445009856798,40.83373494214971],[14.18438173337585,40.8335982474627],[14.184379042754694,40.833535347601774],[14.18434798589965,40.83346022213685],[14.18432573881054,40.833308173868524],[14.184303115664816,40.83324617217488],[14.184268406515528,40.833162208114466],[14.184245933543469,40.83306418796587],[14.18423662659503,40.83303039628938],[14.184210248552098,40.83294875775268],[14.184188013544176,40.832882236970775],[14.184181556985804,40.83283751307922],[14.184163213571502,40.83281133108713],[14.183978919046272,40.8322821473613],[14.184308668010924,40.83223043038645],[14.18512501792199,40.83215062372056],[14.185840730356855,40.832056588448026],[14.186392390220908,40.83204246616252],[14.186131668670125,40.83178389139439],[14.185715475467749,40.831389098012345],[14.18544153649072,40.830822851544774],[14.185412243606157,40.830810404162],[14.185318701775513,40.8306750740111],[14.185214164299127,40.83052223304221],[14.185084801309243,40.83039301863178],[14.184908047004589,40.83030195144181],[14.18474334008124,40.83024185117544],[14.184660498690393,40.83019606788753],[14.184566235146425,40.83014629857226],[14.18446054691762,40.83009254061386],[14.184357108988245,40.830143505667216],[14.184200787634532,40.83015088075048],[14.184089410906626,40.83013313115064],[14.18407950082632,40.830031293847185],[14.184241169365853,40.82979118978773],[14.183304532040474,40.82925061812846],[14.183078247178063,40.829086867815576],[14.182760837273614,40.82885941468179],[14.182117990938828,40.82857560200979],[14.18185115361083,40.82881693126081],[14.181571484012657,40.82841408260395],[14.181261452245277,40.82806956974123],[14.1810733834971,40.82793311149476],[14.180952835125979,40.82785118136328],[14.1808574474917,40.82771428648947],[14.180517854669647,40.827541813183544],[14.180029295678805,40.827250077128234],[14.179115631934444,40.826811184249195],[14.179195319395555,40.8266000582469],[14.178361727674796,40.82640044639879],[14.177707747618815,40.82630119874666],[14.177034814128898,40.8262963987976],[14.175973592139767,40.82628431793103],[14.176244764169798,40.82548205604661],[14.175422739849484,40.82533971133032],[14.174022711524955,40.82509217630651],[14.17399924127866,40.82526184754515],[14.173980756314792,40.825395494406294],[14.173917695630537,40.82585139920659],[14.173735057351633,40.82595347356302],[14.173537589625242,40.82603246768388],[14.173370778113458,40.82607721970621],[14.173249301622432,40.826122296465044],[14.17323290525793,40.826225560861026],[14.17299109779726,40.82622382744482],[14.172811027427581,40.82611915407302],[14.172752430791151,40.82596940352712],[14.172616414543045,40.82596842754962],[14.172613701288824,40.82618666031417],[14.172492511954069,40.826208764386465],[14.17239627542866,40.826235405978046],[14.172249846155339,40.82627594404104],[14.172148432839201,40.82622503254973],[14.171994498813424,40.82614775543434],[14.171920790952782,40.825997895024486],[14.171906678943111,40.82591738558701],[14.171187367434491,40.825901124788366],[14.17120696925798,40.82574633456514],[14.1712333556178,40.825619106931605],[14.171174500855791,40.825576737151934],[14.171346205567216,40.82512787348735],[14.171552289533873,40.82474948792745],[14.171685218435291,40.8245269048695],[14.171698147666824,40.82447284308132],[14.171808262775563,40.824184298132934],[14.171918180560136,40.823940777817924],[14.171957237299894,40.82370044356205],[14.171162416817571,40.8237001556119],[14.170569767839977,40.82370878342319],[14.17021391134653,40.823657251535444],[14.169913110735532,40.82400837955012],[14.169769236874947,40.82416789447715],[14.169275600021209,40.8247347545964],[14.167895456597341,40.82608418080185],[14.167570860257534,40.82638685428082],[14.167271131454571,40.826656901648],[14.167227031784485,40.82669939557207],[14.167139216604118,40.82677986452906],[14.166861968791691,40.82713893037946],[14.16616863196665,40.82853851949373],[14.165500500591923,40.82982443698606],[14.165439971260998,40.830074736587264],[14.165218485630279,40.83050331986852],[14.165027957821502,40.83069193225483],[14.164786681052409,40.830923337666526],[14.163850427253559,40.831829649510475],[14.163658416631243,40.83201832717208],[14.163574203457424,40.83211663826157],[14.163773662873263,40.832242731627616],[14.163938424854976,40.83237038193868],[14.163997672300917,40.832408236196585],[14.165182584375232,40.83243157495144],[14.165409533966972,40.83243489101584],[14.165538336440596,40.83243360992887],[14.166155349258354,40.83244191941695],[14.166427012930102,40.83251525025644],[14.166825386526394,40.83289349276536],[14.166838306328005,40.83295486794554],[14.166958385428535,40.83306117874347],[14.167129009088864,40.83328647785829],[14.1673856893369,40.833565120595985],[14.167696380372426,40.833685987892196],[14.168128307014918,40.833820908562636],[14.168457496497071,40.833849643408485],[14.168838220188752,40.833918290608764],[14.169253137778272,40.83402672300192],[14.16958199890623,40.83408181352451],[14.169824967242807,40.83407038213783],[14.170119142114444,40.834125220957844],[14.170297775664404,40.8340744528615],[14.170617554238083,40.83411860184469],[14.170996393708315,40.834160096388345],[14.171387473770286,40.83418753382743],[14.171790833560397,40.83419191181274],[14.172194152815269,40.83420529156335],[14.172572760838792,40.834215280178775],[14.172928405570055,40.83424430543181],[14.173308062628065,40.83426774918916],[14.173707418973477,40.83425879476661],[14.17409084518891,40.834264060098164],[14.174256914340585,40.83426559477558],[14.175051392234163,40.834288382620365],[14.175389008193655,40.83430470728208],[14.17553662060362,40.834307070332045],[14.175684581634567,40.83431391908881],[14.175845094325894,40.83432020209533],[14.176177191578061,40.8343322720124],[14.176355034276988,40.834342276208474],[14.176473504418755,40.83434144760968],[14.176959819937737,40.83436458193303],[14.177185222102809,40.834385950450965],[14.177343396196909,40.83445699635863],[14.17750823139295,40.834578142857666],[14.177738343058236,40.83466716143081],[14.177647908893048,40.83432461600235],[14.177613244534959,40.834231645533215],[14.177556161540458,40.83411717513714],[14.177450625429344,40.834027393038404],[14.177344856140712,40.83390611027886],[14.177215660269768,40.83382639579225],[14.177024246715217,40.833537910156686],[14.176935577821173,40.833474377158225],[14.17690986562324,40.83336181700759],[14.177286590236935,40.83348153687968],[14.177985283996385,40.83375313404869],[14.17839130187176,40.83403745281107],[14.178941625066692,40.83527075937405],[14.179327790750612,40.835584557734386],[14.179399580321048,40.83608867249858],[14.179314817893138,40.836636109499004],[14.179254671469758,40.83676898921842],[14.178664168368869,40.837209141128334],[14.178170794468391,40.83767960591942],[14.177732988621283,40.838387456080866],[14.177371712490565,40.83921434512435],[14.177054743591913,40.83961200449351],[14.176838637178424,40.83987971242277],[14.176781527419948,40.83985424812864],[14.176501571815587,40.83991748568411],[14.175837395636224,40.83991274049316],[14.175584806719476,40.83995597665872],[14.175207913237987,40.84021902235808],[14.174952528127985,40.84048744123803],[14.174736023280893,40.84072911352947],[14.174481813301755,40.841141670487424],[14.174427549989908,40.84169078030171],[14.174093330806578,40.84209826039641],[14.172686389195242,40.841966564694424],[14.173090384138197,40.84143347575181],[14.173295652246683,40.84114218121496],[14.173345388154694,40.840957870197464],[14.173105828672698,40.84090660757441],[14.172797458405672,40.840904395862616],[14.172391237509261,40.840901481341014],[14.17208331416281,40.84086323854487],[14.171736844676518,40.8408247181519],[14.171557279243027,40.843575426460475],[14.171545634432388,40.84379604312137],[14.171061570908273,40.84385111761298],[14.170960819219141,40.84360717303933],[14.170176985757918,40.843682607918645],[14.16982098995513,40.84369355840115],[14.169779855983641,40.84390045039788],[14.169766701549579,40.84400394953881],[14.169187970875857,40.8440403182628],[14.169088183213384,40.84371980977124],[14.168924887765025,40.843497932035014],[14.168721676718617,40.84362258239582],[14.168605243907576,40.84368480064814],[14.16796006280565,40.843581057385336],[14.167575710599332,40.84348820128485],[14.166883803817363,40.84333910570151],[14.166800088060702,40.84314479370456],[14.166316645908031,40.84315030720876],[14.166330511247713,40.842754048050494],[14.16634363957246,40.84241633633571],[14.166359452343675,40.84210116416868],[14.166362161407909,40.84188498786136],[14.16645266848961,40.841625166687436],[14.166336201229987,40.84168438520004],[14.166242113197912,40.84176063473734],[14.166144333072008,40.84183704908855],[14.165922858276895,40.841923520023435],[14.165577858846808,40.84239816371798],[14.165397728731318,40.84264933075291],[14.165305582938405,40.84277299222688],[14.164317938561403,40.84239671465795],[14.164546595778104,40.842975637579435],[14.164584996343033,40.84322149584563],[14.164509083206008,40.843359948602014],[14.164487859092075,40.843401414758844],[14.164368003290422,40.84346081315575],[14.164273223765637,40.84344255967483],[14.164294997606657,40.843360555463676],[14.164323146621555,40.8432557571264],[14.164315528700046,40.84297700585747],[14.164151875852395,40.84275927673627],[14.163681831721313,40.842384241547926],[14.163295065068217,40.84204147881361],[14.163048415915089,40.84181396798666],[14.162859678866974,40.84175941631716],[14.162681978435119,40.841713372266625],[14.162148742687384,40.84168778249512],[14.161554514645115,40.84176395893594],[14.16137673503084,40.84173592187037],[14.161248642166546,40.84157511292056],[14.161108427688802,40.84140134190505],[14.160802638109674,40.84119448455278],[14.16055575550124,40.84102099687532],[14.159802359626834,40.84054611640222],[14.159331272116791,40.840328662651814],[14.159020742703122,40.84059100544837],[14.158968591808078,40.84063491978701],[14.158839712021635,40.84044877139964],[14.158706611666968,40.84033769706168],[14.158031162516467,40.83976927131498],[14.156640106211293,40.83902585080652],[14.154677675611818,40.83853759236397],[14.153399209451324,40.838284254326865],[14.15344085646536,40.838138343910586],[14.153906959108678,40.83646988709614],[14.154112735887399,40.83573901179709],[14.154134809963708,40.83565866959678],[14.154201700693262,40.83542135475806],[14.154213869562,40.83537696131257],[14.154408203461616,40.834682572273685],[14.1545957216757,40.8340126961133],[14.154638423926615,40.83396611810804],[14.155079401753676,40.83343031076406],[14.155120029588383,40.83338062759533],[14.155160694768927,40.83333072396183],[14.155428078928411,40.83300482593407],[14.155623421932862,40.83231907254042],[14.155609152636055,40.831801249027],[14.155607130724187,40.83172784648577],[14.15560116285024,40.8316585947735],[14.155594266005386,40.831600258755074],[14.155576666177515,40.83145184181239],[14.155567588443404,40.83138076314705],[14.155564986836465,40.83134494703996],[14.155622119641922,40.831344904264746],[14.156584476219338,40.83134417190354],[14.156600335768418,40.83130236330263],[14.156902373122469,40.830506143825104],[14.157028688743589,40.830232745081005],[14.157102215584034,40.83007359958845],[14.157136228820553,40.830023753067096],[14.15716067913328,40.82994537727888],[14.15721921803523,40.82981670860729],[14.157464823323936,40.82928802192115],[14.157550407205962,40.82905460760979],[14.15727018590234,40.82891861378541],[14.156252602866306,40.82843708584039],[14.156123141127255,40.82837582264003],[14.15621958252833,40.82810064212323],[14.15623778773107,40.82804930030503],[14.156271025926578,40.827955050770555],[14.156371514484514,40.82756791401498],[14.156376078371096,40.82713555577674],[14.156689400344462,40.8267298790464],[14.156759009756936,40.82661482788992],[14.156980548299844,40.8262486636404],[14.157366681188265,40.82565515613677],[14.157660223844786,40.824971266083764],[14.157680557082605,40.824398664009735],[14.157635377902597,40.824229955198795],[14.157525865272335,40.823814431714695],[14.157504059392847,40.823731692881665],[14.157488129674546,40.823673534083866],[14.157317115245036,40.8230239675892],[14.157298986202923,40.82283587949737],[14.157286639858047,40.822710232306065],[14.157327677358948,40.822661799547355],[14.157771292525004,40.822118664095406],[14.157824516466995,40.82206287937775],[14.157872343400426,40.822015154047286],[14.158298077602884,40.82159059717909],[14.158343838360707,40.821544552453055],[14.158707732434728,40.82115339265536],[14.159080868921698,40.82053206382597],[14.1590746847068,40.8201091961648],[14.15899679733665,40.81963102172361],[14.159024325400766,40.819256155598936],[14.159129771186105,40.819084861357055],[14.15914737616214,40.819057071402646],[14.159182423784635,40.81901546542741],[14.159242531169207,40.81890425027593],[14.159253133478575,40.81884525229327],[14.159320382772181,40.81850012527784],[14.159255326317973,40.81795835326917],[14.15924444175957,40.81782605582736],[14.159241441039981,40.81778962658075],[14.159233569972786,40.817713722405095],[14.159230692864599,40.81765784790746],[14.159218554166788,40.817527847589595],[14.159214695200692,40.81748300912129],[14.15921213642499,40.81744929342864],[14.159187344483328,40.81713371209278],[14.159161287973292,40.81694527571072],[14.159141898048333,40.81692356867278],[14.159190805614445,40.81688376853407],[14.159250169496108,40.81685184730397],[14.159319510445764,40.81682406131685],[14.159511356153484,40.816762949740514],[14.159568844442882,40.81672586538611],[14.159711822186202,40.81665018168175],[14.159773127268641,40.81661869442498],[14.159953865597203,40.81653416950716],[14.16001635905257,40.81650400902212],[14.160064952828312,40.81648034461974],[14.16012308234228,40.81644421438814],[14.160219653356375,40.81636849993263],[14.160272738451244,40.81632706878732],[14.160524046303351,40.81621550348452],[14.160677814948258,40.816148584528534],[14.16087097316172,40.81609604771707],[14.160980531264535,40.816039476146294],[14.161042682455081,40.81600634140409],[14.161318543109212,40.81585398522834],[14.161378052303558,40.81581836239209],[14.161458599275598,40.81576635986032],[14.161503294595091,40.815733579337035],[14.161548426768173,40.81570183077385],[14.161623556630165,40.815658427894014],[14.161682396518659,40.81562186708465],[14.161726442310085,40.81559262505946],[14.161784472455714,40.81555514618495],[14.16189524655462,40.81548542406597],[14.161954623206027,40.815449887913445],[14.16203643698637,40.81540337052335],[14.162106489238145,40.81536193094213],[14.162173342335645,40.81531795189121],[14.162213274565069,40.815288390952574],[14.162268493908904,40.815246773129125],[14.162317375444088,40.81520455820852],[14.162353896863793,40.81516567978656],[14.162383566084372,40.81513004471778],[14.162419485519338,40.815084992784485],[14.162467158885127,40.815031917436],[14.16251634645862,40.81498547160794],[14.162535599620972,40.814937417557005],[14.162543808367646,40.814877945098395],[14.16253336842958,40.81481833608847],[14.162500409639206,40.81476990381068],[14.162448732197046,40.814727004706675],[14.162393613233906,40.81477268214779],[14.162328827131946,40.814789441960606],[14.162240699145407,40.814733790077206],[14.162212446048324,40.81462605953586],[14.162160314713324,40.81458567184372],[14.162228930685997,40.81447497744296],[14.162312868534004,40.81439948503638],[14.162358698713968,40.81435435131875],[14.16243904953448,40.81426697077929],[14.162488718061818,40.81422415778846],[14.162575488806995,40.8141641262275],[14.162630001163496,40.81412397687492],[14.162778831748904,40.814108734497644],[14.163000062824674,40.81405641654743],[14.16305441021969,40.814025140743375],[14.163086617424282,40.81400483299922],[14.163112478135448,40.813985186352916],[14.163143524359306,40.8139674290734],[14.163176825645738,40.813945312087746],[14.163238344955959,40.813906130095006],[14.163309618453717,40.813845795830225],[14.163362223742308,40.81380380593096],[14.163447694497947,40.81379247810804],[14.163507524629717,40.81385606217956],[14.163450645248021,40.81389482272709],[14.16337190980042,40.81394773296943],[14.163416104936701,40.81398340563455],[14.163600167694188,40.81391586531837],[14.16365298293754,40.813879687329134],[14.163708347131912,40.81382843522667],[14.163762136033071,40.813775364922826],[14.163790150328019,40.81366236822828],[14.16376222053052,40.813482409891435],[14.163945762405913,40.81340808510654],[14.164116149808464,40.81330738494418],[14.1641753854225,40.81327138494622],[14.16424449209297,40.813228268734804],[14.164301392784768,40.81318901797732],[14.164394281732477,40.81322310623414],[14.16435874500215,40.81326210854129],[14.164323648356346,40.81329069240167],[14.164275466443295,40.81333259044132],[14.164371773874386,40.81334996932236],[14.164435884296038,40.813347344003624],[14.164532823948964,40.813333289445815],[14.16458318786487,40.81328327602355],[14.164633185987135,40.813239791005486],[14.164636419514169,40.81317260902217],[14.164617736431495,40.81313796242145],[14.164553678033368,40.81310117224006],[14.164504143909534,40.81313539912433],[14.164477186551483,40.81309799976554],[14.164536173603478,40.81305364137696],[14.164586610747369,40.813014767917224],[14.164647724459792,40.81297784338854],[14.164700665673124,40.812937145080646],[14.164755729660454,40.812883362566964],[14.164807622947977,40.81282580595902],[14.164867894210133,40.812761729499066],[14.164925102402686,40.81271167611802],[14.164939939652916,40.812659512783604],[14.16494112071587,40.812565299015546],[14.16494173058205,40.812516695833835],[14.165029779413063,40.81252899254489],[14.165125525596649,40.81258863175812],[14.165198164713713,40.812552618395934],[14.165258565180965,40.812526371838814],[14.165310275883689,40.812495687822896],[14.16533394968811,40.81247301655581],[14.165355208028835,40.812452792742995],[14.165382186912348,40.812423129777294],[14.165434851769765,40.81237500331307],[14.16545267329348,40.81233775478118],[14.165479955303555,40.81226918801444],[14.16549921923711,40.812248111073934],[14.165545466698747,40.81220552420694],[14.165574277750832,40.81218429236371],[14.16560247720093,40.81216196167087],[14.16562893050336,40.81214355372153],[14.165659422414466,40.812120044219895],[14.16570635473579,40.81208270061269],[14.165747386420621,40.81204097624256],[14.165800082492307,40.81198091629216],[14.165852631159197,40.811930298276934],[14.165423125563139,40.811693625525514],[14.16557426136653,40.81143952597098],[14.165219573290118,40.81125522430988],[14.16461299465094,40.81094002930611],[14.163371616689608,40.810270995353065],[14.1623416402574,40.80976802318169],[14.16135332934246,40.80923277421251],[14.160722004268937,40.8088908534869],[14.160312432296287,40.80868057183973],[14.159230283612287,40.80812496400494],[14.159209058398217,40.808043213134674]]],[[[14.221487768879733,40.82545696099392],[14.22165553856569,40.82554664933768],[14.222241218810797,40.825908197011486],[14.222203516899812,40.82594751592454],[14.221968331943385,40.825802994943004],[14.221633013745057,40.82556772956623],[14.221487768879733,40.82545696099392]]],[[[14.159158066641275,40.80802466685316],[14.159071292706095,40.808042062135755],[14.1589351788328,40.807958134394035],[14.158931652237845,40.807887711893486],[14.159004576409552,40.80787708504239],[14.159096769019898,40.80791346338415],[14.159139601768151,40.8079911078936],[14.159209058398217,40.808043213134674],[14.159158066641275,40.80802466685316]]],[[[14.221150463595746,40.827748134012964],[14.22172971298189,40.82722559184558],[14.221780085316908,40.827182934966245],[14.221806096234392,40.82720881944014],[14.22175434160081,40.82725071888896],[14.221150463595746,40.827748134012964]]],[[[14.302435328359204,40.83188027767377],[14.302395021372575,40.831863469813314],[14.302535656527358,40.8317804088455],[14.302591723195205,40.83174210460998],[14.302617717382198,40.8317581658882],[14.302563279663884,40.8317973943738],[14.302435328359204,40.83188027767377]]],[[[14.220621065767997,40.82639135562807],[14.220687512866284,40.82638383894892],[14.220738343261655,40.8264085407247],[14.220700667359845,40.82641925342179],[14.220621065767997,40.82639135562807]]]]}}]}