{"type":"FeatureCollection","features":[{"type":"Feature","properties":{"city":"Palermo","country":"Italy"},"geometry":{"type":"Polygon","coordinates":[[[13.322089847137697,38.21938519697754],[13.321966156447994,38.2194860438761],[13.321915118735918,38.21944426654847],[13.321855399730072,38.21940236720296],[13.321787334849954,38.219346665164345],[13.321643776932381,38.219406612832785],[13.320913347137784,38.21908578736946],[13.321173470947505,38.21882963701686],[13.321000361074393,38.217757916656375],[13.321368318948524,38.21772604760896],[13.321622800078018,38.217714835897276],[13.321649313168637,38.21738106894119],[13.321748055089408,38.217181999830935],[13.321797627640569,38.21666294861682],[13.321650409263839,38.216103937521915],[13.321495347645524,38.21588639591678],[13.32155519145051,38.215330352601676],[13.32177868298715,38.21502910656187],[13.322275733681895,38.213885281322746],[13.322193574938472,38.213772734073146],[13.322222460760534,38.21333505140328],[13.322801547759646,38.21312800025838],[13.32314466750074,38.21294726771752],[13.32360570152861,38.21296128128099],[13.32374905548922,38.212458413005244],[13.324852611389856,38.21196181190617],[13.325284347306429,38.21161157463561],[13.32543493487014,38.21161370733494],[13.32558858663602,38.21148225653305],[13.325845962833736,38.211344837182594],[13.32622238107778,38.210941819820995],[13.326436077928882,38.210655277198924],[13.32610269231525,38.21041291387228],[13.325904171087041,38.21044721049662],[13.325774789421851,38.210341407797145],[13.325986283762843,38.210151361095264],[13.325309233861207,38.20970362427052],[13.324794762018591,38.20951344588367],[13.324744913791783,38.20949502016247],[13.324431658240403,38.209379230325965],[13.32384637633897,38.209036738919295],[13.323425746105444,38.20890449607592],[13.323118947062493,38.20914514506465],[13.322742465445089,38.209139759714674],[13.322547878445189,38.209003323738166],[13.322655341849329,38.20883407173755],[13.322067170763784,38.20861776989862],[13.322041666423234,38.208498596042034],[13.321565736953756,38.208313584042514],[13.321429886371742,38.208489840719956],[13.320623380459299,38.208352081074494],[13.320135504367034,38.20827826772302],[13.319990580259114,38.20843954713151],[13.318894172401102,38.20821593914027],[13.318676667415573,38.20784898317653],[13.318102784586236,38.207688927669324],[13.317582169023904,38.20754370916626],[13.317399763821314,38.2076970330304],[13.315984245982293,38.20743170149224],[13.316059016207525,38.20704665045094],[13.315583639311866,38.20683934874242],[13.315453943072534,38.20674837583572],[13.315640637678017,38.20640950362723],[13.31507845373617,38.20606554495109],[13.31487008883211,38.205938069136934],[13.314347843221741,38.20572265641602],[13.314210096457513,38.205980557010164],[13.31399670163938,38.206252237695274],[13.31341078985204,38.20634777313476],[13.313078138062357,38.206484080253226],[13.312750793214747,38.20639027101781],[13.312726341403613,38.206226546533706],[13.313106911656826,38.20605381766077],[13.313307963488139,38.20590820631506],[13.313234053318373,38.20543933676366],[13.312982168248672,38.2053466800279],[13.312813990777554,38.20528480743151],[13.312465267442587,38.20559208387814],[13.312391146087645,38.20565741442026],[13.312270704769048,38.2057446854477],[13.312029869471308,38.20589275424679],[13.311778742646672,38.206048654183256],[13.311507698602114,38.20619229989035],[13.311330413645972,38.20621367191109],[13.31118425252148,38.20619960882495],[13.311074267015876,38.206150181574074],[13.310940117184835,38.206069568160515],[13.310885461615179,38.206036717210715],[13.310437668682399,38.20585949599457],[13.310036926675153,38.20568294086433],[13.309498110075749,38.205370743833456],[13.309183274477377,38.20514345541746],[13.308792815336295,38.20492992223997],[13.308500367828648,38.204955394742946],[13.307962737259006,38.20499962023924],[13.307946606976575,38.20528899251497],[13.307973127522164,38.205363625831765],[13.308419556676437,38.20560024390346],[13.308586210473008,38.205721444810315],[13.308683884192721,38.20597531318033],[13.308652210429718,38.20612335772636],[13.308517031651599,38.20626991398371],[13.308463258650386,38.2065587348159],[13.308669078018204,38.20702207508275],[13.30877616068099,38.207276075584836],[13.309152125829096,38.207303771474876],[13.309194534377147,38.20750485140088],[13.309109958812815,38.20790460958761],[13.309103792604958,38.208171832187745],[13.309019215048577,38.20857157237758],[13.308922450837178,38.20949833542169],[13.30773216616723,38.210483605141604],[13.307243570051442,38.210847821933946],[13.306858520165799,38.210805145751436],[13.306811878579381,38.21159897563025],[13.306720980055168,38.211864977729945],[13.305885365254515,38.2117638045248],[13.305910441842236,38.21108846686859],[13.305786077806955,38.21076738467073],[13.305045453541407,38.21063045478767],[13.304706341383032,38.21144976594136],[13.304818123300336,38.21231271894618],[13.304553886294048,38.21233860397459],[13.304393090154115,38.211965016437944],[13.304172952143258,38.21130840728751],[13.304072520928033,38.211173295206244],[13.30406689992392,38.211009873895684],[13.303868554240312,38.21103669279018],[13.304104678713752,38.213438490374806],[13.304136747701254,38.214084946846334],[13.303477975961503,38.214476390446094],[13.302809870990606,38.214459296447096],[13.301793219389268,38.21404362826264],[13.301259645300012,38.21390967670573],[13.300546116273026,38.21341670552608],[13.300077662763458,38.212912430464655],[13.299543758802606,38.212793314031316],[13.299377442520885,38.21265724055102],[13.29841836317232,38.21219783429869],[13.298423739407793,38.211967716047376],[13.298578296059722,38.21179919183285],[13.299255887022264,38.2114080436053],[13.300056520582494,38.21098896909021],[13.300633403798505,38.21087852155331],[13.30097621246785,38.21071269488559],[13.301047344859859,38.21008259190005],[13.302056317193554,38.210015503834235],[13.30203569391632,38.21049785079648],[13.302712851118775,38.21052992703452],[13.304090780655635,38.210386485017686],[13.30437251542038,38.210011858963625],[13.304301589762712,38.20941681708413],[13.303958509389284,38.20918909491319],[13.303952718657989,38.20903309490931],[13.304231057401967,38.208398532823104],[13.304560589157044,38.20758650916167],[13.305218715883171,38.20762572732845],[13.305484655835425,38.20752561130326],[13.305469285246792,38.20737687866153],[13.30501604120855,38.20702877501008],[13.305460721750281,38.206121879178006],[13.305323861536984,38.20593426431226],[13.30446909152185,38.20625607072324],[13.304190358039659,38.20609609590991],[13.304682044488125,38.20559828951242],[13.30483921804829,38.20491000196922],[13.30506067041699,38.20469787918517],[13.3053065774752,38.204649444528904],[13.305553503366331,38.20455648216609],[13.305888858355692,38.20470983661875],[13.305735928027298,38.20440317570232],[13.305449176362673,38.204183700167235],[13.30543705722521,38.203893944686484],[13.30512718393572,38.203859769718285],[13.304971668239478,38.20366446535768],[13.30539982586385,38.20347016547207],[13.305333823609928,38.20306825116295],[13.305203685280457,38.20259114830791],[13.305122415278799,38.20244146182623],[13.304647630972022,38.202211846965554],[13.304192532564949,38.201945391562234],[13.303878068084801,38.20170324419389],[13.303605676743196,38.201677021846685],[13.303121303687117,38.201454688651616],[13.302771630312813,38.20110806677062],[13.302192466685808,38.20091405557817],[13.301624290424662,38.20065338207397],[13.301545578801843,38.20062945156821],[13.301164903152683,38.20051369988834],[13.300726915978984,38.20038051409688],[13.300025774013788,38.20016986777769],[13.29964219270239,38.20006779236754],[13.299012543293202,38.20002153854318],[13.29899492655939,38.19996930260709],[13.298690227284748,38.20052177818044],[13.297913292620985,38.20033230698332],[13.297199244097431,38.19986900892081],[13.296900111953216,38.19937461105109],[13.297530437220463,38.19939117221695],[13.297666164451474,38.199222362906134],[13.29761762714147,38.19896655425065],[13.297595521481306,38.19875230900115],[13.297593613552278,38.19844567010127],[13.297639042208793,38.198047004092565],[13.297685271316888,38.19761270833099],[13.297681060807395,38.19740585059271],[13.297721975401256,38.19719966257531],[13.297760587154796,38.197093254834115],[13.297795027394594,38.19692238673331],[13.297722426309473,38.196401569560614],[13.297722008363818,38.196015430570526],[13.29739282918942,38.19600324730489],[13.297431270526738,38.195565695755924],[13.29715951678134,38.19510882699844],[13.29713837213087,38.19480407319484],[13.297290854463656,38.1939152423889],[13.297545261393937,38.19390408682399],[13.297599928009207,38.193578163350985],[13.297652769937148,38.19292550855632],[13.297811018184339,38.19219269964076],[13.29758114925548,38.19195918134353],[13.29754765437596,38.19178049282805],[13.297047416476211,38.19103069654687],[13.2966715595876,38.191002975442714],[13.29643026518575,38.19125935828123],[13.295960388379163,38.19163121476376],[13.295481959795909,38.191965846055524],[13.29483794966643,38.19213468946371],[13.294575707363013,38.19207891068809],[13.294300860495477,38.19175561857417],[13.293701302732249,38.192036504740116],[13.293042340038053,38.19244274300236],[13.291922137903184,38.19284967545812],[13.290416970933519,38.193213879475955],[13.289277439874468,38.19203151747811],[13.288126388698915,38.19254934897141],[13.288588200906837,38.193328314715394],[13.289377574653452,38.19439356482096],[13.289406913112119,38.19440706731961],[13.289506502633266,38.19469665889689],[13.288551003190832,38.19512260954779],[13.288702565524051,38.19541844462526],[13.28829032365488,38.1956045848301],[13.287993890077464,38.19512670500115],[13.288237521718507,38.194881572746205],[13.288297524670073,38.19472553586589],[13.287876630438502,38.19477330441513],[13.287151202877109,38.19479984518339],[13.286646030552825,38.19466624286553],[13.286301356330044,38.1945126926969],[13.285622450049338,38.19416121624263],[13.285428828809184,38.193987605471825],[13.285219398347818,38.19408850562351],[13.285107512606537,38.19404231445983],[13.284369372874973,38.19461071316026],[13.283810727064973,38.19475105016692],[13.283056369947193,38.19480684346443],[13.28206500652897,38.19493341712221],[13.281293625743526,38.194887892902706],[13.281228422077744,38.194884040497875],[13.282062559787438,38.19543830363477],[13.282031648161718,38.19554536742987],[13.283364902152798,38.19667503921342],[13.283958649419496,38.196468448801475],[13.284150164791425,38.196731137969934],[13.28447169262629,38.19747094300769],[13.284870590897441,38.197721806650215],[13.285237397582534,38.19773458746613],[13.285422655587498,38.197863515996154],[13.285595193588108,38.19893528667656],[13.285849107013053,38.19894641972525],[13.285833766169704,38.19919865032506],[13.285974057877437,38.19963879281332],[13.287042498317271,38.19943905030403],[13.287843942871907,38.19938392291723],[13.287818611068884,38.19976115464237],[13.287786140527079,38.20024441413956],[13.28731577611048,38.20023011914684],[13.28732099503918,38.20000744025811],[13.286576166897868,38.200055973742906],[13.286631047885828,38.200259264206345],[13.286775381977346,38.20079399206807],[13.286744391976624,38.2013133138127],[13.286095751341517,38.20127414095166],[13.286038583794037,38.20140151493022],[13.28631529248666,38.201493857105014],[13.286219477838788,38.20170014857836],[13.28594073258248,38.20161952984951],[13.285926899305352,38.20165035119183],[13.285412614128115,38.20230370156751],[13.285353891166292,38.20280033455076],[13.285216410865294,38.20304336306592],[13.284642674744942,38.20302012937848],[13.28438701435225,38.203885142774524],[13.283975737029078,38.204562259890054],[13.28395533924127,38.20543071701996],[13.284282821608233,38.20551718695632],[13.284623888391101,38.20582660831091],[13.284941253976784,38.20674456069962],[13.28511938784094,38.20677685634196],[13.285751855943738,38.207105388218004],[13.285775732028004,38.207291367307015],[13.2853869158111,38.207812873705436],[13.28480079081699,38.2079156894242],[13.284740494012357,38.20847913404523],[13.284968467760583,38.20879433024113],[13.285726287733254,38.20899845561854],[13.286991473225054,38.20964808295334],[13.287992264020113,38.20992999885165],[13.288008479262249,38.21004160809739],[13.287966673631423,38.210620165708036],[13.287879720996205,38.21071542764824],[13.287440990836076,38.21074371141803],[13.286672832687728,38.2102487216576],[13.28593717319249,38.20972616201833],[13.285439310858706,38.20947801888013],[13.285170326416416,38.20923323494706],[13.284684059812637,38.20914182011043],[13.283983878423061,38.20905933089177],[13.283830179350069,38.209105253675155],[13.283691713320067,38.20915141197352],[13.283567952268013,38.20922186023487],[13.283443342257726,38.20932841905999],[13.283221269053065,38.20936129049027],[13.282962180265864,38.209446165939084],[13.282630363680077,38.209840078369844],[13.282515691125864,38.21007533538643],[13.282512150377062,38.210226052965375],[13.282729844871474,38.210250762831954],[13.282866232883404,38.2102527688714],[13.282945002711166,38.21038315820848],[13.282671250310859,38.21042221553222],[13.282370216863043,38.21046088581333],[13.282255542656591,38.210696142664],[13.282116147667143,38.21082332706457],[13.2820040125472,38.21095091749027],[13.281863078704667,38.211142699369574],[13.281668606403963,38.21129061796174],[13.281340798223704,38.21130735564968],[13.28126251888476,38.211155439432815],[13.281074131633638,38.211044991073614],[13.280801379640812,38.211040992742355],[13.28091655029612,38.210784229242066],[13.281055969173694,38.210657027344276],[13.28133226504701,38.210510306503515],[13.281691896582315,38.21030018652343],[13.281584309039252,38.21023400738162],[13.281257531214866,38.21020767248086],[13.28131461333433,38.2101008172223],[13.281698983750594,38.20999875113233],[13.281865659558996,38.20987197089833],[13.282058612873955,38.209788630181116],[13.282281364399694,38.20959804531484],[13.282428613467482,38.209172642440876],[13.282273154720649,38.209143592349456],[13.28226265522872,38.20902883885747],[13.281892794942383,38.2090442550294],[13.281990539647428,38.20881649734636],[13.282040154729092,38.20839010617644],[13.282017680383241,38.208223092418045],[13.281930728113156,38.207992639513385],[13.281968368286048,38.20751397009633],[13.28217407414831,38.207183620214046],[13.282195337369634,38.2068401452498],[13.282179503667038,38.20639196468513],[13.282121113118613,38.20616860291415],[13.282043457206727,38.20600450893885],[13.281825794935871,38.20572004672866],[13.28154123704759,38.205476283959186],[13.281426927625585,38.2052870978503],[13.280778137079349,38.20481920989092],[13.28048915402747,38.204762901829234],[13.280278352094442,38.20474938937202],[13.279834763623947,38.20453452571523],[13.279838688685778,38.2043679116854],[13.279538358804698,38.20423328944935],[13.279199323284352,38.20406164126608],[13.27877482677299,38.20373530978879],[13.278499023600805,38.203540893855994],[13.278331969521455,38.20335093627594],[13.27800514191282,38.20322113397537],[13.277731326781353,38.20308168408928],[13.277148184341977,38.202630377994765],[13.276695100461483,38.202259098449325],[13.276470855028787,38.20225580843873],[13.27637999433056,38.20219196425197],[13.276422748063874,38.20205717224813],[13.27658374729138,38.201944940929934],[13.276556031986326,38.2018473421142],[13.276461908136662,38.201516028474444],[13.276144299904091,38.200995687122365],[13.27394323466893,38.20089042275074],[13.273934719168263,38.200692351690684],[13.274106205041672,38.200694877961396],[13.274130857020616,38.20076816581528],[13.275937673626645,38.20080514147529],[13.27596628484685,38.20071179549983],[13.275744242792191,38.20061477597488],[13.275855423865906,38.20037681198829],[13.27592530782579,38.20021114886445],[13.276136607577486,38.20020384416674],[13.27624482385574,38.20009082747954],[13.275974957602829,38.19978475897044],[13.275668128774122,38.19992610568739],[13.275541391156512,38.19970547316191],[13.275741692959619,38.19960424013678],[13.275693612112988,38.19940558455565],[13.275573173022392,38.1994767514097],[13.275456922575444,38.199370854747166],[13.27551189961759,38.19927791236781],[13.275404418494045,38.19920238859568],[13.275148475520352,38.199022549950925],[13.274944197705182,38.19873306586233],[13.27476297366716,38.198584550315545],[13.274540962527146,38.19848752717516],[13.274333120445103,38.19834903801718],[13.274006322184858,38.1982192227276],[13.273690007759633,38.198204159961634],[13.273606950023057,38.1983696204474],[13.273462090278539,38.19835706527559],[13.273392202011918,38.198522728089486],[13.273168732960054,38.19848817614722],[13.272687987687004,38.198731127214124],[13.272479660924501,38.19861347847895],[13.272278359424696,38.19875635499819],[13.271907804114582,38.198802991648485],[13.2713798574936,38.199368186524644],[13.27094570447819,38.199872245273696],[13.270812574430193,38.199922379931145],[13.270889003557299,38.200038089008046],[13.27075710429767,38.200036164329575],[13.270652567988554,38.199992937482634],[13.270141235131073,38.2004125394582],[13.270083789571483,38.200609620798986],[13.269953234000402,38.20055039085523],[13.269727276652436,38.200619991596476],[13.26956406096543,38.2008259430713],[13.269557906297688,38.201086286339475],[13.269643093691233,38.20138965541904],[13.269745656068235,38.20151618031253],[13.269935302923988,38.20149348167997],[13.270016736613504,38.20165158079477],[13.269874681825012,38.20165509688029],[13.269833824373425,38.20158164014083],[13.269798869587428,38.20155871461292],[13.269756150043158,38.20156368283915],[13.269731951018827,38.20168661935375],[13.269750051837391,38.20182138687807],[13.269898543635595,38.20184598669698],[13.269940588512815,38.2018690240251],[13.270032859225088,38.20187038413948],[13.270052605300773,38.20192699300328],[13.270032026443122,38.20223921426008],[13.270001687819672,38.20240544443364],[13.269891087336916,38.20267047871383],[13.269453847117418,38.20238877313428],[13.268510670106906,38.201669446955464],[13.268447417381505,38.20155714903824],[13.268127636817994,38.20154500241369],[13.267804077077407,38.20129519102413],[13.26755930107988,38.20089802726848],[13.267561954876534,38.200786704446216],[13.267767676341933,38.200448169522765],[13.268003975789526,38.20040709922287],[13.268057888187231,38.200118307263885],[13.268387957908502,38.200093484429594],[13.268642133220176,38.19969626104091],[13.268675694376103,38.19938211059059],[13.268767400363437,38.19934068001051],[13.269480631217974,38.19902198438635],[13.269634059271972,38.198881742111865],[13.270029780211415,38.19852012397971],[13.270883315671451,38.19767391180237],[13.271590758645536,38.19672044626128],[13.272280323633142,38.19604683796839],[13.272322547326375,38.1959811459907],[13.272612444044471,38.19553035569178],[13.27294285878229,38.194595128269725],[13.273217208095895,38.19410327286741],[13.273317638670205,38.193698826764376],[13.273104235665869,38.193562493124915],[13.273349860756074,38.193268331891694],[13.274334698292694,38.19343148077512],[13.274715056028004,38.19366726713735],[13.275567643351573,38.19383572726201],[13.27584197250639,38.193379391825474],[13.275697193648611,38.19313222893436],[13.2752642409095,38.19273231758996],[13.275313900119285,38.19262167761926],[13.276020014800165,38.19221623341413],[13.276070560771593,38.192068466860626],[13.275496811703471,38.19165165037962],[13.275681889391672,38.19138704841285],[13.275153436208411,38.19104514678878],[13.274445686740211,38.19072289488247],[13.274215524327794,38.19050416979619],[13.274191918056545,38.189909793534646],[13.274315408107114,38.189752621417334],[13.273749412822038,38.18954633286816],[13.27362737323065,38.18971537364649],[13.273229899721535,38.18959612394619],[13.273417557099217,38.18948456192069],[13.273788370780569,38.18926391855135],[13.273910364173032,38.18902658263408],[13.274649064709813,38.189326366269576],[13.274803253434024,38.18913170957058],[13.274559376808694,38.188697451328935],[13.274580340822757,38.18820769579395],[13.274962470627798,38.18806391517566],[13.27497233121108,38.187899487349945],[13.275302672203775,38.187944539754945],[13.275439640813769,38.18751414761501],[13.275708829264364,38.18754007940187],[13.275674873863403,38.18775965233646],[13.276042527816514,38.18786044546203],[13.275998618276091,38.1881104386818],[13.276547675418575,38.18819946881169],[13.276608634582955,38.188408279556],[13.276541681860378,38.18885280565383],[13.277392101642146,38.18951130135587],[13.277376583101066,38.18977095330199],[13.277841289178618,38.19026240803986],[13.278274083746751,38.18955591364006],[13.278514733205824,38.18966805199629],[13.278255999377249,38.19019142422755],[13.278676082000228,38.190387704465266],[13.27853652707928,38.190535514231954],[13.27944390113268,38.19111554467996],[13.279506849211579,38.19044076167872],[13.279712834877637,38.190087367306496],[13.280213584320496,38.19040657765982],[13.280488603286944,38.190025814150935],[13.280067840714505,38.18951729029264],[13.279932527681582,38.18958703017531],[13.279725460076854,38.189412229604926],[13.279992265545586,38.18921535610078],[13.28032248816652,38.189494120108854],[13.280639547707358,38.18916454223375],[13.280670709563331,38.18857921646217],[13.280098174376585,38.188110473708136],[13.280551033095227,38.18766415429676],[13.281518772933405,38.18733677540476],[13.282642108729613,38.18599438493156],[13.282306176265369,38.18587066197703],[13.282081075718219,38.1854366914872],[13.282338065398628,38.185314231523634],[13.283282066951971,38.18519438798004],[13.286101505818857,38.184968262565484],[13.2867198461877,38.18468770621855],[13.288231191674162,38.18284601229262],[13.288258056112301,38.18276903410708],[13.288463220313764,38.1821811039085],[13.288777618967872,38.18121298097336],[13.289228752500563,38.18003149407091],[13.288837571673808,38.17905307591635],[13.288417289924276,38.178320656368975],[13.28823173998122,38.177997289692634],[13.28799703495361,38.17757061981435],[13.288614202566013,38.17653265307816],[13.289227489190939,38.175257007878805],[13.289475009745303,38.17473341428456],[13.289076879434372,38.174051907331055],[13.288301491703594,38.17421138935146],[13.287785430908372,38.1733425253852],[13.28783785394789,38.1731131008218],[13.288028249349564,38.17301935046363],[13.289127638854982,38.17268639538743],[13.29034271316718,38.172402596208904],[13.29041444234851,38.17238584110863],[13.29158017708292,38.17203154709402],[13.292410761726682,38.17192482436988],[13.292988211892073,38.17177728755359],[13.293977436343544,38.17132387243443],[13.294457721129678,38.17130858181689],[13.295130194516883,38.17071689241374],[13.295660649043784,38.16975930060138],[13.295755776859545,38.16890677091295],[13.296056847446609,38.1672924230802],[13.295516114852322,38.16707665514709],[13.295491870781387,38.16690552154645],[13.295747576451264,38.16683498516462],[13.295922244025345,38.16660733176172],[13.296344581057541,38.166249615719444],[13.296323118462306,38.16595971991599],[13.296810076758693,38.16565491555039],[13.297099935076435,38.16573338098449],[13.297437960597202,38.165522534470384],[13.298112021538588,38.16510205543663],[13.29861520488973,38.1649088704433],[13.299120011629206,38.165049835897456],[13.299694035145821,38.164642331523105],[13.300038341587438,38.164402269474394],[13.300148533644027,38.164114278435754],[13.301241852037935,38.16322421942597],[13.301401230251532,38.163248805483924],[13.301925598922482,38.16295194138102],[13.302471732001951,38.16252917890161],[13.302882375220861,38.16226780341152],[13.303377264355394,38.16121311580548],[13.302660262322274,38.16089089211733],[13.301993741686216,38.160420888874285],[13.302236287940541,38.160105110680895],[13.303157557323937,38.1597323061037],[13.304211997464822,38.15970298215278],[13.304472595264171,38.159825556489146],[13.30521458524449,38.15988081349405],[13.3056419153795,38.16011717460569],[13.306012187699174,38.16008769266681],[13.306273450233002,38.1600668795197],[13.306800627602257,38.1597636748626],[13.306940945459955,38.15968296771628],[13.306994752149192,38.159629158738085],[13.3073069379463,38.15931697238884],[13.306473633895392,38.15914160993638],[13.305538207979428,38.1593137391329],[13.304976285248742,38.15918301416078],[13.304789546748966,38.15913957167318],[13.30444060093646,38.158967839862555],[13.303608158057221,38.15855818571782],[13.30393583861788,38.158221350230804],[13.303533378393933,38.157725465417535],[13.30299366039823,38.15787360302116],[13.301898190404406,38.15805082174359],[13.301200537097598,38.157706591878544],[13.300929334384103,38.157554444793185],[13.300466851679634,38.15729500675722],[13.300372172904355,38.15724541297972],[13.298877373456621,38.15646261433524],[13.29826717793392,38.15681018221035],[13.297455326045442,38.15652368145447],[13.297209749957144,38.15662197986381],[13.296660155685887,38.15633026035015],[13.296913231731033,38.156110975067165],[13.29752586160226,38.15629300019414],[13.298097120258074,38.15629293883451],[13.29836891341783,38.15607654798445],[13.299056583513414,38.15563357842761],[13.299999739735732,38.15593681469602],[13.30027862193465,38.156036980844725],[13.301184688816988,38.15636237400198],[13.30147171870222,38.15600595144571],[13.300597109333422,38.155555866240704],[13.300142362535361,38.15520226767825],[13.300321428466635,38.15479574225593],[13.299634106135908,38.15481658837575],[13.29985557476711,38.15415732276857],[13.300127120581143,38.15324309427861],[13.2999395554437,38.153077675626754],[13.30003286146089,38.15286401167682],[13.300126168175172,38.15265034853631],[13.300503767683734,38.1528766383],[13.300738216261973,38.15292652754883],[13.301518759405344,38.15228695880779],[13.301266650760798,38.15176184623963],[13.301097362514506,38.15140920111898],[13.30066914515197,38.15146112016317],[13.300298139456132,38.15031676185605],[13.299163911707957,38.1503351950111],[13.297955563381262,38.15037581223904],[13.29698070049468,38.14987353192146],[13.296585017779801,38.15042566332831],[13.296148850065613,38.15018687977177],[13.29656114236457,38.14955364518445],[13.295863518964259,38.14915998277796],[13.295683532896485,38.148669232254655],[13.296117420979709,38.14837334950021],[13.297369499981233,38.148984246970386],[13.298535701886452,38.14948928466277],[13.300056384030222,38.149313732590514],[13.300692564304878,38.149183486246116],[13.301595989551064,38.14959170276702],[13.301894048434235,38.15007253821263],[13.302447830019585,38.15159144860531],[13.302732694256415,38.15264156858018],[13.30317992263062,38.152771627845716],[13.30340551065439,38.15283723914574],[13.303402547032903,38.15296504548161],[13.303087021879449,38.152910482910585],[13.30274256438743,38.152850912717234],[13.302356656477343,38.15291576427113],[13.301914748779419,38.15299002883162],[13.301616297192938,38.15316005429387],[13.301177659895856,38.15366587429641],[13.300859790623125,38.154032407921214],[13.300609515602225,38.15478617656169],[13.300679170238311,38.15492835401181],[13.30085187864807,38.15487935541302],[13.300901838222213,38.155025189627075],[13.300721060288929,38.15516445955903],[13.301821825927336,38.15591826314791],[13.302039831263441,38.15559507752045],[13.301791403042841,38.155353871312585],[13.302374566882843,38.15495391530573],[13.302031060334562,38.15475587485897],[13.302025775292401,38.15457759102697],[13.302288954230916,38.15458883177546],[13.303470899770184,38.15433116748652],[13.303610076380167,38.15441487250027],[13.304107847361475,38.15445174903385],[13.304580657412643,38.15434719684341],[13.304890030544902,38.153987827603714],[13.304757901002494,38.15359979237854],[13.304236219726443,38.15337692634854],[13.304202906374941,38.15319081739165],[13.30440299056445,38.15308233495399],[13.304905849308382,38.15330491425279],[13.305154790967261,38.15352384951532],[13.30530797566579,38.15381565628717],[13.305121027237075,38.15416936892846],[13.304599932162832,38.154733602993666],[13.304262222316522,38.154691589511664],[13.303849958438061,38.15461881476692],[13.303872725032145,38.15477773457712],[13.303890458141476,38.154901553080244],[13.303807999905905,38.155212231720604],[13.304705878209234,38.15544054383016],[13.304490896681749,38.155786430567666],[13.30405510416168,38.15632218657448],[13.304355508582235,38.156757183825555],[13.304449452720217,38.15680101095177],[13.304913960358858,38.15701771231933],[13.305147543482194,38.15708791417928],[13.305179936812495,38.157049316512754],[13.305418454921735,38.15676511136703],[13.307814940340288,38.157690716256674],[13.309306239240795,38.1582988118473],[13.30953050119314,38.15811535610742],[13.309689823052732,38.15798504676462],[13.310181127937485,38.15789558197197],[13.311067065441627,38.15823504680851],[13.311248352129656,38.15812626485759],[13.311735711179274,38.158207539589945],[13.312768582978316,38.157479852939666],[13.312499269794953,38.156919080099264],[13.312234389999169,38.15698209531],[13.310923136362462,38.157134023706064],[13.310947597655447,38.15688933203387],[13.31171779490404,38.15653656905973],[13.311288277870949,38.155579946535404],[13.311013809699135,38.15565024569515],[13.310851367637456,38.15535089320732],[13.310583458162188,38.15432234515978],[13.310534248229107,38.15423574591487],[13.310077186818535,38.1534314371575],[13.309644244539754,38.153031669726545],[13.308934362051046,38.1530491691722],[13.308693528743465,38.15305510640532],[13.308322161034756,38.15284184092417],[13.308026006255812,38.1526296651415],[13.307565903840803,38.152184939604844],[13.307326699922156,38.15195130062778],[13.307242280527687,38.15153427134299],[13.30740609931261,38.15136584174562],[13.307520135596471,38.15101620534556],[13.307557962999535,38.15090023255857],[13.307167835361232,38.15027831214084],[13.307088945798107,38.150121178468325],[13.30678113816898,38.149507925436275],[13.306395590848833,38.14909397105497],[13.305897735985399,38.1486561035515],[13.305704876676549,38.148664184743076],[13.305138682033887,38.14894801681754],[13.304907211182549,38.148525785421135],[13.305103922904292,38.14844263089258],[13.305182188586306,38.14840018718793],[13.304957271099516,38.148112793634745],[13.305367977954546,38.14791234753915],[13.305009503311462,38.147454294609716],[13.304900890600628,38.147423964074356],[13.305145938088184,38.14699682667658],[13.305497843116214,38.14683112004429],[13.305844744519232,38.14688068839432],[13.306482587327977,38.14627600810248],[13.30654685217826,38.146215101811855],[13.306518151130469,38.14582856212442],[13.30634754841977,38.14547711775555],[13.306177478129493,38.14510338919643],[13.3067796891711,38.14459522430197],[13.306723567453679,38.144528178198875],[13.306627756982097,38.14438776937498],[13.306526682788911,38.14423965771789],[13.307385509896308,38.14370998654551],[13.307563491818431,38.14351697373617],[13.307044343523186,38.142598700108095],[13.30665880720861,38.14259312649405],[13.306469927712401,38.14221914789011],[13.306737676057796,38.14202994979598],[13.306304002984644,38.14125886993922],[13.305807140732087,38.14144393262651],[13.30572301857066,38.141515411033154],[13.305794766568399,38.141695245559056],[13.305514071296255,38.142006092850124],[13.305286678646079,38.142068110899956],[13.30533021169495,38.14216766828969],[13.305040359152043,38.14227036027036],[13.305410759217008,38.14359844794985],[13.304704907910509,38.14384440447796],[13.30365797685747,38.14349106712467],[13.303194211343977,38.1431163164326],[13.303009900448586,38.14240930202476],[13.30331772047296,38.14232823520378],[13.302692825237397,38.14152468902904],[13.303117817718935,38.141240752801046],[13.303435891650656,38.14098757390827],[13.303269056886846,38.140923929472464],[13.303419046973968,38.14035491421105],[13.303068192239301,38.140281923454204],[13.303052904714205,38.14013758150021],[13.30371251347713,38.14014557061571],[13.30386591839905,38.140789318501106],[13.30451526546846,38.141430958276],[13.305002221429941,38.14116084061929],[13.30467755894686,38.14037848036511],[13.304771863688659,38.140133513569424],[13.305437350557176,38.1395612249783],[13.305659127192119,38.138285164618175],[13.304678326304037,38.1385718967624],[13.304581458572365,38.13832140982847],[13.305774124272057,38.137873540770606],[13.305942958361733,38.13734792438162],[13.306150497139233,38.13732121094811],[13.306928336331596,38.13744381928535],[13.306919523535896,38.13738697984407],[13.30683008295496,38.13681122744249],[13.306533887474894,38.13619808027416],[13.305948780283032,38.135469377218016],[13.305820530741377,38.13532550852803],[13.305499567059082,38.13496540007825],[13.305416307005975,38.13476771520961],[13.305392579995484,38.13471138723001],[13.304837499714722,38.13471822959504],[13.304635080711215,38.13493064562411],[13.304361726142794,38.1349563967275],[13.303694844071263,38.13491707474544],[13.3034640353587,38.135136488760985],[13.302894758276553,38.135351041344045],[13.30252495874028,38.13547934189437],[13.302377791978582,38.13533612831458],[13.302770499754754,38.135029947027824],[13.30322731620679,38.13479893795839],[13.303431006953899,38.13412617245481],[13.303987786680784,38.13404510495894],[13.30401122722004,38.133844960368315],[13.303465111722327,38.13346580961309],[13.302849913735084,38.132980898358646],[13.302726174610688,38.13288336259826],[13.302345513182374,38.13266995404485],[13.29925696752417,38.13622981539837],[13.299337099027223,38.13626485540623],[13.30002095418327,38.135977760154],[13.300643573660565,38.13589765125986],[13.301147811761226,38.13524409569067],[13.30129074756178,38.13516447995546],[13.301476203742052,38.13527854894967],[13.301671020138937,38.13580113642997],[13.301481761681659,38.13585037587179],[13.30113431937647,38.13623147679633],[13.301820289557044,38.136664642747846],[13.301590861006373,38.13682468229126],[13.30207960346278,38.1368391768935],[13.302557414054126,38.13692034495202],[13.302846054863833,38.13696850098267],[13.303044622025368,38.13700162818127],[13.303421696936336,38.136972835978526],[13.303842403953807,38.13692698109298],[13.304108727178857,38.13691720480802],[13.30539859505269,38.13627527636777],[13.305723193103143,38.13668214442311],[13.30440060057999,38.13745781663939],[13.304320219064973,38.137372318980816],[13.303871439227999,38.1375366993017],[13.303483374221106,38.1376127974875],[13.303417474151303,38.13836587139345],[13.303353649050113,38.13868424015958],[13.303063677953597,38.1390216061054],[13.30272363152755,38.139083520371045],[13.302640961491202,38.139928923836614],[13.302724000173425,38.14019861771111],[13.302534884457371,38.140277461321496],[13.302367884854648,38.140097380357204],[13.30207085556456,38.14024655383562],[13.301935108574638,38.14016119648355],[13.301822113215044,38.14006578500921],[13.301593556980677,38.1401884774036],[13.301421575873213,38.14008871604945],[13.301344825970517,38.1401328415754],[13.300898327064196,38.13991846884284],[13.300111519366594,38.1401818270193],[13.299105145372494,38.14058306812755],[13.29831124482854,38.141150747515304],[13.296945670687055,38.14162844363475],[13.296835744973421,38.141500624144115],[13.296582743912667,38.14145983441262],[13.296576106249521,38.14134091982748],[13.296006762893382,38.141326824428],[13.295725343463769,38.14156283673769],[13.295363394925408,38.14169818269504],[13.295397758283613,38.14175550024806],[13.295161462002218,38.141832026608604],[13.29509382154136,38.14180834386222],[13.294824757152819,38.141927205110136],[13.294328862326799,38.14166195735879],[13.294571066265192,38.1412737485061],[13.294863205305255,38.14113720200028],[13.294920528027331,38.14113764653829],[13.295369694334887,38.14115234393574],[13.295779425634285,38.141217989487885],[13.295963305873654,38.139967184543494],[13.295984308225682,38.13984409760412],[13.296098874374573,38.13934477224817],[13.29580835984974,38.139284209405744],[13.29579809189516,38.139135901258264],[13.29513177831976,38.13916467345262],[13.2949627034103,38.13912322105405],[13.294926508950637,38.13906710253707],[13.295334783027476,38.13843386972289],[13.295593918637703,38.13802931943319],[13.295696423857217,38.13786937610208],[13.295060264612031,38.137758949346626],[13.29511180443419,38.137508530137744],[13.295606391807137,38.13739933766528],[13.29478856994851,38.137146081412155],[13.293793288892381,38.13683788112967],[13.29347561588155,38.136343186462206],[13.293858149184691,38.1352646524157],[13.29431915197745,38.13535298109785],[13.294652254022033,38.13466506679871],[13.294279892443415,38.13452081212638],[13.294372628896237,38.13417316799053],[13.29150594008818,38.13328500429117],[13.29123281221428,38.13321987243314],[13.290776392263062,38.1331110354114],[13.290173600497875,38.13282584644612],[13.289901967401,38.132697333563605],[13.28953265085151,38.13240236133824],[13.289380093625851,38.132088263316135],[13.289070879418306,38.132039221782385],[13.288431851587388,38.131614073927075],[13.288516791886035,38.131199503090556],[13.288684249705085,38.130875230393514],[13.289540927033228,38.13098580461731],[13.289574668195225,38.13076924430595],[13.289672179375671,38.12998098746939],[13.289472707812832,38.129957762026066],[13.289205941574389,38.12990252125904],[13.289191005805906,38.12964778352579],[13.288657610726094,38.12919670239822],[13.288046512096729,38.12918778677194],[13.287228941593233,38.129161018452216],[13.286526103098943,38.12905423835013],[13.286129235484855,38.12862524171779],[13.286030922222471,38.12851238889547],[13.285229024076425,38.128619482517614],[13.28474817769465,38.12867186232267],[13.283992240336998,38.128824192867555],[13.283447819563566,38.128779099566316],[13.283320040245867,38.129014853590135],[13.282419960494568,38.12889773004823],[13.282281551576084,38.129586267198626],[13.282910583689304,38.129632591359844],[13.282895100213967,38.12989224410516],[13.280247348224991,38.130105964427315],[13.280097627509784,38.129673108095226],[13.280060378301986,38.129256749031576],[13.280107562016088,38.12884903925147],[13.280528374617841,38.12855075997218],[13.281142235049352,38.128440934925145],[13.28125593713845,38.128405481724926],[13.281079923388834,38.12829151473046],[13.28098225406461,38.128045050308955],[13.28095109002711,38.12776985465915],[13.280598533350942,38.12836616004285],[13.279771229488285,38.12835404487596],[13.279043160833295,38.12812060709748],[13.278624982170408,38.12790657048414],[13.278599758301851,38.127379005721544],[13.27839361610372,38.12734627995554],[13.278321751441714,38.12721664674074],[13.27766381826331,38.127350808330775],[13.277399939138359,38.12745176504267],[13.276736313693556,38.127472166405674],[13.276613436287375,38.12708978479185],[13.27647852903014,38.1267955805516],[13.276460211385025,38.126622202123016],[13.276956749507349,38.12621593599957],[13.277289479480602,38.12613910627016],[13.277381025360969,38.1263333983314],[13.27770566336478,38.12620753648391],[13.277583980054457,38.125782506155566],[13.278168229710884,38.12573165979086],[13.278549312931379,38.126323859793715],[13.278755761252317,38.126258198512154],[13.27952754432692,38.125939476406494],[13.27962415071361,38.126086015728305],[13.278922996371609,38.126461509066296],[13.279313563942905,38.12701818907182],[13.279654791350806,38.12690437710925],[13.280171137606157,38.126941641657965],[13.280529491504668,38.12693342967747],[13.280961537283309,38.12692352330079],[13.281127236865434,38.12691915172883],[13.280861096938617,38.12599387971275],[13.282022097575737,38.12581037956884],[13.28209960816228,38.12599457480581],[13.282203066292066,38.12597118464043],[13.282245809778424,38.12608915687914],[13.282442279545656,38.12607132152106],[13.282414158616568,38.125934920851144],[13.28245489363583,38.125801860773066],[13.282725243137422,38.12550137730875],[13.28293022662513,38.12544589930107],[13.282868291053315,38.12515535403006],[13.283153864386257,38.12510216504615],[13.283095697017702,38.12494246652272],[13.283219131942346,38.124892285874196],[13.283545705387581,38.124772136845614],[13.284480749318215,38.12442807064123],[13.284922428077008,38.124842930516635],[13.28522520028033,38.12472750144479],[13.285747948288373,38.12452825792402],[13.285530653213897,38.12416867199068],[13.286171567953645,38.1239390598211],[13.28635064482576,38.12382939390608],[13.286441892162705,38.12374233868343],[13.286646096555948,38.12385664877805],[13.286604645402896,38.123915290717775],[13.286873052147792,38.12426993384597],[13.286667824361043,38.12460108235851],[13.286698834267403,38.124883695119976],[13.28742287749414,38.12488682916838],[13.287533252178179,38.12499239662648],[13.288417814468898,38.1249681652405],[13.288673821587713,38.12573615293473],[13.288809014152902,38.126170248423],[13.290485933355937,38.12598166468794],[13.290465872751813,38.125458379126314],[13.290787572197646,38.12537395119988],[13.2912703263863,38.12523989399443],[13.291611816292727,38.124710238206994],[13.291477202665925,38.124433539929925],[13.2910558985683,38.12435315124045],[13.290479282521657,38.12407744470806],[13.29017339036848,38.12393795498428],[13.290041942092204,38.12387802056201],[13.29017665523545,38.12374631593264],[13.290926944924085,38.12349321839399],[13.291949126575155,38.12314837718193],[13.292684627333063,38.123062539425405],[13.292653766963607,38.12277250626441],[13.292052485762452,38.12274891871549],[13.292141079961857,38.12257942736098],[13.293475025832679,38.12223496644517],[13.294072101628538,38.12203573100054],[13.294666062702376,38.121970097015144],[13.2950004240031,38.12223792906642],[13.295225284101432,38.12212708277958],[13.295313203296482,38.12235390675257],[13.295388845368409,38.122549054522516],[13.295428225076101,38.12258059709316],[13.295400210547138,38.12288577170771],[13.29706993964091,38.12308574532617],[13.29621602487318,38.122445544710054],[13.296001110358569,38.12117269389997],[13.295948770721141,38.12032523340505],[13.295938585756856,38.12022133378047],[13.295931517540886,38.119716296853426],[13.295104661474756,38.1196894414762],[13.29509381574499,38.11965462629447],[13.294877169330224,38.118958459365984],[13.29443131512681,38.11872178990484],[13.293877746452479,38.118669201454765],[13.293696031854362,38.118800215412335],[13.293414904443395,38.11875900838579],[13.29343241158584,38.11841026348383],[13.29303269950028,38.118211409542475],[13.292381176023023,38.118328170246784],[13.29118528420391,38.11839988367442],[13.291134933779125,38.11813924657019],[13.290532830969102,38.118152774343805],[13.29033956732087,38.11797175617838],[13.289404462583645,38.118151186683896],[13.289224484858101,38.118207979249156],[13.289250485930788,38.11870585030032],[13.287460292673838,38.118857974576095],[13.287417055910058,38.11885885464468],[13.287415671071436,38.11839557194116],[13.287204306159216,38.11847184297602],[13.286989231184457,38.118591559694785],[13.286817176297802,38.118686019434755],[13.286645461463925,38.11876556224276],[13.286531474683418,38.118797453273565],[13.286408861838018,38.11879566377541],[13.286292330524423,38.11873429331623],[13.286250853409646,38.118692665540415],[13.286219137118055,38.11863627389359],[13.28620140901689,38.11858752561295],[13.286097374479962,38.11859719413747],[13.28610559965941,38.11864953667445],[13.285329992138067,38.11872770463322],[13.285327218138283,38.11884700138188],[13.285231607454973,38.118862576824824],[13.28508728268645,38.118493959729015],[13.285070205177691,38.11845033210411],[13.284579358678602,38.11773968717425],[13.284397350672883,38.117856364460444],[13.284115241629223,38.11794781310354],[13.283968663661662,38.11778230645476],[13.284356452432977,38.117587261699],[13.284739222040882,38.11699904728513],[13.285129651162448,38.11678940555258],[13.286261778358186,38.11622675945975],[13.286109105439802,38.11592009313772],[13.286697425937396,38.11569105717129],[13.287333492783684,38.1158339987268],[13.287709520380176,38.11624044036936],[13.288049972792562,38.1161563123478],[13.288564889285947,38.11625291437144],[13.289372002342756,38.11591568684164],[13.289229054512438,38.11559429991236],[13.289612327511568,38.11528801153935],[13.290093328820456,38.11441882151872],[13.290058905086514,38.11406529977091],[13.289981302190892,38.11357813312452],[13.289754399931859,38.112824853005804],[13.289747668454059,38.111904003435065],[13.289687333087901,38.11086357570846],[13.290236458023822,38.110700793945824],[13.291110051848108,38.11073576992664],[13.291163791463209,38.11044697520828],[13.29224255221119,38.1101507905809],[13.293519280774198,38.10942680836383],[13.294222416033678,38.10950317821691],[13.29442771343909,38.10971210088676],[13.294799846750523,38.11029483445157],[13.2955927426602,38.1097467370952],[13.296110390703474,38.110473748554114],[13.297172607386285,38.10919765369626],[13.297432651724652,38.10868263889514],[13.296991700043202,38.108719805057966],[13.295848318707737,38.10889189220008],[13.295809227959376,38.10851619709829],[13.296557811963929,38.10839449169767],[13.296803116994969,38.10812061675113],[13.29699521947425,38.108198880411756],[13.297004307690642,38.10825691237973],[13.297599284996013,38.10835261637982],[13.297872339640154,38.10781182244002],[13.298655783630544,38.107462211630626],[13.298774849325733,38.107409077233164],[13.299452069474622,38.10739661000166],[13.300289077839178,38.10738645072952],[13.30071312049685,38.10737909015842],[13.301455374722751,38.10736618175637],[13.3021449119796,38.10722765217343],[13.302492155275058,38.107254939994796],[13.302917954734356,38.10754326175018],[13.3031892029289,38.107198191907884],[13.303205809993553,38.106886555239164],[13.303283921629603,38.10676145094277],[13.302763834877968,38.10607824023644],[13.302359977447612,38.106465950500926],[13.301744489723776,38.10624912510063],[13.301571773480326,38.10599417999112],[13.30154735606309,38.10583046826174],[13.30153233112558,38.10566689118173],[13.301487760148843,38.10556228080196],[13.301178630848556,38.10551326487431],[13.30058205187946,38.10569768484139],[13.300502887547436,38.10570755979109],[13.30010117829308,38.10575755761453],[13.299756707537123,38.105780535058216],[13.299460882357437,38.10580027267415],[13.29933475377582,38.105969226512094],[13.298971918152061,38.10620902023424],[13.298584793141162,38.10668606304312],[13.298172544628033,38.107029078683134],[13.29752755313958,38.107214317456574],[13.29679578270921,38.10743172819947],[13.296486747032963,38.10745083372573],[13.296474238376984,38.10756071121529],[13.296235961406099,38.107533674805445],[13.296248467092324,38.107423779428586],[13.295919332926724,38.10745046388619],[13.295354089912516,38.10735577323098],[13.294836996167248,38.107332544344345],[13.294265192263554,38.10752080253856],[13.29372952964762,38.107866809705676],[13.293444636048319,38.108050443456875],[13.29300184909018,38.10833582880772],[13.29284040135232,38.10839008459524],[13.292620573675128,38.10846394456185],[13.291930422200927,38.10860328943097],[13.291653037704185,38.10864037125835],[13.291654525457313,38.10850922466394],[13.291674855263404,38.108274572862264],[13.291669116299605,38.10804246109682],[13.291628443873515,38.107736500293186],[13.29159509717415,38.1076156476876],[13.291744339193777,38.107617822191926],[13.292094291557213,38.10755214973051],[13.292355228298966,38.1074615874639],[13.292537819714596,38.107314866062325],[13.292402529673753,38.10713993648889],[13.292736231333185,38.106916779925896],[13.292818030687236,38.106823622708816],[13.292988685200296,38.106763202694026],[13.293104068089992,38.106937844347286],[13.293316901438388,38.10677583013908],[13.293469460376407,38.10663653305816],[13.293630883943164,38.10654453762593],[13.293770566846504,38.10653082772894],[13.294071288674484,38.10644085326388],[13.294420690096224,38.10639876732117],[13.294739313481541,38.10639552915703],[13.294738227406423,38.10644267920429],[13.294387548854097,38.106539797673335],[13.294044819646137,38.10672352129857],[13.294080046777887,38.10692057725555],[13.294188231140918,38.10697719045449],[13.294256069288291,38.10705678969435],[13.29445875508683,38.106902485450384],[13.294838185963071,38.10685297232085],[13.294986182575675,38.106910156906594],[13.295263356818886,38.106977070505316],[13.295716917580286,38.10716448435213],[13.295779192432619,38.107055310412484],[13.296115701599415,38.107138826556714],[13.296355087322317,38.10711871327706],[13.296524098565543,38.10712901191186],[13.296704126244288,38.10709231343169],[13.296780815034897,38.1072192312151],[13.297041937523497,38.10712081062073],[13.296967056199133,38.10691530492072],[13.297258758928113,38.10678586492548],[13.297619387072187,38.106688888471716],[13.29742528352526,38.106473788841974],[13.297636806706148,38.10636680066201],[13.29778225167903,38.106534009558345],[13.297961193116219,38.10654445921875],[13.29821163466592,38.10647732486102],[13.298504587719716,38.10629288549809],[13.298699327873953,38.10605197003293],[13.29894381140522,38.105811793296176],[13.298876328656977,38.105716469023314],[13.299127657294006,38.10561003034334],[13.29919915658456,38.10553244606533],[13.299418268603663,38.10552775247364],[13.299405766630258,38.105637647953465],[13.299685317819515,38.10560238701918],[13.299647864234245,38.105499636004566],[13.299609880031452,38.10542045863077],[13.299361845611609,38.10538541089816],[13.299373242870866,38.10532268504343],[13.299184712553355,38.10529637520741],[13.298931274955867,38.105064694039065],[13.298862076997798,38.1054725336471],[13.298822287735716,38.10547194399588],[13.298790408644368,38.105557980429275],[13.298432892042293,38.10552135592965],[13.298244745522668,38.105479315695135],[13.298159656262301,38.105713944000385],[13.29802920660576,38.10575923131234],[13.297994694509816,38.10552164490908],[13.297977697926013,38.10540467774861],[13.297597530760235,38.105485659295844],[13.297551258059316,38.10533560348622],[13.297471633009444,38.105334444791765],[13.297464064265636,38.10523212816132],[13.297896885077266,38.10502613160454],[13.297792722133622,38.104796613219676],[13.297651471116703,38.10444863188039],[13.297594499547245,38.10432986456367],[13.297368906775734,38.10418508789157],[13.297308102977167,38.10423136380865],[13.29712176924252,38.10411073246142],[13.29672902691793,38.10387704935929],[13.296590818271422,38.103827863763684],[13.29642311434667,38.103762531469954],[13.296077007050219,38.10366317254309],[13.295790617195907,38.103564668606786],[13.29567768700244,38.10371240274768],[13.295439952645507,38.10366178939968],[13.295494104025382,38.10347387605477],[13.294919687770708,38.10334760699615],[13.29500439976414,38.103128692376885],[13.295304767962392,38.10305444194844],[13.295613230941074,38.103058915176064],[13.296018497457045,38.103182725087784],[13.29609517816062,38.10330962576267],[13.296023147595815,38.10341079988387],[13.296508738269836,38.10350433050542],[13.296507822097174,38.10354361601328],[13.297179193189953,38.10378135066862],[13.297394110573352,38.10395745049336],[13.297393002214168,38.104004601350525],[13.29778632512833,38.1042147255711],[13.297905735244417,38.10421645441097],[13.29792872356244,38.104083117697584],[13.297763932161761,38.103892048530405],[13.29792351434028,38.10387863764679],[13.298079268694046,38.10403027066254],[13.298257673848688,38.104064292977405],[13.298443709292538,38.10376823042761],[13.29875539100899,38.10406364817287],[13.298977048442794,38.10394892605157],[13.299189611279264,38.10422718750693],[13.299118666685187,38.10428119541452],[13.299233890620417,38.10446369582863],[13.299016418924957,38.10439764643265],[13.299189531716912,38.10465960810177],[13.299295525771813,38.104810517280185],[13.299532713450581,38.10488471578186],[13.299780407920645,38.10493547154951],[13.299797932712481,38.1050379390245],[13.300146238877401,38.105042968503064],[13.300188768065851,38.104925663731855],[13.300540704484787,38.1047734946302],[13.300588642230196,38.10485282458161],[13.301119152377106,38.10472682750007],[13.301219572053606,38.1046889833479],[13.301331936718567,38.104564800995114],[13.301592322957797,38.10449781094924],[13.301706681710245,38.10428719305743],[13.30195163664013,38.10445583816706],[13.30224981488984,38.1044758705773],[13.302172147549797,38.10482067956541],[13.302321057824253,38.104838551420606],[13.302472872840877,38.1047306828046],[13.302649624809217,38.104835442224726],[13.302793446171789,38.10507338842309],[13.302889855383333,38.105208432037124],[13.30301777970135,38.1052731851588],[13.30328228660825,38.10545783978777],[13.303500654313789,38.10548457832237],[13.303797924581337,38.1055439098498],[13.303874095202238,38.10569439682846],[13.304062435472874,38.10572856249277],[13.30420969299229,38.105817173957874],[13.30444149098372,38.10569471095357],[13.30476339280448,38.105549977664644],[13.305260589612391,38.105572878142],[13.305475337819619,38.10575680808051],[13.305022271054094,38.10597827797092],[13.305508152402162,38.10624060903148],[13.30571050466745,38.10634986558905],[13.30558545985299,38.10659179387822],[13.305601362808249,38.106764984987294],[13.305407388189707,38.10697447093061],[13.305564625765173,38.10706323118183],[13.305726752837876,38.10693976305814],[13.305873104921378,38.10706767719021],[13.305820988294416,38.10716912209129],[13.306111010475812,38.10754283983769],[13.306242558688318,38.107450393098034],[13.306376580073689,38.10744771639287],[13.30642494323897,38.107044764300014],[13.306559896137909,38.10691931349132],[13.306871460246713,38.107146184881394],[13.306844402897012,38.1072623184251],[13.306823591476249,38.1073516422158],[13.306533728584244,38.107546843389144],[13.306612904304469,38.107793805164775],[13.306758563642914,38.107953137961985],[13.30666699509168,38.10803830606205],[13.306481906093248,38.107862677978574],[13.3064086153758,38.10801885399645],[13.306414210245574,38.108207640147256],[13.306917211908207,38.10841143614303],[13.307126567740138,38.10839872983077],[13.307419665256992,38.10863882219513],[13.307665005842724,38.108791743701495],[13.307794760361675,38.10877788359411],[13.307962653637228,38.108835334684876],[13.307951455099678,38.10889021543748],[13.308229003915212,38.108941387272246],[13.308409959574746,38.108865365980456],[13.308363997463212,38.10869960689217],[13.308405627922552,38.10862158421131],[13.308350453640932,38.10842423504649],[13.308745599455715,38.108555712634974],[13.308852021755046,38.108258482883656],[13.308466615385464,38.10813500326274],[13.308529948436798,38.10797867580052],[13.308566339302441,38.10769615644113],[13.30868304979787,38.10738335017942],[13.308795428637707,38.1072591594378],[13.308868881093757,38.10709511872185],[13.308941446650309,38.10697036233331],[13.30904133814419,38.10695608591537],[13.309227333462706,38.10665999052736],[13.309324157566008,38.1063468993567],[13.309199310772115,38.10614855032581],[13.309016947144396,38.10585501403517],[13.308492785224539,38.10570595746985],[13.308402705142946,38.10529581289914],[13.308591765064355,38.105298551283845],[13.309115924143176,38.10544760757568],[13.309161714901085,38.10518881379555],[13.309318043242213,38.10531685327336],[13.309362906312435,38.105529781387574],[13.309520690338461,38.10516252600479],[13.309685698644378,38.10491331510768],[13.309678488157218,38.104362854574454],[13.309917477995928,38.10435844306733],[13.310005784283433,38.104414740659216],[13.309987872203525,38.10476042024396],[13.30998139367589,38.10504141646582],[13.30997771259576,38.10520055110902],[13.309930490727867,38.1055222225506],[13.309817931837973,38.1060866953876],[13.309710630718106,38.10642322798786],[13.309603856252417,38.10673616810975],[13.309880871331849,38.10681091082268],[13.309994156033545,38.106647433928046],[13.310122424512283,38.10669646965918],[13.30987599433605,38.107023120403554],[13.309844151872332,38.10710915731835],[13.30961580107113,38.10708228159689],[13.309445527429244,38.107559431987305],[13.309670962702691,38.10771204765528],[13.309991582226766,38.10805474866501],[13.311500514493394,38.10733002762812],[13.312407493174684,38.10689442226733],[13.313634944641136,38.10633024416863],[13.31489233354503,38.10792859843479],[13.315595993795968,38.10763205630917],[13.316176204704004,38.107490752952195],[13.316266718393937,38.10746869964912],[13.316575959569683,38.10744169493574],[13.315751731414245,38.10648641743647],[13.316841088837226,38.10586518300552],[13.316744821857764,38.105722288937734],[13.315618496568135,38.10535233648081],[13.315470298803085,38.10530304312432],[13.316507926830845,38.10476756797584],[13.317046520826898,38.10428782559936],[13.317595080178414,38.10374129210133],[13.317902252657149,38.1034352439327],[13.317037586423263,38.10337567986788],[13.316106158115245,38.10318935482314],[13.315561026501081,38.103087197429254],[13.315382970804453,38.10354994038899],[13.315565283053868,38.10364977204777],[13.315459356894339,38.1042436289174],[13.316341575724984,38.104681556524824],[13.315624935920946,38.105072245253],[13.315056998513496,38.10501550685935],[13.315063435797574,38.104736135311235],[13.314786603073047,38.10473215496991],[13.31478883622672,38.104634995040435],[13.314496341582931,38.104642934045565],[13.314111322033405,38.104661709053154],[13.31392480373837,38.10474408596168],[13.313752552365258,38.104875278753866],[13.312136055472308,38.10425667319148],[13.31094684441542,38.10379000841941],[13.310809259731409,38.10375157175479],[13.3103364380533,38.10357466458126],[13.310377276901995,38.10313783200217],[13.310774042944338,38.10260889878696],[13.311046404557288,38.102138950789424],[13.310538897734746,38.10213165118042],[13.310465359716746,38.101984780914485],[13.310367219614342,38.101570247977065],[13.30993275169359,38.09972923800189],[13.309906086636442,38.099253126811355],[13.309889145689034,38.09895096806946],[13.309836703293346,38.097692859464],[13.309826216100284,38.097611170104116],[13.309128007718604,38.097676963517735],[13.308666981413323,38.09772046231461],[13.308406171335937,38.09636802111242],[13.30756177688299,38.09574407396079],[13.307741269565415,38.09553837107328],[13.307650723738854,38.095174192403924],[13.307873609872662,38.09500442359065],[13.307951603359367,38.094643883748205],[13.307665596147238,38.09452969672344],[13.307453034289399,38.094251451465524],[13.30715635884183,38.09416855130574],[13.307002391356372,38.09437075988052],[13.30673612153873,38.09426471908108],[13.3062820444063,38.094100921635246],[13.306060979684894,38.09419207903499],[13.305582684790105,38.093784211486586],[13.304400760054246,38.0928158215442],[13.30424927885847,38.09253448002067],[13.304283965382158,38.09248926998555],[13.303774485428123,38.09213418663204],[13.303235386101615,38.09169913763724],[13.30295851440483,38.09132651416716],[13.302760881883195,38.09109057915725],[13.303262941391841,38.09056778712744],[13.302853802263888,38.09002889745369],[13.302726417407838,38.08993549601898],[13.302438479457797,38.08972439888731],[13.302157815572706,38.08946900425656],[13.30207084568531,38.089152460441746],[13.302053774175421,38.08909265820198],[13.302031412118781,38.08901429183151],[13.302081540971935,38.088800810283345],[13.30209491770542,38.088737272149494],[13.30221805392487,38.08859103870967],[13.302317954804113,38.0884724044773],[13.30250944098829,38.08824021612663],[13.302553177429159,38.088184566483875],[13.302620448192032,38.08810484969899],[13.302906113553618,38.08776631671113],[13.302845872371634,38.087322717754496],[13.302812217300618,38.086846600365696],[13.302821503545758,38.08642293598114],[13.302863642890056,38.08594588366025],[13.30345462093686,38.08595417655456],[13.304067115806129,38.08571928442495],[13.304665310724278,38.0856728918186],[13.304922011814751,38.08533065989035],[13.304832516875376,38.084896932530455],[13.303936570566451,38.08486861330487],[13.303813318024433,38.085043812646816],[13.30270993982756,38.08495851245893],[13.302641962105406,38.085507787648744],[13.302411681590605,38.085512035436416],[13.302354439526964,38.08547693299588],[13.302118030073641,38.08542564116246],[13.302083941896266,38.08536019166344],[13.301812012532269,38.0852170676377],[13.301380506523852,38.0851698460683],[13.30159580396593,38.08491876469652],[13.301871812131429,38.08459790919475],[13.302130563186298,38.08440012797675],[13.302193412877077,38.084352059120064],[13.30226783174442,38.08429517349731],[13.302696093804041,38.08395973053319],[13.30302500251799,38.0835694036938],[13.303484555198935,38.08288155135442],[13.303493057881633,38.08251172051906],[13.303496775653938,38.08234970654096],[13.30331404381765,38.08190608275987],[13.303421852491958,38.08178953542951],[13.303572064693695,38.08163092667458],[13.303890027912114,38.08170931125905],[13.30409972202431,38.08099912048137],[13.304699774287116,38.079820937044225],[13.304726118922652,38.07976924568326],[13.304971527328567,38.07929188900649],[13.304429404215256,38.07904609480527],[13.303882991114978,38.078958071950225],[13.30373781418148,38.07881926565057],[13.303538201191959,38.078628466708466],[13.303068620511409,38.07827191293877],[13.302669318207228,38.07802087113539],[13.302403918506856,38.07785496642814],[13.302072860178283,38.0775575813542],[13.30233530916012,38.07691630061289],[13.302840562858416,38.07626730065309],[13.303416928212375,38.07547159418957],[13.303241433514357,38.07516279873725],[13.303157070467977,38.07499927459168],[13.303140004919229,38.074966938899315],[13.303078609324539,38.0748504939555],[13.303002951767503,38.07470321450716],[13.303517219670642,38.074571758249746],[13.304155609274758,38.07463840555738],[13.30497424156039,38.074657892433166],[13.305252172130412,38.074612978357436],[13.305947693298585,38.07450058959943],[13.306293228203547,38.074426043714105],[13.306271302990103,38.0745905472432],[13.306289191520428,38.07472670889248],[13.30634484625566,38.07474812009094],[13.30652771775395,38.07470875682988],[13.307134897786403,38.074587252340685],[13.307718465136345,38.074513607633016],[13.308151881317588,38.07452640995585],[13.308232815912987,38.0745547681626],[13.308454762712863,38.07473459645776],[13.308499185263518,38.07448551171774],[13.308714318453157,38.07452760518639],[13.309284909622972,38.07463923130533],[13.310007019628612,38.074954957995175],[13.310399857084873,38.0757375896935],[13.310903602925148,38.07617842566643],[13.311633327283417,38.07661093563698],[13.311774405409372,38.076745345006415],[13.311979654167057,38.0769436149212],[13.31221456515163,38.077170491644566],[13.312588614775288,38.077706138490925],[13.313023558661106,38.07816299678229],[13.313338356356827,38.07830903721204],[13.314164188370633,38.0779343834149],[13.31518747223007,38.078356773359744],[13.315917967345044,38.07833910286438],[13.316246608020114,38.077985050968856],[13.317095702926624,38.077842449285384],[13.317180205295294,38.078040633800285],[13.316628740131682,38.07879247497968],[13.316811485965081,38.07881237542759],[13.317051639735093,38.07901690077729],[13.31694119190762,38.07909793155607],[13.317051554103706,38.07923121651857],[13.316919732339986,38.0793666638299],[13.317348274541917,38.07966566186947],[13.317578941807266,38.07957853962246],[13.317611121608774,38.07937248517184],[13.317635286161615,38.07930537726114],[13.317748838271804,38.079156977335025],[13.317872061197404,38.07912488949144],[13.318105349167718,38.079195291038715],[13.318266440795004,38.079295206715884],[13.318372306132265,38.07914241745037],[13.318598305178481,38.079023592483615],[13.319001001954614,38.07938716040681],[13.319172532231958,38.07920671526977],[13.318893222754099,38.078995991264534],[13.319001542217213,38.07882122322718],[13.31872187545423,38.0785398721063],[13.318754659214347,38.07849228734063],[13.319096584462532,38.07833538074773],[13.319697044326094,38.07894192689843],[13.319836049569542,38.07898620474156],[13.320598643864386,38.07922915487717],[13.321006634685597,38.079298311557366],[13.321365702800746,38.07916978166691],[13.321685820574203,38.07918842346489],[13.3218179158991,38.07922418464829],[13.322472995276103,38.07921238938809],[13.323077149943373,38.079059446845925],[13.32307639649242,38.07915118077359],[13.3230742059688,38.079417810194485],[13.323060507177207,38.07981303493504],[13.323167213397177,38.08020850023262],[13.323458929478853,38.08069101424264],[13.32353742413835,38.08076247510218],[13.32430609825527,38.08032087533133],[13.324255714278351,38.0802889957863],[13.324418046677073,38.08012870670392],[13.324559748622738,38.08026378750753],[13.324501981627884,38.080301649973265],[13.32454459900881,38.08032663207449],[13.3247125719397,38.08072648928414],[13.324844743592067,38.08066627160059],[13.325092810672432,38.08081812088771],[13.325056743165907,38.080885964484246],[13.325127636074317,38.080918812224766],[13.324945532854079,38.081543423415276],[13.325149052909063,38.08162102897667],[13.325356892391166,38.08146636857261],[13.32575550823254,38.08169316315419],[13.325508020182104,38.081926285528894],[13.325271760580042,38.08174950121324],[13.325048321554416,38.08189915527775],[13.325530871496268,38.0821703853774],[13.32613312242894,38.08250891016244],[13.32680546388408,38.08287054660938],[13.326924509415818,38.08266852276402],[13.3271780055415,38.082687170336904],[13.327222070241088,38.082608546525556],[13.327654895245928,38.08273957517905],[13.327467798690849,38.08303855613888],[13.328102073838886,38.08324040098735],[13.328800273722093,38.082687559429154],[13.328830901684547,38.08265159795762],[13.329179470390658,38.082837311887886],[13.329253002378172,38.08310759121235],[13.329469830340551,38.08318008648258],[13.329506181643971,38.08311216357748],[13.329725049110824,38.08317685994297],[13.330094491039878,38.0833320608093],[13.330036608326306,38.08352820655472],[13.329240289443472,38.08330584053441],[13.32822245216033,38.08381896104129],[13.32819174115638,38.083994383440896],[13.328174187577138,38.08437400945602],[13.328486637941781,38.08473018820166],[13.328748869212033,38.08494495428524],[13.328791310445213,38.08490332402113],[13.328921920511288,38.08477519737934],[13.329222471309691,38.08448037773511],[13.3295215953865,38.08463938424039],[13.329296834652375,38.08491665094586],[13.329488831640369,38.08501542146549],[13.329277551631149,38.085285052854296],[13.329671364561285,38.08549270849752],[13.330902581857169,38.08577751719806],[13.331245928984101,38.08583841764949],[13.33182755259002,38.08594155602492],[13.332153070723763,38.085999293422574],[13.332375537613098,38.08601156664175],[13.332446008518978,38.086015223303626],[13.332625552475736,38.0855520014126],[13.333210490761434,38.085708888685865],[13.333167625255244,38.085808727646885],[13.333252105178886,38.08583197707439],[13.333745967503258,38.08604298720362],[13.334630385210094,38.086308788240906],[13.334752772990152,38.08633084371728],[13.334817567733516,38.08622699195828],[13.335395285253904,38.08644115185893],[13.335476171090066,38.08670767372781],[13.336081452785752,38.087110186856286],[13.337432739458174,38.087600634004964],[13.338540350004576,38.08823535623216],[13.339283163560138,38.08854752943281],[13.339092187669829,38.088862797001596],[13.339281412483908,38.08893523987016],[13.340034417676629,38.08910767622878],[13.340320080427741,38.089076538391105],[13.340323277032246,38.08893588549649],[13.34042119477914,38.08893727960214],[13.340534689449784,38.08903735025788],[13.341134618152513,38.08889106611404],[13.341694966180356,38.088920090232335],[13.341831839440554,38.08877428642497],[13.342404909876937,38.089028587930805],[13.342410949232878,38.08915530437343],[13.34272522762991,38.08943408906861],[13.34289547226387,38.08978117799842],[13.343340254210007,38.0898015243245],[13.343605445962403,38.09028362030773],[13.343861717428881,38.09042041912209],[13.34448532780611,38.09075327732565],[13.3452347508955,38.09148136484882],[13.345523920785055,38.09168944812473],[13.345261168659547,38.09188974122679],[13.345547150186674,38.09210982574157],[13.345594818185095,38.092146513913804],[13.345698829925304,38.09222654970997],[13.346845467722511,38.09229450820604],[13.347018860420983,38.092304789007606],[13.347255161870109,38.09231879564904],[13.347356548896109,38.092299916641096],[13.34755103388247,38.092263707619466],[13.347747020444892,38.09222722555862],[13.3477132978369,38.09214233629652],[13.348193504467929,38.09177625137122],[13.3492959430399,38.09146111265715],[13.350072763451088,38.09097257416126],[13.350194226996969,38.0911149673342],[13.350093096579148,38.092049168321886],[13.350447115548128,38.092145583817945],[13.350405992077949,38.09239121286232],[13.349806201579739,38.092530531776504],[13.349944264885623,38.09312336774914],[13.349670699940345,38.09340794214951],[13.349638759023163,38.09363965490461],[13.349773139638073,38.094000291802374],[13.34990082985851,38.094262385030085],[13.349911979219055,38.094333796710295],[13.350017611390783,38.095009696385894],[13.349759524798028,38.09579394971203],[13.350147763985515,38.09595417042443],[13.350324924118596,38.0963927923048],[13.35080618789955,38.09677239665962],[13.351505962594763,38.096892044409074],[13.351572437853504,38.096905050263004],[13.352053834751203,38.097032394422946],[13.352153820654936,38.09654519661287],[13.352188747379035,38.09654812549433],[13.352560415473459,38.0965792942591],[13.35290888324978,38.09666968418659],[13.352894877798411,38.0967257237196],[13.353433568561643,38.09680979668236],[13.353275195413811,38.09717717938363],[13.353398267802532,38.09727543571253],[13.353463634149437,38.09732756537263],[13.353523435392725,38.09733758900148],[13.35379228804362,38.097293712849705],[13.354080525560255,38.09728035729157],[13.354134147949903,38.09727787209512],[13.354620854475494,38.096928307628176],[13.354751234510372,38.097029702833815],[13.354325286010367,38.09740503673314],[13.354880670223661,38.097364162710555],[13.355696283354224,38.09753033348822],[13.356498823666765,38.09748528903348],[13.356759502637033,38.09750306015095],[13.357020181892214,38.09752083427501],[13.357147956727603,38.0975295502608],[13.357489020081362,38.097013748957714],[13.357896520789971,38.09711090273918],[13.357680251553118,38.09762140282998],[13.35867253170433,38.09758336327723],[13.35890994821159,38.09732002156367],[13.359231935847276,38.097497313734365],[13.359345897041123,38.09743425375522],[13.359522947526537,38.09763406716922],[13.359661844588643,38.0977191490811],[13.360267142540154,38.09808991604964],[13.360702314010638,38.09837527713122],[13.360671242017682,38.0985413736248],[13.361136401827904,38.09878818790581],[13.361444857745742,38.098933168945514],[13.362250658344323,38.09914138056663],[13.362687137555492,38.099210619810414],[13.363368875135214,38.09931876255196],[13.363608987990423,38.0989352080781],[13.363996659422629,38.09912351371532],[13.364077532676705,38.09949043994554],[13.364926603470598,38.09975551154864],[13.365391733789492,38.10046543478819],[13.36660981776843,38.09975781541297],[13.366855197814317,38.099620633084335],[13.366929698889283,38.0995789825965],[13.367628898551656,38.099188093451005],[13.366068495365026,38.0988709492195],[13.36607051420024,38.098779534043594],[13.366330131581192,38.0986563403628],[13.36643056943026,38.09860868094985],[13.366435731680548,38.09837659648376],[13.366752377445566,38.09775491956467],[13.365260160026198,38.09677745328518],[13.364949143246077,38.09714596015245],[13.364426357420996,38.09690022659674],[13.364341491819712,38.09702872783202],[13.36408972964036,38.09692489119228],[13.364192858064435,38.09678736244578],[13.363433987177938,38.09640029270676],[13.363107244098295,38.09627614005475],[13.362290220175254,38.09761541796896],[13.361826588278783,38.09739304178932],[13.361635542838306,38.09720531138904],[13.36148168258003,38.09710034359034],[13.361406832753842,38.0969553631067],[13.361203917925488,38.09671605817831],[13.360639879271254,38.09632778882916],[13.360540075592672,38.09628094344666],[13.360446782791602,38.09623254276141],[13.360307225295076,38.0960606916553],[13.360218765627286,38.09595176221242],[13.360383172525887,38.095583941250794],[13.36019028567155,38.09547843031662],[13.360381193227575,38.095090403413],[13.360827521495784,38.0944795031857],[13.360273728322007,38.0942208692005],[13.3604126479876,38.093802865938855],[13.36035013053552,38.09377394128053],[13.360224951184291,38.09371484983087],[13.360042281225752,38.09362860454911],[13.35949417309956,38.09336966793047],[13.359194619965173,38.09315599536496],[13.35901417590856,38.09337377535386],[13.358584947450085,38.09304295105121],[13.35874106782176,38.0928324693748],[13.3585436261559,38.092691630146376],[13.358425787683181,38.09260757167556],[13.358267007645074,38.09249430968175],[13.358237359343494,38.09252440690223],[13.358048317377445,38.092716362668696],[13.357774526100616,38.09261403826976],[13.35746974077952,38.09310220766435],[13.35699229407639,38.09294779754701],[13.356987974472352,38.0927437320217],[13.356367947063918,38.09259437534329],[13.356441057939985,38.09251098041835],[13.356047210159124,38.09220298494228],[13.355935972351114,38.092398391896104],[13.354796069570567,38.09200255764674],[13.354510792238091,38.09241361302272],[13.353867217987773,38.09212319972061],[13.353713932709505,38.09181154091258],[13.353950126764879,38.09160380493018],[13.354448172929358,38.091631888944065],[13.35458007494703,38.09131013928781],[13.354091363934053,38.09100479149446],[13.353877503277346,38.09087118324204],[13.352717731405674,38.09017256658887],[13.352060010243768,38.08972016488365],[13.351319025816936,38.08940726999797],[13.351570114549354,38.088932433841215],[13.350332117635185,38.088943202824346],[13.347055540254006,38.088925279223226],[13.3467512711876,38.08880875030939],[13.346595868918634,38.088669113285356],[13.346299268017509,38.08901024156761],[13.346189642870982,38.08918687704004],[13.346780360468898,38.08949086723087],[13.346376795218536,38.08983170332068],[13.345833623017281,38.08960451527945],[13.34540937153258,38.09005579168203],[13.345034189647048,38.08971284931851],[13.344880943979552,38.089535308946694],[13.344591621962309,38.08920010396047],[13.343952004164743,38.088724678084],[13.343905609916373,38.088717203335484],[13.3438621769414,38.08859489719084],[13.343762245617501,38.08823162117264],[13.343573974375012,38.087957189429865],[13.343497060004951,38.087924249308216],[13.343313188892319,38.08784550322104],[13.342721129773649,38.087740835874314],[13.342275489415533,38.08766204727665],[13.341489905992836,38.08774943330106],[13.340873597168644,38.08783219142641],[13.340083883854971,38.087708468637025],[13.339317051214882,38.08775392058446],[13.338987381997987,38.0873693776779],[13.339016156672471,38.0872783368389],[13.338975147934773,38.08712299569704],[13.338890263994285,38.08693889664702],[13.338532783262337,38.08660320950332],[13.338236008500662,38.08673267935284],[13.337769160983553,38.08650799844614],[13.337413576133173,38.08608792356846],[13.337094237372215,38.08560266516322],[13.336759371629945,38.08509380443069],[13.336281273951323,38.084580550320915],[13.336145952437084,38.0845385737452],[13.335520858370645,38.08434467146751],[13.335319321591989,38.08420110828218],[13.334242403117857,38.08383083102356],[13.3341883988564,38.083812241999574],[13.33275416908897,38.08384113964528],[13.332579503269935,38.08369093547852],[13.332827345958888,38.08336383873419],[13.334532117254309,38.08318400131583],[13.334616515721589,38.08299526698722],[13.33363902452961,38.08251711233441],[13.333813104556732,38.08230150940692],[13.334120724087885,38.081693861531946],[13.333484509312585,38.08108688919244],[13.333259503301608,38.0812715745635],[13.333012731379037,38.08147414632397],[13.331758961521162,38.081400061573355],[13.331620544667386,38.081222232321146],[13.332972014869965,38.08012993365014],[13.333403129766221,38.079573282863166],[13.333095599842835,38.079393051842004],[13.332709236123792,38.079155433690644],[13.332392782764245,38.079420267102705],[13.332246338080392,38.079542803617635],[13.331929695388725,38.07976340881959],[13.330787725718045,38.08064762667401],[13.330559995263217,38.080482591859635],[13.330260069706886,38.08035875640377],[13.329922966476431,38.08030472362683],[13.329989746781333,38.08010869262781],[13.330220859849549,38.08012603986237],[13.330699591984034,38.0802172667282],[13.33223700991871,38.07916983261447],[13.332761614004891,38.0784175300828],[13.332565665053911,38.078027842240814],[13.332122249676294,38.07795120066805],[13.331814824232776,38.078157889410555],[13.331640965558105,38.07797251533234],[13.331354291672728,38.077658924288365],[13.33132065160767,38.07718008940449],[13.331765575328719,38.0767994926255],[13.331571412006447,38.07633245141443],[13.331140835579186,38.07647405575968],[13.330582337317741,38.076367641938916],[13.33026478664043,38.077411291578215],[13.330016869251237,38.077351494123455],[13.329840124574892,38.077227075841044],[13.32975888025603,38.07722426988937],[13.329854160552793,38.07682914026714],[13.329219541927847,38.07659884201675],[13.329141980987979,38.07658515842178],[13.328537747515243,38.077578214446206],[13.329654057405698,38.07781702475609],[13.329679586686026,38.078126250440036],[13.329571175925022,38.07814227833571],[13.328474212322812,38.07803835941469],[13.32805451571641,38.078848102476876],[13.329145611721785,38.07920144491516],[13.329198150996051,38.07910007766595],[13.32945653997189,38.079104079912945],[13.32936003231411,38.080001251122766],[13.329151079127735,38.080575125171315],[13.328820806099454,38.080612639492166],[13.328808508084867,38.079979347423944],[13.328749080535566,38.07985186991089],[13.328275474561915,38.07953561426067],[13.327568716597575,38.07929340385059],[13.327235758063292,38.079056526794204],[13.327199154684337,38.079029926903736],[13.32708205491557,38.07915976335296],[13.326852418861439,38.079030359223445],[13.326971337783611,38.07886436106613],[13.326692735320037,38.07866188737896],[13.326277378603374,38.07891626003429],[13.326023906817769,38.07870863466682],[13.325402227891555,38.07903041236774],[13.325019735047379,38.07940482922973],[13.32475671528115,38.07922520247672],[13.32447060491822,38.07904358296975],[13.32410000031968,38.078868312601855],[13.324203697580465,38.07878762856293],[13.323886127287203,38.07866630462069],[13.324055506168607,38.07849451250647],[13.32435372235328,38.07860472381509],[13.324723553573536,38.078280686020285],[13.324994796542935,38.07850422675624],[13.324910911834381,38.07856782410718],[13.325010910097118,38.078676962873274],[13.325282115204654,38.07805087298279],[13.32541429971273,38.07797149815357],[13.325381112802566,38.07795689546981],[13.325710293851593,38.07684413348163],[13.325579770858942,38.07676069536468],[13.325607538560142,38.076285323527046],[13.325334885081118,38.07639465967706],[13.32489862346808,38.07609635138389],[13.325577799080765,38.07566314897844],[13.326368321960471,38.07498866099093],[13.326210417369097,38.07479592052675],[13.326421291168616,38.07423106006761],[13.326774788117461,38.07442761747602],[13.327342820483322,38.073766846923135],[13.32709533752524,38.07335678370118],[13.32707596887812,38.07332040176398],[13.327214417082763,38.07319722284775],[13.326839468686085,38.072555558249704],[13.32769807470674,38.07214018000222],[13.327432503506097,38.07163837245795],[13.326492239211875,38.07204077090612],[13.326380353650825,38.071858374186476],[13.32530401289967,38.072468294263075],[13.325552804998688,38.07280019096779],[13.326140959999158,38.07248539426722],[13.326431495098234,38.0729356850904],[13.32519386026596,38.07353170786183],[13.325329184030656,38.07428788077243],[13.325396899159715,38.074489464585135],[13.325239635229298,38.07452247570898],[13.325261447203934,38.07491365052434],[13.325397527340911,38.0753278245631],[13.324877476235157,38.07550143794341],[13.324551524174106,38.075541265332554],[13.324377167217767,38.07599716031686],[13.32418689549693,38.076494674023245],[13.32377709674373,38.07733133864284],[13.323738651170983,38.07740981982881],[13.323602217218703,38.07772993294522],[13.323399415376237,38.078133485717295],[13.323206630974054,38.07853478750625],[13.323078004043744,38.07895525937713],[13.322566074056107,38.07899841566202],[13.32222371927463,38.07902727507229],[13.321369733998548,38.0789939592211],[13.321405918577277,38.07857944883929],[13.321021438256109,38.07865132840675],[13.320845079195239,38.078965365344246],[13.320597307109546,38.07889851551699],[13.320614416829729,38.078539987739525],[13.320376934044097,38.07866067241115],[13.320245502235462,38.07863470863244],[13.320140597016895,38.07861803530993],[13.31999439010009,38.07856181186672],[13.319821655714568,38.078496295791204],[13.319696543140228,38.07835714850423],[13.319727065571879,38.078009245492545],[13.319699813827976,38.077546865833504],[13.319591595414382,38.07713159826373],[13.319507489073743,38.07663576114148],[13.31900611450429,38.07672585250236],[13.318328725273668,38.076875253350806],[13.317762201800543,38.077120404467614],[13.317396465419028,38.07715033805154],[13.317246772183706,38.07707784189729],[13.316993501218224,38.07686317980302],[13.316568835327724,38.07635763160121],[13.315945813294082,38.07634870084547],[13.315772798996123,38.07612815056106],[13.316050950792635,38.075646746878],[13.31629788118375,38.075664247151224],[13.316507374822844,38.07533745461817],[13.316435199545374,38.075285476192086],[13.316688585944792,38.07489371477642],[13.316371647583146,38.0747930733714],[13.316468481668991,38.074416178392624],[13.316909535361273,38.07447279330501],[13.317246583996482,38.07413258530752],[13.317077091999654,38.07373210437835],[13.316821980359823,38.07337726532439],[13.317184112230768,38.07278304024738],[13.317244211092413,38.07279242453694],[13.3173406710422,38.07253563166508],[13.317486970576581,38.072542388282464],[13.317784796367944,38.072057932223885],[13.31695110068493,38.071918643299924],[13.317119917213482,38.071460181974274],[13.31697173670473,38.07122585243644],[13.316253520611356,38.071091414363664],[13.316178247704325,38.071443234018446],[13.316598078174085,38.071530984632474],[13.316525475986621,38.07179771964703],[13.316508562953398,38.07216256915019],[13.31650470707014,38.07224576745963],[13.316620565974677,38.07230413821357],[13.316699514974895,38.07247120532851],[13.316729527627016,38.07253471539314],[13.316699756954375,38.072707406055756],[13.31661754772778,38.07269456773033],[13.316262117255523,38.07308066797981],[13.316101204217603,38.07326091626803],[13.315600283133001,38.07315594541302],[13.31547073070678,38.07340836035371],[13.315183076152302,38.07371718575462],[13.315136072305503,38.0737058443407],[13.314945371381143,38.07422852469416],[13.314808265149745,38.07437309400605],[13.314765215507402,38.07434758098075],[13.31464443144569,38.07443841783243],[13.315154084157191,38.07522543450113],[13.315157468085825,38.07535785970763],[13.315420740946283,38.07555746379638],[13.315128399125228,38.07576355458737],[13.314996208990227,38.0758468576515],[13.315196004445697,38.0764621861356],[13.315029201692084,38.076702028701156],[13.315035964532907,38.07681688827027],[13.315392219869514,38.076946796666896],[13.316133620291989,38.07739739639747],[13.315898310751212,38.077597902486396],[13.315389366682503,38.07734803886377],[13.31513346924311,38.07742372770397],[13.314857431767587,38.07724635897574],[13.314904625990307,38.07718866212791],[13.314870332145627,38.07699735370222],[13.314697799608146,38.0760349033512],[13.314680873958004,38.07594048071369],[13.314359826942184,38.075083158553134],[13.313878794280033,38.074641501621414],[13.313976030139289,38.07438977955853],[13.314322235506383,38.07412888142351],[13.314369642395926,38.074137098347855],[13.314601182930087,38.073957463740015],[13.31479741071534,38.07350023356378],[13.314962510475366,38.073115567966596],[13.314999068598455,38.07298388737711],[13.315063563102258,38.07275159194963],[13.315223771579896,38.07218278071107],[13.315397386473347,38.07159997337744],[13.31580305678781,38.07123379293491],[13.315885264221297,38.07115421940114],[13.3159815522589,38.07109663174814],[13.31619815117009,38.07095356777579],[13.316066084337988,38.07074226491666],[13.315714036264005,38.070618942733816],[13.31552415113108,38.07055241958068],[13.315752817281547,38.07042670333398],[13.316124152919556,38.07040528986052],[13.316513233910422,38.07035221694759],[13.316919841226877,38.0704302719981],[13.317262971843386,38.070595926508275],[13.3174745943089,38.070859435924966],[13.317627969508575,38.0711328407117],[13.317786574314056,38.071328539058776],[13.317872136113746,38.071449411960664],[13.317908681250128,38.07165889662986],[13.31799138141621,38.0715922091139],[13.318089818726305,38.07165689923939],[13.318166631335584,38.07185334159559],[13.318242357507893,38.072232684468844],[13.318009750827148,38.07230582857437],[13.31799726998571,38.07233837227236],[13.318434477937357,38.07283946410262],[13.318876859273116,38.073358022056425],[13.318806115886742,38.07365517998558],[13.318620454529622,38.073832545556165],[13.318228862260533,38.07400974041268],[13.318019311336856,38.07428100127118],[13.317825250153511,38.074815238061],[13.31779315046144,38.07535376102535],[13.31782163641749,38.075626984011656],[13.317896703210378,38.07584951530419],[13.318184942955815,38.07615567805986],[13.318430679758317,38.07603003765164],[13.318646304134425,38.075919791637276],[13.319121854186827,38.07567664948933],[13.319331435266287,38.075855508451006],[13.31959135938364,38.07616875093568],[13.319675528301557,38.07638100156237],[13.319859555634707,38.0765102598473],[13.319929531866633,38.07653052819684],[13.320248465558675,38.07684890484109],[13.320217624306066,38.076889441928515],[13.320415187837632,38.0771404637509],[13.32087687188835,38.077456181097],[13.321120013620812,38.07725897312226],[13.321318683559463,38.077059025723756],[13.321575871945912,38.07719402253569],[13.321888909114202,38.076867278140185],[13.321934922760274,38.076896228742605],[13.322171926506101,38.07697067702004],[13.322558979758226,38.07658429097146],[13.323427328305177,38.07703386180123],[13.324091070469995,38.075597932236924],[13.323887107195366,38.07572104752479],[13.323392122137355,38.075310254564535],[13.323203995917607,38.07552451818793],[13.323084081606714,38.075439811638624],[13.322810370544463,38.07568192839269],[13.322713075455678,38.07562860096475],[13.322294015880145,38.075941742411636],[13.322123590250149,38.07586921938381],[13.321698742545507,38.07617819392611],[13.321794376967606,38.07629725238398],[13.321567047169879,38.07648074480729],[13.321058836811995,38.0761273427017],[13.320843547961578,38.07595139918438],[13.320772993882636,38.07597588851253],[13.320510780890018,38.075661579309944],[13.32066678494218,38.07548947136116],[13.320450627049578,38.07531108583757],[13.32055595713085,38.0752117777675],[13.320438448788316,38.07499054668246],[13.320695459141605,38.07489014001139],[13.320626102399274,38.07474305413711],[13.32128229304573,38.0745497008507],[13.321309977358334,38.074582520686995],[13.321470458551381,38.074907726202],[13.32152305178549,38.075014543568265],[13.321982894009217,38.07476083569233],[13.323052994855798,38.07404026840031],[13.323513822605943,38.07436889198452],[13.323653379704064,38.07429370127984],[13.32372856906833,38.074347842728336],[13.324334213844383,38.07400592974251],[13.3242406703982,38.07326512972074],[13.323928463174623,38.07294829301461],[13.323484857664488,38.07312662698926],[13.322960214349603,38.072725187387725],[13.323113143812261,38.072441457309296],[13.323568239479874,38.07200477457018],[13.324106322817196,38.072223496218115],[13.324326349208938,38.07215941236262],[13.324661932940025,38.072097603301636],[13.32505330412651,38.071875334636594],[13.325288463829246,38.07209049203174],[13.325796206943947,38.071783991163535],[13.325494368604454,38.07135279499635],[13.325097668250903,38.07148466409409],[13.324915698198579,38.071256886890595],[13.325392626978639,38.07099948765843],[13.32588483086793,38.0713437254734],[13.3266110928367,38.07097054088762],[13.326374734311578,38.07016388574178],[13.32653693443368,38.0700566488831],[13.325845375010376,38.069304084985525],[13.323951635913923,38.07076643020486],[13.323839774231892,38.07048930835228],[13.323754486385129,38.07027908615571],[13.323955373839974,38.07006679414345],[13.324117248437718,38.07017784052595],[13.326189975160371,38.068289480224095],[13.32586204896178,38.067987148556206],[13.324724836776717,38.06813566285606],[13.324444975786282,38.068076698830446],[13.324220074335036,38.06837809736399],[13.323586817259484,38.06815629394498],[13.32313400718298,38.069118525199706],[13.322823428646338,38.069271591775525],[13.322229809708618,38.069607889730335],[13.322536666003652,38.07035333548231],[13.322433286839313,38.07054366705626],[13.322627932494477,38.07087223723953],[13.322124058758716,38.07090146194831],[13.321778320768338,38.07075432219433],[13.321893587743942,38.07053690622768],[13.321675344096406,38.07037974070853],[13.320867710684352,38.07074523283979],[13.320914073310094,38.07130309550603],[13.321501323964718,38.0712015247564],[13.321514245216514,38.07142072821739],[13.321460868163213,38.07150337037099],[13.32175930505207,38.07183972085869],[13.321907724431286,38.07176760220198],[13.322080295393697,38.07194316526925],[13.32194640187375,38.07205058630383],[13.321972939675966,38.072080494975005],[13.321458882681586,38.07236860724644],[13.321154620080403,38.07247795854189],[13.321186717283124,38.072656054707046],[13.321477792904432,38.072537969026534],[13.321575858007183,38.07266557831674],[13.32132094221033,38.07282110211402],[13.321601050772278,38.073130772235075],[13.32175160383873,38.07302294675429],[13.321938533820235,38.073186052600185],[13.321314740545407,38.073555444412605],[13.321237143059411,38.07344749537064],[13.321012946659788,38.07354820574106],[13.32116660707466,38.074182218827076],[13.320772099838964,38.07430736677554],[13.320728140225498,38.07422077152057],[13.319398591791508,38.07464252540218],[13.319331878293772,38.074445772532926],[13.319528467903169,38.074387821197],[13.319492375466666,38.07431131318519],[13.319558546177864,38.07429180730412],[13.319494414150181,38.0741558604275],[13.320477105731829,38.07386617442914],[13.320469914718167,38.073744163645046],[13.32052226749734,38.07373627130479],[13.320545772766046,38.07330296911066],[13.320778160152285,38.072829166891864],[13.320864390856078,38.07282002660878],[13.320874772984793,38.07257255129011],[13.320723059959954,38.07233401128431],[13.320557367528423,38.072081361873465],[13.320482047167319,38.071482335311664],[13.319790501651323,38.07174680116403],[13.319700535988346,38.07169267065263],[13.3196307745229,38.07173217558519],[13.319682260906177,38.07183764405513],[13.31979146265328,38.07221834158025],[13.319692978095391,38.072275650251946],[13.319566111855455,38.07210734780734],[13.319424516715051,38.072064922768384],[13.319158769823023,38.07217304617522],[13.319225137126647,38.072274983969194],[13.318983521697593,38.072400190318504],[13.318524748189876,38.07191306753014],[13.319432570903551,38.071567657079704],[13.318561469473934,38.07137749234632],[13.318483789801977,38.07127085930178],[13.318649489603512,38.07098984845013],[13.319207686981104,38.07095987161638],[13.319626935063786,38.070606699218075],[13.319761468950842,38.07014691732261],[13.32050893601072,38.069889707982014],[13.320643291371166,38.06985657531685],[13.320809313379803,38.069815598664924],[13.321563396328653,38.0696347250153],[13.322106660395411,38.069344502660904],[13.322794113650486,38.06869772942991],[13.323291209548277,38.0680714676631],[13.323555836708321,38.06775015403824],[13.32386811308214,38.06737078783913],[13.324035719294669,38.06716137788931],[13.32432369534109,38.066869322859255],[13.32462089180258,38.06656788913941],[13.324733450636451,38.06645609281578],[13.324790378524694,38.06639952493639],[13.32500412506194,38.06618450297576],[13.325289266696567,38.06568314026831],[13.324674960095448,38.064647519568084],[13.32389739734288,38.06375300604353],[13.323316242167296,38.063243030698914],[13.32302179457575,38.0626684608342],[13.323024855796612,38.062019880618216],[13.322895721874913,38.0617499307414],[13.322806280307331,38.06157308948667],[13.322759274702099,38.061478960408174],[13.323360877141393,38.06159052087732],[13.32442610172484,38.062308066625654],[13.324474263738237,38.062234602320245],[13.324791272324447,38.0624966547366],[13.324958437765815,38.06249049234003],[13.32508885056667,38.06280798980253],[13.325005787140514,38.06281988206977],[13.324710950459254,38.06277198369367],[13.32415588450608,38.06302989938992],[13.324892388210658,38.06391269967252],[13.325053776139193,38.064252656115194],[13.32570716671636,38.064487078468204],[13.326677872190656,38.06485968097995],[13.326507908285176,38.065286375695436],[13.32649478060196,38.06586301955317],[13.32655290927869,38.06590333024467],[13.32702191709806,38.06575665718464],[13.327101379124157,38.06587293501991],[13.3267730689135,38.06605600646334],[13.327064415363168,38.066258046328414],[13.326970439638963,38.066474778041616],[13.326472166158265,38.06685459355283],[13.326851725679653,38.06738759224041],[13.327167712133654,38.06797596534817],[13.327004945969373,38.06808620413427],[13.327287989733398,38.06894847028293],[13.3274089999455,38.06949889866791],[13.327468904648637,38.070386106783154],[13.327547012948289,38.0703733199838],[13.328219510521969,38.07026314459733],[13.328626369402242,38.07116232204172],[13.328768940635879,38.071157318825],[13.329147243319333,38.07174657811084],[13.32952374053403,38.07163234008816],[13.32965196136413,38.0718663086136],[13.32995456517629,38.07187061488341],[13.329959513806173,38.07165261142656],[13.330143441043795,38.07139492855374],[13.330050184963104,38.071189606104284],[13.330232854395017,38.070594253007684],[13.330633071644419,38.07022007135276],[13.330729098499939,38.07020667770363],[13.331006176264207,38.069893864146444],[13.330903396866345,38.06982545637204],[13.330670858012347,38.06967068126378],[13.330864818948593,38.06945600992978],[13.33176654410494,38.06987747401984],[13.331581128511816,38.07004768009154],[13.33143868605538,38.069999958269904],[13.331112401929685,38.07028317544095],[13.331225525248346,38.07039731663698],[13.331246140209084,38.07056741679488],[13.331529082404016,38.07076259030011],[13.331294640547158,38.070959975944824],[13.330716518082093,38.07148361182516],[13.33063292577251,38.07148669776122],[13.330407237555807,38.07182616356225],[13.330752787465434,38.071969731967584],[13.330612050728945,38.07230917372906],[13.330463464014526,38.07236841112076],[13.330182224339312,38.07248051856914],[13.330002357174045,38.07255482881322],[13.330251415905494,38.07278116774363],[13.330355498305998,38.07287575418306],[13.330729605320354,38.07255600342929],[13.330943872801717,38.07268496256307],[13.330345725123813,38.07314855706599],[13.329923284386282,38.07289924223363],[13.32937981865273,38.07334315348374],[13.330551021875248,38.074239175214146],[13.331303793024807,38.073766622745474],[13.331389530562674,38.073516210972656],[13.331764803411376,38.07325069208162],[13.332135542441675,38.07357813030196],[13.331780519890371,38.07389471929294],[13.331860153756033,38.074108119500075],[13.331430295229275,38.074300597925586],[13.331094548597113,38.07457348658672],[13.331478406562969,38.07492576802539],[13.33232578546987,38.07442647321231],[13.332802674805508,38.074179272311724],[13.332169547923007,38.07320042360835],[13.33234954618965,38.07312767054417],[13.33239123246253,38.07316441979256],[13.33304309513708,38.07386306765613],[13.333315801030007,38.07400763993961],[13.333170204055179,38.07414626784036],[13.333170325496337,38.07453317252764],[13.333478436091328,38.0750792089533],[13.333837439273216,38.07534458093323],[13.333947409263173,38.07536148717743],[13.333732843800572,38.075703485339446],[13.333090953715855,38.07500330272944],[13.332820622606063,38.07457816025039],[13.332194931321972,38.07491377130973],[13.332431101823996,38.075268973600984],[13.332136917999398,38.07554091564728],[13.33258229330731,38.0761336459687],[13.332754958848913,38.07609166735229],[13.333048535569496,38.07614806932995],[13.33322372043517,38.07597941400316],[13.333705222982122,38.076167323158636],[13.333634898726126,38.07633210533456],[13.33315250889236,38.076298502378684],[13.332889731407072,38.07676311499758],[13.333497802017208,38.07731422972155],[13.333721053442826,38.077112152408034],[13.334017576865774,38.0773029372637],[13.335042552199212,38.07669544145986],[13.33497101976365,38.0766200303878],[13.335114598531916,38.076475215246944],[13.335158784766133,38.07629161888956],[13.334902443539645,38.076103307689635],[13.334842834712951,38.07605951839572],[13.334957174702993,38.07584416365884],[13.334402497028693,38.075660141573074],[13.334495737163426,38.07544577765068],[13.334946464161305,38.07551505844744],[13.335543248273114,38.075896366122464],[13.336103974609227,38.0759043039957],[13.336666142234012,38.07519949605351],[13.33670876448916,38.07514608843912],[13.336825892596838,38.07508442962297],[13.337151440246263,38.07492359246561],[13.338440217272014,38.07438357441831],[13.338104885948653,38.073728233468586],[13.33845557921149,38.0735802943388],[13.338725364958975,38.07403915576473],[13.34016425694949,38.07357528895135],[13.341055453265726,38.07347700709464],[13.341744884312325,38.07358645975103],[13.342591325562159,38.07387114574386],[13.34278326640516,38.073653544328714],[13.343014472527999,38.07378098540687],[13.343182884517121,38.07359005553802],[13.343752576418549,38.07258865995337],[13.343331651117522,38.072389453677516],[13.343520877597829,38.07201474229971],[13.343218690472641,38.071919376144635],[13.343395938633659,38.07142266346797],[13.343756960863121,38.07160109316],[13.345262479323864,38.070167231889435],[13.344919537348845,38.069838960723324],[13.345261793963783,38.06954924232344],[13.345427238957127,38.06976332590954],[13.345956937018947,38.069452453418585],[13.346288252775427,38.069887706866616],[13.346620835879953,38.0698895921421],[13.346963084939727,38.07005450059803],[13.346557930274518,38.07049573069222],[13.346164966743313,38.07023324971858],[13.34595883179253,38.07039736809889],[13.345719763424631,38.07025849832643],[13.344948641439508,38.07108812147084],[13.345534938049473,38.071428688282786],[13.345422015910145,38.07164597968909],[13.3450783591322,38.07160898402748],[13.344873946945008,38.0719504261848],[13.345408276322356,38.07217215664573],[13.345555383911439,38.071925184127466],[13.345816943854278,38.07209308477759],[13.345678803060744,38.07233972633443],[13.345829407431477,38.07245490773261],[13.345750669926359,38.07264251917968],[13.346056503235424,38.072950851890454],[13.345671783271126,38.073433944807064],[13.345223603745584,38.07330137063533],[13.345421571101303,38.073002789165024],[13.344852629831697,38.07280365128163],[13.34400106380458,38.07390073289747],[13.344010304745721,38.07405667143845],[13.344311777980458,38.074897941732154],[13.344084381707633,38.07515498964143],[13.343604674108727,38.074945437975565],[13.343308226622606,38.07464385478866],[13.343060373575627,38.074859037391796],[13.34187848344999,38.074476571992925],[13.341696751339278,38.074746133972305],[13.340901691957361,38.07437065096632],[13.340988594568962,38.07423121812645],[13.340638203021319,38.07410386997901],[13.340328475557753,38.07406693624011],[13.338113014716647,38.074900611179224],[13.338183354868232,38.07489963918035],[13.338907440293275,38.075163114351035],[13.33877854709562,38.07535122841031],[13.337888349529624,38.075345674772414],[13.337263910468513,38.07540015871181],[13.33709540361576,38.07576356425733],[13.337033572742214,38.076135532092955],[13.33706533622109,38.07630480971488],[13.336357406703382,38.076899780736724],[13.33640682068758,38.07707633905749],[13.336370671902358,38.07716908394677],[13.33610674330025,38.07744357851917],[13.335706651925367,38.07710074324311],[13.335625399120048,38.077143482518565],[13.33523965717085,38.07751536402089],[13.335370607758676,38.077651807735066],[13.33529378401277,38.077769440271794],[13.335623088817023,38.07804866615025],[13.335756327954789,38.07803491139285],[13.33584211351563,38.077974344382035],[13.33628054208779,38.07820979867469],[13.336592506212563,38.077967015172575],[13.336943219514238,38.07770405197889],[13.337273411616334,38.07790376902008],[13.337065957886285,38.07807921375894],[13.336996733340806,38.078042037124185],[13.336753338690759,38.07824516427486],[13.33669168995461,38.0790430538838],[13.3369223234406,38.079081488189146],[13.337054977388126,38.079149201725045],[13.337752762986394,38.07950544048496],[13.338036871911452,38.07931771897351],[13.337931583476934,38.079216083697595],[13.338212181447643,38.07896874569607],[13.338318966039797,38.07900788018657],[13.338424345916334,38.07894653708537],[13.33852312727666,38.079003919266945],[13.3383503243435,38.0791772758861],[13.33876288632907,38.07946214144606],[13.33891463264595,38.079566922831866],[13.339097906512002,38.07969716746834],[13.339241001460602,38.07954463399859],[13.340123993861644,38.079651987145816],[13.340334169582766,38.07912998653542],[13.340693101794995,38.079214453077384],[13.340579279896842,38.07951666126981],[13.340632740514243,38.079575717736624],[13.340420827573004,38.07998567402742],[13.339547821509601,38.079816918142875],[13.339512868154562,38.079993555421254],[13.339376196280165,38.08041760740536],[13.339762265777743,38.080703373552986],[13.339831576168091,38.08075467025627],[13.340451925997115,38.08127695947703],[13.340441866728424,38.08133700192934],[13.340620434048715,38.08128515881483],[13.34101088032647,38.080317487713124],[13.34143988444952,38.08043339613607],[13.341501745611588,38.08029034043904],[13.342600377105732,38.080587159924804],[13.342786570259305,38.08020328493461],[13.3438759929389,38.080651226248044],[13.343817066603338,38.08088318790797],[13.342920893000109,38.08055375167018],[13.34260275456223,38.08124050784092],[13.342854079642729,38.08134250242018],[13.34282999754466,38.08147264519765],[13.342525767796046,38.081397741048136],[13.342405359176716,38.08181867407479],[13.342816806209013,38.08193987271006],[13.342600845883219,38.08274132612563],[13.34296137998285,38.08284645716082],[13.34283857058591,38.083073602749614],[13.342984809154043,38.08316512664605],[13.342864044282887,38.083447253586336],[13.343478199058131,38.08369035032866],[13.343629676278084,38.08329150631172],[13.343744762078622,38.083321276631395],[13.343999216359999,38.082698769857885],[13.34437942630959,38.08281668120803],[13.344662846163471,38.08288398585621],[13.34477491139567,38.083047373711956],[13.34523980293132,38.082568522615915],[13.34551618028622,38.0817634406429],[13.346227151325868,38.08182268484916],[13.346453933365447,38.081241999108705],[13.345853744762158,38.08100843898996],[13.345938588493494,38.08079859727189],[13.346107394880962,38.08081504924956],[13.346232132428712,38.08041582758863],[13.346121023133326,38.08021025956356],[13.346161634829041,38.080034428763746],[13.346270862381903,38.07975110417625],[13.345902126262612,38.07966064790821],[13.345993708671896,38.07930008874056],[13.345815722649135,38.0792661985963],[13.345438106521637,38.07919328668528],[13.34530543960145,38.07917293073511],[13.345456383094723,38.07888206225333],[13.345458379999366,38.07884805793119],[13.345258448138749,38.078344432159774],[13.344711391563392,38.07819324176341],[13.344861101196233,38.07780712417832],[13.345084173300776,38.07785057427155],[13.34498608362783,38.077564221243705],[13.345175309249894,38.07695303682369],[13.344475219292914,38.07675120473631],[13.344291238701034,38.07680902442054],[13.343850231984664,38.077840973190845],[13.344007933618743,38.07789616786189],[13.343961404378875,38.0780307321164],[13.343764613174727,38.078005707685016],[13.34366497181416,38.07816377955486],[13.342880501583993,38.07795586694906],[13.342974762413773,38.07778363217632],[13.343323235222305,38.077838946391765],[13.343392501030072,38.077628143071415],[13.343600975582673,38.0776204236423],[13.343950818121671,38.07693249109508],[13.34363549393829,38.0767467018242],[13.343257193984922,38.077184365695544],[13.342801917833008,38.07754948174961],[13.342578858998591,38.077464392164075],[13.343330860233591,38.076664633347555],[13.343216361175205,38.076571935286374],[13.343391845085705,38.07631411632531],[13.343833424789487,38.07648446012641],[13.344376479768897,38.07641700265348],[13.34445112477196,38.07640772909767],[13.344525264788484,38.07622882959045],[13.344542889084325,38.076102580555514],[13.34509888359412,38.07625507755112],[13.34509994282097,38.076568533622186],[13.345780927513047,38.07664359386531],[13.346249548165488,38.07671591168324],[13.3468179616575,38.076803636157656],[13.346913681473623,38.076818408394836],[13.346911597259782,38.07689578965716],[13.34690204244377,38.07725126976916],[13.347509384964646,38.07753168225789],[13.347469744798149,38.077944189953094],[13.34714265995558,38.07796279760794],[13.347105828427289,38.07858677010673],[13.348372455919069,38.07886804977639],[13.348851545419791,38.07896955962121],[13.348843620324415,38.0791125340238],[13.34979662628941,38.07927176158466],[13.349883729444477,38.079080452693745],[13.350546741035618,38.07919205817735],[13.350396353908291,38.079975894335234],[13.35279188938629,38.08107515004081],[13.353267584831572,38.079858717232774],[13.35223514856335,38.07951751932428],[13.35138820779975,38.079287830797426],[13.35143089019221,38.07906071774734],[13.35220644875902,38.07912108941864],[13.35242889079952,38.078144055629984],[13.351369660836964,38.07788168243647],[13.351444525825361,38.077301473460594],[13.351195159951825,38.077261275156445],[13.35129490816355,38.076868445376384],[13.351403272206106,38.07687158038357],[13.35168351789061,38.07691888357532],[13.351656299768376,38.0772895661515],[13.352615166442853,38.07740964012124],[13.352853772535942,38.07645390612833],[13.353108477064362,38.075354892989346],[13.352194294357759,38.07543421455882],[13.351431423997347,38.07543657451475],[13.351480067431549,38.075979550556895],[13.351306871902764,38.075980902807636],[13.351228423816158,38.07580056326061],[13.350928020946412,38.075786436328166],[13.350080439737512,38.0755864392245],[13.349583674767102,38.07581254986999],[13.34942832121529,38.07569245924231],[13.348730045994978,38.075815630311425],[13.348754097870927,38.07594444805886],[13.347214017418382,38.07626095439153],[13.34719470501988,38.07648866279633],[13.346877639014526,38.07651185456646],[13.346990932442052,38.075957918672955],[13.346964324453326,38.07564759995225],[13.347049927044187,38.07561347134985],[13.348281980259948,38.07532354124394],[13.350056201287153,38.07499205499272],[13.350092645360508,38.07499356218751],[13.3518714071491,38.07506702990092],[13.352939266770841,38.07494338932311],[13.355097681399585,38.07424098739051],[13.354996495269248,38.073724735590545],[13.355296659343757,38.07374872953683],[13.355966224644748,38.074065030348464],[13.35604237875956,38.07406609415071],[13.356805483917043,38.074076765015704],[13.357695723292203,38.07404961728173],[13.357829216942676,38.073757669272744],[13.35788015795011,38.07364626756983],[13.35782484818767,38.07331876149543],[13.358322625288007,38.073212154924974],[13.359864468437216,38.07288192564643],[13.36058723100491,38.073060317980165],[13.361500289119558,38.07327763305644],[13.361776596673138,38.07227172149214],[13.360916253144934,38.072375437090756],[13.360833866026313,38.07194834028619],[13.360361722992172,38.07197644585125],[13.36034639621889,38.071815533443015],[13.361229950138096,38.07170029556351],[13.361096089433586,38.07112786531102],[13.361589548162481,38.07103420582783],[13.36168065551124,38.071421731988266],[13.362752722719241,38.071521733867286],[13.362657871309981,38.07183368985973],[13.362055295220108,38.07169471174441],[13.361981480119882,38.071826565614266],[13.362111538992435,38.07187206668756],[13.362101887095678,38.071944025464994],[13.362022851183328,38.07214062848462],[13.362655723330924,38.07229961820797],[13.36254218835395,38.07263416556887],[13.362150481288673,38.07255109288467],[13.36184657104238,38.073359192423965],[13.36276848560019,38.07357585735642],[13.36265502186371,38.074168331115175],[13.363068790736667,38.07471863621621],[13.363942992526315,38.074849614787624],[13.364066135172589,38.07465136424791],[13.36395117530667,38.0745829523785],[13.36401928971148,38.0742791620041],[13.364175544448962,38.074312799930205],[13.364367062076814,38.07393673983984],[13.364160061154815,38.07358736447029],[13.364063542038933,38.073574587802774],[13.364078132263556,38.07336244827393],[13.364201543153817,38.073390715344104],[13.3643224258171,38.07300346907886],[13.364055495872124,38.07292901355111],[13.363389987558099,38.07273903476483],[13.363272426604375,38.07270742485571],[13.36331220991227,38.072537384917155],[13.363471618579796,38.072535667759325],[13.364607709312224,38.07257180671657],[13.365065951318822,38.07168713186401],[13.365761262264234,38.07140968292075],[13.365947835843103,38.071471686481104],[13.365945178836297,38.07159044315076],[13.365367823563245,38.072760603203335],[13.36530285521978,38.07298324757797],[13.365948846902294,38.073160141032496],[13.366008811313955,38.073100527077756],[13.366469371287762,38.073216078762854],[13.366328413065231,38.073515408098714],[13.366159544357465,38.07365080343382],[13.365831342421213,38.0741579380011],[13.365505317594698,38.07462554049413],[13.365216930961484,38.07458247775673],[13.365043730893635,38.0745379155885],[13.365128817482793,38.07505422378992],[13.365565412365351,38.0750942514298],[13.365679690407182,38.074963341954756],[13.365811821990354,38.07497276984861],[13.365844793233387,38.07511986422758],[13.366529352575364,38.075182619490356],[13.368648762532615,38.075103151505445],[13.36862106645192,38.07465723918973],[13.368527022446616,38.07437871538418],[13.368248156328358,38.07339466881849],[13.36898807884092,38.073365340287346],[13.369168939146064,38.07312034754565],[13.369482750927078,38.07309499142265],[13.369516119130168,38.073133386887235],[13.37017918692276,38.073896716634636],[13.370947244737037,38.07372915160799],[13.371333131799252,38.073843408830534],[13.371884226338585,38.07437749918537],[13.372320453943837,38.074944778194585],[13.372565171635225,38.07503512465469],[13.372602343957444,38.074972209529385],[13.372697953514326,38.074810382976196],[13.373200668270528,38.07499597898768],[13.373170302892618,38.075047377935505],[13.374193497282288,38.07542511614471],[13.374088527252495,38.07556766061758],[13.373403935125697,38.07533223689944],[13.373206954606893,38.07566169254509],[13.37383934252564,38.07614897704817],[13.37365771926859,38.07638696398043],[13.37303123822727,38.07608821039972],[13.372784001754033,38.076439925093396],[13.372544150944167,38.07631023588165],[13.372808090722181,38.075892661570116],[13.372752984454157,38.07583355562664],[13.372476865732441,38.07570114098316],[13.372178554193985,38.07580196295199],[13.371983994678363,38.07617209962272],[13.371645389122165,38.076029780285815],[13.372122052154559,38.0752006202809],[13.371731551465855,38.07496645546472],[13.371638264266279,38.0746459234948],[13.371021516964303,38.07433411377566],[13.369555940244304,38.07431379374723],[13.369112690241074,38.07452545367705],[13.369176847795027,38.07558572559301],[13.369321011667653,38.07586494511498],[13.369894153729224,38.07601149995689],[13.37033632227312,38.0750540574839],[13.370403494046384,38.07501186781873],[13.370594836000137,38.07510667217393],[13.370939724275651,38.074575996086764],[13.371246024184128,38.074687130668906],[13.370811564043754,38.07536770211603],[13.370592862691561,38.0752804607383],[13.370531692323183,38.07551540409359],[13.370222716271147,38.07645168152238],[13.370018334079472,38.07719140148907],[13.371340912109881,38.07744736861384],[13.371707925591496,38.07784848363706],[13.371402462245092,38.07862639115408],[13.372983118702505,38.079677960668974],[13.373448142292272,38.0790507532776],[13.373405704222296,38.07870364949206],[13.373557117988549,38.078656243750586],[13.37412456979911,38.078853837011316],[13.374581959986484,38.078476798776265],[13.374632392402868,38.07843522555071],[13.374570028084628,38.078387956437076],[13.374694581010209,38.0782852840549],[13.374770960624401,38.07834317768193],[13.374961634853662,38.07822202906357],[13.374851977537057,38.07790189547437],[13.37473679670529,38.077444880440886],[13.374765149740474,38.077296760129556],[13.375306646766738,38.07717553975244],[13.375981777546475,38.07724427637401],[13.376321668445105,38.0776830318175],[13.376795951874522,38.07770174435209],[13.376790774840694,38.07749307427262],[13.376980211454276,38.077426390147814],[13.377173873247013,38.077735977222694],[13.37720640427221,38.07791621085739],[13.37623580344137,38.07792582413719],[13.375242446580165,38.07848070497793],[13.375595934391786,38.07878555257496],[13.375334765288848,38.07907663212078],[13.376094278940112,38.07952942643838],[13.3761597305512,38.07950252033783],[13.376315792240963,38.07961086363946],[13.375452162781727,38.080438165758906],[13.3741224954756,38.0792482450978],[13.373640102035742,38.079808520951055],[13.373434324007656,38.080077144087234],[13.374418705353552,38.08075397288602],[13.375322405303155,38.08154796832805],[13.375671861990224,38.081275035011444],[13.375973139942618,38.08160046036248],[13.376979162865513,38.0825747283521],[13.37757194710748,38.082068735835044],[13.37669597220026,38.080998463489195],[13.377348898748485,38.08050159252251],[13.378481405837324,38.08129237088345],[13.378588500142989,38.08120094847251],[13.37972378761111,38.08199877139957],[13.379903629741925,38.082367578697095],[13.379697286811172,38.082509213007846],[13.379394642346291,38.082716971646775],[13.379147372508392,38.082565049611546],[13.378599699785287,38.08296343573908],[13.378663537488716,38.08299489886033],[13.37887193422458,38.0830976353202],[13.378968510250715,38.0830016075208],[13.379108124703155,38.08308932723047],[13.379063867634338,38.08319225519586],[13.37928153233836,38.08329955879741],[13.379772242263309,38.08360750203962],[13.37987714850937,38.08353915626698],[13.380016574404559,38.083725711344854],[13.380338823860106,38.084224993503035],[13.380176188342842,38.084212861488396],[13.37974775982217,38.08375152136226],[13.379509492250232,38.08375813137904],[13.379203142656744,38.08401132858192],[13.378318819199787,38.08490008314364],[13.377944981023278,38.08473165324112],[13.377422024664948,38.084417942913014],[13.377261189967115,38.08432311087456],[13.377235263768634,38.08430782448203],[13.37707933184393,38.084845027630095],[13.377065213884851,38.08489310582311],[13.37704324579841,38.0849679649254],[13.37696545480579,38.08517063809018],[13.377308751738738,38.08534385043399],[13.377004808641752,38.08584297067197],[13.376598034218516,38.08672917779203],[13.377124257717073,38.08689370114009],[13.377101444145985,38.08703889432576],[13.37794510936238,38.08724631618928],[13.377773222977762,38.08753146152793],[13.377099208541308,38.08731770744878],[13.376581318779644,38.08781983204801],[13.376266007175499,38.08770716514264],[13.375769707464986,38.088676348673395],[13.376810990626188,38.08923974891886],[13.377054380269534,38.08899175394091],[13.377320912942109,38.08913112655717],[13.377143380357456,38.089321912344126],[13.377666255746941,38.08964085338321],[13.3781440225066,38.089204926617484],[13.378535587003038,38.089434196712446],[13.378478687173086,38.08953586725771],[13.380155704536394,38.09040898079501],[13.380649340237284,38.089922677324594],[13.379423763625143,38.08922683000396],[13.379053126473574,38.0890316220927],[13.37976668679057,38.087904994225504],[13.379943317266921,38.08769930658209],[13.379661843441836,38.08752068038876],[13.379755059005456,38.087432436413685],[13.380641284513517,38.08628273375136],[13.380603390512253,38.08625354877166],[13.380450388041941,38.086160194072505],[13.380015686930887,38.08585832790114],[13.379857663211384,38.08595049529813],[13.379273457370395,38.08565873920514],[13.37938363931887,38.08550032876269],[13.37955625901264,38.085543656588406],[13.379696669613548,38.08536420841375],[13.38022815212766,38.08560136284008],[13.380619860415337,38.085119927479],[13.380866492084126,38.0853015488388],[13.380880628977604,38.08579676839622],[13.381412038750156,38.0857741329744],[13.381758715037936,38.085759374694625],[13.382454184989518,38.086046162874254],[13.38232301856926,38.0863116738435],[13.382854754252548,38.08663582209231],[13.382481833678087,38.087066320379606],[13.382173077821937,38.087428386887304],[13.383010408551442,38.08810326546876],[13.383489211209247,38.08766958377758],[13.384163546989363,38.087637885834184],[13.38483024950558,38.08795438031178],[13.384615526980992,38.08863028341576],[13.384872524398927,38.08891103732023],[13.384541985144956,38.089124297932536],[13.38416708824358,38.089643871557364],[13.384472489696295,38.09000450968189],[13.38485330000608,38.08986417620258],[13.384990518518856,38.08981360417155],[13.38558769146087,38.09058417153198],[13.386083345664566,38.090330763754515],[13.386027621998204,38.090258753617185],[13.38634122984898,38.09012547125099],[13.386388095487737,38.09021161845547],[13.386902400605232,38.09064183618168],[13.386577193066229,38.09118189641075],[13.38651249068929,38.09184436956714],[13.386559123437063,38.09200341159398],[13.38724803924335,38.092022777082775],[13.38767424701869,38.09201872964972],[13.388163029877637,38.092589760256125],[13.388612360142183,38.09267513254045],[13.390133300185072,38.09190392691114],[13.391217179958325,38.091057414134085],[13.393062732821896,38.090340124473926],[13.392978058183584,38.09020036630913],[13.393463052350535,38.08980106951946],[13.393798305964099,38.08994425996373],[13.395129883958367,38.08922981423747],[13.395538290399303,38.08874585599611],[13.395798930874832,38.088436986300124],[13.396124046127863,38.08847113415549],[13.39637730749302,38.08822224408499],[13.396700386490622,38.087904758176734],[13.39708641164926,38.087444692939975],[13.397961471953757,38.08754573842159],[13.398193697933857,38.08781621293334],[13.398987115136839,38.088213161863045],[13.39949474570032,38.08792305358925],[13.400000460784863,38.08829627727536],[13.398528520419497,38.08912767080999],[13.39851275725718,38.08927596935783],[13.39896746211424,38.089688092406],[13.40132509978365,38.08904695521615],[13.401520149037855,38.08920643264931],[13.401949152094694,38.0895572012503],[13.403027326097066,38.08881204008184],[13.403807242765605,38.08857499505073],[13.404075859723003,38.088814504922574],[13.404901758960206,38.0886255374968],[13.405372775975946,38.08839554485357],[13.40610154759757,38.0881820318878],[13.407277256174025,38.08973387444273],[13.40802571099432,38.090596822854415],[13.408695867597226,38.09124092967315],[13.408974882937416,38.091547267344765],[13.409200924622233,38.0917544428201],[13.409852168471437,38.0916088698309],[13.410216686087793,38.09155041336424],[13.410515973858713,38.0913489797465],[13.410918825541337,38.09122195793095],[13.41227869273837,38.09076807123407],[13.413767666354156,38.09010794307577],[13.41453904300407,38.08975448642134],[13.414022814680653,38.08890141902719],[13.413822718208129,38.0889719263882],[13.413405503133067,38.088052952565235],[13.41410625202943,38.0875946031694],[13.413422938684201,38.086594065344904],[13.41247955339057,38.0870402121362],[13.412507520475042,38.087113601003345],[13.41176243423632,38.08751383540568],[13.41195447389686,38.087835391801185],[13.41181798616534,38.08791496707426],[13.411370136573929,38.08738591270283],[13.411040378238141,38.08756028083001],[13.410323417507845,38.086556800443276],[13.411824747672513,38.08633284262278],[13.413336504826662,38.08628216965634],[13.413948440997071,38.086277751515105],[13.413994876198158,38.08629577918929],[13.41403575340433,38.08629047524606],[13.414852519433033,38.08633491409181],[13.41518310973073,38.086695794019874],[13.415622596661446,38.087236355554275],[13.415813434329456,38.0875396712187],[13.415784765521998,38.08756155613634],[13.416004297494991,38.087842984666636],[13.416291144774776,38.08827010154734],[13.415934916516637,38.088443505842164],[13.415851561359583,38.08838669811139],[13.415254995927617,38.08859026799216],[13.41562801151372,38.08907517581737],[13.415694315768727,38.08917232197005],[13.416431323031981,38.08892618506699],[13.416460615486782,38.08891004685684],[13.416963090342426,38.08863321018487],[13.41683293530194,38.08842719525644],[13.417029473425908,38.08829636455395],[13.417450838911346,38.08813097440976],[13.417643031882012,38.088436829604525],[13.41779293995348,38.08847783671731],[13.418747864457071,38.08796869247161],[13.418531139080901,38.087693261813314],[13.41874261605473,38.087589317716734],[13.419002854342889,38.0878536104452],[13.419864424826251,38.08748616864962],[13.419950785894894,38.0874164465479],[13.420437801401874,38.087115268342885],[13.420253668503383,38.08696632580023],[13.420079824669582,38.086758899006135],[13.419871093136292,38.08666636990676],[13.41990625848944,38.08653866077658],[13.419731331655518,38.08638249588667],[13.420282552236005,38.086377086585074],[13.419875298181797,38.085717908645904],[13.419607277508357,38.085368223904595],[13.41966753951771,38.08534164232138],[13.42015251648214,38.08508083576863],[13.419318150287841,38.08388896240202],[13.421125620117905,38.08310016596332],[13.42230493993457,38.08464195846199],[13.423657313882936,38.084036359724934],[13.423356812617245,38.08358679498285],[13.423670941534631,38.083401658949654],[13.423956647120752,38.083884446833636],[13.42515251176152,38.083343555700665],[13.424716313051308,38.08264713922719],[13.425486702699992,38.08228092801923],[13.425234961678465,38.08172931964748],[13.426005460694068,38.08155204990132],[13.425989364884364,38.08176222057056],[13.42585627409729,38.08274037976669],[13.426035430345905,38.08293213985262],[13.426329742706287,38.08301405035617],[13.426722944958769,38.08308614045535],[13.427786693890623,38.08278851608542],[13.427751418821567,38.08265455778303],[13.427172478532961,38.082119309796326],[13.42687728524576,38.08178283985075],[13.426808209196185,38.08173955264388],[13.426854537608877,38.081550810658406],[13.427083867560365,38.08137567150872],[13.427830379445117,38.08140793530306],[13.427837043963454,38.08109615117844],[13.428221157772903,38.08093422025005],[13.428128700779752,38.08064338850141],[13.428848673937408,38.08059731677451],[13.429012090862626,38.080866821738134],[13.429186961463511,38.081259011831044],[13.429058443067149,38.081335265109864],[13.42914756354168,38.081781988640266],[13.42978655920947,38.08156776445975],[13.429483876024426,38.08121841609719],[13.42950608531325,38.080840012608085],[13.42937419678029,38.08041499120026],[13.429098762407188,38.08011057717908],[13.429193821100702,38.080076362547686],[13.428898961139097,38.07940514250954],[13.429281693664374,38.079300094749925],[13.429426026181407,38.079595181761775],[13.429724752659261,38.079202211449726],[13.430046763055024,38.07892625616857],[13.43043418934086,38.079492521631884],[13.430493457115947,38.07958934946385],[13.430557411427225,38.07969345204192],[13.430896288187393,38.08024509695863],[13.431002333378302,38.08069140105702],[13.431587225786265,38.0809981358199],[13.431667164754268,38.08104004693321],[13.432609495856688,38.0812431129641],[13.433647658725263,38.08173522874102],[13.43386507135609,38.082114275869195],[13.434019712004702,38.08238762650053],[13.433993957410216,38.08245355526217],[13.43416972573011,38.082525578425674],[13.434130519536252,38.082674800625135],[13.434081583818738,38.08286251694238],[13.43401431261156,38.08304616028514],[13.433860721913879,38.083370754871666],[13.433856019280894,38.0835191941],[13.433789871993373,38.08362177611144],[13.433716558479347,38.08370556538661],[13.433584240528385,38.08405035004581],[13.433571156730794,38.08433916011973],[13.43356801087461,38.08440859500583],[13.433564537500283,38.08448077117649],[13.433488781113708,38.085370752959854],[13.433512720994308,38.085505288111605],[13.43331310100425,38.0859866229087],[13.432935312559422,38.08600918562389],[13.432528529596016,38.08603348686041],[13.432296676001783,38.086047321386374],[13.431750094831557,38.08603328187685],[13.430594713691319,38.08600358010256],[13.429891791557345,38.085985514616254],[13.428850815377078,38.08594321109028],[13.427440726085301,38.08588589263634],[13.426939112906618,38.08588608768107],[13.425824038055092,38.085886524787284],[13.424677352046618,38.08588600208906],[13.424640632016185,38.08606473421337],[13.424582967020186,38.08634546037753],[13.42703815391557,38.08639100909177],[13.426725295331362,38.08678389613142],[13.426483492624127,38.0869224447323],[13.426126013336647,38.08672742199305],[13.42590914820917,38.08697573922923],[13.4259191565164,38.08782094100775],[13.42568290515185,38.08782268803784],[13.42575589594821,38.08722672440938],[13.425549276715868,38.08711947901007],[13.4251516154749,38.08701225077313],[13.424654090685967,38.086757796951176],[13.424119872587651,38.08679952049788],[13.423846761671573,38.08659770648858],[13.423652952181053,38.08675591553368],[13.423304798686818,38.08677350989485],[13.423308456238207,38.087040876557005],[13.422728231989897,38.087797930673226],[13.423008937677709,38.08808827209045],[13.423215565208784,38.08830198350886],[13.423097542975633,38.08854544224602],[13.42307762934408,38.088597137452645],[13.423298041081155,38.088837717930694],[13.423518794599236,38.08906345707299],[13.42350589480786,38.08922664531817],[13.422689881637556,38.08965876088773],[13.422507557687583,38.08975529579923],[13.422601825289263,38.09017982736009],[13.423097614448368,38.09072854610632],[13.422841068995883,38.09086947547468],[13.422279568694126,38.09117794513198],[13.42158076708063,38.091622291900876],[13.421843059746633,38.091958039140955],[13.421650720464159,38.09208752450823],[13.421399663352615,38.09174193985444],[13.42123959525876,38.091876133194575],[13.420933653805562,38.09213261280068],[13.420546940744298,38.09175612350647],[13.42034628437752,38.091471263047936],[13.419968106400944,38.09158578254518],[13.419712343418672,38.09166322441997],[13.419627255900492,38.091568598850905],[13.419233315311748,38.09175442133796],[13.41912396544799,38.09160962755651],[13.41950917699146,38.09143728361568],[13.41927324275566,38.09117489920723],[13.419134075591199,38.09124047013766],[13.418972599112676,38.091026408389034],[13.418869850710058,38.09106528461831],[13.418615798993272,38.09107670088644],[13.418342851457332,38.09065720125329],[13.417984469693721,38.09067333003721],[13.418060556372264,38.09078838996497],[13.41790558434215,38.09085239960313],[13.417566805002798,38.090424223502374],[13.417397590583143,38.09046625039411],[13.41772387169942,38.09102757628411],[13.417385198078906,38.091192146219676],[13.417821581319092,38.091804015591585],[13.417508428023877,38.092042301487425],[13.41760183963325,38.092243998433645],[13.417406429674571,38.09231218031813],[13.417268742449332,38.09206570969336],[13.41745374275955,38.09196526950229],[13.417040512071319,38.091359634536694],[13.416712390894471,38.09172679070471],[13.416312755470859,38.091951595638925],[13.416840318511225,38.092768090422496],[13.416507886920579,38.092926969615334],[13.416042468609708,38.093150893448176],[13.415554644496895,38.0926690736315],[13.415159320011156,38.09285238513909],[13.415348906970435,38.093119463520075],[13.414341742317587,38.09361754846484],[13.414106448934053,38.09332039091687],[13.414531302729353,38.093110285284865],[13.414388423932994,38.092697890051106],[13.413661692591154,38.09239849183895],[13.413317270780086,38.09180721784148],[13.412933552087559,38.0919556727852],[13.413260219085931,38.092428732413076],[13.412988112177494,38.09251806424316],[13.413041040616791,38.09261876113411],[13.412475014435929,38.0929112590157],[13.412477823439659,38.092957889934006],[13.410657356425105,38.09360364953567],[13.410875012659261,38.09389791206596],[13.410379249217348,38.09421792793434],[13.410756610963366,38.09485404661172],[13.411449427898669,38.09602195983632],[13.411318026182665,38.09607165593239],[13.411415236807432,38.09623703938657],[13.411318188255413,38.09628742557417],[13.411546208088597,38.09667430880792],[13.411131944568561,38.09687422678381],[13.411448687987532,38.097358538594804],[13.411838347614333,38.09803211252589],[13.412177466728085,38.0979995630858],[13.412120607756547,38.097152280229686],[13.411985746483557,38.096868285496924],[13.412870589548186,38.096813413848565],[13.413021524716997,38.097223867625345],[13.41334087708376,38.09723560704447],[13.414122995029926,38.09714963706091],[13.414512630916164,38.09711759954707],[13.414277807611702,38.09655714017095],[13.414574784470554,38.096502820353365],[13.414803194978258,38.097093707012256],[13.415752205532339,38.09701566714443],[13.41529440422936,38.096014473332986],[13.41567783266444,38.09567064870241],[13.415093380368424,38.09481941517986],[13.415071216930189,38.09477646617061],[13.41526811359331,38.094646820561195],[13.415320993404842,38.09471604009559],[13.415664146268755,38.09456406812091],[13.416233437802697,38.09431926444878],[13.416304306828678,38.094520725116766],[13.41595144686269,38.09475357923087],[13.41607597367267,38.09508198573192],[13.415950915697003,38.09521394513661],[13.416453746733787,38.095436065764424],[13.416479940825903,38.09536959973493],[13.416581941451694,38.09512843277575],[13.41654765220214,38.095044431456905],[13.41674281938645,38.094961584166896],[13.416702421276984,38.09490214715304],[13.416932362103783,38.09478547623161],[13.416958950294994,38.094849187115805],[13.417075037732959,38.09479234136857],[13.417091619746643,38.0946278602403],[13.417788526337453,38.09413231860629],[13.417899050465882,38.09423775404697],[13.418207095656689,38.094116326394314],[13.418343798638414,38.09405616570262],[13.418423869366434,38.09417205416224],[13.41828590895593,38.09423158684848],[13.418484688680318,38.094542662360624],[13.418552201099677,38.094899995192456],[13.418439228673353,38.095344013078375],[13.41825078346312,38.09536374761437],[13.418197057061464,38.095254476041184],[13.417581786788675,38.095436426073555],[13.417414713768672,38.09533763975706],[13.417085478546188,38.09534804912245],[13.417012436860263,38.09550073742805],[13.416898417867664,38.095739079072096],[13.41698807237316,38.09594078999775],[13.417281974489098,38.09582593060455],[13.417409690890718,38.0960058640639],[13.417000144988616,38.096252826878356],[13.41745707990637,38.096860434568086],[13.417588959147627,38.096847369371694],[13.417639640392235,38.096677261788784],[13.417935056598726,38.09653345769853],[13.417977306806504,38.09702539721409],[13.418380043865705,38.09698060829706],[13.41844144109887,38.09698507598343],[13.418471419653097,38.09703270763443],[13.418525239804035,38.09720967330326],[13.41906774617765,38.09707778447462],[13.418967648906909,38.09677597450588],[13.418878752999122,38.09679438715883],[13.418840675863695,38.09672526096661],[13.418715308438655,38.096360724605724],[13.418674302127805,38.096211814545065],[13.419107447530736,38.09622784999752],[13.419405899484568,38.096173021101336],[13.419384525095317,38.09607001073388],[13.419501887200127,38.09605480208605],[13.419584291393381,38.09622519079658],[13.419917747035127,38.096161361783196],[13.419992282040507,38.0964045349936],[13.420804831197932,38.096370845962646],[13.420719160885984,38.095983581356975],[13.420899486648159,38.09590431363734],[13.420773984291278,38.09562045702673],[13.420572047094884,38.094956881376476],[13.421230374243807,38.0949434444298],[13.421444192432219,38.09374338798453],[13.421719275133782,38.093628269892854],[13.42271843465404,38.0939387019448],[13.423345249650195,38.09412945914976],[13.42414960468474,38.09376925007695],[13.424061396524479,38.09358922808883],[13.424440893344213,38.09339515763761],[13.424562512947851,38.09363865343155],[13.42480085985673,38.094144863976254],[13.425091870130965,38.09460171730719],[13.425144910136371,38.09475837732472],[13.42588400954059,38.094992087556356],[13.427302283821982,38.09544058385938],[13.427768613521147,38.09558804041185],[13.429078378716959,38.09500410791769],[13.42894839865317,38.09448999942519],[13.42872937345702,38.09462072564746],[13.428486308922633,38.094558079979414],[13.428636191929478,38.09414423785062],[13.429640458664355,38.094217088533135],[13.429666727827584,38.09386843101509],[13.429992416843147,38.09314508425524],[13.43033215277576,38.09308278192425],[13.430526922522322,38.0927660868971],[13.429988543229491,38.092447022461],[13.429906208102071,38.09275620585961],[13.429824993163031,38.0930611580727],[13.429468557000144,38.09346480217773],[13.428799499601208,38.09310632710246],[13.428743659788562,38.09307641570586],[13.428064321130567,38.092755453836915],[13.42671804871204,38.09216828429872],[13.426633516741033,38.09211525671092],[13.426785283534327,38.09199662259891],[13.426971703881813,38.09184005161272],[13.427069563980481,38.091858206911425],[13.42710769968669,38.091824460863926],[13.426999124999067,38.09169161854796],[13.427164856545073,38.091498418760175],[13.427313126594502,38.09154315246082],[13.427391641334797,38.09157321549929],[13.427556981850937,38.09142690592359],[13.427967594136527,38.09112796298623],[13.427331280825593,38.090555094012686],[13.427503753013928,38.09040146790572],[13.426928930918494,38.09002992466315],[13.427132490272541,38.08974306090337],[13.426908347167737,38.089581552906026],[13.426428976210513,38.08923611853131],[13.426799106024164,38.08907029337537],[13.427083744280978,38.08938598457536],[13.427369943367394,38.08962743030648],[13.427535592699622,38.089793009025],[13.428018189367654,38.090081635709474],[13.428460839206126,38.090481109611716],[13.428660703198231,38.09029188139031],[13.428883173144008,38.09008126393],[13.428804067390798,38.09002006961159],[13.429173065646669,38.089722115032274],[13.429216271566585,38.08976590928364],[13.429557803555637,38.09010235387553],[13.429791901291194,38.089806604017696],[13.429680423640344,38.0897113364449],[13.429626532364434,38.08962950078683],[13.429759848970457,38.08950223385093],[13.429558391400292,38.08933008978544],[13.429872993658176,38.08904138629959],[13.429990374991206,38.08917715987087],[13.430065599746618,38.08918968498053],[13.430216261967667,38.08927193678135],[13.430306415018986,38.08945135629991],[13.430979484728685,38.089185592762114],[13.431109926451429,38.08923931887549],[13.43149176173813,38.089845888872084],[13.431861251049936,38.089709730661156],[13.43194166400951,38.08946576660239],[13.432169560957005,38.08935742328999],[13.431918226087664,38.08924269567444],[13.431677466349482,38.08886074763419],[13.431310724604865,38.08864054141548],[13.431256416029584,38.08854326840491],[13.43164548878334,38.0883702558787],[13.431536869977592,38.088047001345714],[13.431398329674852,38.08808858899718],[13.431250193784681,38.087669969114614],[13.431709611240024,38.087519591920184],[13.431537082801196,38.08722412565012],[13.431799844714092,38.08712828237197],[13.431924410569064,38.08746114450477],[13.432693711834933,38.087245127127645],[13.433027590723785,38.08720015182774],[13.433012655327625,38.087285090822995],[13.432863068093305,38.088134038290356],[13.433311581556689,38.088258832415534],[13.433173216143103,38.08857627710427],[13.433458196674453,38.08877225743654],[13.433704572287086,38.08846518888217],[13.434012155457841,38.08866207409948],[13.433854244783262,38.08890891341447],[13.434153621349042,38.08912048877853],[13.434103608873258,38.08916469473493],[13.433972895242858,38.08939206560748],[13.43377725629215,38.08951579506173],[13.433192766153649,38.089102888416264],[13.432877130364224,38.090351521175606],[13.433006803623464,38.09046677983166],[13.432987705825612,38.09066038744654],[13.432933681640836,38.09070557495315],[13.43329487129156,38.09109069422667],[13.433098019660388,38.09122036761681],[13.43273253308207,38.09087381832988],[13.432585744541448,38.09099659296863],[13.432359778810854,38.09145396757736],[13.432464926710633,38.09165991751436],[13.432684224684882,38.09152361382879],[13.432826477976514,38.09169439461908],[13.432556850872798,38.091839963411836],[13.433642786400265,38.0934388535453],[13.434382149808183,38.093151676570606],[13.43447737826906,38.093093553648885],[13.434552651307877,38.093025800080554],[13.434672913000352,38.09295014898094],[13.434744933590363,38.092889195534774],[13.4358522061183,38.0925400843484],[13.435927862173449,38.092513724487304],[13.435635602338827,38.09166064461345],[13.436022647376365,38.0915993214181],[13.437523933998595,38.09128514690921],[13.438194454688398,38.09113813023219],[13.43818886864485,38.09118037747528],[13.439012597425897,38.090989341021384],[13.439465927194668,38.09093400046895],[13.440149112764498,38.09102299232706],[13.440235892730728,38.090951516824454],[13.44098401443631,38.091085300176225],[13.44156264588003,38.09130204188084],[13.441636494604388,38.09132176611128],[13.44171744179033,38.09134194105235],[13.442311202588455,38.0914898430327],[13.443529598674534,38.0914977278315],[13.443912308838193,38.091712880744765],[13.443940042726238,38.09172839323881],[13.444522755486123,38.092054490252394],[13.445018121592584,38.09228339145088],[13.445355940340121,38.09194636578621],[13.445424256817272,38.09189875313662],[13.445614110175324,38.09176059945488],[13.446346210896909,38.092374884439636],[13.446306262129083,38.09248573840572],[13.446545874169086,38.0927116761547],[13.447253030894604,38.09260964384078],[13.447295320885983,38.09283297278495],[13.446917841423263,38.0929022338286],[13.445990446281202,38.09319442184036],[13.446399059053585,38.09343001815894],[13.446606712626997,38.09383375452546],[13.446873117873618,38.094126864505355],[13.446843363108643,38.09420072084032],[13.446307379647937,38.09420848295489],[13.446422625578172,38.094536743727474],[13.446403159086298,38.09505186602868],[13.445684684896337,38.09510780464351],[13.445150286083408,38.09503218746479],[13.444685766322223,38.09500733367059],[13.443773263831293,38.094920475353405],[13.442719448011601,38.094806796568015],[13.441418303365554,38.09483315418698],[13.441217459618363,38.09501122623718],[13.441006156026088,38.09493986140932],[13.440415414480984,38.0949195676568],[13.439908776784344,38.095021898898736],[13.439649188353163,38.09505915401912],[13.439515015213967,38.09500419666395],[13.439332193995899,38.09507655861704],[13.439244447298092,38.09512523568242],[13.439242071314613,38.09523737702281],[13.439044522783675,38.09525968443126],[13.43849131997581,38.095297334767295],[13.437761810859158,38.09531964826384],[13.436991484927919,38.09535744678655],[13.435167058050176,38.09544523703761],[13.434517516421547,38.09551663074065],[13.433493995923605,38.096031370707074],[13.43332862258271,38.09618929354717],[13.432778258302058,38.09635807984137],[13.432205221993057,38.096638628301086],[13.431650404122712,38.09701550576857],[13.43111443066589,38.09745666794837],[13.430804255602212,38.097756752341624],[13.430306086119286,38.09816359626466],[13.429484211401759,38.09882572963495],[13.428954158682574,38.099112054164635],[13.428251747344454,38.09929252057443],[13.427815623557313,38.09926942427598],[13.426641588165825,38.099046593318036],[13.42598764145204,38.09900330795725],[13.425620714147055,38.09880854540159],[13.425163514095717,38.098750636166876],[13.424492927633384,38.0984654944508],[13.423645155000496,38.0982987899092],[13.422838800698562,38.09823618808021],[13.421878193531516,38.09824053987792],[13.420367571107327,38.09844460629721],[13.419162821759082,38.09863552276451],[13.417587444743033,38.098804163488765],[13.41747423363497,38.098992488396235],[13.417213087036574,38.09895446090796],[13.417445474050222,38.09830172492917],[13.41709854281924,38.098193500742404],[13.416725673852639,38.09827477544906],[13.416417920027866,38.09837418169469],[13.416583572098734,38.09879064346142],[13.416846564338833,38.09874240964484],[13.416929762335574,38.09893337054098],[13.416447774508708,38.09901318468295],[13.416190258935625,38.09834909379481],[13.415830802386285,38.098238273510894],[13.415562966116362,38.098229361217655],[13.41471705817626,38.098302727075485],[13.414260841373547,38.09832834899541],[13.414003542084917,38.09845204112779],[13.413748762242754,38.098459195907175],[13.413144716204705,38.098504007300754],[13.41279477224298,38.098573451581075],[13.412285190337007,38.09858775526463],[13.41172156834523,38.098622517530984],[13.411222168221178,38.09878530206054],[13.410990502615586,38.098962307416876],[13.410828938014816,38.098997213472686],[13.410495127622967,38.0989397148901],[13.410240796595604,38.098925670362156],[13.409850192776801,38.09901574283486],[13.409472747333052,38.099116589812155],[13.40858756589624,38.09914699327329],[13.407953278686035,38.099350322388375],[13.407117086578877,38.099593275920896],[13.406228207609676,38.099793142563215],[13.40592701974776,38.09984645777663],[13.405811149194754,38.09986695031327],[13.405327193590233,38.09993456312176],[13.404720384241669,38.10010644636302],[13.404302970720813,38.100196143948494],[13.403803086008171,38.10038007147598],[13.403596807164709,38.10062098037049],[13.403389620999246,38.10090425289644],[13.403156773051606,38.10113420544678],[13.402749288690085,38.101382961792744],[13.402423117422739,38.10159044669508],[13.402165305778242,38.10173528950963],[13.401974040239294,38.101902220373546],[13.401686911026975,38.10216320275943],[13.401414097847368,38.1023820179499],[13.401196031884606,38.102548570096815],[13.400831561206594,38.10283550939098],[13.4005049275945,38.10300132056018],[13.398957954047072,38.10340584876026],[13.398770233190772,38.103549216983346],[13.398058774203266,38.10372801714127],[13.3974246156395,38.103889601514545],[13.396792551972172,38.10395393504051],[13.396239764878324,38.103909917727016],[13.395716423195552,38.10392708310531],[13.395314235817047,38.104031045375876],[13.394774423799122,38.10409663245165],[13.393985409862012,38.104304727524735],[13.393023378013819,38.10468677985297],[13.392571565602998,38.104948136689124],[13.392643400267001,38.10518015789603],[13.392149192631559,38.10527067834847],[13.39129624339551,38.10558733834374],[13.391045933445552,38.10577846745342],[13.390641849856717,38.10596749726013],[13.389212716754042,38.106604577524706],[13.389088842246512,38.10665187812315],[13.38750634952069,38.107256072839924],[13.386513069458537,38.10765587975093],[13.38576719584632,38.107998282960985],[13.385033644120139,38.108317737198334],[13.384819761819033,38.10841087688351],[13.384260533686675,38.10865855030288],[13.383621471709914,38.109038890607124],[13.38316665476986,38.1094339222086],[13.38294413845911,38.10975919831404],[13.382630664157874,38.1100223941309],[13.382209549916226,38.11028413308383],[13.381759018535735,38.11048464357482],[13.381261685679556,38.110714919948116],[13.38105302180535,38.11090949095765],[13.38095391522029,38.11105957308855],[13.380881449983816,38.11124248797214],[13.38074249177575,38.11133793072974],[13.380656814440307,38.11149904006491],[13.380462415194486,38.11162617571748],[13.38030760499929,38.11181877068222],[13.380016711618154,38.11197703005327],[13.379723896643991,38.11222181314656],[13.379623346807223,38.11243680159081],[13.379400142371884,38.11262844362717],[13.379547780028883,38.112760308353096],[13.379477206610346,38.11285670005574],[13.378838955198837,38.1126315283085],[13.378551636062607,38.112627555751125],[13.378312206408122,38.11313812744551],[13.37847056289458,38.113199816056714],[13.37910953870257,38.11339255485579],[13.378795384795152,38.11398322012987],[13.378984077659853,38.11411565543608],[13.379190016237096,38.11408603326627],[13.379626340119565,38.11354031067092],[13.37977563677325,38.113596469052546],[13.37925530824279,38.11422757698407],[13.378939206095335,38.11428813160243],[13.377923236561259,38.11566967766283],[13.37762091415679,38.11587762514511],[13.37738099785402,38.11605164681279],[13.377239646034038,38.11625524405732],[13.376930251294537,38.116629607128345],[13.376244239858867,38.11732332835317],[13.375056302817933,38.11843201131941],[13.374495809634615,38.11901925975284],[13.374159269057856,38.119382435804326],[13.37356000172185,38.11972473740934],[13.373252946463884,38.11988836162433],[13.372853025365519,38.12013465183274],[13.372452835749893,38.12039292119787],[13.372242873173143,38.12028207616096],[13.37201539107944,38.12027893719982],[13.371890317224686,38.1204450689495],[13.371763393062329,38.120695139332234],[13.371636466909397,38.120945208766095],[13.371612239950302,38.12135258615685],[13.37211540413685,38.12192316300985],[13.372296888712283,38.1219496521139],[13.372785426107033,38.12249605488578],[13.372532353783257,38.123643736641554],[13.372267854635888,38.12462336694549],[13.37211643798776,38.12529279550398],[13.372027535107582,38.125879158337185],[13.371978311256633,38.12604635372773],[13.37182424105803,38.126152144665085],[13.371643274254708,38.12610167594284],[13.371585274494135,38.125980957286686],[13.372481552296247,38.1225158159734],[13.371335505027469,38.121516624246766],[13.370849357782005,38.12154585097089],[13.37074960584611,38.12057316194153],[13.370218231816262,38.12058977758687],[13.369302375969355,38.120157359940265],[13.369098049622613,38.11979476251174],[13.368771586838033,38.119466467153444],[13.368503643571522,38.11923489319179],[13.36817318772841,38.1190864189866],[13.367674033076868,38.119019519786605],[13.367292199220705,38.11913412048419],[13.366998949607426,38.11935789800691],[13.366899951935146,38.11971626536374],[13.366877577524908,38.12003972242706],[13.366995297665207,38.120203242896416],[13.367382950182098,38.12050842152224],[13.368233852948578,38.121131819661365],[13.368242609969817,38.12141973494183],[13.370332432987878,38.12295969621135],[13.36999241368492,38.12371524381173],[13.369247434589635,38.1254123229768],[13.364965264951906,38.12559186650936],[13.364423805248457,38.12661746433989],[13.368091713254312,38.12685634271434],[13.367732803170805,38.12744903566155],[13.364041359430058,38.12729522493709],[13.363612632341953,38.12810893278275],[13.367362096530545,38.12857096977549],[13.366912570103345,38.12935025033101],[13.36320589709768,38.12890588301592],[13.36266649820081,38.12983758560661],[13.365679278773374,38.13039186237832],[13.365496558657812,38.130833325196505],[13.363365236605175,38.13047916737829],[13.362687523229003,38.1340162215445],[13.366914466716556,38.13539948086391],[13.366979590799872,38.135525672609354],[13.368143455074062,38.1351302163562],[13.368905292446659,38.135498748205116],[13.369274370352018,38.13417947156484],[13.368123675281973,38.13398450085966],[13.368172144362935,38.13384199552162],[13.369299811056772,38.13405453634148],[13.369616433484582,38.13305668189618],[13.367946219235401,38.132800815288476],[13.367927956688101,38.132603691647695],[13.369620006708335,38.13289565231104],[13.37030606936617,38.130560612944194],[13.371140158199603,38.13073326348854],[13.370578074517011,38.132586788544515],[13.371500767312668,38.13285016554893],[13.3715929163875,38.13277984794509],[13.372539441829158,38.13298983308289],[13.372948351408919,38.13191271994982],[13.373767175639472,38.12971372295248],[13.375019414405408,38.12634844685384],[13.37542530483752,38.12642565472388],[13.38013055916815,38.12255320515193],[13.380331131246873,38.12269915561191],[13.378049057357371,38.12452004678117],[13.375880259550009,38.12633351236292],[13.37553117030944,38.126758214786584],[13.37526882409879,38.127498405094954],[13.374903078335203,38.12853031556807],[13.373097095272962,38.133373404240274],[13.372729682217297,38.133600978088154],[13.370792152120645,38.13314459056034],[13.369698305296545,38.13599297851898],[13.370367390536483,38.13645865755738],[13.369165340540205,38.13755160097491],[13.369127000379997,38.13774793897279],[13.368318188443032,38.138470506215896],[13.368486220140825,38.13855337118494],[13.36921378455286,38.13791917658365],[13.36937029071275,38.13801084399642],[13.371240474463445,38.13640812460833],[13.37135189653288,38.13649021946717],[13.370830921416129,38.13700201465538],[13.37081612055139,38.137158408338756],[13.369686658965547,38.14007790095032],[13.37021597656859,38.14021052745062],[13.371368066698889,38.137291347396356],[13.371514632489612,38.137320227647855],[13.371455044329393,38.13745363083675],[13.371623667384625,38.13750964986795],[13.370434832941866,38.140553618046944],[13.371155625394108,38.14073364233574],[13.372344832906151,38.137671781206556],[13.372570067835062,38.13772860292541],[13.37135862124604,38.14077226027587],[13.371527040480688,38.140837232942594],[13.371467852959842,38.14095274797545],[13.371986053582772,38.141076261844596],[13.372762656946312,38.14043977346356],[13.373696548806317,38.1406765211903],[13.373996812853296,38.13990914711279],[13.375008694104427,38.13730227536129],[13.375631120318126,38.13612119787605],[13.375379372069343,38.13604703709995],[13.375939054607366,38.1350064348181],[13.376190799563947,38.13508059368359],[13.377434802917819,38.132753741563405],[13.377361074450231,38.132717371295605],[13.377531508385964,38.13242525780151],[13.377812537743381,38.13252336950238],[13.376676654205168,38.13468092239094],[13.375292594374299,38.13727087417662],[13.373870939342824,38.140879181183664],[13.37319535875545,38.14109363037844],[13.373117961600828,38.14122212822505],[13.373159797346661,38.14135228300202],[13.373456277786532,38.14142706619076],[13.372170946323902,38.144259802535174],[13.37197771856627,38.14423356786385],[13.372166774597813,38.14377680851616],[13.371343505083551,38.141916064723944],[13.36880606952737,38.142728939112224],[13.369004229186075,38.14320285917769],[13.370430734882785,38.1427397097837],[13.3704589688721,38.14281077712479],[13.3690923215733,38.143262972479],[13.36926328984,38.14361873226478],[13.370569551431013,38.14320102812815],[13.370627589448036,38.143272514497596],[13.369381209524603,38.14367926297057],[13.369155040853208,38.14379391763246],[13.369325757880155,38.14416143553101],[13.36966746998767,38.144213293491994],[13.369964490515502,38.14426452962403],[13.370081350129842,38.14437217120003],[13.370183321149721,38.144479594009795],[13.370396259595664,38.144516366596264],[13.370463328839906,38.14462483177437],[13.370597987326667,38.14460313712322],[13.370626222371216,38.14467420435465],[13.370728702383675,38.14475808919724],[13.370861008734868,38.144842375897476],[13.37088871355298,38.14493699841929],[13.370976556768591,38.145008886392006],[13.371004538472056,38.14509173076006],[13.371079843745504,38.14505743832797],[13.371196984039686,38.14515330045152],[13.37110572635021,38.14523448529112],[13.371073822613376,38.14532826900625],[13.371175519805936,38.14544746798149],[13.371202442188691,38.145577423871515],[13.371345974847621,38.14582677993289],[13.372839747597677,38.14502293877288],[13.373242652248543,38.14433355921659],[13.373329183787195,38.14446431614473],[13.373188260879683,38.144768622306685],[13.37292706169213,38.14511838144535],[13.371810072400649,38.1457389759752],[13.37140322954276,38.14593358131702],[13.371444812054214,38.146075495897826],[13.371559504259297,38.14613466935401],[13.371542313892665,38.146383119436244],[13.371612386611831,38.14658432448677],[13.371726902828064,38.146797944662005],[13.37174990701941,38.14710452825374],[13.371727408694392,38.147445807338826],[13.371799050986937,38.147576363156304],[13.371780748000612,38.14772923624456],[13.371851584126363,38.14789512725721],[13.37187643381737,38.14811928453179],[13.371829617622256,38.14821286803443],[13.371961930581428,38.148297152144],[13.372079054854701,38.14839301471084],[13.372165082521803,38.14854732587224],[13.372279603993238,38.148760946071114],[13.372335803808305,38.14891485738834],[13.372427623798664,38.14906563341882],[13.37260395480468,38.14929336384719],[13.372793500241622,38.14967601761889],[13.372760245976522,38.14989909604138],[13.372770171728224,38.15008924396461],[13.372909350625955,38.15019177175745],[13.373234137026028,38.15021862935552],[13.373243319261043,38.1498051930892],[13.373427178720807,38.14980774028339],[13.373434128379309,38.150131983992914],[13.373925387420583,38.15030644227222],[13.373791654604826,38.15059518987441],[13.373826651008489,38.15093098523426],[13.374307501330428,38.150937647949455],[13.374282435004103,38.150792001216324],[13.374424110569418,38.15078278505518],[13.374387872356968,38.149865761445106],[13.374094352416911,38.14970521190998],[13.374239755238776,38.14952839528211],[13.37454543144812,38.14977852074116],[13.374614919122784,38.150472465633314],[13.37532404725839,38.15166705912844],[13.375145396179912,38.1520669558177],[13.375288065777882,38.15201304677345],[13.375490544227125,38.15245176593265],[13.376218035104802,38.15218238957235],[13.376184505240657,38.15114245826863],[13.376298159899887,38.15112167059274],[13.376190919182484,38.1495777516838],[13.37571204467739,38.14884460265166],[13.375912757365555,38.148724449433324],[13.376433068975595,38.14950286327599],[13.376641593396425,38.15222178232533],[13.376458614228838,38.152365918232704],[13.376088712487952,38.152717104794256],[13.375811654901836,38.15301245950636],[13.375501227555358,38.15331737748541],[13.37515624092072,38.15366350005837],[13.37494460232133,38.153950601164475],[13.37483309814483,38.154112356753046],[13.374563420203241,38.154482771918246],[13.374571199457947,38.15460767701531],[13.37455834324356,38.154714843118654],[13.374420243286703,38.15481201878559],[13.374427761477099,38.15494426575494],[13.37432101127427,38.1550418754677],[13.374350368789152,38.15513311547007],[13.374462618489765,38.1552585396855],[13.37433350141805,38.15542191130542],[13.37419189426294,38.15567594446566],[13.373996015183396,38.15602006005812],[13.373698492238157,38.156701341993525],[13.373404838804287,38.15720926218284],[13.373228570913472,38.15761144691111],[13.373114109737791,38.15805577855178],[13.37320326141721,38.15827998962594],[13.373211143663744,38.1583956963363],[13.373153913892002,38.158617861682046],[13.37303652402178,38.15872359569702],[13.372958942020146,38.15892071685976],[13.372879685068895,38.159192122303345],[13.372745970075044,38.15956186029103],[13.37266250889996,38.159780983510295],[13.372523831083068,38.16014509637296],[13.37239882867218,38.160410626352466],[13.372339097533574,38.16070544842987],[13.37228054729408,38.160917314300114],[13.372294390962242,38.16110183826726],[13.372110854654665,38.16128361664508],[13.37190938523859,38.1614651602743],[13.371850191461673,38.16170536342359],[13.371823416817021,38.16210200746933],[13.37175949447549,38.16255485633183],[13.371717936280515,38.16280949011807],[13.371516757920984,38.16297685612544],[13.371511090177744,38.16323199493255],[13.371237832288044,38.1634125258281],[13.371090499554573,38.163580631858174],[13.37092427007031,38.16379099887379],[13.37079518983692,38.1639451799896],[13.3705952202794,38.164080109667694],[13.370475351151963,38.164403916970045],[13.370278572533543,38.16470157847403],[13.37016517541825,38.16505045221947],[13.36994951686592,38.16524772011729],[13.36958601083319,38.16544293665637],[13.369411458756291,38.165690834566284],[13.36940700707691,38.165891035750306],[13.369170968097057,38.166054644007545],[13.36914685439782,38.166187812016055],[13.369799371274539,38.16629699120857],[13.369840124070342,38.166364309730085],[13.369729877999204,38.16657138841239],[13.36922408641955,38.16651430593013],[13.368925058649543,38.16666034131517],[13.368494842233444,38.1670048260112],[13.36808647439535,38.16731621687061],[13.367763704778431,38.16757874780381],[13.367180407824959,38.168154718708394],[13.366981008070088,38.16856915637987],[13.36705283797013,38.16913755576179],[13.367022405675435,38.16955434860499],[13.36713572849604,38.17015670880828],[13.3672535330422,38.17055886653834],[13.367185706331876,38.170758165165346],[13.367330204069479,38.1709103754121],[13.367280515072585,38.17124344339013],[13.367036256149243,38.171774077486056],[13.366794972888739,38.17217124309422],[13.366718915355364,38.17248850893095],[13.366838632594662,38.17280183744654],[13.367125849154501,38.17325886461357],[13.367498403745286,38.173700315460415],[13.367739782221744,38.17430773504008],[13.367858596342812,38.174695300718206],[13.367737433978757,38.175364793970914],[13.367386028545011,38.17588007422086],[13.366845691717867,38.17629203560845],[13.366499348776957,38.176534967910705],[13.366001103979228,38.17651302490938],[13.365445192564364,38.176461760157686],[13.36546897872802,38.17623933062331],[13.365976496200059,38.17626867784803],[13.36604813699887,38.17474746800813],[13.365595724764699,38.17477830089607],[13.36557856157161,38.17470381401161],[13.365362857345172,38.17467110321739],[13.365330082142787,38.17403205999803],[13.365556191912686,38.1740203554215],[13.365638932360232,38.173687366465664],[13.365385909427953,38.17363929643022],[13.365327579267067,38.17288109257988],[13.3659306456915,38.17284492391495],[13.36591103080826,38.172458549499325],[13.365212977151755,38.17245893005794],[13.36488531702227,38.172459107515365],[13.364828246506155,38.172064775377464],[13.363913750017211,38.17214114107099],[13.363842152769655,38.171976769055505],[13.363550363081398,38.171980125708394],[13.36352827731611,38.17170508368696],[13.363989074510188,38.171679621985234],[13.365459749864954,38.17159833470363],[13.365537316800957,38.171495454520425],[13.365707975928085,38.171438430542985],[13.365700564822454,38.17134922866296],[13.363949488985448,38.17138424665938],[13.363891439867277,38.17103443939446],[13.364361811146338,38.171040997065504],[13.365662641888713,38.17094029587548],[13.365826053041664,38.17078664880528],[13.365630199156003,38.1702864102278],[13.364445081662629,38.170315227756696],[13.364076716994036,38.17032417669122],[13.363977554495191,38.17012973184419],[13.36398451337781,38.169817973649785],[13.364550094623544,38.16977387587876],[13.36442143528486,38.16921517047221],[13.364434817872041,38.169037158134174],[13.364721505271067,38.16884066654506],[13.36501396116016,38.16880760445793],[13.364986877902911,38.167492928756566],[13.36614372300846,38.167516464129754],[13.366087001820608,38.16710727152894],[13.364631945415216,38.166953367344895],[13.364621437473541,38.166581943457146],[13.36421300420742,38.166516657435075],[13.36373030791744,38.166458156113755],[13.363663173153943,38.16609337851217],[13.363777278984136,38.16561974127249],[13.363329095720003,38.16546497948317],[13.363125960964348,38.16529135502108],[13.3632040405684,38.165166213244],[13.363776669099998,38.16522618282271],[13.364028413544883,38.16448714329431],[13.36477943827141,38.16456444384965],[13.36497220695729,38.16435920232338],[13.365177146221678,38.16445117338922],[13.365114917365243,38.1647101903163],[13.365788011154297,38.164905208513424],[13.366397603906853,38.16499536586408],[13.366411986076988,38.16477280727754],[13.365905861151141,38.16468407027405],[13.365918748839304,38.16452832032021],[13.366130007917558,38.16433819631897],[13.366984662028363,38.164409501494475],[13.3670086053373,38.16417963279408],[13.36728818381129,38.16387909416889],[13.367374322719956,38.16381346657441],[13.36778588654825,38.16392313310626],[13.367963304687263,38.16356174980697],[13.367025572562122,38.163254147913825],[13.366805056564635,38.16318181436592],[13.366046962548209,38.163000482834526],[13.366197992128397,38.16255704569229],[13.365804439830397,38.16248473661582],[13.365840269966432,38.1621436813557],[13.366001049583778,38.161685531360334],[13.366109180546372,38.16105588470462],[13.366241735653617,38.16059734740444],[13.366407933433464,38.16031750615207],[13.366762409474218,38.16003284394354],[13.366934188559137,38.15992385407989],[13.366797415875435,38.15972889501168],[13.367008308004129,38.15955361247996],[13.367087360197354,38.15938392324313],[13.36809960740816,38.15871485100191],[13.368194648896278,38.15867163421229],[13.368558651282102,38.15880291762091],[13.368808160808175,38.15858362211373],[13.368990027254096,38.158021814809715],[13.369036758455913,38.15761406076843],[13.369122416448905,38.15714745517505],[13.369076257266727,38.15685595528229],[13.368998685235749,38.15636606900225],[13.36890913851405,38.15574109573696],[13.368607992802502,38.15574433221235],[13.368506714509376,38.155223143569415],[13.368338411142707,38.15517625600455],[13.36832707262222,38.15441869847955],[13.368148880959156,38.15439394581436],[13.368087351554012,38.15420003803867],[13.368188864749046,38.153444048319244],[13.367870079946439,38.153395077622235],[13.367667319886056,38.15320661734832],[13.367527597809753,38.15272203359742],[13.367187537523135,38.15278411756599],[13.36713853520884,38.15287254266325],[13.3665865928343,38.153154470209984],[13.366080056927037,38.15308801125839],[13.366001375773275,38.15281959583402],[13.366400226589453,38.15223111767373],[13.366434280827312,38.1520371358419],[13.366551087105375,38.15137186219642],[13.366628659847214,38.15126900036454],[13.367003365612293,38.15091779272701],[13.367065110796286,38.15068103706919],[13.367470312923372,38.15064954432974],[13.367908905646186,38.14996506823132],[13.367747422500537,38.14961382228988],[13.367492036491123,38.1492538654456],[13.368079273646103,38.14865314244331],[13.368332705687083,38.148255689377095],[13.36876253696736,38.14754139782182],[13.368298284006157,38.1472676352469],[13.368114010468918,38.147094274726946],[13.367581783541253,38.146916097287445],[13.367009721328031,38.1476803946433],[13.36649705083227,38.14831184970116],[13.365715269122207,38.14919943663707],[13.365947069541233,38.149351182515545],[13.36653941058607,38.148943600941585],[13.366831270864216,38.14893280238078],[13.366987166597387,38.149113179749115],[13.366981713520765,38.14935814897129],[13.366844512762809,38.149902463423025],[13.366822800328503,38.14997144103113],[13.366696365107142,38.150341754375695],[13.36646520240627,38.15058358471107],[13.366094943756492,38.15073436689886],[13.366027936295817,38.15069108102163],[13.365742538163806,38.15050669092852],[13.365248537844133,38.15072257946971],[13.364389325809498,38.151052695055455],[13.364166788119213,38.15113819485725],[13.363750712019549,38.15081309620633],[13.363353622855557,38.15048085236112],[13.36325610251421,38.15063541753002],[13.362701567069903,38.15061283960071],[13.362422180358914,38.15090596355055],[13.361845346983987,38.15103900249523],[13.361684152309794,38.151096148678754],[13.361639343137831,38.15057574714138],[13.361387740803565,38.15046827639905],[13.3610470288014,38.150560063567134],[13.360814576048904,38.15043800924144],[13.360374643068415,38.15075858814547],[13.359894259732219,38.1503657582637],[13.359121846530162,38.14999110699691],[13.358916275236364,38.149928844578426],[13.358027840645489,38.14885458092505],[13.357215179955775,38.14859818948698],[13.357113975594595,38.14891605320308],[13.356701003144911,38.14887315123601],[13.356751619091355,38.1482946762966],[13.35556751987624,38.148240972818],[13.355579832252628,38.148530731688005],[13.3545445302332,38.14855336724215],[13.354348111896044,38.14892187386077],[13.354157024246293,38.14905286707147],[13.353698107275928,38.149380564226384],[13.352986491168025,38.15006858132615],[13.352562673311102,38.15050814991435],[13.35247376014116,38.15061660710475],[13.352021000553684,38.151168841339384],[13.351259170520807,38.15074232100091],[13.351337093051802,38.15062460779291],[13.351693741870648,38.15024349863167],[13.351365373149362,38.14978594475116],[13.351362002180375,38.149518578345045],[13.3515772339229,38.14915033813274],[13.351353203848438,38.149072939186254],[13.352239395317854,38.147733941918425],[13.352005973984541,38.14765641363914],[13.351536805811577,38.14802109603877],[13.351370726172826,38.14787769001747],[13.351812315349044,38.14748291376711],[13.352153052584617,38.14739117159928],[13.352423711699688,38.147068239173755],[13.35163070958653,38.14677494312779],[13.351483961194823,38.14702536022116],[13.351152833757162,38.147109808754315],[13.350771480962207,38.14733464275009],[13.350658808592378,38.14732563602894],[13.350445010618044,38.14721124229409],[13.350158384601297,38.147407713757474],[13.350018489355477,38.14735376999505],[13.349353619092419,38.14680235946212],[13.349028194620677,38.1470502536063],[13.350117631950164,38.14796403798059],[13.34972569229514,38.14824070480301],[13.348624845210189,38.14741585937075],[13.347893536320624,38.14806274238781],[13.347674587238291,38.1482564025407],[13.347548984906483,38.14840314426108],[13.347695601911196,38.14857599665829],[13.347628090411913,38.14864929320645],[13.34735603791759,38.14861577813369],[13.347057297769624,38.14893085127488],[13.347027422597998,38.149004688293786],[13.347527546376044,38.14935329275583],[13.348667309017726,38.1501095079791],[13.348750986126108,38.150165023554635],[13.349538670421,38.1506958864035],[13.349733002266415,38.15125551430928],[13.349055443610231,38.15209991241545],[13.349385985440211,38.152460979592334],[13.348318449489543,38.153492950329316],[13.345309134034512,38.15635390186428],[13.344492397226993,38.157107206372004],[13.343763926072189,38.15688231678582],[13.34340861660675,38.15677263729978],[13.34290037124441,38.15660832603142],[13.342063683854489,38.156337834097144],[13.34186952675684,38.156286923766935],[13.341165824325182,38.156102379668894],[13.338716186635493,38.15542916463898],[13.338088808085402,38.15629411295351],[13.337728097516036,38.156778181015525],[13.337643491384519,38.156884440787024],[13.336924311682127,38.15769082169434],[13.336153511165477,38.15857988021465],[13.335685008839803,38.15919450276264],[13.335504308483934,38.15946014063487],[13.33502397609103,38.16016624247425],[13.334462427375946,38.160898181688964],[13.33436462809172,38.161025658314585],[13.33401930642267,38.16151067972135],[13.333884271617055,38.16387470504636],[13.33499064125997,38.164230919459996],[13.334812856947046,38.16465195787135],[13.335291634888065,38.16483082110133],[13.335251626005743,38.16489002177926],[13.334953055937547,38.1653701755089],[13.334487343771784,38.165195926396535],[13.333975316948683,38.16499603591964],[13.33350848933755,38.16564849370803],[13.332955544504514,38.165503334638636],[13.332341834727385,38.165308980734004],[13.331852207365573,38.16515392501861],[13.332400591333638,38.16438931911118],[13.332008041236444,38.164154281628385],[13.33164767553989,38.16423197317417],[13.330130008723557,38.16641572481444],[13.331166170621366,38.16677945548678],[13.330872792046781,38.16726535287024],[13.330050571463588,38.16825855331035],[13.329372414963293,38.169100358579186],[13.330974307119773,38.169828550622235],[13.331825451978343,38.16881595906228],[13.332559806394158,38.167972468294174],[13.332944244673808,38.16844572841659],[13.333021299351222,38.16878096216377],[13.333361895266846,38.169112502710554],[13.333166658476266,38.169421613504056],[13.332614194941693,38.169302387083455],[13.33200241562442,38.169308546826],[13.331729785908674,38.169297243670606],[13.331543041684514,38.17005940475009],[13.331904722068183,38.17021460806368],[13.33311791960452,38.17073520191416],[13.334763002933895,38.17131196874362],[13.335965262315776,38.171733460588776],[13.335921391828256,38.1720075924998],[13.336548799778358,38.172142713854186],[13.335977746213208,38.17284002376148],[13.336521508018645,38.1729294160572],[13.336687679899647,38.17265702927962],[13.337062275648897,38.17273659329173],[13.337073837855062,38.17305604226403],[13.337354715760453,38.1731194289936],[13.336837996740917,38.17441665144866],[13.336466481287475,38.175349302275734],[13.336189352459701,38.176362641243834],[13.335276874388107,38.1785919391275],[13.334890135532575,38.17969306148536],[13.334309341368636,38.18132423573062],[13.334199719158171,38.181632044052485],[13.3341561737379,38.18175432447321],[13.33414181773833,38.18238527479168],[13.33431785489244,38.18250657059882],[13.334366374677701,38.18285624878697],[13.334346149005007,38.18333118658364],[13.335106546809229,38.18341624182499],[13.33508496614775,38.183950548371946],[13.333833792785311,38.18392536675098],[13.333635671820002,38.185184880879284],[13.334556903652235,38.18523506937809],[13.334533356354152,38.18544265573602],[13.334102860408677,38.18574840704605],[13.334085828659049,38.186082303672514],[13.334017539973296,38.186601109790274],[13.33353366074927,38.18657737323268],[13.333378243864583,38.18656976510115],[13.333163477201765,38.18773248595467],[13.333791711968152,38.187837929142404],[13.333772985407599,38.188246057845284],[13.333105776794165,38.188199456809876],[13.332972404048698,38.189096028439636],[13.333424381932145,38.189160748998106],[13.333804914413212,38.1893232005091],[13.333736121035699,38.189864270277276],[13.333786149662528,38.190147140083454],[13.335225963999921,38.19016014039792],[13.335581488864214,38.190254284341165],[13.336040511015234,38.19051580416032],[13.3365565904052,38.19081078010767],[13.336993840847017,38.19106140130918],[13.337180311421221,38.19155410570501],[13.337462679910884,38.1923823196205],[13.337522254196797,38.19307372693481],[13.337668720172294,38.19366982029034],[13.337804762675846,38.19431032743193],[13.338047528731556,38.19481125769541],[13.338317544945594,38.19494131638755],[13.338620026598274,38.19488619969303],[13.338777685020187,38.194576570264566],[13.338828496424805,38.1935822850914],[13.339124284925335,38.1929924496277],[13.339171441358934,38.191745656015236],[13.339572772800246,38.190652381331574],[13.340086003067901,38.18960524196577],[13.340185494492639,38.18936903876049],[13.340020519863252,38.189173652630274],[13.340630989576221,38.188402613613405],[13.341283284557088,38.18786235533145],[13.342495752477507,38.187107241571674],[13.3427252647013,38.18736294392478],[13.341444723358356,38.188213638674924],[13.340829728105728,38.18876926387161],[13.341683140520809,38.18849173923225],[13.342963648052322,38.188056869467474],[13.343763283010473,38.18765976963258],[13.34357343742386,38.187315518353564],[13.344809221707266,38.18677604350892],[13.34585026296413,38.18652340602062],[13.346050040045904,38.18684552007902],[13.34662714477437,38.18674449556791],[13.34704219470919,38.18667385087027],[13.347597774931721,38.186623006064956],[13.347815584421408,38.18660306871139],[13.349043145187581,38.1868431049065],[13.350418580093704,38.1872040065613],[13.350475658412048,38.18722539095822],[13.350797118423204,38.187345841338605],[13.351118576390217,38.18746629718776],[13.352113165891609,38.188022318527786],[13.352698930442777,38.18834240640094],[13.353149055178198,38.18841555176836],[13.354246511127057,38.18900268716056],[13.35472112157702,38.18870459319045],[13.354787231629745,38.18866307204156],[13.354624846270776,38.18839275774391],[13.354903247569839,38.18824219754898],[13.355065427778207,38.188488346676195],[13.355597160241125,38.188375606413594],[13.356006272736941,38.18818085618126],[13.356485410782376,38.18780144799107],[13.356504048008615,38.18769314713092],[13.356528711998136,38.187549594382986],[13.356963720693942,38.18745914372827],[13.35785211541466,38.18687755589597],[13.358026974197115,38.1866349561866],[13.358643392816354,38.18642824493073],[13.358847489260246,38.18614150680871],[13.359154070617434,38.18590075744749],[13.359358656658777,38.18559175529888],[13.359797640155593,38.18532315243331],[13.360372672591883,38.185702458709244],[13.360650852178273,38.1854687191366],[13.360589658652637,38.18525996729671],[13.360659154215758,38.18525017092742],[13.360857218664947,38.184960803426314],[13.360825744624888,38.184871247413845],[13.360946931333492,38.18480075328505],[13.361125851967461,38.184909566743336],[13.361304774263473,38.18501837985213],[13.361212691020441,38.18517214552309],[13.36182416551613,38.18561133205645],[13.362083593231093,38.18535299525304],[13.362353617097497,38.18508409073017],[13.362068924502635,38.184768266756016],[13.362243107888302,38.18455535522837],[13.36241729148358,38.184342444353305],[13.361281282851891,38.183376150938734],[13.361529907935507,38.18320140984718],[13.36198446276702,38.18349733790627],[13.362470106451589,38.18324423517518],[13.362363024419084,38.18298285216024],[13.362931757125043,38.18259475389536],[13.363653293485218,38.18210237396499],[13.364207849017289,38.182555614643604],[13.364532164534637,38.182782897270364],[13.364834622143535,38.18230445741172],[13.365101763160833,38.18172158696897],[13.364489768159038,38.18131208393168],[13.3641108286653,38.18100235661282],[13.36421682498087,38.18089246163017],[13.365146962616492,38.180541580972445],[13.365502164070556,38.180650474140535],[13.36570112075839,38.180170594459135],[13.366102326287972,38.179062374953524],[13.365698930186717,38.17900478428957],[13.36578957848837,38.17873873268528],[13.366149239225134,38.17864720115026],[13.36615026901803,38.17817941533465],[13.366077491232414,38.17806702991316],[13.365532659960312,38.17802230694613],[13.365406424596786,38.17777551091821],[13.365388997598943,38.17751136312961],[13.365452974814586,38.17739652058312],[13.366511442707198,38.1775344945823],[13.366562276033772,38.17768043835073],[13.366585817829613,38.1777716752922],[13.36670984478213,38.177945103098885],[13.366757616391826,38.17809728429964],[13.366703095960585,38.1782480377174],[13.366598095353972,38.178367784054394],[13.366605470039218,38.17861030158811],[13.366654144691003,38.17872207160501],[13.366677448887923,38.1788234072522],[13.366637074561131,38.17891374361559],[13.366557872324318,38.17902374928087],[13.366551551761967,38.17930648815034],[13.366484452029413,38.17944695739346],[13.36636713114061,38.1795463199235],[13.36633681612429,38.17975801756724],[13.366217451624946,38.179948261499774],[13.366175722835447,38.180099201931036],[13.366146309002945,38.18027048929166],[13.366168259949417,38.18043241208246],[13.366078091531586,38.180461446715846],[13.366024448601976,38.18057180941585],[13.3659580366043,38.18068200201694],[13.366008065455999,38.18073318699622],[13.36596541014142,38.18092451963704],[13.365933976396942,38.181186687603606],[13.365902305346102,38.18145895339096],[13.36597925228262,38.18144992651273],[13.36600258070063,38.18155126137418],[13.365909915000977,38.181691372318305],[13.365796380941307,38.182096043232406],[13.36571757328376,38.18228462821255],[13.365638365289326,38.182394633556626],[13.365687493129668,38.18248622707686],[13.365661240967873,38.18251616422641],[13.365571499704672,38.182525021749534],[13.365428135027557,38.18264422292909],[13.365230911126867,38.18288388517251],[13.365019321883556,38.183194062025954],[13.364796530206826,38.18343336453763],[13.364559352119112,38.18374318411011],[13.364427183818762,38.183933256584844],[13.364386805547769,38.18402359241126],[13.36427126085533,38.184042190262076],[13.364190929373304,38.184202665289824],[13.364072004750495,38.1843727291059],[13.363863786583744,38.18453143731058],[13.363656709053258,38.184639655021925],[13.363590051701594,38.18475992652493],[13.363496474660957,38.18494042832778],[13.363261332646367,38.185159364202335],[13.363079363488659,38.18528813365481],[13.362885506929869,38.18537634363751],[13.362753782818125,38.185546201819655],[13.36279056936626,38.18561743134807],[13.362751091698472,38.185667374453224],[13.362663821399394,38.185565155288295],[13.362561757312761,38.1855536266489],[13.362485018008014,38.18555255465194],[13.362379333542854,38.18570259177375],[13.362251229428253,38.185710901527834],[13.362183449136449,38.185881661780016],[13.362180519521676,38.18601293319461],[13.362244441686629,38.186013818694875],[13.362253401086665,38.1861856691294],[13.362201558604035,38.18621524765771],[13.362100612376366,38.18615323113752],[13.362021634929736,38.1862531357351],[13.361954305077987,38.18640370020952],[13.361886738490627,38.186564363359395],[13.361578015321745,38.18664085380252],[13.361447882707736,38.18674004280187],[13.361432157993542,38.18687112662863],[13.361304266547176,38.18686935648968],[13.361214303108941,38.186888290946165],[13.361289684743971,38.18694995187192],[13.361262523760628,38.18702027791853],[13.361179467691032,38.18730192585529],[13.361035848872769,38.18743123934226],[13.3609472429756,38.18738958638901],[13.360843579140896,38.187448742434306],[13.360775341435534,38.18763969788116],[13.360772572467821,38.1878758233626],[13.360517388979163,38.18827869596726],[13.360309703295082,38.188558524770364],[13.36023666693325,38.18882255291591],[13.360122824668808,38.1889093297207],[13.360074118807933,38.189085355883094],[13.359795754415542,38.18952323107473],[13.359608081828192,38.18990935111692],[13.35942434938696,38.190118841521944],[13.359507490160917,38.19040273496415],[13.359368919144499,38.190595162288986],[13.35922914187596,38.19084060835455],[13.359269901170144,38.19101788061695],[13.359090151227594,38.19105070359092],[13.359039447654625,38.1913150622074],[13.358850956944746,38.19173651501601],[13.358555780071669,38.191926760536816],[13.358130721345182,38.19192082375393],[13.357950551213419,38.19197131236565],[13.357770021276739,38.192045922505336],[13.357367213930354,38.19199578952601],[13.357346757592698,38.192069666182725],[13.357225176057023,38.192045726487756],[13.357116814600715,38.19185134189863],[13.356929339597388,38.19183389120049],[13.356724755724384,38.19174202291963],[13.356555543596917,38.191747059908636],[13.356396562272877,38.191715176312876],[13.356315376350935,38.191565690098045],[13.356036157563132,38.19145051504176],[13.35594391923003,38.1913750535005],[13.355899639899741,38.19125575549594],[13.355684144403833,38.19123047202256],[13.355640031019833,38.19110375273645],[13.355555024515168,38.19112482239703],[13.35552584898006,38.19116892061439],[13.3550666985278,38.19111797893438],[13.354964231130204,38.19107945477101],[13.354870176282057,38.191085551037574],[13.354866658834725,38.19124126533687],[13.354808822638693,38.191307216209495],[13.35468840037196,38.19123136263715],[13.354613458573736,38.191222896560376],[13.35452743569158,38.191288437436555],[13.354117239156981,38.191149184090264],[13.353748671135449,38.19124785329199],[13.353401060430503,38.19125040148087],[13.353384096790403,38.19116856322525],[13.35329153018903,38.19110792461059],[13.353195795614834,38.19118817526489],[13.353063654875445,38.19121599257487],[13.353033980701973,38.191282334836366],[13.352902665913545,38.191273065160445],[13.352784938940024,38.19107856388883],[13.352692041363863,38.19103276529397],[13.35237008723775,38.191146909235066],[13.352229393494902,38.19113752599282],[13.352050639121549,38.191149845767804],[13.351918496750065,38.19117766184881],[13.351788697150292,38.191101674297066],[13.351558109823317,38.19091298563184],[13.351286293377578,38.19088692664853],[13.35108306344776,38.190923080536436],[13.350886696406056,38.19097947256214],[13.350777711362722,38.191062518887186],[13.350755461020254,38.19118521217635],[13.350782231652179,38.191293228806494],[13.350809198475837,38.191393545732055],[13.350193689639175,38.19148484651702],[13.350050451086085,38.19135981135721],[13.349962310643896,38.19138163907675],[13.350066453780476,38.19151380594462],[13.349813190227405,38.19151793171686],[13.349811090658003,38.19161016190672],[13.350258191864807,38.19207773013826],[13.350337124357916,38.19203272724765],[13.350688260060558,38.19243743533475],[13.351566105103636,38.19237289297313],[13.351537551265626,38.191911203611454],[13.351596303644836,38.19189664529935],[13.35165370363741,38.192374122649724],[13.351751058364215,38.19237548802481],[13.351749998459857,38.192421603482565],[13.35237422947687,38.192376543655605],[13.352461483923987,38.192393150504806],[13.352527723357875,38.192478654481384],[13.352487221018702,38.1925472622267],[13.352368850933864,38.19261479555398],[13.352250653879732,38.192674650646595],[13.352113859050808,38.19269579669488],[13.351938461885345,38.19270101891122],[13.351910651828224,38.1926391173041],[13.351705867494143,38.192651628727624],[13.351218895375347,38.19265632030771],[13.35058443324078,38.192724292495534],[13.35023188889937,38.19238105863182],[13.350137671373075,38.19224134806653],[13.350178150876898,38.1921727239243],[13.349150966805789,38.19108961044052],[13.348362338354354,38.1910862098013],[13.348332256816661,38.191124234454996],[13.347816447645524,38.19111312239357],[13.34733928993377,38.19111409562433],[13.347047082526112,38.19111766780206],[13.346931506306621,38.19106223035505],[13.346833286534594,38.1910992776521],[13.34660000798838,38.19108063071652],[13.346567867387817,38.19121086564827],[13.346526669140678,38.19131022641187],[13.346454866681631,38.19147066838063],[13.346406213727454,38.19146998347223],[13.346448280066134,38.19133218697988],[13.346369349091155,38.19137720703503],[13.346252014114066,38.191398620572286],[13.346200910417451,38.19150554206188],[13.346143543183656,38.19145860598909],[13.346175880177228,38.19132067325157],[13.346097144485894,38.19135799346035],[13.346046040578317,38.19146491489471],[13.345975127887366,38.19158692182236],[13.345912881240142,38.19175518067809],[13.345863685972377,38.19177755330126],[13.345888892463325,38.191524196987075],[13.345800080926834,38.19157677564572],[13.345749842435046,38.19164526219234],[13.345717851211967,38.191767817874876],[13.345647459329614,38.19186676676233],[13.345538988326572,38.19192675164442],[13.345420091526313,38.19201733611981],[13.345339768930856,38.19212382852137],[13.345135180549478,38.19212862960546],[13.344940496047117,38.192125887678884],[13.344871489903246,38.192163362427195],[13.344918755185672,38.19222552263684],[13.344799685373056,38.19232380444595],[13.344730158222953,38.19238431806889],[13.344525915816153,38.192373759149255],[13.344399195377893,38.19237965571629],[13.344329666684851,38.19244016916609],[13.34435747157508,38.19250207382297],[13.344336967337233,38.192547914029866],[13.344248823367387,38.19256973763017],[13.344208585868392,38.19262682258927],[13.344264911025217,38.19271987355268],[13.344225096605339,38.19275776085245],[13.344149311226357,38.19266443423763],[13.344050740776812,38.192716857307396],[13.344088819350345,38.19275583979966],[13.344039100691342,38.1928012696354],[13.343952194024611,38.192769297431354],[13.343844240167487,38.19280620505665],[13.343716651893128,38.19285053666678],[13.343674751483256,38.19298063371717],[13.34351898849059,38.19297843904193],[13.343361163373,38.193068472120416],[13.343193933188317,38.193142990458284],[13.343045468721304,38.193248540207975],[13.342836705556095,38.1934377942444],[13.342729445703988,38.19344396487407],[13.342639735772723,38.19353495921134],[13.34254865824857,38.19368742652168],[13.342536124847399,38.193810274549165],[13.342660239847644,38.1939196467946],[13.342639540619981,38.19397318548678],[13.342485186152446,38.19390949690935],[13.34234056556416,38.193845944595154],[13.342232436131676,38.19389054971676],[13.342066962364383,38.19388821400444],[13.342025754387182,38.19398757369248],[13.341905437445776,38.19413964864798],[13.34177143902188,38.1940377974075],[13.34161689137253,38.19398180635582],[13.341595864404743,38.19405070315977],[13.341545447177502,38.19412686815164],[13.341448784508582,38.19409473946181],[13.341281224020472,38.194184633337905],[13.3411649275121,38.194159927172045],[13.340967083712986,38.19429552270591],[13.340808382856448,38.194423969611655],[13.340776034746888,38.19456190150304],[13.340762803103479,38.194715486461845],[13.340761161883462,38.19478849793759],[13.340610775512458,38.19497857508525],[13.340490302390965,38.19513832707873],[13.34016329102286,38.19538740381975],[13.339913631137712,38.195660656121326],[13.339607320753247,38.19585621107516],[13.339458519278276,38.19597711510473],[13.339339956047805,38.19605231536183],[13.339377662479594,38.1961066611282],[13.339375573968843,38.19619889009234],[13.33925683698928,38.196281790045276],[13.33910783669981,38.19641037274056],[13.338989099014567,38.196493271559746],[13.33895744400886,38.19660044814079],[13.338792486393995,38.19657505202272],[13.338732333968787,38.19665107827636],[13.338652345857962,38.19674220783985],[13.338525616770713,38.19674809852396],[13.338329350981109,38.19681451924131],[13.338064071611376,38.19691839098458],[13.337934705126733,38.1970395689215],[13.337807453611811,38.197068534781835],[13.337746776833278,38.197167617658174],[13.337638811842076,38.19720452015669],[13.337549637892048,38.197272453269115],[13.337482364320945,38.19723305417565],[13.337432466016404,38.19728617953124],[13.337354764017054,38.197277379517814],[13.33731442160225,38.19733832181993],[13.337158845020117,38.19732841951365],[13.337070168522017,38.19737329616493],[13.337143685916137,38.19756653569386],[13.337084751917418,38.19758876713524],[13.33697317964609,38.19735654006635],[13.336836543663992,38.19736998997428],[13.336709116298598,38.197406615781084],[13.336649657872234,38.197451904109485],[13.33677200650449,38.197638154458524],[13.336702815997963,38.19768330492188],[13.336617824251789,38.19756677828706],[13.336541866643534,38.197481126554614],[13.336182208783312,38.197452970492],[13.336189474681662,38.19756071647403],[13.3358199096806,38.19754010136432],[13.33552400929579,38.19770503053074],[13.335457609738256,38.19762721404847],[13.335516894166203,38.197589605376876],[13.335564878108242,38.197621049642414],[13.335802016395991,38.19747065417741],[13.335852441860586,38.19739447228092],[13.33589418231049,38.1972720571587],[13.335916087440742,38.19716474399729],[13.335744538473916,38.1970008604578],[13.335824157052237,38.19692509353712],[13.335729611813793,38.196800748080676],[13.335468886500152,38.196704795874005],[13.33512884624018,38.19666921615275],[13.334681061877435,38.19666287241762],[13.334349379562509,38.19668891892588],[13.333841239124489,38.196766276211996],[13.333336421848326,38.196928355947094],[13.333010321987597,38.1970614713743],[13.332866463984791,38.19713594062053],[13.332734363255431,38.197261603854614],[13.332636643980434,38.197295928078844],[13.332448746326627,38.19731875702232],[13.331931678862603,38.19760730180584],[13.33174183472462,38.19773031517138],[13.331446344272418,38.19792178554259],[13.330487633389783,38.19859175144468],[13.329922680207424,38.19899693345136],[13.329613594689144,38.199232297774046],[13.329112513074312,38.19966898153606],[13.328875747059032,38.19984926881572],[13.328637608636248,38.20009075153036],[13.328484728840106,38.200277328645136],[13.328021393055005,38.20075791559231],[13.327722769722701,38.201100551710816],[13.327357446343717,38.20153405909759],[13.327170952986892,38.20177627074287],[13.32682895436386,38.20231980798315],[13.327001846201764,38.20238858781511],[13.327141250908115,38.20222731942134],[13.327102960444881,38.20220637739537],[13.327176706882046,38.2020900874513],[13.327344420123096,38.20210268985441],[13.32756735974928,38.20224360463419],[13.327347655910819,38.20252614662588],[13.327487554250704,38.20262506582771],[13.327320808338877,38.20285225243514],[13.327249048039729,38.202881850804324],[13.327165297012368,38.20287044574812],[13.326971891206291,38.20313296179882],[13.326612929028936,38.203005405635935],[13.32667352790285,38.2028991555313],[13.326711700729593,38.20292519251678],[13.326899809955238,38.20261159477899],[13.326733136173099,38.20255309941871],[13.326479250587344,38.2029167879474],[13.326257883780809,38.20327073451673],[13.326069119339143,38.20361237386069],[13.326026642414147,38.20369628138097],[13.3257402762954,38.204964318369534],[13.325604567007518,38.20559178005498],[13.325649174767237,38.20591397610453],[13.325786427648147,38.20635377075019],[13.325884133583418,38.20662883427833],[13.326028434365561,38.20676086710294],[13.32609949178119,38.20668664015548],[13.326262216811903,38.20677105052469],[13.326225367101168,38.20686629672203],[13.326388794817062,38.20691995164024],[13.326533275310096,38.207045153835246],[13.32684960741234,38.20723437895903],[13.327093406872752,38.206806853591424],[13.327179264719609,38.20684227050335],[13.326952314964537,38.20729056970137],[13.327167208647326,38.20736890121654],[13.32750305496204,38.20746261396064],[13.327718882499743,38.207499906917626],[13.327808803440373,38.20735750910788],[13.327935261106981,38.207133543491715],[13.328072573546102,38.20681396182638],[13.328297985553162,38.20681032092007],[13.328125560643018,38.207149940515315],[13.328319345977517,38.207392160089],[13.328429623203592,38.20749634115323],[13.328418459970642,38.20760565477958],[13.328345564466652,38.207761958836755],[13.328514624669902,38.20794909339392],[13.328631698054464,38.20813547323152],[13.32874908011949,38.208308173261244],[13.328866544293371,38.20847747647398],[13.328923285653543,38.20864931923332],[13.328886437648494,38.20874456613859],[13.329003978788984,38.20891043486319],[13.329088110702147,38.20902109673424],[13.329059921327866,38.20911646781262],[13.32911650737443,38.20929515752577],[13.329190587661786,38.20946724485077],[13.329282447202822,38.20961906626547],[13.329410531132542,38.209702981209155],[13.329434330830633,38.20979910546356],[13.32950350220906,38.20980693413733],[13.329578669499748,38.20993115108935],[13.329497559762407,38.21006682464263],[13.32961729974241,38.210136937152804],[13.32970830772888,38.21032636296837],[13.329843012431809,38.21049932678773],[13.32987518209027,38.210609252118736],[13.329993502897002,38.21074091212956],[13.329965470412612,38.21082945248036],[13.330094202432036,38.210886025038846],[13.330126194877927,38.211002781057886],[13.330244518013975,38.211134441599995],[13.33038017832168,38.21126636462755],[13.3305153741862,38.21141879713321],[13.33059101117845,38.2115225043998],[13.33059718688576,38.21163204283111],[13.330628405721377,38.21178300692745],[13.330704352083158,38.21187301549876],[13.330666397666063,38.21201615083417],[13.330542910168388,38.212110174605996],[13.33054009776191,38.21223328928143],[13.330346350939879,38.21236735316565],[13.329972777418014,38.21240650227229],[13.329865517376067,38.212548658045144],[13.329761692983507,38.21254033858904],[13.329623524022644,38.21251783296885],[13.329458740958215,38.2125223348538],[13.329217547152192,38.212457337544755],[13.329054626764139,38.21237976404433],[13.328899920604265,38.212322820644026],[13.328816560334616,38.212177969476365],[13.328672863802812,38.212018563641365],[13.328419192554755,38.21174129738513],[13.328221311897853,38.21167690990229],[13.327962473364744,38.211625325699174],[13.327658283123181,38.21166203421032],[13.327466085726897,38.21172771462179],[13.32736039810712,38.21180146964565],[13.327045817861102,38.21191328188307],[13.32687253340726,38.211910809569744],[13.32683661563047,38.21196503653959],[13.326714365562015,38.21200433846853],[13.326549272450551,38.212022516844506],[13.326364276867977,38.212153280780385],[13.32615647187181,38.212143467294865],[13.326007760049828,38.21220292846562],[13.325823929236812,38.21228240873565],[13.325630640249294,38.212395954664196],[13.32547109224954,38.212551029337966],[13.32528692391889,38.21264416971863],[13.325166407156896,38.21260824314328],[13.32506999558999,38.212654761215354],[13.324823311355752,38.212829117227905],[13.324585597098686,38.212989916513465],[13.32444413891983,38.21311104672496],[13.324315119296593,38.21306816393729],[13.3242469023991,38.213019293964315],[13.324063379703938,38.21308509188586],[13.32390489319329,38.21319227823605],[13.323683423729666,38.21340120962655],[13.32356920350847,38.21346798993287],[13.323447439717885,38.21348677805951],[13.323269901770068,38.21366896400751],[13.32314813533701,38.213687733915],[13.322919539371531,38.213828143200736],[13.322784476621269,38.21404856745599],[13.322632151587085,38.214265310685384],[13.322584120911834,38.21446986976309],[13.322692354136796,38.21466296372775],[13.322810048296532,38.21482200884571],[13.32280771416952,38.2149245954219],[13.322822981339192,38.21501374967152],[13.322863178554408,38.21515115882466],[13.322956767775873,38.21522773959087],[13.323120757023617,38.21525745306395],[13.323152919552177,38.21536738155682],[13.323082186603804,38.21542792756085],[13.322950002246529,38.215521821376555],[13.322902751395556,38.215692190079686],[13.322863868943639,38.21587634341539],[13.32279062273846,38.216046344500164],[13.322814414441796,38.21614245159292],[13.32288089619297,38.21626655114084],[13.32345357659616,38.216240532147246],[13.323381366735711,38.21561008282428],[13.323468169791633,38.215604482333106],[13.323530788505455,38.21627584633531],[13.323183085713081,38.21631876059534],[13.32288815224425,38.21632822213727],[13.32288706368227,38.21637610941177],[13.322902198531064,38.2164720927509],[13.322984750920357,38.21665115688708],[13.323654942222348,38.21653075161563],[13.323706157057245,38.21656567852934],[13.323874863584605,38.216390217757194],[13.324239073289224,38.216005456217296],[13.32426017046649,38.21584156606847],[13.32431306655929,38.21542500358891],[13.324460206994274,38.21543394021807],[13.324458527575054,38.21588544907931],[13.324421282633846,38.21599779023545],[13.324321730492208,38.21618108400152],[13.32391387364987,38.21657891103216],[13.3238437637373,38.21661211776074],[13.323894511940194,38.216667572338636],[13.323832436765134,38.21672826133834],[13.323483331508717,38.21683274187744],[13.323335230546625,38.21686482365979],[13.323118130005188,38.216882242400814],[13.322710574898286,38.21689010371614],[13.322536476806336,38.21692183406638],[13.3223863497023,38.217042820674145],[13.32234917940848,38.2171517639342],[13.322327277615802,38.21734984432437],[13.322333443383068,38.217459402696065],[13.32234621717259,38.21765797366723],[13.322283986344853,38.21772550987829],[13.322272032922566,38.217868994128],[13.322241938374722,38.21804644018483],[13.322183355141622,38.218332952311464],[13.322221505371955,38.21855926931488],[13.322244186955267,38.21870326457029],[13.322204966602616,38.21890109847209],[13.322235237374151,38.21909308417915],[13.322274945511644,38.219251004934534],[13.322204053643315,38.21931841751562],[13.322089847137697,38.21938519697754]]]}}]}