{"type":"FeatureCollection","features":[{"type":"Feature","properties":{"station_id":"37393","title":"Vätternkade 77","address":"Vätternkade 77","town":"Amsterdam","postcode":"1060 PK","operator_id":"78","usage_cost":"0.00 jaarabonnement","number_of_points":"1","power_kw":null,"verified":true,"last_verified":"2016-06-04T02:53:00Z"},"geometry":{"type":"Point","coordinates":[4.782058000000063,52.34939900000006]}},{"type":"Feature","properties":{"station_id":"37368","title":"Pond Sterlinglaan 47","address":"Pond Sterlinglaan 47","town":"Amsterdam","postcode":"1060 RT","operator_id":"78","usage_cost":"0.00 jaarabonnement","number_of_points":"1","power_kw":null,"verified":true,"last_verified":"2016-06-04T02:53:00Z"},"geometry":{"type":"Point","coordinates":[4.788475000000062,52.34755700000005]}},{"type":"Feature","properties":{"station_id":"63924","title":"Sporadenlaan 22","address":"Sporadenlaan 22","town":"Amsterdam","postcode":"1060 MJ","operator_id":null,"usage_cost":"0.00 jaarabonnement","number_of_points":"2","power_kw":null,"verified":true,"last_verified":"2016-06-04T02:53:00Z"},"geometry":{"type":"Point","coordinates":[4.794153571000038,52.346305459000064]}},{"type":"Feature","properties":{"station_id":"65728","title":"Sloterweg 1285","address":"Sloterweg 1285","town":"Sloten","postcode":"1066 CK","operator_id":"73","usage_cost":"0.00 jaarabonnement","number_of_points":"1","power_kw":null,"verified":true,"last_verified":"2016-06-04T02:53:00Z"},"geometry":{"type":"Point","coordinates":[4.796440000000075,52.34150000000005]}},{"type":"Feature","properties":{"station_id":"37301","title":"Schaarbeekstraat 40","address":"Schaarbeekstraat 40","town":"Amsterdam","postcode":"1066 WH","operator_id":"78","usage_cost":"0.00 jaarabonnement","number_of_points":"1","power_kw":null,"verified":true,"last_verified":"2016-06-04T02:53:00Z"},"geometry":{"type":"Point","coordinates":[4.805561000000068,52.34296200000006]}},{"type":"Feature","properties":{"station_id":"37298","title":"Kortrijk 131","address":"Kortrijk 131","town":"Amsterdam","postcode":"1066 TB","operator_id":"78","usage_cost":"0.00 jaarabonnement","number_of_points":"1","power_kw":null,"verified":true,"last_verified":"2016-06-04T02:53:00Z"},"geometry":{"type":"Point","coordinates":[4.802307000000042,52.342910000000074]}},{"type":"Feature","properties":{"station_id":"68195","title":"Berlaarstraat 387","address":"Berlaarstraat 387","town":"Amsterdam","postcode":"1066 SL","operator_id":"177","usage_cost":"0.00 jaarabonnement","number_of_points":"1","power_kw":null,"verified":true,"last_verified":"2016-06-04T02:37:00Z"},"geometry":{"type":"Point","coordinates":[4.800753000000043,52.345380000000034]}},{"type":"Feature","properties":{"station_id":"37272","title":"Joseph Schumpeterstraat","address":"Joseph Schumpeterstraat","town":"Amsterdam","postcode":"1066 BX","operator_id":"73","usage_cost":"0.00 jaarabonnement","number_of_points":"1","power_kw":null,"verified":true,"last_verified":"2016-06-04T02:53:00Z"},"geometry":{"type":"Point","coordinates":[4.821050000000071,52.339960000000076]}},{"type":"Feature","properties":{"station_id":"53920","title":"Bastenakenstraat 81","address":"Bastenakenstraat 81","town":"Amsterdam","postcode":"1066 JB","operator_id":"78","usage_cost":"0.00 jaarabonnement","number_of_points":"1","power_kw":null,"verified":true,"last_verified":"2016-06-04T02:53:00Z"},"geometry":{"type":"Point","coordinates":[4.8179510000000505,52.34332200000006]}},{"type":"Feature","properties":{"station_id":"63922","title":"Johan Huizingalaan","address":"Johan Huizingalaan","town":"Amsterdam","postcode":"1066 JS","operator_id":"73","usage_cost":"0.00 jaarabonnement","number_of_points":"1","power_kw":null,"verified":true,"last_verified":"2016-06-04T02:53:00Z"},"geometry":{"type":"Point","coordinates":[4.8293800000000715,52.34296000000006]}},{"type":"Feature","properties":{"station_id":"54726","title":"Aletta Jacobslaan","address":"Aletta Jacobslaan","town":"Amsterdam","postcode":"1066 BP","operator_id":"73","usage_cost":"0.00 jaarabonnement","number_of_points":"1","power_kw":null,"verified":true,"last_verified":"2016-06-04T02:53:00Z"},"geometry":{"type":"Point","coordinates":[4.830530000000067,52.34663000000006]}},{"type":"Feature","properties":{"station_id":"63920","title":"employee access","address":"employee access","town":"Amsterdam","postcode":"1066 JS","operator_id":"73","usage_cost":"0.00 jaarabonnement","number_of_points":"1","power_kw":null,"verified":true,"last_verified":"2016-06-04T02:53:00Z"},"geometry":{"type":"Point","coordinates":[4.829340000000059,52.34084000000007]}},{"type":"Feature","properties":{"station_id":"97668","title":"Dutch Design Hotel Artemis Amsterdam","address":"John M. Keynesplein 2","town":"Amsterdam","postcode":"1066 EP","operator_id":"23","usage_cost":"","number_of_points":"2","power_kw":null,"verified":true,"last_verified":"2018-10-03T16:04:00Z"},"geometry":{"type":"Point","coordinates":[4.824712000000034,52.34174600000006]}},{"type":"Feature","properties":{"station_id":"37224","title":"Amstelveenseweg 740C","address":"Amstelveenseweg 740C","town":"Amsterdam","postcode":"1081 JK","operator_id":"78","usage_cost":"0.00 jaarabonnement","number_of_points":"1","power_kw":null,"verified":true,"last_verified":"2016-06-04T02:53:00Z"},"geometry":{"type":"Point","coordinates":[4.856987000000061,52.332756000000074]}},{"type":"Feature","properties":{"station_id":"90311","title":"Het Bosch @ the Waterfront","address":"Jollenpad 10","town":"Amsterdam","postcode":"1081KC","operator_id":"23","usage_cost":"","number_of_points":"2","power_kw":null,"verified":true,"last_verified":"2018-10-03T16:10:00Z"},"geometry":{"type":"Point","coordinates":[4.848441000000037,52.33561600000007]}},{"type":"Feature","properties":{"station_id":"37277","title":"IJsbaanpad 98","address":"IJsbaanpad 98","town":"Amsterdam","postcode":"1076 CW","operator_id":"78","usage_cost":"0.00 jaarabonnement","number_of_points":"1","power_kw":null,"verified":true,"last_verified":"2016-06-04T02:53:00Z"},"geometry":{"type":"Point","coordinates":[4.849793000000034,52.34066500000006]}},{"type":"Feature","properties":{"station_id":"37270","title":"Jaagpad 38","address":"Jaagpad 38","town":"Amsterdam","postcode":"1059 BP","operator_id":"78","usage_cost":"0.00 jaarabonnement","number_of_points":"1","power_kw":null,"verified":true,"last_verified":"2016-06-04T02:53:00Z"},"geometry":{"type":"Point","coordinates":[4.846202000000062,52.33996100000007]}},{"type":"Feature","properties":{"station_id":"84347","title":"Overschiestraat 172, Amsterdam","address":"Overschiestraat 172","town":"Amsterdam","postcode":"1062 XK","operator_id":"103","usage_cost":"","number_of_points":"6","power_kw":null,"verified":true,"last_verified":"2017-02-26T21:26:00Z"},"geometry":{"type":"Point","coordinates":[4.839044700000045,52.346106700000064]}},{"type":"Feature","properties":{"station_id":"68196","title":"Einsteinweg","address":"Einsteinweg","town":"Amsterdam","postcode":"1059 GG","operator_id":"73","usage_cost":"0.00 jaarabonnement","number_of_points":"1","power_kw":null,"verified":true,"last_verified":"2016-06-04T02:37:00Z"},"geometry":{"type":"Point","coordinates":[4.840370000000064,52.34751000000006]}},{"type":"Feature","properties":{"station_id":"37361","title":"Aalsmeerplein 8-1","address":"Aalsmeerplein 8-1","town":"Amsterdam","postcode":"1059 AS","operator_id":"78","usage_cost":"0.00 jaarabonnement","number_of_points":"1","power_kw":null,"verified":true,"last_verified":"2016-06-04T02:53:00Z"},"geometry":{"type":"Point","coordinates":[4.846253000000047,52.34720900000008]}},{"type":"Feature","properties":{"station_id":"37291","title":"Valschermkade 19","address":"Valschermkade 19","town":"Amsterdam","postcode":"1059 CD","operator_id":"78","usage_cost":"0.00 jaarabonnement","number_of_points":"1","power_kw":null,"verified":true,"last_verified":"2016-06-04T02:53:00Z"},"geometry":{"type":"Point","coordinates":[4.845679000000075,52.34230300000007]}},{"type":"Feature","properties":{"station_id":"37348","title":"Amstelveenseweg 310","address":"Amstelveenseweg 310","town":"Amsterdam","postcode":"1076 CS","operator_id":"78","usage_cost":"0.00 jaarabonnement","number_of_points":"1","power_kw":null,"verified":true,"last_verified":"2016-06-04T02:53:00Z"},"geometry":{"type":"Point","coordinates":[4.857322000000067,52.34650400000004]}},{"type":"Feature","properties":{"station_id":"24630","title":"Parkeergarage Olympisch Stadion","address":"Laan der Hesperiden","town":"Amsterdam","postcode":"1076DN","operator_id":"63","usage_cost":"","number_of_points":"6","power_kw":null,"verified":true,"last_verified":"2017-04-17T20:21:00Z"},"geometry":{"type":"Point","coordinates":[4.854892058000075,52.34478293600006]}},{"type":"Feature","properties":{"station_id":"37250","title":"Gustav Mahlerlaan 3004","address":"Gustav Mahlerlaan 3004","town":"Amsterdam","postcode":"1081 LA","operator_id":"157","usage_cost":"0.00 jaarabonnement","number_of_points":"1","power_kw":null,"verified":true,"last_verified":"2016-06-04T02:53:00Z"},"geometry":{"type":"Point","coordinates":[4.861215900000047,52.33608880000003]}},{"type":"Feature","properties":{"station_id":"149457","title":"Argonautenstraat 19","address":"Argonautenstraat 19","town":"Amsterdam","postcode":"1076KJ","operator_id":"108","usage_cost":"€0,34/kWh","number_of_points":"2","power_kw":null,"verified":true,"last_verified":"2020-02-26T16:08:00Z"},"geometry":{"type":"Point","coordinates":[4.86098047400003,52.34361035300003]}},{"type":"Feature","properties":{"station_id":"37380","title":"Karperstraat 2","address":"Karperstraat 2","town":"Amsterdam","postcode":"1075 KZ","operator_id":"78","usage_cost":"0.00 jaarabonnement","number_of_points":"1","power_kw":null,"verified":true,"last_verified":"2016-06-04T02:53:00Z"},"geometry":{"type":"Point","coordinates":[4.8562330000000316,52.348321000000055]}},{"type":"Feature","properties":{"station_id":"37402","title":"Baarsstraat 27A","address":"Baarsstraat 27A","town":"Amsterdam","postcode":"1075 RV","operator_id":"78","usage_cost":"0.00 jaarabonnement","number_of_points":"1","power_kw":null,"verified":true,"last_verified":"2016-06-04T02:53:00Z"},"geometry":{"type":"Point","coordinates":[4.854641000000072,52.349995000000035]}},{"type":"Feature","properties":{"station_id":"37476","title":"Waldeck Pyrmontlaan 9","address":"Waldeck Pyrmontlaan 9","town":"Amsterdam","postcode":"1075 BT","operator_id":"162","usage_cost":"0.00 gratis","number_of_points":"1","power_kw":null,"verified":true,"last_verified":"2016-06-04T02:53:00Z"},"geometry":{"type":"Point","coordinates":[4.857462000000055,52.353874000000076]}},{"type":"Feature","properties":{"station_id":"37462","title":"Tweede Schinkelstraat 156","address":"Tweede Schinkelstraat 156","town":"Amsterdam","postcode":"1075 TT","operator_id":"78","usage_cost":"0.00 jaarabonnement","number_of_points":"1","power_kw":null,"verified":true,"last_verified":"2016-06-04T02:53:00Z"},"geometry":{"type":"Point","coordinates":[4.853546000000051,52.35311800000005]}},{"type":"Feature","properties":{"station_id":"37496","title":"Sloterkade 61-1","address":"Sloterkade 61-1","town":"Amsterdam","postcode":"1058 HG","operator_id":"78","usage_cost":"0.00 jaarabonnement","number_of_points":"1","power_kw":null,"verified":true,"last_verified":"2016-06-04T02:53:00Z"},"geometry":{"type":"Point","coordinates":[4.853133000000071,52.354959000000065]}},{"type":"Feature","properties":{"station_id":"87982","title":"The Tire Station (Hotel)","address":"Amstelveenseweg 5","town":"Amsterdam","postcode":"1054 MB","operator_id":"23","usage_cost":"","number_of_points":"1","power_kw":null,"verified":true,"last_verified":"2018-10-03T23:45:00Z"},"geometry":{"type":"Point","coordinates":[4.855383000000074,52.357282000000055]}},{"type":"Feature","properties":{"station_id":"37440","title":"Koninginneweg 209","address":"Koninginneweg 209","town":"Amsterdam","postcode":"1075 CS","operator_id":"78","usage_cost":"0.00 jaarabonnement","number_of_points":"1","power_kw":null,"verified":true,"last_verified":"2016-06-04T02:53:00Z"},"geometry":{"type":"Point","coordinates":[4.859854000000041,52.35224200000005]}},{"type":"Feature","properties":{"station_id":"37463","title":"Prins Hendriklaan 49","address":"Prins Hendriklaan 49","town":"Amsterdam","postcode":"1075 BA","operator_id":"78","usage_cost":"0.00 jaarabonnement","number_of_points":"1","power_kw":null,"verified":true,"last_verified":"2016-06-04T02:53:00Z"},"geometry":{"type":"Point","coordinates":[4.860265000000027,52.35313300000007]}},{"type":"Feature","properties":{"station_id":"37473","title":"Emmalaan 21","address":"Emmalaan 21","town":"Amsterdam","postcode":"1075 AT","operator_id":"78","usage_cost":"0.00 jaarabonnement","number_of_points":"1","power_kw":null,"verified":true,"last_verified":"2016-06-04T02:53:00Z"},"geometry":{"type":"Point","coordinates":[4.863585000000057,52.35364500000003]}},{"type":"Feature","properties":{"station_id":"37608","title":"Jacob van Lennepkade 613","address":"Jacob van Lennepkade 613","town":"Amsterdam","postcode":"1054 ZS","operator_id":"78","usage_cost":"0.00 jaarabonnement","number_of_points":"1","power_kw":null,"verified":true,"last_verified":"2016-06-04T02:53:00Z"},"geometry":{"type":"Point","coordinates":[4.861705000000029,52.36238300000008]}},{"type":"Feature","properties":{"station_id":"37595","title":"Staringstraat 163","address":"Staringstraat 163","town":"Amsterdam","postcode":"1054 SN","operator_id":"78","usage_cost":"0.00 jaarabonnement","number_of_points":"1","power_kw":null,"verified":true,"last_verified":"2016-03-03T12:39:00Z"},"geometry":{"type":"Point","coordinates":[4.8625560000000405,52.36167000000006]}},{"type":"Feature","properties":{"station_id":"37591","title":"Jan Pieter Heijestraat 160-H","address":"Jan Pieter Heijestraat 160-H","town":"Amsterdam","postcode":"1054 MK","operator_id":"78","usage_cost":"0.00 jaarabonnement","number_of_points":"1","power_kw":null,"verified":true,"last_verified":"2016-06-04T02:53:00Z"},"geometry":{"type":"Point","coordinates":[4.864551000000063,52.361394000000075]}},{"type":"Feature","properties":{"station_id":"37610","title":"Wilhelminastraat 3-1","address":"Wilhelminastraat 3-1","town":"Amsterdam","postcode":"1054 VT","operator_id":"78","usage_cost":"0.00 jaarabonnement","number_of_points":"1","power_kw":null,"verified":true,"last_verified":"2016-06-04T02:53:00Z"},"geometry":{"type":"Point","coordinates":[4.866992000000039,52.36247800000007]}},{"type":"Feature","properties":{"station_id":"37648","title":"Borgerstraat","address":"Borgerstraat","town":"Amsterdam","postcode":"1053 RP","operator_id":"78","usage_cost":"0.00 jaarabonnement","number_of_points":"1","power_kw":null,"verified":true,"last_verified":"2016-06-04T02:53:00Z"},"geometry":{"type":"Point","coordinates":[4.867554000000041,52.365391000000045]}},{"type":"Feature","properties":{"station_id":"37568","title":"J.J. Cremerplein 6-1","address":"J.J. Cremerplein 6-1","town":"Amsterdam","postcode":"1054 TK","operator_id":"78","usage_cost":"0.00 jaarabonnement","number_of_points":"1","power_kw":null,"verified":true,"last_verified":"2016-06-04T02:53:00Z"},"geometry":{"type":"Point","coordinates":[4.859294000000034,52.359620000000064]}},{"type":"Feature","properties":{"station_id":"74793","title":"Conscious Hotel Vondelpark","address":"Overtoom 519","town":"Amsterdam","postcode":"1054 LH","operator_id":"23","usage_cost":"Free","number_of_points":"2","power_kw":null,"verified":true,"last_verified":"2018-10-03T22:44:00Z"},"geometry":{"type":"Point","coordinates":[4.8565490000000295,52.35778400000004]}},{"type":"Feature","properties":{"station_id":"85837","title":"Curacaostraat 91, Amsterdam","address":"Curacaostraat 91","town":"Amsterdam","postcode":"1058 GA","operator_id":"177","usage_cost":"","number_of_points":"2","power_kw":null,"verified":true,"last_verified":"2017-04-17T21:14:00Z"},"geometry":{"type":"Point","coordinates":[4.853092679000042,52.36172214000004]}},{"type":"Feature","properties":{"station_id":"37625","title":"Postjeskade 61-1","address":"Postjeskade 61-1","town":"Amsterdam","postcode":"1058 DH","operator_id":"78","usage_cost":"0.00 jaarabonnement","number_of_points":"1","power_kw":null,"verified":true,"last_verified":"2016-06-04T02:53:00Z"},"geometry":{"type":"Point","coordinates":[4.853731000000039,52.36343500000004]}},{"type":"Feature","properties":{"station_id":"37635","title":"Postjesweg 124","address":"Postjesweg 124","town":"Amsterdam","postcode":"1057 KE","operator_id":"78","usage_cost":"0.00 jaarabonnement","number_of_points":"1","power_kw":null,"verified":true,"last_verified":"2016-06-04T02:53:00Z"},"geometry":{"type":"Point","coordinates":[4.850912000000051,52.36432400000007]}},{"type":"Feature","properties":{"station_id":"37690","title":"Jan Evertsenstraat 171","address":"Jan Evertsenstraat 171","town":"Amsterdam","postcode":"1057 BW","operator_id":null,"usage_cost":"0.00 jaarabonnement","number_of_points":"1","power_kw":null,"verified":true,"last_verified":"2016-06-04T02:53:00Z"},"geometry":{"type":"Point","coordinates":[4.84406000000007,52.36835000000008]}},{"type":"Feature","properties":{"station_id":"65734","title":"Nachtwachtlaan 20","address":"Nachtwachtlaan 20","town":"Amsterdam","postcode":"1058 EA","operator_id":"73","usage_cost":"0.00 jaarabonnement","number_of_points":"1","power_kw":null,"verified":true,"last_verified":"2016-06-04T02:53:00Z"},"geometry":{"type":"Point","coordinates":[4.843942607000031,52.35952480700007]}},{"type":"Feature","properties":{"station_id":"37540","title":"Hendrikje Stoffelsstraat 2A","address":"Hendrikje Stoffelsstraat 2A","town":"Amsterdam","postcode":"1058 GC","operator_id":"157","usage_cost":"0.00 jaarabonnement","number_of_points":"2","power_kw":null,"verified":true,"last_verified":"2016-06-04T02:53:00Z"},"geometry":{"type":"Point","coordinates":[4.84424686400007,52.35726547200005]}},{"type":"Feature","properties":{"station_id":"37459","title":"Woestduinstraat 59-H","address":"Woestduinstraat 59-H","town":"Amsterdam","postcode":"1058 TB","operator_id":"78","usage_cost":"0.00 jaarabonnement","number_of_points":"1","power_kw":null,"verified":true,"last_verified":"2016-06-04T02:53:00Z"},"geometry":{"type":"Point","coordinates":[4.848027000000059,52.35289800000004]}},{"type":"Feature","properties":{"station_id":"37441","title":"Legmeerstraat 45-1","address":"Legmeerstraat 45-1","town":"Amsterdam","postcode":"1058 NB","operator_id":"78","usage_cost":"0.00 jaarabonnement","number_of_points":"1","power_kw":null,"verified":true,"last_verified":"2016-06-04T02:53:00Z"},"geometry":{"type":"Point","coordinates":[4.851402000000064,52.35231800000008]}},{"type":"Feature","properties":{"station_id":"37396","title":"Rietwijkerstraat 36-1","address":"Rietwijkerstraat 36-1","town":"Amsterdam","postcode":"1059 XA","operator_id":"78","usage_cost":"0.00 jaarabonnement","number_of_points":"1","power_kw":null,"verified":true,"last_verified":"2016-06-04T02:53:00Z"},"geometry":{"type":"Point","coordinates":[4.848720000000071,52.34952300000003]}},{"type":"Feature","properties":{"station_id":"37374","title":"Abbenesstraat 5","address":"Abbenesstraat 5","town":"Amsterdam","postcode":"1059 TB","operator_id":"78","usage_cost":"0.00 jaarabonnement","number_of_points":"1","power_kw":null,"verified":true,"last_verified":"2016-06-04T02:53:00Z"},"geometry":{"type":"Point","coordinates":[4.847159000000033,52.34806000000003]}},{"type":"Feature","properties":{"station_id":"65731","title":"Delflandlaan 15","address":"Delflandlaan 15","town":"Amsterdam","postcode":"1062 EA","operator_id":"73","usage_cost":"0.00 jaarabonnement","number_of_points":"1","power_kw":null,"verified":true,"last_verified":"2016-06-04T02:53:00Z"},"geometry":{"type":"Point","coordinates":[4.841750000000047,52.35103000000004]}},{"type":"Feature","properties":{"station_id":"68198","title":"Ottho Heldringstraat 37A","address":"Ottho Heldringstraat 37A","town":"Amsterdam","postcode":"1066 XT","operator_id":"177","usage_cost":"0.00 jaarabonnement","number_of_points":"1","power_kw":null,"verified":true,"last_verified":"2016-06-04T02:37:00Z"},"geometry":{"type":"Point","coordinates":[4.832403000000056,52.348370000000045]}},{"type":"Feature","properties":{"station_id":"37429","title":"Maassluisstraat","address":"Maassluisstraat","town":"Amsterdam","postcode":"1062 GA","operator_id":"78","usage_cost":"0.00 jaarabonnement","number_of_points":"1","power_kw":null,"verified":true,"last_verified":"2016-06-04T02:53:00Z"},"geometry":{"type":"Point","coordinates":[4.8363820000000715,52.35142100000007]}},{"type":"Feature","properties":{"station_id":"53925","title":"Diepenbeekplantsoen 35","address":"Diepenbeekplantsoen 35","town":"Amsterdam","postcode":"1066 KE","operator_id":"78","usage_cost":"0.00 jaarabonnement","number_of_points":"1","power_kw":null,"verified":true,"last_verified":"2016-06-04T02:53:00Z"},"geometry":{"type":"Point","coordinates":[4.8189950000000294,52.349046000000044]}},{"type":"Feature","properties":{"station_id":"37453","title":"Hegeraatstraat 58","address":"Hegeraatstraat 58","town":"Amsterdam","postcode":"1068 WC","operator_id":"78","usage_cost":"0.00 jaarabonnement","number_of_points":"1","power_kw":null,"verified":true,"last_verified":"2016-06-04T02:53:00Z"},"geometry":{"type":"Point","coordinates":[4.813506000000075,52.35281800000007]}},{"type":"Feature","properties":{"station_id":"37442","title":"Johan Braakensiekhof 9","address":"Johan Braakensiekhof 9","town":"Amsterdam","postcode":"1068 KK","operator_id":"63","usage_cost":"0.00 gratis","number_of_points":"1","power_kw":null,"verified":true,"last_verified":"2016-06-04T02:53:00Z"},"geometry":{"type":"Point","coordinates":[4.817601442000068,52.35232827600004]}},{"type":"Feature","properties":{"station_id":"68211","title":"Van Mourik Broekmanstraat 103","address":"Van Mourik Broekmanstraat 103","town":"Amsterdam","postcode":"1065 EV","operator_id":"177","usage_cost":"0.00 jaarabonnement","number_of_points":"1","power_kw":null,"verified":true,"last_verified":"2016-06-04T02:37:00Z"},"geometry":{"type":"Point","coordinates":[4.821633000000077,52.35719800000004]}},{"type":"Feature","properties":{"station_id":"68209","title":"Tourniairestraat 1","address":"Tourniairestraat 1","town":"Amsterdam","postcode":"1065 KK","operator_id":"177","usage_cost":"0.00 jaarabonnement","number_of_points":"1","power_kw":null,"verified":true,"last_verified":"2016-06-04T02:37:00Z"},"geometry":{"type":"Point","coordinates":[4.824988000000076,52.35579800000005]}},{"type":"Feature","properties":{"station_id":"68215","title":"Hemsterhuisstraat 44","address":"Hemsterhuisstraat 44","town":"Amsterdam","postcode":"1065 KB","operator_id":"177","usage_cost":"0.00 jaarabonnement","number_of_points":"1","power_kw":null,"verified":true,"last_verified":"2016-06-04T02:37:00Z"},"geometry":{"type":"Point","coordinates":[4.822978000000035,52.36139900000006]}},{"type":"Feature","properties":{"station_id":"37653","title":"Boymansweg 1","address":"Boymansweg 1","town":"Amsterdam","postcode":"1064 WR","operator_id":"78","usage_cost":"0.00 jaarabonnement","number_of_points":"1","power_kw":null,"verified":true,"last_verified":"2016-06-04T02:53:00Z"},"geometry":{"type":"Point","coordinates":[4.827260000000024,52.36561100000006]}},{"type":"Feature","properties":{"station_id":"37685","title":"Hof van Versailles 35","address":"Hof van Versailles 35","town":"Amsterdam","postcode":"1064 NX","operator_id":"78","usage_cost":"0.00 jaarabonnement","number_of_points":"1","power_kw":null,"verified":true,"last_verified":"2016-06-04T02:53:00Z"},"geometry":{"type":"Point","coordinates":[4.832800500000076,52.36781910000008]}},{"type":"Feature","properties":{"station_id":"37633","title":"Boymansweg 101","address":"Boymansweg 101","town":"Amsterdam","postcode":"1064 WS","operator_id":"78","usage_cost":"0.00 jaarabonnement","number_of_points":"1","power_kw":null,"verified":true,"last_verified":"2016-06-04T02:53:00Z"},"geometry":{"type":"Point","coordinates":[4.829822000000036,52.36424000000005]}},{"type":"Feature","properties":{"station_id":"53931","title":"Comeniusstraat 249","address":"Comeniusstraat 249","town":"Amsterdam","postcode":"1065 BP","operator_id":"78","usage_cost":"0.00 jaarabonnement","number_of_points":"1","power_kw":null,"verified":true,"last_verified":"2016-06-04T02:53:00Z"},"geometry":{"type":"Point","coordinates":[4.8302040000000375,52.35921200000007]}},{"type":"Feature","properties":{"station_id":"37563","title":"Johan Jongkindstraat 140","address":"Johan Jongkindstraat 140","town":"Amsterdam","postcode":"1062 DJ","operator_id":"78","usage_cost":"0.00 jaarabonnement","number_of_points":"1","power_kw":null,"verified":true,"last_verified":"2016-06-04T02:53:00Z"},"geometry":{"type":"Point","coordinates":[4.835493000000042,52.35935600000005]}},{"type":"Feature","properties":{"station_id":"37846","title":"Krijn Breurstraat 83","address":"Krijn Breurstraat 83","town":"Amsterdam","postcode":"1064 SZ","operator_id":"78","usage_cost":"0.00 jaarabonnement","number_of_points":"1","power_kw":null,"verified":true,"last_verified":"2016-06-04T02:54:00Z"},"geometry":{"type":"Point","coordinates":[4.821872000000042,52.37856000000005]}},{"type":"Feature","properties":{"station_id":"37946","title":"Naritaweg 106","address":"Naritaweg 106","town":"Amsterdam","postcode":"1043 CA","operator_id":"73","usage_cost":"0.00 jaarabonnement","number_of_points":"1","power_kw":null,"verified":true,"last_verified":"2016-06-04T02:54:00Z"},"geometry":{"type":"Point","coordinates":[4.82394000000005,52.38803000000007]}},{"type":"Feature","properties":{"station_id":"68238","title":"Rhôneweg 34","address":"Rhôneweg 34","town":"Amsterdam","postcode":"1043 AH","operator_id":"177","usage_cost":"0.00 jaarabonnement","number_of_points":"1","power_kw":null,"verified":true,"last_verified":"2016-06-04T02:37:00Z"},"geometry":{"type":"Point","coordinates":[4.826021000000026,52.39019600000006]}},{"type":"Feature","properties":{"station_id":"53947","title":"Naritaweg 12","address":"Naritaweg 12","town":"Amsterdam","postcode":"1043 BZ","operator_id":"73","usage_cost":"0.00 jaarabonnement","number_of_points":"1","power_kw":null,"verified":true,"last_verified":"2016-06-04T02:54:00Z"},"geometry":{"type":"Point","coordinates":[4.829910000000041,52.387560000000065]}},{"type":"Feature","properties":{"station_id":"37956","title":"P+R Sloterdijk, Amsterdam","address":"Piarcoplein","town":"Amsterdam","postcode":"1043 DW","operator_id":"73","usage_cost":"","number_of_points":"1","power_kw":null,"verified":true,"last_verified":"2017-01-12T10:26:00Z"},"geometry":{"type":"Point","coordinates":[4.838443000000041,52.39004500000004]}},{"type":"Feature","properties":{"station_id":"37901","title":"Harry Koningsbergerstraat 89","address":"Harry Koningsbergerstraat 89","town":"Amsterdam","postcode":"1063 AC","operator_id":"78","usage_cost":"0.00 jaarabonnement","number_of_points":"1","power_kw":null,"verified":true,"last_verified":"2016-06-04T02:54:00Z"},"geometry":{"type":"Point","coordinates":[4.837624000000062,52.38346300000006]}},{"type":"Feature","properties":{"station_id":"37889","title":"Burgemeester Vening Meineszlaan 2","address":"Burgemeester Vening Meineszlaan 2","town":"Amsterdam","postcode":"1063 BC","operator_id":null,"usage_cost":"0.00 gratis","number_of_points":"1","power_kw":null,"verified":true,"last_verified":"2016-06-04T02:54:00Z"},"geometry":{"type":"Point","coordinates":[4.837683000000027,52.38252700000004]}},{"type":"Feature","properties":{"station_id":"37859","title":"Leeuwendalersweg 29A","address":"Leeuwendalersweg 29A","town":"Amsterdam","postcode":"1061 BA","operator_id":"157","usage_cost":"0.00 afhankelijk van pas","number_of_points":"1","power_kw":null,"verified":true,"last_verified":"2016-06-04T02:54:00Z"},"geometry":{"type":"Point","coordinates":[4.842515500000047,52.37953770000007]}},{"type":"Feature","properties":{"station_id":"53946","title":"Kingsfordweg 151","address":"Kingsfordweg 151","town":"Amsterdam","postcode":"1043 GR","operator_id":"73","usage_cost":"0.00 jaarabonnement","number_of_points":"1","power_kw":null,"verified":true,"last_verified":"2016-06-04T02:54:00Z"},"geometry":{"type":"Point","coordinates":[4.842831100000069,52.38558940000007]}},{"type":"Feature","properties":{"station_id":"41698","title":"Teleportboulevard","address":"Teleportboulevard","town":"Amsterdam","postcode":"1043 EJ","operator_id":"73","usage_cost":"0.00 jaarabonnement","number_of_points":"1","power_kw":null,"verified":true,"last_verified":"2016-06-04T02:54:00Z"},"geometry":{"type":"Point","coordinates":[4.841788300000076,52.38812200000007]}},{"type":"Feature","properties":{"station_id":"37917","title":"Haarlemmerweg 609","address":"Haarlemmerweg 609","town":"Amsterdam","postcode":"1055 PR","operator_id":"78","usage_cost":"0.00 jaarabonnement","number_of_points":"1","power_kw":null,"verified":true,"last_verified":"2016-06-04T02:54:00Z"},"geometry":{"type":"Point","coordinates":[4.849450000000047,52.38488600000005]}},{"type":"Feature","properties":{"station_id":"37908","title":"Bos en Lommerweg 35","address":"Bos en Lommerweg 35","town":"Amsterdam","postcode":"1055 DL","operator_id":"78","usage_cost":"0.00 jaarabonnement","number_of_points":"1","power_kw":null,"verified":true,"last_verified":"2016-06-04T02:54:00Z"},"geometry":{"type":"Point","coordinates":[4.85607200000004,52.383853000000045]}},{"type":"Feature","properties":{"station_id":"37857","title":"Leeuwendalersweg 23B","address":"Leeuwendalersweg 23B","town":"Amsterdam","postcode":"1055 JE","operator_id":null,"usage_cost":"0.00 jaarabonnement","number_of_points":"2","power_kw":null,"verified":true,"last_verified":"2016-06-04T02:54:00Z"},"geometry":{"type":"Point","coordinates":[4.845433743000058,52.37933598500007]}},{"type":"Feature","properties":{"station_id":"37818","title":"Griseldestraat 23-H","address":"Griseldestraat 23-H","town":"Amsterdam","postcode":"1055 AS","operator_id":"78","usage_cost":"0.00 jaarabonnement","number_of_points":"1","power_kw":null,"verified":true,"last_verified":"2016-06-04T02:54:00Z"},"geometry":{"type":"Point","coordinates":[4.848784000000023,52.37673700000005]}},{"type":"Feature","properties":{"station_id":"37778","title":"Hoofdweg 439-1","address":"Hoofdweg 439-1","town":"Amsterdam","postcode":"1056 CV","operator_id":"78","usage_cost":"0.00 jaarabonnement","number_of_points":"1","power_kw":null,"verified":true,"last_verified":"2016-06-04T02:53:00Z"},"geometry":{"type":"Point","coordinates":[4.848130000000026,52.37388000000004]}},{"type":"Feature","properties":{"station_id":"68217","title":"Van Spilbergenstraat 160-1","address":"Van Spilbergenstraat 160-1","town":"Amsterdam","postcode":"1057 RP","operator_id":"177","usage_cost":"0.00 jaarabonnement","number_of_points":"1","power_kw":null,"verified":true,"last_verified":"2016-06-04T02:37:00Z"},"geometry":{"type":"Point","coordinates":[4.850880000000075,52.36871300000007]}},{"type":"Feature","properties":{"station_id":"68222","title":"John Franklinstraat 76-3","address":"John Franklinstraat 76-3","town":"Amsterdam","postcode":"1056 TG","operator_id":"177","usage_cost":"0.00 jaarabonnement","number_of_points":"1","power_kw":null,"verified":true,"last_verified":"2016-06-04T02:37:00Z"},"geometry":{"type":"Point","coordinates":[4.853719000000069,52.37280300000003]}},{"type":"Feature","properties":{"station_id":"68228","title":"Blancefloorstraat 2-1","address":"Blancefloorstraat 2-1","town":"Amsterdam","postcode":"1055 TA","operator_id":"177","usage_cost":"0.00 jaarabonnement","number_of_points":"1","power_kw":null,"verified":true,"last_verified":"2016-06-04T02:37:00Z"},"geometry":{"type":"Point","coordinates":[4.855724000000066,52.377095000000054]}},{"type":"Feature","properties":{"station_id":"37837","title":"De Rijpgracht 34-1","address":"De Rijpgracht 34-1","town":"Amsterdam","postcode":"1055 VT","operator_id":"78","usage_cost":"0.00 jaarabonnement","number_of_points":"1","power_kw":null,"verified":true,"last_verified":"2016-06-04T02:54:00Z"},"geometry":{"type":"Point","coordinates":[4.8599700000000325,52.37747600000006]}},{"type":"Feature","properties":{"station_id":"68223","title":"Admiraal de Ruijterweg 123-1","address":"Admiraal de Ruijterweg 123-1","town":"Amsterdam","postcode":"1056 EW","operator_id":"177","usage_cost":"0.00 jaarabonnement","number_of_points":"1","power_kw":null,"verified":true,"last_verified":"2016-06-04T02:37:00Z"},"geometry":{"type":"Point","coordinates":[4.858978000000036,52.373046000000045]}},{"type":"Feature","properties":{"station_id":"37736","title":"Van Speijkstraat 155-H","address":"Van Speijkstraat 155-H","town":"Amsterdam","postcode":"1057 GX","operator_id":"78","usage_cost":"0.00 jaarabonnement","number_of_points":"1","power_kw":null,"verified":true,"last_verified":"2016-06-04T02:53:00Z"},"geometry":{"type":"Point","coordinates":[4.859850000000051,52.370933000000036]}},{"type":"Feature","properties":{"station_id":"37698","title":"Douwes Dekkerstraat 20","address":"Douwes Dekkerstraat 20","town":"Amsterdam","postcode":"1053 SX","operator_id":"78","usage_cost":"0.00 jaarabonnement","number_of_points":"1","power_kw":null,"verified":true,"last_verified":"2016-06-04T02:53:00Z"},"geometry":{"type":"Point","coordinates":[4.86571900000007,52.36877100000004]}},{"type":"Feature","properties":{"station_id":"37688","title":"Jan Hanzenstraat 19","address":"Jan Hanzenstraat 19","town":"Amsterdam","postcode":"1053 SJ","operator_id":"78","usage_cost":"0.00 jaarabonnement","number_of_points":"1","power_kw":null,"verified":true,"last_verified":"2016-06-04T02:53:00Z"},"geometry":{"type":"Point","coordinates":[4.866349000000071,52.36812900000007]}},{"type":"Feature","properties":{"station_id":"68226","title":"Marcantilaan 489","address":"Marcantilaan 489","town":"Amsterdam","postcode":"1051 MJ","operator_id":"177","usage_cost":"0.00 jaarabonnement","number_of_points":"1","power_kw":null,"verified":true,"last_verified":"2016-06-04T02:37:00Z"},"geometry":{"type":"Point","coordinates":[4.866976000000022,52.37460900000008]}},{"type":"Feature","properties":{"station_id":"68225","title":"Geuzenkade 58-1","address":"Geuzenkade 58-1","town":"Amsterdam","postcode":"1056 KN","operator_id":"177","usage_cost":"0.00 jaarabonnement","number_of_points":"1","power_kw":null,"verified":true,"last_verified":"2016-06-04T02:37:00Z"},"geometry":{"type":"Point","coordinates":[4.864640000000065,52.37353500000006]}},{"type":"Feature","properties":{"station_id":"37869","title":"Van Beuningenplein 121","address":"Van Beuningenplein 121","town":"Amsterdam","postcode":"1051 VV","operator_id":"162","usage_cost":"0.00 gratis","number_of_points":"1","power_kw":null,"verified":true,"last_verified":"2016-06-04T02:54:00Z"},"geometry":{"type":"Point","coordinates":[4.870047000000056,52.38075900000007]}},{"type":"Feature","properties":{"station_id":"285212","title":"Shell Recharge Charging Station","address":"Van Slingelandtstraat 45","town":"Amsterdam","postcode":"1051 CH ","operator_id":"47","usage_cost":"40€","number_of_points":"2","power_kw":null,"verified":true,"last_verified":"2023-12-09T20:19:00Z"},"geometry":{"type":"Point","coordinates":[4.864756400000033,52.383837810000045]}},{"type":"Feature","properties":{"station_id":"37886","title":"Van Slingelandtstraat 11","address":"Van Slingelandtstraat 11","town":"Amsterdam","postcode":"1051 CG","operator_id":"78","usage_cost":"0.00 jaarabonnement","number_of_points":"1","power_kw":null,"verified":true,"last_verified":"2016-06-04T02:54:00Z"},"geometry":{"type":"Point","coordinates":[4.865726000000052,52.38229000000007]}},{"type":"Feature","properties":{"station_id":"60279","title":"Cohere Head Office","address":"Willem de Zwijgerlaan","town":"Amsterdam","postcode":"1055 RD","operator_id":"3","usage_cost":"Free","number_of_points":"29","power_kw":null,"verified":true,"last_verified":"2016-01-18T21:42:00Z"},"geometry":{"type":"Point","coordinates":[4.857908900000041,52.382530100000054]}},{"type":"Feature","properties":{"station_id":"37891","title":"Willem de Zwijgerlaan 350A","address":"Willem de Zwijgerlaan 350A","town":"Amsterdam","postcode":"1055 RD","operator_id":"73","usage_cost":"0.00 jaarabonnement","number_of_points":"1","power_kw":null,"verified":true,"last_verified":"2016-03-03T12:40:00Z"},"geometry":{"type":"Point","coordinates":[4.858090000000061,52.38261000000006]}},{"type":"Feature","properties":{"station_id":"41697","title":"Nieuwpoortkade 27","address":"Nieuwpoortkade 27","town":"Amsterdam","postcode":"1055 RX","operator_id":"78","usage_cost":"0.00 jaarabonnement","number_of_points":"1","power_kw":null,"verified":true,"last_verified":"2016-06-04T02:54:00Z"},"geometry":{"type":"Point","coordinates":[4.86122400000005,52.38298600000007]}},{"type":"Feature","properties":{"station_id":"37914","title":"Van Bleiswijkstraat","address":"Van Bleiswijkstraat","town":"Amsterdam","postcode":"1051 DG","operator_id":null,"usage_cost":"0.00 jaarabonnement","number_of_points":"2","power_kw":null,"verified":true,"last_verified":"2016-06-04T02:54:00Z"},"geometry":{"type":"Point","coordinates":[4.86618470600007,52.38457213800007]}},{"type":"Feature","properties":{"station_id":"41699","title":"Spaarndammerdijk 302","address":"Spaarndammerdijk 302","town":"Amsterdam","postcode":"1013 ZX","operator_id":"157","usage_cost":"0.00 jaarabonnement","number_of_points":"1","power_kw":null,"verified":true,"last_verified":"2016-06-04T02:54:00Z"},"geometry":{"type":"Point","coordinates":[4.868938400000047,52.39266300000003]}},{"type":"Feature","properties":{"station_id":"38001","title":"Archangelkade 22","address":"Archangelkade 22","town":"Amsterdam","postcode":"1013 BE","operator_id":"78","usage_cost":"0.00 jaarabonnement","number_of_points":"1","power_kw":null,"verified":true,"last_verified":"2016-06-04T02:54:00Z"},"geometry":{"type":"Point","coordinates":[4.871356000000048,52.39770900000008]}},{"type":"Feature","properties":{"station_id":"37983","title":"BP ChaDeMo (2) Fast Charging, Nieuwe Hemweg ","address":"Nieuwe Hemweg 11","town":"Amsterdam","postcode":"1013 BG","operator_id":"47","usage_cost":"6.00 per laadbeurt","number_of_points":"2","power_kw":null,"verified":true,"last_verified":"2017-01-12T10:20:00Z"},"geometry":{"type":"Point","coordinates":[4.865055084000062,52.39371866300007]}},{"type":"Feature","properties":{"station_id":"37966","title":"Transformatorweg 39","address":"Transformatorweg 39","town":"Amsterdam","postcode":"1014 AJ","operator_id":"78","usage_cost":"0.00 jaarabonnement","number_of_points":"1","power_kw":null,"verified":true,"last_verified":"2016-06-04T02:54:00Z"},"geometry":{"type":"Point","coordinates":[4.848914000000036,52.39156100000008]}},{"type":"Feature","properties":{"station_id":"37971","title":"Transformatorweg","address":"Transformatorweg","town":"Amsterdam","postcode":"1014 AK","operator_id":null,"usage_cost":"0.00 gratis","number_of_points":"1","power_kw":null,"verified":true,"last_verified":"2016-06-04T02:54:00Z"},"geometry":{"type":"Point","coordinates":[4.84897395400003,52.39200578300006]}},{"type":"Feature","properties":{"station_id":"68243","title":"Kabelweg 51","address":"Kabelweg 51","town":"Amsterdam","postcode":"1014 BA","operator_id":"177","usage_cost":"0.00 jaarabonnement","number_of_points":"1","power_kw":null,"verified":true,"last_verified":"2016-06-04T02:37:00Z"},"geometry":{"type":"Point","coordinates":[4.846907000000044,52.394112000000064]}},{"type":"Feature","properties":{"station_id":"68244","title":"Zekeringstraat 7B","address":"Zekeringstraat 7B","town":"Amsterdam","postcode":"1014 BM","operator_id":"73","usage_cost":"0.00 jaarabonnement","number_of_points":"1","power_kw":null,"verified":true,"last_verified":"2016-06-04T02:37:00Z"},"geometry":{"type":"Point","coordinates":[4.853360000000066,52.39602000000008]}},{"type":"Feature","properties":{"station_id":"63976","title":"Dukdalfweg 36","address":"Dukdalfweg 36","town":"Amsterdam","postcode":"1041 BE","operator_id":"73","usage_cost":"0.00 jaarabonnement","number_of_points":"1","power_kw":null,"verified":true,"last_verified":"2016-06-04T02:54:00Z"},"geometry":{"type":"Point","coordinates":[4.825590000000034,52.416600000000074]}},{"type":"Feature","properties":{"station_id":"38033","title":"Sextantweg 8","address":"Sextantweg 8","town":"Amsterdam","postcode":"1042 AH","operator_id":"78","usage_cost":"0.00 jaarabonnement","number_of_points":"1","power_kw":null,"verified":true,"last_verified":"2016-06-04T02:54:00Z"},"geometry":{"type":"Point","coordinates":[4.832683000000031,52.40355200000005]}},{"type":"Feature","properties":{"station_id":"68248","title":"Westhavenweg 45","address":"Westhavenweg 45","town":"Amsterdam","postcode":"1042 AL","operator_id":"73","usage_cost":"0.00 jaarabonnement","number_of_points":"1","power_kw":null,"verified":true,"last_verified":"2016-06-04T02:37:00Z"},"geometry":{"type":"Point","coordinates":[4.834750000000042,52.40491000000003]}},{"type":"Feature","properties":{"station_id":"38022","title":"Deccaweg 29","address":"Deccaweg 29","town":"Amsterdam","postcode":"1042 AE","operator_id":"157","usage_cost":"0.00 jaarabonnement","number_of_points":"1","power_kw":null,"verified":true,"last_verified":"2016-06-04T02:54:00Z"},"geometry":{"type":"Point","coordinates":[4.838708401000076,52.40140533400006]}},{"type":"Feature","properties":{"station_id":"51015","title":"Gyroscoopweg 4A","address":"Gyroscoopweg 4A","town":"Amsterdam","postcode":"1042 AB","operator_id":"73","usage_cost":"0.00 jaarabonnement","number_of_points":"1","power_kw":null,"verified":true,"last_verified":"2016-06-04T02:54:00Z"},"geometry":{"type":"Point","coordinates":[4.83979000000005,52.39823000000007]}},{"type":"Feature","properties":{"station_id":"38017","title":"Gyroscoopweg 134","address":"Gyroscoopweg 134","town":"Amsterdam","postcode":"1042 AZ","operator_id":"73","usage_cost":"0.00 jaarabonnement","number_of_points":"1","power_kw":null,"verified":true,"last_verified":"2016-06-04T02:54:00Z"},"geometry":{"type":"Point","coordinates":[4.84286000000003,52.400460000000066]}},{"type":"Feature","properties":{"station_id":"36447","title":"Radarweg 29","address":"Radarweg 29","town":"Amsterdam","postcode":"1043 NX","operator_id":"73","usage_cost":"0.00 jaarabonnement","number_of_points":"1","power_kw":null,"verified":true,"last_verified":"2016-06-04T02:54:00Z"},"geometry":{"type":"Point","coordinates":[4.83659810000006,52.39325590000004]}},{"type":"Feature","properties":{"station_id":"37977","title":"Basisweg 30","address":"Basisweg 30","town":"Amsterdam","postcode":"1043 AP","operator_id":null,"usage_cost":"0.00 gratis","number_of_points":"1","power_kw":null,"verified":true,"last_verified":"2016-06-04T02:54:00Z"},"geometry":{"type":"Point","coordinates":[4.83386099300003,52.39257421900004]}},{"type":"Feature","properties":{"station_id":"68241","title":"Basisweg 35","address":"Basisweg 35","town":"Amsterdam","postcode":"1043 AN","operator_id":"177","usage_cost":"0.00 jaarabonnement","number_of_points":"1","power_kw":null,"verified":true,"last_verified":"2016-06-04T02:37:00Z"},"geometry":{"type":"Point","coordinates":[4.830831000000046,52.39126200000004]}},{"type":"Feature","properties":{"station_id":"63969","title":"Corsicaweg 10","address":"Corsicaweg 10","town":"Amsterdam","postcode":"1044 AB","operator_id":"157","usage_cost":"0.00 jaarabonnement","number_of_points":"1","power_kw":null,"verified":true,"last_verified":"2016-06-04T02:54:00Z"},"geometry":{"type":"Point","coordinates":[4.81150580000002,52.402104500000064]}},{"type":"Feature","properties":{"station_id":"68245","title":"Galwin","address":"Galwin","town":"Amsterdam","postcode":"1046 AW","operator_id":"73","usage_cost":"0.00 jaarabonnement","number_of_points":"1","power_kw":null,"verified":true,"last_verified":"2016-06-04T02:37:00Z"},"geometry":{"type":"Point","coordinates":[4.799590000000023,52.396840000000054]}},{"type":"Feature","properties":{"station_id":"38019","title":"Australiëhavenweg 21","address":"Australiëhavenweg 21","town":"Amsterdam","postcode":"1045 BA","operator_id":"73","usage_cost":"0.00 jaarabonnement","number_of_points":"1","power_kw":null,"verified":true,"last_verified":"2016-06-04T02:54:00Z"},"geometry":{"type":"Point","coordinates":[4.795020000000022,52.401200000000074]}},{"type":"Feature","properties":{"station_id":"65745","title":"Dukdalfweg 51","address":"Dukdalfweg 51","town":"Amsterdam","postcode":"1041 BC","operator_id":"179","usage_cost":"0.00 afhankelijk van pas","number_of_points":"2","power_kw":null,"verified":true,"last_verified":"2016-06-04T02:54:00Z"},"geometry":{"type":"Point","coordinates":[4.823499000000027,52.41797800000006]}},{"type":"Feature","properties":{"station_id":"100886","title":"Race Planet","address":"Herwijk 10","town":"Amsterdam","postcode":"1046","operator_id":"1","usage_cost":"Free","number_of_points":"2","power_kw":null,"verified":true,"last_verified":"2018-03-12T09:02:00Z"},"geometry":{"type":"Point","coordinates":[4.789618800000028,52.39624980000008]}},{"type":"Feature","properties":{"station_id":"53944","title":"Dolhaantjestraat 37","address":"Dolhaantjestraat 37","town":"Amsterdam","postcode":"1067 AB","operator_id":"78","usage_cost":"0.00 jaarabonnement","number_of_points":"1","power_kw":null,"verified":true,"last_verified":"2016-06-04T02:54:00Z"},"geometry":{"type":"Point","coordinates":[4.807045000000073,52.383317000000034]}},{"type":"Feature","properties":{"station_id":"68224","title":"Senecastraat 21","address":"Senecastraat 21","town":"Amsterdam","postcode":"1064 ZJ","operator_id":"177","usage_cost":"0.00 jaarabonnement","number_of_points":"1","power_kw":null,"verified":true,"last_verified":"2016-06-04T02:37:00Z"},"geometry":{"type":"Point","coordinates":[4.8132060000000365,52.37340000000006]}},{"type":"Feature","properties":{"station_id":"37797","title":"Jacob van Weesenbekestraat 60-H","address":"Jacob van Weesenbekestraat 60-H","town":"Amsterdam","postcode":"1067 PH","operator_id":"78","usage_cost":"0.00 jaarabonnement","number_of_points":"1","power_kw":null,"verified":true,"last_verified":"2016-06-04T02:53:00Z"},"geometry":{"type":"Point","coordinates":[4.8025460000000635,52.37506900000005]}},{"type":"Feature","properties":{"station_id":"68231","title":"Marga Klompélaan 50","address":"Marga Klompélaan 50","town":"Amsterdam","postcode":"1067 TZ","operator_id":"177","usage_cost":"0.00 jaarabonnement","number_of_points":"1","power_kw":null,"verified":true,"last_verified":"2016-06-04T02:37:00Z"},"geometry":{"type":"Point","coordinates":[4.791596000000027,52.37959600000005]}},{"type":"Feature","properties":{"station_id":"53938","title":"Dokter Meurerlaan 4","address":"Dokter Meurerlaan 4","town":"Amsterdam","postcode":"1067 SM","operator_id":"78","usage_cost":"0.00 jaarabonnement","number_of_points":"1","power_kw":null,"verified":true,"last_verified":"2016-06-04T02:53:00Z"},"geometry":{"type":"Point","coordinates":[4.805190000000039,52.368528000000026]}},{"type":"Feature","properties":{"station_id":"37617","title":"Meer en Vaart 131","address":"Meer en Vaart 131","town":"Amsterdam","postcode":"1068 KZ","operator_id":"78","usage_cost":"0.00 jaarabonnement","number_of_points":"1","power_kw":null,"verified":true,"last_verified":"2016-06-04T02:53:00Z"},"geometry":{"type":"Point","coordinates":[4.807887000000051,52.36305200000004]}},{"type":"Feature","properties":{"station_id":"37602","title":"Ruimzicht 173","address":"Ruimzicht 173","town":"Amsterdam","postcode":"1068 CT","operator_id":"78","usage_cost":"0.00 jaarabonnement","number_of_points":"1","power_kw":null,"verified":true,"last_verified":"2016-06-04T02:53:00Z"},"geometry":{"type":"Point","coordinates":[4.808713000000068,52.36194400000005]}},{"type":"Feature","properties":{"station_id":"37570","title":"Osdorpplein 251","address":"Osdorpplein 251","town":"Amsterdam","postcode":"1068 ER","operator_id":"78","usage_cost":"0.00 jaarabonnement","number_of_points":"1","power_kw":null,"verified":true,"last_verified":"2016-06-04T02:53:00Z"},"geometry":{"type":"Point","coordinates":[4.80512600000003,52.35979500000008]}},{"type":"Feature","properties":{"station_id":"37548","title":"Osdorpplein 1000","address":"Osdorpplein 1000","town":"Amsterdam","postcode":"1068 TG","operator_id":"78","usage_cost":"0.00 jaarabonnement","number_of_points":"1","power_kw":null,"verified":true,"last_verified":"2016-06-04T02:53:00Z"},"geometry":{"type":"Point","coordinates":[4.806591000000026,52.35786500000006]}},{"type":"Feature","properties":{"station_id":"37489","title":"C.K. Eloutstraat 30","address":"C.K. Eloutstraat 30","town":"Amsterdam","postcode":"1068 JZ","operator_id":"78","usage_cost":"0.00 jaarabonnement","number_of_points":"1","power_kw":null,"verified":true,"last_verified":"2016-06-04T02:53:00Z"},"geometry":{"type":"Point","coordinates":[4.8120680000000675,52.35471800000005]}},{"type":"Feature","properties":{"station_id":"37432","title":"Prof. R. Casimirstraat 85","address":"Prof. R. Casimirstraat 85","town":"Amsterdam","postcode":"1068 KT","operator_id":"78","usage_cost":"0.00 jaarabonnement","number_of_points":"1","power_kw":null,"verified":true,"last_verified":"2016-06-04T02:53:00Z"},"geometry":{"type":"Point","coordinates":[4.809354000000042,52.35170700000003]}},{"type":"Feature","properties":{"station_id":"68201","title":"Willem Bartjenshof 7","address":"Willem Bartjenshof 7","town":"Amsterdam","postcode":"1068 VT","operator_id":"177","usage_cost":"0.00 jaarabonnement","number_of_points":"1","power_kw":null,"verified":true,"last_verified":"2016-06-04T02:37:00Z"},"geometry":{"type":"Point","coordinates":[4.805209000000048,52.35192600000005]}},{"type":"Feature","properties":{"station_id":"37434","title":"Pieter Calandlaan 893","address":"Pieter Calandlaan 893","town":"Amsterdam","postcode":"1069 SC","operator_id":"78","usage_cost":"0.00 jaarabonnement","number_of_points":"1","power_kw":null,"verified":true,"last_verified":"2016-06-04T02:53:00Z"},"geometry":{"type":"Point","coordinates":[4.799083000000053,52.35174800000004]}},{"type":"Feature","properties":{"station_id":"68207","title":"Langswater 268","address":"Langswater 268","town":"Amsterdam","postcode":"1069 EC","operator_id":"177","usage_cost":"0.00 jaarabonnement","number_of_points":"1","power_kw":null,"verified":true,"last_verified":"2016-06-04T02:37:00Z"},"geometry":{"type":"Point","coordinates":[4.789584000000048,52.35550100000006]}},{"type":"Feature","properties":{"station_id":"68200","title":"Eduard Hellendoornstraat","address":"Eduard Hellendoornstraat","town":"Amsterdam","postcode":"1069 PW","operator_id":"177","usage_cost":"0.00 jaarabonnement","number_of_points":"1","power_kw":null,"verified":true,"last_verified":"2016-06-04T02:37:00Z"},"geometry":{"type":"Point","coordinates":[4.784584000000052,52.35166000000004]}},{"type":"Feature","properties":{"station_id":"37410","title":"Le Tourmalet 12","address":"Le Tourmalet 12","town":"Amsterdam","postcode":"1060 NX","operator_id":"78","usage_cost":"0.00 jaarabonnement","number_of_points":"1","power_kw":null,"verified":true,"last_verified":"2016-06-04T02:53:00Z"},"geometry":{"type":"Point","coordinates":[4.774112000000059,52.35073100000005]}},{"type":"Feature","properties":{"station_id":"37436","title":"Ortler 67","address":"Ortler 67","town":"Amsterdam","postcode":"1060 NL","operator_id":"78","usage_cost":"0.00 jaarabonnement","number_of_points":"1","power_kw":null,"verified":true,"last_verified":"2016-06-04T02:53:00Z"},"geometry":{"type":"Point","coordinates":[4.775582000000043,52.35183400000005]}},{"type":"Feature","properties":{"station_id":"68203","title":"M. Gandhilaan 113","address":"M. Gandhilaan 113","town":"Amsterdam","postcode":"1069 NC","operator_id":"177","usage_cost":"0.00 jaarabonnement","number_of_points":"1","power_kw":null,"verified":true,"last_verified":"2016-06-04T02:37:00Z"},"geometry":{"type":"Point","coordinates":[4.77901600000007,52.35415100000006]}},{"type":"Feature","properties":{"station_id":"37533","title":"Terpstraat 35","address":"Terpstraat 35","town":"Amsterdam","postcode":"1069 TT","operator_id":"78","usage_cost":"0.00 jaarabonnement","number_of_points":"1","power_kw":null,"verified":true,"last_verified":"2016-06-04T02:53:00Z"},"geometry":{"type":"Point","coordinates":[4.7785950000000526,52.35712700000005]}},{"type":"Feature","properties":{"station_id":"38058","title":"Latexweg","address":"Latexweg","town":"Amsterdam","postcode":"1047 BD","operator_id":"73","usage_cost":"0.00 jaarabonnement","number_of_points":"1","power_kw":null,"verified":true,"last_verified":"2016-06-04T02:54:00Z"},"geometry":{"type":"Point","coordinates":[4.757280000000037,52.41286000000008]}},{"type":"Feature","properties":{"station_id":"63973","title":"Oceanenweg 1","address":"Oceanenweg 1","town":"Amsterdam","postcode":"1047 BA","operator_id":null,"usage_cost":"0.00 afhankelijk van pas","number_of_points":"2","power_kw":null,"verified":true,"last_verified":"2016-06-04T02:54:00Z"},"geometry":{"type":"Point","coordinates":[4.7596600000000535,52.40963400000004]}},{"type":"Feature","properties":{"station_id":"38069","title":"Adriaan Loosjesstraat 7","address":"Adriaan Loosjesstraat 7","town":"Amsterdam","postcode":"1035 XP","operator_id":"78","usage_cost":"0.00 jaarabonnement","number_of_points":"1","power_kw":null,"verified":true,"last_verified":"2016-06-04T02:54:00Z"},"geometry":{"type":"Point","coordinates":[4.894675000000063,52.41897200000005]}},{"type":"Feature","properties":{"station_id":"68250","title":"Oostzanerdijk 22","address":"Oostzanerdijk 22","town":"Amsterdam","postcode":"1035 RD","operator_id":"177","usage_cost":"0.00 jaarabonnement","number_of_points":"1","power_kw":null,"verified":true,"last_verified":"2016-06-04T02:37:00Z"},"geometry":{"type":"Point","coordinates":[4.897347000000025,52.416255000000035]}},{"type":"Feature","properties":{"station_id":"38070","title":"Reizigersweg 4","address":"Reizigersweg 4","town":"Amsterdam","postcode":"1033 ZK","operator_id":"78","usage_cost":"0.00 jaarabonnement","number_of_points":"1","power_kw":null,"verified":true,"last_verified":"2016-06-04T02:54:00Z"},"geometry":{"type":"Point","coordinates":[4.883882000000028,52.419166000000075]}},{"type":"Feature","properties":{"station_id":"38046","title":"tt. Vasumweg 124","address":"tt. Vasumweg 124","town":"Amsterdam","postcode":"1033 SH","operator_id":"157","usage_cost":"0.00 jaarabonnement","number_of_points":"1","power_kw":null,"verified":true,"last_verified":"2016-06-04T02:54:00Z"},"geometry":{"type":"Point","coordinates":[4.885326862000056,52.40806579600007]}},{"type":"Feature","properties":{"station_id":"37952","title":"Barentszplein 5-H","address":"Barentszplein 5-H","town":"Amsterdam","postcode":"1013 NJ","operator_id":"78","usage_cost":"0.00 jaarabonnement","number_of_points":"1","power_kw":null,"verified":true,"last_verified":"2016-06-04T02:54:00Z"},"geometry":{"type":"Point","coordinates":[4.890850000000057,52.38923300000005]}},{"type":"Feature","properties":{"station_id":"38036","title":"tt. Vasumweg 34D","address":"tt. Vasumweg 34D","town":"Amsterdam","postcode":"1033 SC","operator_id":"162","usage_cost":"0.00 gratis","number_of_points":"1","power_kw":null,"verified":true,"last_verified":"2016-06-04T02:54:00Z"},"geometry":{"type":"Point","coordinates":[4.894243000000074,52.40395200000006]}},{"type":"Feature","properties":{"station_id":"38041","title":"Displaystraat 1","address":"Displaystraat 1","town":"Amsterdam","postcode":"1033 RZ","operator_id":"157","usage_cost":"0.00 jaarabonnement","number_of_points":"1","power_kw":null,"verified":true,"last_verified":"2016-06-04T02:54:00Z"},"geometry":{"type":"Point","coordinates":[4.890137196000069,52.40577316300005]}},{"type":"Feature","properties":{"station_id":"53954","title":"Kaneelappelstraat 126","address":"Kaneelappelstraat 126","town":"Amsterdam","postcode":"1036 LG","operator_id":"78","usage_cost":"0.00 jaarabonnement","number_of_points":"1","power_kw":null,"verified":true,"last_verified":"2016-06-04T02:54:00Z"},"geometry":{"type":"Point","coordinates":[4.905640000000062,52.407598000000064]}},{"type":"Feature","properties":{"station_id":"68242","title":"Asterweg 103","address":"Asterweg 103","town":"Amsterdam","postcode":"1031 HM","operator_id":"73","usage_cost":"0.00 jaarabonnement","number_of_points":"1","power_kw":null,"verified":true,"last_verified":"2016-06-04T02:37:00Z"},"geometry":{"type":"Point","coordinates":[4.9018500000000245,52.39294000000007]}},{"type":"Feature","properties":{"station_id":"37954","title":"Asterweg 15C","address":"Asterweg 15C","town":"Amsterdam","postcode":"1031 HL","operator_id":"78","usage_cost":"0.00 jaarabonnement","number_of_points":"1","power_kw":null,"verified":true,"last_verified":"2016-06-04T02:54:00Z"},"geometry":{"type":"Point","coordinates":[4.904467000000068,52.38958700000006]}},{"type":"Feature","properties":{"station_id":"37948","title":"Geraniumweg","address":"Geraniumweg","town":"Amsterdam","postcode":"1031 VE","operator_id":"78","usage_cost":"0.00 jaarabonnement","number_of_points":"1","power_kw":null,"verified":true,"last_verified":"2016-06-04T02:54:00Z"},"geometry":{"type":"Point","coordinates":[4.9077610000000504,52.38871800000004]}},{"type":"Feature","properties":{"station_id":"37961","title":"Distelweg 25-1","address":"Distelweg 25-1","town":"Amsterdam","postcode":"1031 HB","operator_id":"78","usage_cost":"0.00 jaarabonnement","number_of_points":"1","power_kw":null,"verified":true,"last_verified":"2016-06-04T02:54:00Z"},"geometry":{"type":"Point","coordinates":[4.909676000000047,52.39079200000003]}},{"type":"Feature","properties":{"station_id":"37972","title":"Distelkade","address":"Distelkade","town":"Amsterdam","postcode":"1031 XP","operator_id":"162","usage_cost":"0.00 gratis","number_of_points":"1","power_kw":null,"verified":true,"last_verified":"2016-06-04T02:54:00Z"},"geometry":{"type":"Point","coordinates":[4.910915000000045,52.392228000000046]}},{"type":"Feature","properties":{"station_id":"37989","title":"Papaverweg 9","address":"Papaverweg 9","town":"Amsterdam","postcode":"1032 KD","operator_id":"78","usage_cost":"0.00 jaarabonnement","number_of_points":"1","power_kw":null,"verified":true,"last_verified":"2016-06-04T02:54:00Z"},"geometry":{"type":"Point","coordinates":[4.911827000000073,52.394390000000044]}},{"type":"Feature","properties":{"station_id":"37970","title":"Wingerdweg 77-1","address":"Wingerdweg 77-1","town":"Amsterdam","postcode":"1032 AB","operator_id":"78","usage_cost":"0.00 jaarabonnement","number_of_points":"1","power_kw":null,"verified":true,"last_verified":"2016-06-04T02:54:00Z"},"geometry":{"type":"Point","coordinates":[4.916944000000058,52.391981000000044]}},{"type":"Feature","properties":{"station_id":"37960","title":"Meeuwenlaan 140","address":"Meeuwenlaan 140","town":"Amsterdam","postcode":"1022 AM","operator_id":"78","usage_cost":"0.00 jaarabonnement","number_of_points":"1","power_kw":null,"verified":true,"last_verified":"2016-06-04T02:54:00Z"},"geometry":{"type":"Point","coordinates":[4.925094000000058,52.39052700000008]}},{"type":"Feature","properties":{"station_id":"38016","title":"Buiksloterdijk 314","address":"Buiksloterdijk 314","town":"Amsterdam","postcode":"1034 ZE","operator_id":"78","usage_cost":"0.00 jaarabonnement","number_of_points":"1","power_kw":null,"verified":true,"last_verified":"2016-06-04T02:54:00Z"},"geometry":{"type":"Point","coordinates":[4.919944000000044,52.40019300000006]}},{"type":"Feature","properties":{"station_id":"38006","title":"Kamillestraat 1","address":"Kamillestraat 1","town":"Amsterdam","postcode":"1032 VV","operator_id":"78","usage_cost":"0.00 jaarabonnement","number_of_points":"1","power_kw":null,"verified":true,"last_verified":"2016-06-04T02:54:00Z"},"geometry":{"type":"Point","coordinates":[4.9180560000000355,52.398727000000065]}},{"type":"Feature","properties":{"station_id":"68249","title":"Kadoelenweg 169H","address":"Kadoelenweg 169H","town":"Amsterdam","postcode":"1035 NE","operator_id":"177","usage_cost":"0.00 jaarabonnement","number_of_points":"1","power_kw":null,"verified":true,"last_verified":"2016-06-04T02:37:00Z"},"geometry":{"type":"Point","coordinates":[4.907609000000036,52.41495500000008]}},{"type":"Feature","properties":{"station_id":"68239","title":"Werengouw 55","address":"Werengouw 55","town":"Amsterdam","postcode":"1024 NM","operator_id":"177","usage_cost":"0.00 jaarabonnement","number_of_points":"1","power_kw":null,"verified":true,"last_verified":"2016-06-04T02:37:00Z"},"geometry":{"type":"Point","coordinates":[4.95497400000005,52.390378000000055]}},{"type":"Feature","properties":{"station_id":"37963","title":"Purmerplein 33","address":"Purmerplein 33","town":"Amsterdam","postcode":"1023 BC","operator_id":"78","usage_cost":"0.00 jaarabonnement","number_of_points":"1","power_kw":null,"verified":true,"last_verified":"2016-06-04T02:54:00Z"},"geometry":{"type":"Point","coordinates":[4.944926000000066,52.39114200000006]}},{"type":"Feature","properties":{"station_id":"38028","title":"Elpermeer 207","address":"Elpermeer 207","town":"Amsterdam","postcode":"1025 AE","operator_id":"78","usage_cost":"0.00 jaarabonnement","number_of_points":"1","power_kw":null,"verified":true,"last_verified":"2016-06-04T02:54:00Z"},"geometry":{"type":"Point","coordinates":[4.9465300000000525,52.40188000000006]}},{"type":"Feature","properties":{"station_id":"38000","title":"Dollardpad 3","address":"Dollardpad 3","town":"Amsterdam","postcode":"1025 XG","operator_id":"78","usage_cost":"0.00 jaarabonnement","number_of_points":"1","power_kw":null,"verified":true,"last_verified":"2016-06-04T02:54:00Z"},"geometry":{"type":"Point","coordinates":[4.943590000000029,52.39758100000006]}},{"type":"Feature","properties":{"station_id":"68246","title":"H. Cleyndertweg 447","address":"H. Cleyndertweg 447","town":"Amsterdam","postcode":"1025 DT","operator_id":"177","usage_cost":"0.00 jaarabonnement","number_of_points":"1","power_kw":null,"verified":true,"last_verified":"2016-06-04T02:37:00Z"},"geometry":{"type":"Point","coordinates":[4.938367000000028,52.403583000000026]}},{"type":"Feature","properties":{"station_id":"38020","title":"Buikslotermeerplein 2000","address":"Buikslotermeerplein 2000","town":"Amsterdam","postcode":"1025 XL","operator_id":"78","usage_cost":"0.00 jaarabonnement","number_of_points":"1","power_kw":null,"verified":true,"last_verified":"2016-06-04T02:54:00Z"},"geometry":{"type":"Point","coordinates":[4.932926000000066,52.40109700000005]}},{"type":"Feature","properties":{"station_id":"37996","title":"Het Breed 467","address":"Het Breed 467","town":"Amsterdam","postcode":"1025 HS","operator_id":"78","usage_cost":"0.00 jaarabonnement","number_of_points":"1","power_kw":null,"verified":true,"last_verified":"2016-06-04T02:54:00Z"},"geometry":{"type":"Point","coordinates":[4.939057000000048,52.39656300000007]}},{"type":"Feature","properties":{"station_id":"68240","title":"Nieuwendammerkade 28A-14","address":"Nieuwendammerkade 28A-14","town":"Amsterdam","postcode":"1022 AB","operator_id":"177","usage_cost":"0.00 jaarabonnement","number_of_points":"1","power_kw":null,"verified":true,"last_verified":"2016-06-04T02:37:00Z"},"geometry":{"type":"Point","coordinates":[4.9356030000000715,52.39044900000005]}},{"type":"Feature","properties":{"station_id":"37769","title":"Windroosplein 61A","address":"Windroosplein 61A","town":"Amsterdam","postcode":"1018 ZZ","operator_id":"78","usage_cost":"0.00 jaarabonnement","number_of_points":"1","power_kw":null,"verified":true,"last_verified":"2016-06-04T02:53:00Z"},"geometry":{"type":"Point","coordinates":[4.92414100000002,52.37324000000007]}},{"type":"Feature","properties":{"station_id":"37666","title":"Funenkade 7A","address":"Funenkade 7A","town":"Amsterdam","postcode":"1018 AL","operator_id":"78","usage_cost":"0.00 jaarabonnement","number_of_points":"1","power_kw":null,"verified":true,"last_verified":"2016-06-04T02:53:00Z"},"geometry":{"type":"Point","coordinates":[4.926381000000049,52.366486000000066]}},{"type":"Feature","properties":{"station_id":"37668","title":"Funenkade 7","address":"Funenkade 7","town":"Amsterdam","postcode":"1018 AL","operator_id":"78","usage_cost":"0.00 jaarabonnement","number_of_points":"1","power_kw":null,"verified":true,"last_verified":"2016-08-26T20:09:00Z"},"geometry":{"type":"Point","coordinates":[4.926513000000057,52.36655700000006]}},{"type":"Feature","properties":{"station_id":"37759","title":"Czaar Peterstraat 205","address":"Czaar Peterstraat 205","town":"Amsterdam","postcode":"1018 PL","operator_id":"78","usage_cost":"0.00 jaarabonnement","number_of_points":"1","power_kw":null,"verified":true,"last_verified":"2016-06-04T02:53:00Z"},"geometry":{"type":"Point","coordinates":[4.931783000000053,52.37194800000003]}},{"type":"Feature","properties":{"station_id":"37799","title":"Veemkade 1008","address":"Veemkade 1008","town":"Amsterdam","postcode":"1019 BX","operator_id":"78","usage_cost":"0.00 jaarabonnement","number_of_points":"1","power_kw":null,"verified":true,"last_verified":"2016-06-04T02:53:00Z"},"geometry":{"type":"Point","coordinates":[4.932678000000067,52.37518400000005]}},{"type":"Feature","properties":{"station_id":"37740","title":"Borneolaan 512","address":"Borneolaan 512","town":"Amsterdam","postcode":"1019 KN","operator_id":"78","usage_cost":"0.00 jaarabonnement","number_of_points":"1","power_kw":null,"verified":true,"last_verified":"2016-06-04T02:53:00Z"},"geometry":{"type":"Point","coordinates":[4.939773000000059,52.37108200000006]}},{"type":"Feature","properties":{"station_id":"37730","title":"C. van Eesterenlaan","address":"C. van Eesterenlaan","town":"Amsterdam","postcode":"1019 KE","operator_id":"73","usage_cost":"0.00 jaarabonnement","number_of_points":"1","power_kw":null,"verified":true,"last_verified":"2016-06-04T02:53:00Z"},"geometry":{"type":"Point","coordinates":[4.938173143000029,52.37021082200005]}},{"type":"Feature","properties":{"station_id":"21058","title":"New Electric","address":"Veemarkt 74","town":"Amsterdam","postcode":"1019 DD","operator_id":"45","usage_cost":"","number_of_points":"1","power_kw":null,"verified":true,"last_verified":"2014-02-13T14:46:00Z"},"geometry":{"type":"Point","coordinates":[4.9366849550000325,52.36758014000003]}},{"type":"Feature","properties":{"station_id":"37712","title":"Zeeburgerkade 7","address":"Zeeburgerkade 7","town":"Amsterdam","postcode":"1019 HA","operator_id":"78","usage_cost":"0.00 jaarabonnement","number_of_points":"1","power_kw":null,"verified":true,"last_verified":"2016-06-04T02:53:00Z"},"geometry":{"type":"Point","coordinates":[4.939739000000031,52.36936200000008]}},{"type":"Feature","properties":{"station_id":"37651","title":"Ternatestraat 51","address":"Ternatestraat 51","town":"Amsterdam","postcode":"1095 VJ","operator_id":"78","usage_cost":"0.00 jaarabonnement","number_of_points":"1","power_kw":null,"verified":true,"last_verified":"2016-06-04T02:53:00Z"},"geometry":{"type":"Point","coordinates":[4.944491000000028,52.36552500000005]}},{"type":"Feature","properties":{"station_id":"37767","title":"Panamakade 15","address":"Panamakade 15","town":"Amsterdam","postcode":"1019 AX","operator_id":"78","usage_cost":"0.00 jaarabonnement","number_of_points":"1","power_kw":null,"verified":true,"last_verified":"2016-06-04T02:53:00Z"},"geometry":{"type":"Point","coordinates":[4.945478000000037,52.37307700000008]}},{"type":"Feature","properties":{"station_id":"37790","title":"J.F. van Hengelstraat 12","address":"J.F. van Hengelstraat 12","town":"Amsterdam","postcode":"1019 DC","operator_id":"78","usage_cost":"0.00 jaarabonnement","number_of_points":"1","power_kw":null,"verified":true,"last_verified":"2016-06-04T02:53:00Z"},"geometry":{"type":"Point","coordinates":[4.948515000000043,52.374610000000075]}},{"type":"Feature","properties":{"station_id":"37836","title":"KNSM-laan 617","address":"KNSM-laan 617","town":"Amsterdam","postcode":"1019 LD","operator_id":"162","usage_cost":"0.00 gratis","number_of_points":"1","power_kw":null,"verified":true,"last_verified":"2016-06-04T02:54:00Z"},"geometry":{"type":"Point","coordinates":[4.942958000000033,52.377451000000065]}},{"type":"Feature","properties":{"station_id":"37813","title":"Levantplein 7","address":"Levantplein 7","town":"Amsterdam","postcode":"1019 MC","operator_id":"78","usage_cost":"0.00 jaarabonnement","number_of_points":"1","power_kw":null,"verified":true,"last_verified":"2016-06-04T02:54:00Z"},"geometry":{"type":"Point","coordinates":[4.938333000000057,52.37650000000008]}},{"type":"Feature","properties":{"station_id":"37826","title":"KNSM-laan 27","address":"KNSM-laan 27","town":"Amsterdam","postcode":"1019 LA","operator_id":"78","usage_cost":"0.00 jaarabonnement","number_of_points":"1","power_kw":null,"verified":true,"last_verified":"2016-06-04T02:54:00Z"},"geometry":{"type":"Point","coordinates":[4.938263000000063,52.37717100000003]}},{"type":"Feature","properties":{"station_id":"37811","title":"Zuiderzeeweg","address":"Zuiderzeeweg","town":"Amsterdam","postcode":"1023","operator_id":"162","usage_cost":"0.00 gratis","number_of_points":"1","power_kw":null,"verified":true,"last_verified":"2016-06-04T02:54:00Z"},"geometry":{"type":"Point","coordinates":[4.963766000000021,52.376405000000034]}},{"type":"Feature","properties":{"station_id":"68221","title":"Faas Wilkesstraat 102","address":"Faas Wilkesstraat 102","town":"Amsterdam","postcode":"1095 MD","operator_id":"177","usage_cost":"0.00 jaarabonnement","number_of_points":"1","power_kw":null,"verified":true,"last_verified":"2016-06-04T02:37:00Z"},"geometry":{"type":"Point","coordinates":[4.969192000000021,52.37250300000005]}},{"type":"Feature","properties":{"station_id":"37699","title":"Zuider IJdijk 102","address":"Zuider IJdijk 102","town":"Amsterdam","postcode":"1095 KN","operator_id":"162","usage_cost":"0.00 gratis","number_of_points":"1","power_kw":null,"verified":true,"last_verified":"2016-06-04T02:53:00Z"},"geometry":{"type":"Point","coordinates":[4.961723000000063,52.36879900000008]}},{"type":"Feature","properties":{"station_id":"37756","title":"Zuiderzeeweg 46A","address":"Zuiderzeeweg 46A","town":"Amsterdam","postcode":"1095 KJ","operator_id":"162","usage_cost":"0.00 gratis","number_of_points":"1","power_kw":null,"verified":true,"last_verified":"2015-07-22T10:16:00Z"},"geometry":{"type":"Point","coordinates":[4.961765000000071,52.37184000000008]}},{"type":"Feature","properties":{"station_id":"37494","title":"Science Park","address":"Science Park","town":"Amsterdam","postcode":"1098 XG","operator_id":"162","usage_cost":"0.00 gratis","number_of_points":"1","power_kw":null,"verified":true,"last_verified":"2016-06-04T02:53:00Z"},"geometry":{"type":"Point","coordinates":[4.952200000000062,52.35491200000007]}},{"type":"Feature","properties":{"station_id":"63933","title":"Science Park","address":"Science Park","town":"Amsterdam","postcode":"1098 XH","operator_id":"157","usage_cost":"0.00 jaarabonnement","number_of_points":"1","power_kw":null,"verified":true,"last_verified":"2016-06-04T02:53:00Z"},"geometry":{"type":"Point","coordinates":[4.959677546000023,52.35640439500003]}},{"type":"Feature","properties":{"station_id":"37312","title":"Middenweg 340","address":"Middenweg 340","town":"Amsterdam","postcode":"1097 TZ","operator_id":"78","usage_cost":"0.00 jaarabonnement","number_of_points":"1","power_kw":null,"verified":true,"last_verified":"2016-06-04T02:53:00Z"},"geometry":{"type":"Point","coordinates":[4.946243000000038,52.34380500000003]}},{"type":"Feature","properties":{"station_id":"37381","title":"Kruislaan 182","address":"Kruislaan 182","town":"Amsterdam","postcode":"1098 SK","operator_id":"78","usage_cost":"0.00 jaarabonnement","number_of_points":"1","power_kw":null,"verified":true,"last_verified":"2016-06-04T02:53:00Z"},"geometry":{"type":"Point","coordinates":[4.9417980000000625,52.34842200000003]}},{"type":"Feature","properties":{"station_id":"37460","title":"Linnaeushof 92-1","address":"Linnaeushof 92-1","town":"Amsterdam","postcode":"1098 KT","operator_id":"78","usage_cost":"0.00 jaarabonnement","number_of_points":"1","power_kw":null,"verified":true,"last_verified":"2016-06-04T02:53:00Z"},"geometry":{"type":"Point","coordinates":[4.932446000000027,52.35293600000006]}},{"type":"Feature","properties":{"station_id":"37466","title":"Linnaeusparkweg 92-1","address":"Linnaeusparkweg 92-1","town":"Amsterdam","postcode":"1098 EH","operator_id":"78","usage_cost":"0.00 jaarabonnement","number_of_points":"1","power_kw":null,"verified":true,"last_verified":"2016-06-04T02:53:00Z"},"geometry":{"type":"Point","coordinates":[4.935011000000031,52.35336500000005]}},{"type":"Feature","properties":{"station_id":"37443","title":"Linnaeushof 40-1","address":"Linnaeushof 40-1","town":"Amsterdam","postcode":"1098 KM","operator_id":"78","usage_cost":"0.00 jaarabonnement","number_of_points":"1","power_kw":null,"verified":true,"last_verified":"2016-06-04T02:53:00Z"},"geometry":{"type":"Point","coordinates":[4.935196000000076,52.35246200000006]}},{"type":"Feature","properties":{"station_id":"37437","title":"Wethouder Frankeweg 33-2","address":"Wethouder Frankeweg 33-2","town":"Amsterdam","postcode":"1098 KX","operator_id":"78","usage_cost":"0.00 jaarabonnement","number_of_points":"1","power_kw":null,"verified":true,"last_verified":"2016-06-04T02:53:00Z"},"geometry":{"type":"Point","coordinates":[4.936671000000047,52.35185700000005]}},{"type":"Feature","properties":{"station_id":"37475","title":"Galileïplantsoen 56","address":"Galileïplantsoen 56","town":"Amsterdam","postcode":"1098 NB","operator_id":"78","usage_cost":"0.00 jaarabonnement","number_of_points":"1","power_kw":null,"verified":true,"last_verified":"2016-06-04T02:53:00Z"},"geometry":{"type":"Point","coordinates":[4.940267000000063,52.353717000000074]}},{"type":"Feature","properties":{"station_id":"37574","title":"Obiplein 14","address":"Obiplein 14","town":"Amsterdam","postcode":"1094 RB","operator_id":"78","usage_cost":"0.00 jaarabonnement","number_of_points":"1","power_kw":null,"verified":true,"last_verified":"2016-06-04T02:53:00Z"},"geometry":{"type":"Point","coordinates":[4.938588000000038,52.36016600000005]}},{"type":"Feature","properties":{"station_id":"68213","title":"Bonistraat 14","address":"Bonistraat 14","town":"Amsterdam","postcode":"1094 SJ","operator_id":"177","usage_cost":"0.00 jaarabonnement","number_of_points":"1","power_kw":null,"verified":true,"last_verified":"2016-06-04T02:37:00Z"},"geometry":{"type":"Point","coordinates":[4.935425000000066,52.359053000000074]}},{"type":"Feature","properties":{"station_id":"37498","title":"Johann Keplerstraat 37-1","address":"Johann Keplerstraat 37-1","town":"Amsterdam","postcode":"1098 HJ","operator_id":"78","usage_cost":"0.00 jaarabonnement","number_of_points":"1","power_kw":null,"verified":true,"last_verified":"2016-06-04T02:53:00Z"},"geometry":{"type":"Point","coordinates":[4.938030000000026,52.35523000000006]}},{"type":"Feature","properties":{"station_id":"37542","title":"Polderweg","address":"Polderweg","town":"Amsterdam","postcode":"1093 KP","operator_id":"157","usage_cost":"0.00 jaarabonnement","number_of_points":"1","power_kw":null,"verified":true,"last_verified":"2016-06-04T02:53:00Z"},"geometry":{"type":"Point","coordinates":[4.927776814000026,52.357379913000045]}},{"type":"Feature","properties":{"station_id":"37575","title":"Oosterspoorplein 4","address":"Oosterspoorplein 4","town":"Amsterdam","postcode":"1093 JW","operator_id":"78","usage_cost":"0.00 jaarabonnement","number_of_points":"1","power_kw":null,"verified":true,"last_verified":"2016-06-04T02:53:00Z"},"geometry":{"type":"Point","coordinates":[4.9311100000000465,52.36025500000005]}},{"type":"Feature","properties":{"station_id":"37616","title":"Celebesstraat 52A","address":"Celebesstraat 52A","town":"Amsterdam","postcode":"1094 EP","operator_id":"78","usage_cost":"0.00 jaarabonnement","number_of_points":"1","power_kw":null,"verified":true,"last_verified":"2016-06-04T02:53:00Z"},"geometry":{"type":"Point","coordinates":[4.931826000000058,52.362873000000036]}},{"type":"Feature","properties":{"station_id":"37590","title":"Reinwardtstraat 320","address":"Reinwardtstraat 320","town":"Amsterdam","postcode":"1093 HP","operator_id":"78","usage_cost":"0.00 jaarabonnement","number_of_points":"1","power_kw":null,"verified":true,"last_verified":"2016-06-04T02:53:00Z"},"geometry":{"type":"Point","coordinates":[4.928760000000068,52.361327000000074]}},{"type":"Feature","properties":{"station_id":"19050","title":"Koninklijk Instituut voor de Tropen","address":"Linnaeusstraat 2","town":"Amsterdam","postcode":"1092 CK","operator_id":"63","usage_cost":"","number_of_points":"1","power_kw":null,"verified":true,"last_verified":"2014-10-24T18:57:00Z"},"geometry":{"type":"Point","coordinates":[4.922623000000044,52.362767000000076]}},{"type":"Feature","properties":{"station_id":"37556","title":"Oosterpark 49-H","address":"Oosterpark 49-H","town":"Amsterdam","postcode":"1092 AN","operator_id":"78","usage_cost":"0.00 jaarabonnement","number_of_points":"1","power_kw":null,"verified":true,"last_verified":"2016-06-04T02:53:00Z"},"geometry":{"type":"Point","coordinates":[4.920950000000062,52.35878400000007]}},{"type":"Feature","properties":{"station_id":"37547","title":"Vrolikstraat 459","address":"Vrolikstraat 459","town":"Amsterdam","postcode":"1092 TJ","operator_id":"78","usage_cost":"0.00 jaarabonnement","number_of_points":"1","power_kw":null,"verified":true,"last_verified":"2016-06-04T02:53:00Z"},"geometry":{"type":"Point","coordinates":[4.923703500000045,52.35783800000007]}},{"type":"Feature","properties":{"station_id":"37478","title":"Krugerplein 23-2","address":"Krugerplein 23-2","town":"Amsterdam","postcode":"1092 KA","operator_id":"78","usage_cost":"0.00 jaarabonnement","number_of_points":"1","power_kw":null,"verified":true,"last_verified":"2016-06-04T02:53:00Z"},"geometry":{"type":"Point","coordinates":[4.920397000000037,52.35400600000003]}},{"type":"Feature","properties":{"station_id":"68199","title":"Nobelweg 2","address":"Nobelweg 2","town":"Amsterdam","postcode":"1097 AR","operator_id":"177","usage_cost":"0.00 jaarabonnement","number_of_points":"1","power_kw":null,"verified":true,"last_verified":"2016-06-04T02:37:00Z"},"geometry":{"type":"Point","coordinates":[4.923835000000054,52.35068000000007]}},{"type":"Feature","properties":{"station_id":"37449","title":"James Wattstraat 2-H","address":"James Wattstraat 2-H","town":"Amsterdam","postcode":"1097 DM","operator_id":"78","usage_cost":"0.00 jaarabonnement","number_of_points":"1","power_kw":null,"verified":true,"last_verified":"2016-06-04T02:53:00Z"},"geometry":{"type":"Point","coordinates":[4.926606000000049,52.35270500000007]}},{"type":"Feature","properties":{"station_id":"37357","title":"Clara Meyer-Wichmannstraat 28","address":"Clara Meyer-Wichmannstraat 28","town":"Amsterdam","postcode":"1097 HW","operator_id":"78","usage_cost":"0.00 jaarabonnement","number_of_points":"1","power_kw":null,"verified":true,"last_verified":"2016-06-04T02:53:00Z"},"geometry":{"type":"Point","coordinates":[4.9223740000000475,52.34707100000003]}},{"type":"Feature","properties":{"station_id":"37343","title":"Van der Kunstraat 18","address":"Van der Kunstraat 18","town":"Amsterdam","postcode":"1097 LX","operator_id":"78","usage_cost":"0.00 jaarabonnement","number_of_points":"1","power_kw":null,"verified":true,"last_verified":"2016-06-04T02:53:00Z"},"geometry":{"type":"Point","coordinates":[4.914683000000025,52.346201000000065]}},{"type":"Feature","properties":{"station_id":"72476","title":"Pauwenpad, Amsterdam","address":"Pauwenpad","town":"Amsterdam","postcode":"1097 DX","operator_id":"73","usage_cost":"","number_of_points":"3","power_kw":null,"verified":true,"last_verified":"2016-10-17T08:38:00Z"},"geometry":{"type":"Point","coordinates":[4.917033488000072,52.34941949900008]}},{"type":"Feature","properties":{"station_id":"68204","title":"President Brandstraat 110","address":"President Brandstraat 110","town":"Amsterdam","postcode":"1091 WT","operator_id":"177","usage_cost":"0.00 jaarabonnement","number_of_points":"1","power_kw":null,"verified":true,"last_verified":"2016-06-04T02:37:00Z"},"geometry":{"type":"Point","coordinates":[4.917177000000038,52.35424700000004]}},{"type":"Feature","properties":{"station_id":"37491","title":"Vrolikstraat 8","address":"Vrolikstraat 8","town":"Amsterdam","postcode":"1091 VG","operator_id":"162","usage_cost":"0.00 gratis","number_of_points":"1","power_kw":null,"verified":true,"last_verified":"2016-06-04T02:53:00Z"},"geometry":{"type":"Point","coordinates":[4.912152000000049,52.354746000000034]}},{"type":"Feature","properties":{"station_id":"37493","title":"Oetgensstraat 9","address":"Oetgensstraat 9","town":"Amsterdam","postcode":"1091 RA","operator_id":"162","usage_cost":"0.00 gratis","number_of_points":"1","power_kw":null,"verified":true,"last_verified":"2016-06-04T02:53:00Z"},"geometry":{"type":"Point","coordinates":[4.907969000000037,52.35490800000008]}},{"type":"Feature","properties":{"station_id":"37391","title":"Holendrechtstraat 6-1","address":"Holendrechtstraat 6-1","town":"Amsterdam","postcode":"1078 TS","operator_id":"78","usage_cost":"0.00 jaarabonnement","number_of_points":"1","power_kw":null,"verified":true,"last_verified":"2016-06-04T02:53:00Z"},"geometry":{"type":"Point","coordinates":[4.908849000000032,52.34926800000005]}},{"type":"Feature","properties":{"station_id":"37371","title":"Amsteldijk 128A","address":"Amsteldijk 128A","town":"Amsterdam","postcode":"1078 RT","operator_id":"78","usage_cost":"0.00 jaarabonnement","number_of_points":"1","power_kw":null,"verified":true,"last_verified":"2016-06-04T02:53:00Z"},"geometry":{"type":"Point","coordinates":[4.9109750000000645,52.34779300000008]}},{"type":"Feature","properties":{"station_id":"68194","title":"Lekstraat 5-1","address":"Lekstraat 5-1","town":"Amsterdam","postcode":"1079 EK","operator_id":"177","usage_cost":"0.00 jaarabonnement","number_of_points":"1","power_kw":null,"verified":true,"last_verified":"2016-06-04T02:37:00Z"},"geometry":{"type":"Point","coordinates":[4.908478000000059,52.34532400000006]}},{"type":"Feature","properties":{"station_id":"37390","title":"Jozef Israëlskade 97-3","address":"Jozef Israëlskade 97-3","town":"Amsterdam","postcode":"1073 RD","operator_id":"78","usage_cost":"0.00 jaarabonnement","number_of_points":"1","power_kw":null,"verified":true,"last_verified":"2016-06-04T02:53:00Z"},"geometry":{"type":"Point","coordinates":[4.903719000000024,52.349259000000075]}},{"type":"Feature","properties":{"station_id":"37501","title":"Sarphatipark 105K","address":"Sarphatipark 105K","town":"Amsterdam","postcode":"1073 CW","operator_id":"78","usage_cost":"0.00 jaarabonnement","number_of_points":"1","power_kw":null,"verified":true,"last_verified":"2016-06-04T02:53:00Z"},"geometry":{"type":"Point","coordinates":[4.898231000000067,52.35533900000007]}},{"type":"Feature","properties":{"station_id":"37413","title":"Burgemeester Tellegenstraat 200","address":"Burgemeester Tellegenstraat 200","town":"Amsterdam","postcode":"1073 KG","operator_id":"78","usage_cost":"0.00 jaarabonnement","number_of_points":"1","power_kw":null,"verified":true,"last_verified":"2016-06-04T02:53:00Z"},"geometry":{"type":"Point","coordinates":[4.899953000000039,52.350790000000075]}},{"type":"Feature","properties":{"station_id":"37448","title":"Pieter Aertszstraat 99-1","address":"Pieter Aertszstraat 99-1","town":"Amsterdam","postcode":"1073 SL","operator_id":"78","usage_cost":"0.00 jaarabonnement","number_of_points":"1","power_kw":null,"verified":true,"last_verified":"2016-06-04T02:53:00Z"},"geometry":{"type":"Point","coordinates":[4.902550000000076,52.35265000000004]}},{"type":"Feature","properties":{"station_id":"37431","title":"Lutmastraat 180A","address":"Lutmastraat 180A","town":"Amsterdam","postcode":"1073 HG","operator_id":"78","usage_cost":"0.00 jaarabonnement","number_of_points":"1","power_kw":null,"verified":true,"last_verified":"2016-06-04T02:53:00Z"},"geometry":{"type":"Point","coordinates":[4.902533000000062,52.35148300000003]}},{"type":"Feature","properties":{"station_id":"189571","title":"Amsteldijk 707","address":"Amsteldijk 707","town":"Amsterdam","postcode":"1074JH","operator_id":"108","usage_cost":"€0,37/kWh","number_of_points":"1","power_kw":null,"verified":true,"last_verified":"2021-10-13T11:34:00Z"},"geometry":{"type":"Point","coordinates":[4.904728043000034,52.35696655600003]}},{"type":"Feature","properties":{"station_id":"37571","title":"Sarphatistraat 12","address":"Sarphatistraat 12","town":"Amsterdam","postcode":"1017 WS","operator_id":"78","usage_cost":"0.00 jaarabonnement","number_of_points":"1","power_kw":null,"verified":true,"last_verified":"2016-06-04T02:53:00Z"},"geometry":{"type":"Point","coordinates":[4.902558000000056,52.359867000000065]}},{"type":"Feature","properties":{"station_id":"37536","title":"Hemonylaan 2","address":"Hemonylaan 2","town":"Amsterdam","postcode":"1074 BE","operator_id":"78","usage_cost":"0.00 jaarabonnement","number_of_points":"1","power_kw":null,"verified":true,"last_verified":"2016-06-04T02:53:00Z"},"geometry":{"type":"Point","coordinates":[4.899797800000044,52.35717580000005]}},{"type":"Feature","properties":{"station_id":"37549","title":"Stadhouderskade 140","address":"Stadhouderskade 140","town":"Amsterdam","postcode":"1074 BA","operator_id":"78","usage_cost":"0.00 jaarabonnement","number_of_points":"1","power_kw":null,"verified":true,"last_verified":"2016-06-04T02:53:00Z"},"geometry":{"type":"Point","coordinates":[4.901095000000055,52.358070000000055]}},{"type":"Feature","properties":{"station_id":"37552","title":"Stadhouderskade 141-1","address":"Stadhouderskade 141-1","town":"Amsterdam","postcode":"1074 BA","operator_id":"78","usage_cost":"0.00 jaarabonnement","number_of_points":"1","power_kw":null,"verified":true,"last_verified":"2016-06-04T02:53:00Z"},"geometry":{"type":"Point","coordinates":[4.9012330000000475,52.358318000000054]}},{"type":"Feature","properties":{"station_id":"37557","title":"Den Texstraat 41-2","address":"Den Texstraat 41-2","town":"Amsterdam","postcode":"1017 XZ","operator_id":"78","usage_cost":"0.00 jaarabonnement","number_of_points":"1","power_kw":null,"verified":true,"last_verified":"2016-06-04T02:53:00Z"},"geometry":{"type":"Point","coordinates":[4.8952750000000265,52.35885100000007]}},{"type":"Feature","properties":{"station_id":"37657","title":"Herengracht","address":"Herengracht","town":"Amsterdam","postcode":"1017 VN","operator_id":"78","usage_cost":"0.00 jaarabonnement","number_of_points":"1","power_kw":null,"verified":true,"last_verified":"2016-06-04T02:53:00Z"},"geometry":{"type":"Point","coordinates":[4.900258000000065,52.365755000000036]}},{"type":"Feature","properties":{"station_id":"37599","title":"Sarphatistraat 125-1","address":"Sarphatistraat 125-1","town":"Amsterdam","postcode":"1018 GB","operator_id":"78","usage_cost":"0.00 jaarabonnement","number_of_points":"1","power_kw":null,"verified":true,"last_verified":"2016-06-04T02:53:00Z"},"geometry":{"type":"Point","coordinates":[4.910856000000024,52.36185300000005]}},{"type":"Feature","properties":{"station_id":"37567","title":"Oosterpark 8-1","address":"Oosterpark 8-1","town":"Amsterdam","postcode":"1091 AC","operator_id":"78","usage_cost":"0.00 jaarabonnement","number_of_points":"1","power_kw":null,"verified":true,"last_verified":"2016-06-04T02:53:00Z"},"geometry":{"type":"Point","coordinates":[4.916082434000032,52.35960666300008]}},{"type":"Feature","properties":{"station_id":"37561","title":"'s-Gravesandeplein 3-1","address":"'s-Gravesandeplein 3-1","town":"Amsterdam","postcode":"1091 BB","operator_id":"78","usage_cost":"0.00 jaarabonnement","number_of_points":"1","power_kw":null,"verified":true,"last_verified":"2016-06-04T02:53:00Z"},"geometry":{"type":"Point","coordinates":[4.914933000000076,52.35924200000005]}},{"type":"Feature","properties":{"station_id":"37634","title":"Plantage Middenlaan 86-1","address":"Plantage Middenlaan 86-1","town":"Amsterdam","postcode":"1018 DJ","operator_id":"78","usage_cost":"0.00 jaarabonnement","number_of_points":"1","power_kw":null,"verified":true,"last_verified":"2016-06-04T02:53:00Z"},"geometry":{"type":"Point","coordinates":[4.917841000000067,52.364254000000074]}},{"type":"Feature","properties":{"station_id":"37709","title":"Buiten Kadijken 20","address":"Buiten Kadijken 20","town":"Amsterdam","postcode":"1018 ZS","operator_id":"177","usage_cost":"0.34 / kWh","number_of_points":"2","power_kw":null,"verified":true,"last_verified":"2016-12-04T19:46:00Z"},"geometry":{"type":"Point","coordinates":[4.916700864000063,52.36912295700006]}},{"type":"Feature","properties":{"station_id":"37723","title":"Matrozenhof 74","address":"Matrozenhof 74","town":"Amsterdam","postcode":"1018 ZR","operator_id":"162","usage_cost":"0.00 gratis","number_of_points":"1","power_kw":null,"verified":true,"last_verified":"2016-06-04T02:53:00Z"},"geometry":{"type":"Point","coordinates":[4.915886000000057,52.36988100000008]}},{"type":"Feature","properties":{"station_id":"37716","title":"Rapenburgerstraat 48","address":"Rapenburgerstraat 48","town":"Amsterdam","postcode":"1011 MK","operator_id":"162","usage_cost":"0.00 gratis","number_of_points":"1","power_kw":null,"verified":true,"last_verified":"2016-06-04T02:53:00Z"},"geometry":{"type":"Point","coordinates":[4.908618000000047,52.36963300000008]}},{"type":"Feature","properties":{"station_id":"37729","title":"Hoogte Kadijk 8-1","address":"Hoogte Kadijk 8-1","town":"Amsterdam","postcode":"1018 BL","operator_id":"162","usage_cost":"0.00 gratis","number_of_points":"1","power_kw":null,"verified":true,"last_verified":"2016-06-04T02:53:00Z"},"geometry":{"type":"Point","coordinates":[4.9126620000000685,52.37019300000003]}},{"type":"Feature","properties":{"station_id":"74808","title":"Binnenkadijk","address":"Laagtekadijk 173","town":"Amsterdam","postcode":"1018 ZD","operator_id":"177","usage_cost":"0.34","number_of_points":"2","power_kw":null,"verified":true,"last_verified":"2016-12-04T07:17:00Z"},"geometry":{"type":"Point","coordinates":[4.912484640000059,52.36969062900005]}},{"type":"Feature","properties":{"station_id":"74807","title":"Entrepotdok 40, Amsterdam","address":"Entrepotdok 40","town":"Amsterdam","postcode":"1018AD","operator_id":"177","usage_cost":"0.34","number_of_points":"2","power_kw":null,"verified":true,"last_verified":"2016-12-03T23:33:00Z"},"geometry":{"type":"Point","coordinates":[4.914603800000066,52.368713100000036]}},{"type":"Feature","properties":{"station_id":"37750","title":"Kattenburgerstraat 28","address":"Kattenburgerstraat 28","town":"Amsterdam","postcode":"1018 JB","operator_id":"177","usage_cost":"0.00 jaarabonnement","number_of_points":"4","power_kw":null,"verified":true,"last_verified":"2016-11-24T10:21:00Z"},"geometry":{"type":"Point","coordinates":[4.916498200000035,52.371452900000065]}},{"type":"Feature","properties":{"station_id":"37753","title":"Kleine Wittenburgerstraat 201","address":"Kleine Wittenburgerstraat 201","town":"Amsterdam","postcode":"1018 LT","operator_id":"78","usage_cost":"0.00 jaarabonnement","number_of_points":"1","power_kw":null,"verified":true,"last_verified":"2016-06-04T02:53:00Z"},"geometry":{"type":"Point","coordinates":[4.921596000000022,52.37174800000008]}},{"type":"Feature","properties":{"station_id":"37833","title":"Vriesseveem","address":"Vriesseveem","town":"Amsterdam","postcode":"1019 GM","operator_id":"157","usage_cost":"0.00 jaarabonnement","number_of_points":"1","power_kw":null,"verified":true,"last_verified":"2016-06-04T02:54:00Z"},"geometry":{"type":"Point","coordinates":[4.918893337000043,52.37733078000008]}},{"type":"Feature","properties":{"station_id":"37835","title":"Piet Heinkade","address":"Piet Heinkade","town":"Amsterdam","postcode":"1019 GM","operator_id":"162","usage_cost":"0.00 gratis","number_of_points":"1","power_kw":null,"verified":true,"last_verified":"2016-06-04T02:54:00Z"},"geometry":{"type":"Point","coordinates":[4.91737500000005,52.37738800000005]}},{"type":"Feature","properties":{"station_id":"37897","title":"Bankwerkerij 112","address":"Bankwerkerij 112","town":"Amsterdam","postcode":"1021 NW","operator_id":"78","usage_cost":"0.00 jaarabonnement","number_of_points":"1","power_kw":null,"verified":true,"last_verified":"2016-06-04T02:54:00Z"},"geometry":{"type":"Point","coordinates":[4.917429000000027,52.38318000000004]}},{"type":"Feature","properties":{"station_id":"37895","title":"IJplein 4","address":"IJplein 4","town":"Amsterdam","postcode":"1021 LL","operator_id":"78","usage_cost":"0.00 jaarabonnement","number_of_points":"1","power_kw":null,"verified":true,"last_verified":"2016-06-04T02:54:00Z"},"geometry":{"type":"Point","coordinates":[4.909973100000059,52.38287710000003]}},{"type":"Feature","properties":{"station_id":"37848","title":"Stationsplein","address":"Stationsplein","town":"Amsterdam","postcode":"1012 TM","operator_id":null,"usage_cost":"0.00 jaarabonnement","number_of_points":"4","power_kw":null,"verified":true,"last_verified":"2016-06-04T02:54:00Z"},"geometry":{"type":"Point","coordinates":[4.89699482900005,52.37861196700004]}},{"type":"Feature","properties":{"station_id":"37761","title":"Oudezijds Voorburgwal 232A","address":"Oudezijds Voorburgwal 232A","town":"Amsterdam","postcode":"1012 GJ","operator_id":"78","usage_cost":"0.00 jaarabonnement","number_of_points":"1","power_kw":null,"verified":true,"last_verified":"2016-06-04T02:53:00Z"},"geometry":{"type":"Point","coordinates":[4.89599400000003,52.372178000000076]}},{"type":"Feature","properties":{"station_id":"37766","title":"Geldersekade","address":"Geldersekade","town":"Amsterdam","postcode":"1012 BK","operator_id":"78","usage_cost":"0.00 jaarabonnement","number_of_points":"1","power_kw":null,"verified":true,"last_verified":"2016-06-04T02:53:00Z"},"geometry":{"type":"Point","coordinates":[4.900678000000028,52.37307700000008]}},{"type":"Feature","properties":{"station_id":"42115","title":"Oosterdoksstraat","address":"Oosterdoksstraat","town":"Amsterdam","postcode":"1011 DD","operator_id":"157","usage_cost":"0.00 jaarabonnement","number_of_points":"1","power_kw":null,"verified":true,"last_verified":"2016-06-04T02:54:00Z"},"geometry":{"type":"Point","coordinates":[4.906972600000074,52.376581600000065]}},{"type":"Feature","properties":{"station_id":"42113","title":"Oosterdokskade 67","address":"Oosterdokskade 67","town":"Amsterdam","postcode":"1011 DL","operator_id":"157","usage_cost":"0.00 jaarabonnement","number_of_points":"1","power_kw":null,"verified":true,"last_verified":"2016-06-04T02:54:00Z"},"geometry":{"type":"Point","coordinates":[4.907019600000069,52.375918900000045]}},{"type":"Feature","properties":{"station_id":"117879","title":"Uilenburgersteeg","address":"Uilenburgersteeg","town":"Amsterdam","postcode":"1011SM","operator_id":"177","usage_cost":"","number_of_points":"2","power_kw":null,"verified":true,"last_verified":"2019-03-07T11:23:00Z"},"geometry":{"type":"Point","coordinates":[4.902912452000066,52.36967685600007]}},{"type":"Feature","properties":{"station_id":"117878","title":"Rapenburgerstraat","address":"Rapenburgerstraat","town":"Amsterdam","postcode":"1011MN","operator_id":"177","usage_cost":"","number_of_points":"2","power_kw":null,"verified":true,"last_verified":"2019-03-07T11:22:00Z"},"geometry":{"type":"Point","coordinates":[4.906054651000034,52.36840883000008]}},{"type":"Feature","properties":{"station_id":"37667","title":"Nieuwe Herengracht 55C","address":"Nieuwe Herengracht 55C","town":"Amsterdam","postcode":"1011 RN","operator_id":"78","usage_cost":"0.00 jaarabonnement","number_of_points":"1","power_kw":null,"verified":true,"last_verified":"2016-06-04T02:53:00Z"},"geometry":{"type":"Point","coordinates":[4.9042290000000435,52.36655300000007]}},{"type":"Feature","properties":{"station_id":"37696","title":"Houtkopersdwarsstraat 6","address":"Houtkopersdwarsstraat 6","town":"Amsterdam","postcode":"1011 AL","operator_id":"162","usage_cost":"0.00 gratis","number_of_points":"1","power_kw":null,"verified":true,"last_verified":"2016-06-04T02:53:00Z"},"geometry":{"type":"Point","coordinates":[4.901996000000054,52.36869500000006]}},{"type":"Feature","properties":{"station_id":"37663","title":"Amstel 35-1","address":"Amstel 35-1","town":"Amsterdam","postcode":"1011 PT","operator_id":"78","usage_cost":"0.00 jaarabonnement","number_of_points":"1","power_kw":null,"verified":true,"last_verified":"2016-06-04T02:53:00Z"},"geometry":{"type":"Point","coordinates":[4.9017050000000495,52.366404000000045]}},{"type":"Feature","properties":{"station_id":"37683","title":"Amstel 3","address":"Amstel 3","town":"Amsterdam","postcode":"1011 PN","operator_id":"78","usage_cost":"0.00 gratis","number_of_points":"4","power_kw":null,"verified":true,"last_verified":"2016-06-04T02:53:00Z"},"geometry":{"type":"Point","coordinates":[4.900760651000041,52.36768634900005]}},{"type":"Feature","properties":{"station_id":"37749","title":"Kloveniersburgwal 25","address":"Kloveniersburgwal 25","town":"Amsterdam","postcode":"1011 JV","operator_id":"78","usage_cost":"0.00 jaarabonnement","number_of_points":"1","power_kw":null,"verified":true,"last_verified":"2016-06-04T02:53:00Z"},"geometry":{"type":"Point","coordinates":[4.89957000000004,52.37147800000008]}},{"type":"Feature","properties":{"station_id":"37711","title":"Vendelstraat","address":"Vendelstraat","town":"Amsterdam","postcode":"1012 ZA","operator_id":"78","usage_cost":"0.00 jaarabonnement","number_of_points":"1","power_kw":null,"verified":true,"last_verified":"2016-06-04T02:53:00Z"},"geometry":{"type":"Point","coordinates":[4.895064000000048,52.36935100000005]}},{"type":"Feature","properties":{"station_id":"37678","title":"Herengracht 410","address":"Herengracht 410","town":"Amsterdam","postcode":"1017 BX","operator_id":"78","usage_cost":"0.00 jaarabonnement","number_of_points":"1","power_kw":null,"verified":true,"last_verified":"2016-06-04T02:53:00Z"},"geometry":{"type":"Point","coordinates":[4.8871500000000765,52.367225000000076]}},{"type":"Feature","properties":{"station_id":"37689","title":"Herengracht 393","address":"Herengracht 393","town":"Amsterdam","postcode":"1016 BC","operator_id":"78","usage_cost":"0.00 jaarabonnement","number_of_points":"1","power_kw":null,"verified":true,"last_verified":"2016-06-04T02:53:00Z"},"geometry":{"type":"Point","coordinates":[4.88709700000004,52.36832300000003]}},{"type":"Feature","properties":{"station_id":"37692","title":"Looiersgracht 19F","address":"Looiersgracht 19F","town":"Amsterdam","postcode":"1016 VR","operator_id":"78","usage_cost":"0.00 jaarabonnement","number_of_points":"1","power_kw":null,"verified":true,"last_verified":"2016-06-04T02:53:00Z"},"geometry":{"type":"Point","coordinates":[4.881599000000051,52.36844000000008]}},{"type":"Feature","properties":{"station_id":"37737","title":"Prinsengracht 419","address":"Prinsengracht 419","town":"Amsterdam","postcode":"1016 HM","operator_id":"177","usage_cost":"0.00 jaarabonnement","number_of_points":"2","power_kw":null,"verified":true,"last_verified":"2016-11-24T10:26:00Z"},"geometry":{"type":"Point","coordinates":[4.883026000000029,52.37093800000008]}},{"type":"Feature","properties":{"station_id":"37775","title":"Herengracht 209","address":"Herengracht 209","town":"Amsterdam","postcode":"1016 BE","operator_id":"78","usage_cost":"0.00 jaarabonnement","number_of_points":"1","power_kw":null,"verified":true,"last_verified":"2016-06-04T02:53:00Z"},"geometry":{"type":"Point","coordinates":[4.88741200000004,52.373609000000044]}},{"type":"Feature","properties":{"station_id":"73567","title":"Keizersgracht 200","address":"Keizersgracht 200","town":"Amsterdam","postcode":"","operator_id":null,"usage_cost":"","number_of_points":"2","power_kw":null,"verified":true,"last_verified":"2016-11-23T22:17:00Z"},"geometry":{"type":"Point","coordinates":[4.8846077000000605,52.373766500000045]}},{"type":"Feature","properties":{"station_id":"37792","title":"Westermarkt 2","address":"Westermarkt 2","town":"Amsterdam","postcode":"1016 DK","operator_id":"177","usage_cost":"0.00 jaarabonnement","number_of_points":"2","power_kw":null,"verified":true,"last_verified":"2016-11-24T10:25:00Z"},"geometry":{"type":"Point","coordinates":[4.884726000000057,52.374776000000054]}},{"type":"Feature","properties":{"station_id":"37777","title":"Westermarkt 1-H","address":"Westermarkt 1-H","town":"Amsterdam","postcode":"1016 DH","operator_id":"78","usage_cost":"0.00 jaarabonnement","number_of_points":"1","power_kw":null,"verified":true,"last_verified":"2016-06-04T02:53:00Z"},"geometry":{"type":"Point","coordinates":[4.8846620000000485,52.37387300000006]}},{"type":"Feature","properties":{"station_id":"37832","title":"Keizersgracht 95B-1","address":"Keizersgracht 95B-1","town":"Amsterdam","postcode":"1015 CH","operator_id":"78","usage_cost":"0.00 jaarabonnement","number_of_points":"1","power_kw":null,"verified":true,"last_verified":"2016-06-04T02:54:00Z"},"geometry":{"type":"Point","coordinates":[4.888125000000059,52.37732700000004]}},{"type":"Feature","properties":{"station_id":"37824","title":"Herengracht 74","address":"Herengracht 74","town":"Amsterdam","postcode":"1015 BR","operator_id":"78","usage_cost":"0.00 jaarabonnement","number_of_points":"1","power_kw":null,"verified":true,"last_verified":"2016-06-04T02:54:00Z"},"geometry":{"type":"Point","coordinates":[4.8896910000000275,52.37711600000006]}},{"type":"Feature","properties":{"station_id":"37808","title":"Singel 97","address":"Singel 97","town":"Amsterdam","postcode":"1012 VG","operator_id":"78","usage_cost":"0.00 jaarabonnement","number_of_points":"1","power_kw":null,"verified":true,"last_verified":"2016-06-04T02:54:00Z"},"geometry":{"type":"Point","coordinates":[4.891277000000059,52.37605700000006]}},{"type":"Feature","properties":{"station_id":"37798","title":"Nieuwezijds Voorburgwal 130D","address":"Nieuwezijds Voorburgwal 130D","town":"Amsterdam","postcode":"1012 SH","operator_id":"78","usage_cost":"0.00 jaarabonnement","number_of_points":"1","power_kw":null,"verified":true,"last_verified":"2016-06-04T02:53:00Z"},"geometry":{"type":"Point","coordinates":[4.891810000000021,52.37515200000007]}},{"type":"Feature","properties":{"station_id":"37763","title":"Paleisstraat 14","address":"Paleisstraat 14","town":"Amsterdam","postcode":"1012 RB","operator_id":"78","usage_cost":"0.00 jaarabonnement","number_of_points":"1","power_kw":null,"verified":true,"last_verified":"2016-06-04T02:53:00Z"},"geometry":{"type":"Point","coordinates":[4.889241000000027,52.37228500000003]}},{"type":"Feature","properties":{"station_id":"37780","title":"Beursplein 15","address":"Beursplein 15","town":"Amsterdam","postcode":"1012 JW","operator_id":"47","usage_cost":"0.00 jaarabonnement","number_of_points":"4","power_kw":null,"verified":true,"last_verified":"2022-04-11T07:02:00Z"},"geometry":{"type":"Point","coordinates":[4.895180692000054,52.37393117600004]}},{"type":"Feature","properties":{"station_id":"37788","title":"Beursstraat","address":"Beursstraat","town":"Amsterdam","postcode":"1012 JP","operator_id":"157","usage_cost":"0.00 afhankelijk van pas","number_of_points":"1","power_kw":null,"verified":true,"last_verified":"2016-06-04T02:53:00Z"},"geometry":{"type":"Point","coordinates":[4.895800114000053,52.374401093000074]}},{"type":"Feature","properties":{"station_id":"37810","title":"Nieuwezijds Voorburgwal 33","address":"Nieuwezijds Voorburgwal 33","town":"Amsterdam","postcode":"1012 RD","operator_id":null,"usage_cost":"0.00 jaarabonnement","number_of_points":"4","power_kw":null,"verified":true,"last_verified":"2016-06-04T02:54:00Z"},"geometry":{"type":"Point","coordinates":[4.89430958600002,52.37627912900007]}},{"type":"Feature","properties":{"station_id":"37860","title":"Singel 2B","address":"Singel 2B","town":"Amsterdam","postcode":"1013 GA","operator_id":"78","usage_cost":"0.00 jaarabonnement","number_of_points":"1","power_kw":null,"verified":true,"last_verified":"2016-06-04T02:54:00Z"},"geometry":{"type":"Point","coordinates":[4.894235000000037,52.379643000000044]}},{"type":"Feature","properties":{"station_id":"37838","title":"Herengracht 69K","address":"Herengracht 69K","town":"Amsterdam","postcode":"1015 BD","operator_id":"78","usage_cost":"0.00 jaarabonnement","number_of_points":"1","power_kw":null,"verified":true,"last_verified":"2016-06-04T02:54:00Z"},"geometry":{"type":"Point","coordinates":[4.890679000000034,52.37755500000003]}},{"type":"Feature","properties":{"station_id":"37858","title":"Herenmarkt 23","address":"Herenmarkt 23","town":"Amsterdam","postcode":"1013 EC","operator_id":"78","usage_cost":"0.00 jaarabonnement","number_of_points":"1","power_kw":null,"verified":true,"last_verified":"2016-06-04T02:54:00Z"},"geometry":{"type":"Point","coordinates":[4.891939000000036,52.37952900000005]}},{"type":"Feature","properties":{"station_id":"37863","title":"Stationsplein","address":"Stationsplein","town":"Amsterdam","postcode":"1012 TL","operator_id":"162","usage_cost":"0.00 gratis","number_of_points":"1","power_kw":null,"verified":true,"last_verified":"2016-06-04T02:54:00Z"},"geometry":{"type":"Point","coordinates":[4.896124000000043,52.380052000000035]}},{"type":"Feature","properties":{"station_id":"63954","title":"IJdok","address":"IJdok","town":"Amsterdam","postcode":"1013 MM","operator_id":"157","usage_cost":"0.00 jaarabonnement","number_of_points":"1","power_kw":null,"verified":true,"last_verified":"2016-06-04T02:54:00Z"},"geometry":{"type":"Point","coordinates":[4.894360065000058,52.384525299000074]}},{"type":"Feature","properties":{"station_id":"68235","title":"Bickersgracht 1","address":"Bickersgracht 1","town":"Amsterdam","postcode":"1013 LE","operator_id":"177","usage_cost":"0.00 jaarabonnement","number_of_points":"1","power_kw":null,"verified":true,"last_verified":"2016-06-04T02:37:00Z"},"geometry":{"type":"Point","coordinates":[4.888415000000066,52.38436200000007]}},{"type":"Feature","properties":{"station_id":"37944","title":"Planciusstraat 1A-1","address":"Planciusstraat 1A-1","town":"Amsterdam","postcode":"1013 MD","operator_id":"78","usage_cost":"0.00 jaarabonnement","number_of_points":"1","power_kw":null,"verified":true,"last_verified":"2016-06-04T02:54:00Z"},"geometry":{"type":"Point","coordinates":[4.885759000000064,52.38792700000005]}},{"type":"Feature","properties":{"station_id":"37915","title":"Haarlemmer Houttuinen 541","address":"Haarlemmer Houttuinen 541","town":"Amsterdam","postcode":"1013 GM","operator_id":"157","usage_cost":"0.00 jaarabonnement","number_of_points":"1","power_kw":null,"verified":true,"last_verified":"2016-06-04T02:54:00Z"},"geometry":{"type":"Point","coordinates":[4.884961800000042,52.384781700000076]}},{"type":"Feature","properties":{"station_id":"37885","title":"Palmgracht 14-H","address":"Palmgracht 14-H","town":"Amsterdam","postcode":"1015 HM","operator_id":"78","usage_cost":"0.00 jaarabonnement","number_of_points":"1","power_kw":null,"verified":true,"last_verified":"2016-06-04T02:54:00Z"},"geometry":{"type":"Point","coordinates":[4.884152000000029,52.382265000000075]}},{"type":"Feature","properties":{"station_id":"37887","title":"Haarlemmer Houttuinen 273","address":"Haarlemmer Houttuinen 273","town":"Amsterdam","postcode":"1013 GM","operator_id":"78","usage_cost":"0.00 jaarabonnement","number_of_points":"1","power_kw":null,"verified":true,"last_verified":"2016-06-04T02:54:00Z"},"geometry":{"type":"Point","coordinates":[4.889361000000065,52.382332000000076]}},{"type":"Feature","properties":{"station_id":"37866","title":"Lindengracht 6A","address":"Lindengracht 6A","town":"Amsterdam","postcode":"1015 KJ","operator_id":"78","usage_cost":"0.00 jaarabonnement","number_of_points":"1","power_kw":null,"verified":true,"last_verified":"2016-06-04T02:54:00Z"},"geometry":{"type":"Point","coordinates":[4.887109000000066,52.380666000000076]}},{"type":"Feature","properties":{"station_id":"37861","title":"Prinsengracht 14M","address":"Prinsengracht 14M","town":"Amsterdam","postcode":"1015 DV","operator_id":"78","usage_cost":"0.00 jaarabonnement","number_of_points":"1","power_kw":null,"verified":true,"last_verified":"2016-06-04T02:54:00Z"},"geometry":{"type":"Point","coordinates":[4.887521000000049,52.37978600000008]}},{"type":"Feature","properties":{"station_id":"37854","title":"Keizersgracht 21","address":"Keizersgracht 21","town":"Amsterdam","postcode":"1015 CC","operator_id":"78","usage_cost":"0.00 jaarabonnement","number_of_points":"1","power_kw":null,"verified":true,"last_verified":"2016-06-04T02:54:00Z"},"geometry":{"type":"Point","coordinates":[4.889710000000036,52.37907900000005]}},{"type":"Feature","properties":{"station_id":"68233","title":"De Wittenkade 91-3","address":"De Wittenkade 91-3","town":"Amsterdam","postcode":"1052 AE","operator_id":"177","usage_cost":"0.00 jaarabonnement","number_of_points":"1","power_kw":null,"verified":true,"last_verified":"2016-06-04T02:37:00Z"},"geometry":{"type":"Point","coordinates":[4.87773100000004,52.383271000000036]}},{"type":"Feature","properties":{"station_id":"37907","title":"Nieuwe Wagenstraat 10-H","address":"Nieuwe Wagenstraat 10-H","town":"Amsterdam","postcode":"1013 KK","operator_id":"78","usage_cost":"0.00 jaarabonnement","number_of_points":"1","power_kw":null,"verified":true,"last_verified":"2016-06-04T02:54:00Z"},"geometry":{"type":"Point","coordinates":[4.883272000000034,52.38385100000005]}},{"type":"Feature","properties":{"station_id":"37926","title":"Haarlemmerweg 51-1","address":"Haarlemmerweg 51-1","town":"Amsterdam","postcode":"1051 KP","operator_id":"78","usage_cost":"0.00 jaarabonnement","number_of_points":"1","power_kw":null,"verified":true,"last_verified":"2016-06-04T02:54:00Z"},"geometry":{"type":"Point","coordinates":[4.877171000000033,52.385470000000055]}},{"type":"Feature","properties":{"station_id":"37916","title":"Joan Melchior Kemperstraat 55E","address":"Joan Melchior Kemperstraat 55E","town":"Amsterdam","postcode":"1051 TK","operator_id":"78","usage_cost":"0.00 jaarabonnement","number_of_points":"1","power_kw":null,"verified":true,"last_verified":"2016-06-04T02:54:00Z"},"geometry":{"type":"Point","coordinates":[4.873407000000043,52.38485000000003]}},{"type":"Feature","properties":{"station_id":"37871","title":"Van Beuningenplein 71","address":"Van Beuningenplein 71","town":"Amsterdam","postcode":"1051 VT","operator_id":"78","usage_cost":"0.00 jaarabonnement","number_of_points":"1","power_kw":null,"verified":true,"last_verified":"2016-06-04T02:54:00Z"},"geometry":{"type":"Point","coordinates":[4.870827000000077,52.38089100000008]}},{"type":"Feature","properties":{"station_id":"37821","title":"Visseringstraat 41-1","address":"Visseringstraat 41-1","town":"Amsterdam","postcode":"1051 KH","operator_id":"78","usage_cost":"0.00 jaarabonnement","number_of_points":"1","power_kw":null,"verified":true,"last_verified":"2016-06-04T02:54:00Z"},"geometry":{"type":"Point","coordinates":[4.869969000000026,52.37697000000003]}},{"type":"Feature","properties":{"station_id":"37803","title":"Frederik Hendrikstraat 104-1","address":"Frederik Hendrikstraat 104-1","town":"Amsterdam","postcode":"1052 JA","operator_id":"162","usage_cost":"0.00 gratis","number_of_points":"1","power_kw":null,"verified":true,"last_verified":"2016-06-04T02:54:00Z"},"geometry":{"type":"Point","coordinates":[4.873235000000022,52.37571900000006]}},{"type":"Feature","properties":{"station_id":"37771","title":"Rozengracht 79","address":"Rozengracht 79","town":"Amsterdam","postcode":"1016 LT","operator_id":"78","usage_cost":"0.00 jaarabonnement","number_of_points":"1","power_kw":null,"verified":true,"last_verified":"2016-06-04T02:53:00Z"},"geometry":{"type":"Point","coordinates":[4.880580000000066,52.37326100000007]}},{"type":"Feature","properties":{"station_id":"37744","title":"Groenmarktkade","address":"Groenmarktkade","town":"Amsterdam","postcode":"1016 TK","operator_id":"78","usage_cost":"0.00 jaarabonnement","number_of_points":"1","power_kw":null,"verified":true,"last_verified":"2016-06-04T02:53:00Z"},"geometry":{"type":"Point","coordinates":[4.875872000000072,52.37115000000006]}},{"type":"Feature","properties":{"station_id":"37721","title":"Marnixstraat","address":"Marnixstraat","town":"Amsterdam","postcode":"1016 TL","operator_id":null,"usage_cost":"0.00 jaarabonnement","number_of_points":"2","power_kw":null,"verified":true,"last_verified":"2016-06-04T02:53:00Z"},"geometry":{"type":"Point","coordinates":[4.877122006000036,52.36984646800005]}},{"type":"Feature","properties":{"station_id":"37724","title":"Appeltjesmarkt","address":"Appeltjesmarkt","town":"Amsterdam","postcode":"1016 TL","operator_id":"157","usage_cost":"0.00 afhankelijk van pas","number_of_points":"1","power_kw":null,"verified":true,"last_verified":"2016-06-04T02:53:00Z"},"geometry":{"type":"Point","coordinates":[4.876679897000031,52.36989975000006]}},{"type":"Feature","properties":{"station_id":"37691","title":"Da Costakade 138B","address":"Da Costakade 138B","town":"Amsterdam","postcode":"1053 XC","operator_id":"78","usage_cost":"0.00 jaarabonnement","number_of_points":"1","power_kw":null,"verified":true,"last_verified":"2016-06-04T02:53:00Z"},"geometry":{"type":"Point","coordinates":[4.872646000000032,52.368374000000074]}},{"type":"Feature","properties":{"station_id":"37733","title":"Marnixstraat 210P","address":"Marnixstraat 210P","town":"Amsterdam","postcode":"1016 TK","operator_id":"78","usage_cost":"0.00 jaarabonnement","number_of_points":"1","power_kw":null,"verified":true,"last_verified":"2016-03-03T12:39:00Z"},"geometry":{"type":"Point","coordinates":[4.875010000000032,52.37065800000005]}},{"type":"Feature","properties":{"station_id":"37582","title":"Vondelstraat 77","address":"Vondelstraat 77","town":"Amsterdam","postcode":"1054 GL","operator_id":"78","usage_cost":"0.00 jaarabonnement","number_of_points":"1","power_kw":null,"verified":true,"last_verified":"2016-06-04T02:53:00Z"},"geometry":{"type":"Point","coordinates":[4.8728360000000634,52.36099900000005]}},{"type":"Feature","properties":{"station_id":"37546","title":"Jacob Obrechtstraat 5-1","address":"Jacob Obrechtstraat 5-1","town":"Amsterdam","postcode":"1071 KC","operator_id":"162","usage_cost":"0.00 gratis","number_of_points":"1","power_kw":null,"verified":true,"last_verified":"2016-06-04T02:53:00Z"},"geometry":{"type":"Point","coordinates":[4.874170000000049,52.357631000000026]}},{"type":"Feature","properties":{"station_id":"37534","title":"Alexander Boersstraat 18-2","address":"Alexander Boersstraat 18-2","town":"Amsterdam","postcode":"1071 KX","operator_id":"78","usage_cost":"0.00 jaarabonnement","number_of_points":"1","power_kw":null,"verified":true,"last_verified":"2016-06-04T02:53:00Z"},"geometry":{"type":"Point","coordinates":[4.878229000000033,52.35713500000003]}},{"type":"Feature","properties":{"station_id":"37531","title":"Van Baerlestraat 33B","address":"Van Baerlestraat 33B","town":"Amsterdam","postcode":"1071 AP","operator_id":null,"usage_cost":"0.00 jaarabonnement","number_of_points":"2","power_kw":null,"verified":true,"last_verified":"2016-06-04T02:53:00Z"},"geometry":{"type":"Point","coordinates":[4.879545455000027,52.35700772300004]}},{"type":"Feature","properties":{"station_id":"99635","title":"Conservatorium Hotel","address":"Paulus Potterstraat 50","town":"Amsterdam","postcode":"1071 DB","operator_id":"23","usage_cost":"","number_of_points":"1","power_kw":null,"verified":true,"last_verified":"2018-10-03T23:42:00Z"},"geometry":{"type":"Point","coordinates":[4.878628000000049,52.35883000000007]}},{"type":"Feature","properties":{"station_id":"37580","title":"Zandpad 5","address":"Zandpad 5","town":"Amsterdam","postcode":"1054 GA","operator_id":"78","usage_cost":"0.00 jaarabonnement","number_of_points":"1","power_kw":null,"verified":true,"last_verified":"2016-06-04T02:53:00Z"},"geometry":{"type":"Point","coordinates":[4.87790300000006,52.36093800000003]}},{"type":"Feature","properties":{"station_id":"37612","title":"Stadhouderskade 12","address":"Stadhouderskade 12","town":"Amsterdam","postcode":"1054 ES","operator_id":null,"usage_cost":"0.00 gratis","number_of_points":"1","power_kw":null,"verified":true,"last_verified":"2016-06-04T02:53:00Z"},"geometry":{"type":"Point","coordinates":[4.880161285000042,52.36251735500008]}},{"type":"Feature","properties":{"station_id":"37603","title":"Tesselschadestraat 1F","address":"Tesselschadestraat 1F","town":"Amsterdam","postcode":"1054 ET","operator_id":"157","usage_cost":"0.00 afhankelijk van pas","number_of_points":"1","power_kw":null,"verified":true,"last_verified":"2016-06-04T02:53:00Z"},"geometry":{"type":"Point","coordinates":[4.879910700000039,52.362017500000036]}},{"type":"Feature","properties":{"station_id":"37630","title":"Nassaukade 950","address":"Nassaukade 950","town":"Amsterdam","postcode":"1054 AE","operator_id":"157","usage_cost":"0.00 jaarabonnement","number_of_points":"1","power_kw":null,"verified":true,"last_verified":"2016-06-04T02:53:00Z"},"geometry":{"type":"Point","coordinates":[4.878875039000036,52.36421029100006]}},{"type":"Feature","properties":{"station_id":"37656","title":"Nassaukade 930","address":"Nassaukade 930","town":"Amsterdam","postcode":"1054 AB","operator_id":"78","usage_cost":"0.00 jaarabonnement","number_of_points":"1","power_kw":null,"verified":true,"last_verified":"2016-06-04T02:53:00Z"},"geometry":{"type":"Point","coordinates":[4.878488000000061,52.365747000000056]}},{"type":"Feature","properties":{"station_id":"37660","title":"Raamplein","address":"Raamplein","town":"Amsterdam","postcode":"1016 XK","operator_id":"78","usage_cost":"0.00 jaarabonnement","number_of_points":"1","power_kw":null,"verified":true,"last_verified":"2016-06-04T02:53:00Z"},"geometry":{"type":"Point","coordinates":[4.879906000000062,52.366108000000054]}},{"type":"Feature","properties":{"station_id":"37677","title":"Passeerdersgracht 20A","address":"Passeerdersgracht 20A","town":"Amsterdam","postcode":"1016 XH","operator_id":"78","usage_cost":"0.00 jaarabonnement","number_of_points":"1","power_kw":null,"verified":true,"last_verified":"2016-06-04T02:53:00Z"},"geometry":{"type":"Point","coordinates":[4.881219000000044,52.36715400000003]}},{"type":"Feature","properties":{"station_id":"37647","title":"Herengracht 507","address":"Herengracht 507","town":"Amsterdam","postcode":"1017 BV","operator_id":"78","usage_cost":"0.00 jaarabonnement","number_of_points":"1","power_kw":null,"verified":true,"last_verified":"2016-06-04T02:53:00Z"},"geometry":{"type":"Point","coordinates":[4.89223800000002,52.36538800000005]}},{"type":"Feature","properties":{"station_id":"37627","title":"Keizersgracht 666A","address":"Keizersgracht 666A","town":"Amsterdam","postcode":"1017 ET","operator_id":"78","usage_cost":"0.00 jaarabonnement","number_of_points":"1","power_kw":null,"verified":true,"last_verified":"2016-06-04T02:53:00Z"},"geometry":{"type":"Point","coordinates":[4.892886000000033,52.36364400000008]}},{"type":"Feature","properties":{"station_id":"37566","title":"Weteringschans 187A-1","address":"Weteringschans 187A-1","town":"Amsterdam","postcode":"1017 XE","operator_id":"78","usage_cost":"0.00 jaarabonnement","number_of_points":"1","power_kw":null,"verified":true,"last_verified":"2016-06-04T02:53:00Z"},"geometry":{"type":"Point","coordinates":[4.892912000000024,52.35960300000005]}},{"type":"Feature","properties":{"station_id":"162064","title":"Honthorststraat","address":"Honthorststraat 46","town":"Amsterdam","postcode":"1071DH","operator_id":"108","usage_cost":"","number_of_points":"2","power_kw":null,"verified":true,"last_verified":"2020-08-04T18:17:00Z"},"geometry":{"type":"Point","coordinates":[4.885757574000024,52.35769059300003]}},{"type":"Feature","properties":{"station_id":"37584","title":"Pieter Cornelisz. Hooftstraat 5","address":"Pieter Cornelisz. Hooftstraat 5","town":"Amsterdam","postcode":"1071 BL","operator_id":"78","usage_cost":"0.00 jaarabonnement","number_of_points":"1","power_kw":null,"verified":true,"last_verified":"2016-06-04T02:53:00Z"},"geometry":{"type":"Point","coordinates":[4.88394100000005,52.361101000000076]}},{"type":"Feature","properties":{"station_id":"75311","title":"Park Hotel Amsterdam","address":"25 Stadhouderskade","town":"Amsterdam","postcode":"1071 ZD","operator_id":"23","usage_cost":"Free","number_of_points":"2","power_kw":null,"verified":true,"last_verified":"2018-10-03T23:15:00Z"},"geometry":{"type":"Point","coordinates":[4.883425000000045,52.36158700000004]}},{"type":"Feature","properties":{"station_id":"37527","title":"Van Baerlestraat 33-b","address":"Van Baerlestraat 33-b","town":"Amsterdam","postcode":"1071 AP","operator_id":"157","usage_cost":"0.00 afhankelijk van pas","number_of_points":"1","power_kw":null,"verified":true,"last_verified":"2016-06-04T02:53:00Z"},"geometry":{"type":"Point","coordinates":[4.880013500000075,52.356877000000054]}},{"type":"Feature","properties":{"station_id":"37511","title":"Concertgebouwplein","address":"Concertgebouwplein","town":"Amsterdam","postcode":"1071 LM","operator_id":"78","usage_cost":"0.00 jaarabonnement","number_of_points":"1","power_kw":null,"verified":true,"last_verified":"2016-06-04T02:53:00Z"},"geometry":{"type":"Point","coordinates":[4.879689000000042,52.35587000000004]}},{"type":"Feature","properties":{"station_id":"37435","title":"Joh.M. Coenenstraat 29-1","address":"Joh.M. Coenenstraat 29-1","town":"Amsterdam","postcode":"1071 WE","operator_id":"78","usage_cost":"0.00 jaarabonnement","number_of_points":"1","power_kw":null,"verified":true,"last_verified":"2016-06-04T02:53:00Z"},"geometry":{"type":"Point","coordinates":[4.880097000000035,52.35175200000003]}},{"type":"Feature","properties":{"station_id":"37455","title":"Roelof Hartplein 23-O","address":"Roelof Hartplein 23-O","town":"Amsterdam","postcode":"1071 TS","operator_id":"78","usage_cost":"0.00 jaarabonnement","number_of_points":"1","power_kw":null,"verified":true,"last_verified":"2016-06-04T02:53:00Z"},"geometry":{"type":"Point","coordinates":[4.883305000000064,52.35287400000004]}},{"type":"Feature","properties":{"station_id":"37488","title":"Johannes Vermeerstraat 79-1","address":"Johannes Vermeerstraat 79-1","town":"Amsterdam","postcode":"1071 DP","operator_id":"78","usage_cost":"0.00 jaarabonnement","number_of_points":"1","power_kw":null,"verified":true,"last_verified":"2016-06-04T02:53:00Z"},"geometry":{"type":"Point","coordinates":[4.884423000000027,52.35470800000007]}},{"type":"Feature","properties":{"station_id":"37508","title":"Nicolaas Maesstraat","address":"Nicolaas Maesstraat","town":"Amsterdam","postcode":"1072 AM","operator_id":"78","usage_cost":"0.00 jaarabonnement","number_of_points":"1","power_kw":null,"verified":true,"last_verified":"2016-06-04T02:53:00Z"},"geometry":{"type":"Point","coordinates":[4.885650000000055,52.355650000000026]}},{"type":"Feature","properties":{"station_id":"84373","title":"Allego Shell Hobbemakade Amsterdam","address":"Hobbemakade 121","town":"Amsterdam","postcode":"1071 XW","operator_id":"103","usage_cost":"","number_of_points":"2","power_kw":null,"verified":true,"last_verified":"2017-02-21T22:55:00Z"},"geometry":{"type":"Point","coordinates":[4.885842204000028,52.349720019000074]}},{"type":"Feature","properties":{"station_id":"37407","title":"Cornelis Trooststraat 85-1","address":"Cornelis Trooststraat 85-1","town":"Amsterdam","postcode":"1072 JD","operator_id":"78","usage_cost":"0.00 jaarabonnement","number_of_points":"1","power_kw":null,"verified":true,"last_verified":"2016-06-04T02:53:00Z"},"geometry":{"type":"Point","coordinates":[4.89052700000002,52.35066200000006]}},{"type":"Feature","properties":{"station_id":"37363","title":"Churchill-laan 232-1","address":"Churchill-laan 232-1","town":"Amsterdam","postcode":"1078 EX","operator_id":"78","usage_cost":"0.00 jaarabonnement","number_of_points":"1","power_kw":null,"verified":true,"last_verified":"2016-06-04T02:53:00Z"},"geometry":{"type":"Point","coordinates":[4.890615000000025,52.34739300000007]}},{"type":"Feature","properties":{"station_id":"37354","title":"Haringvlietstraat 2","address":"Haringvlietstraat 2","town":"Amsterdam","postcode":"1078 KC","operator_id":"78","usage_cost":"0.00 jaarabonnement","number_of_points":"1","power_kw":null,"verified":true,"last_verified":"2016-06-04T02:53:00Z"},"geometry":{"type":"Point","coordinates":[4.886604000000034,52.34691300000003]}},{"type":"Feature","properties":{"station_id":"37341","title":"Willem Royaardsstraat","address":"Willem Royaardsstraat","town":"Amsterdam","postcode":"1077 WN","operator_id":"78","usage_cost":"0.00 jaarabonnement","number_of_points":"1","power_kw":null,"verified":true,"last_verified":"2016-06-04T02:53:00Z"},"geometry":{"type":"Point","coordinates":[4.88482300000004,52.34608300000008]}},{"type":"Feature","properties":{"station_id":"37347","title":"Beethovenstraat 108-1","address":"Beethovenstraat 108-1","town":"Amsterdam","postcode":"1077 JP","operator_id":"78","usage_cost":"0.00 jaarabonnement","number_of_points":"1","power_kw":null,"verified":true,"last_verified":"2016-06-04T02:53:00Z"},"geometry":{"type":"Point","coordinates":[4.876673000000039,52.34645500000005]}},{"type":"Feature","properties":{"station_id":"37362","title":"Rubensstraat 64-1","address":"Rubensstraat 64-1","town":"Amsterdam","postcode":"1077 MX","operator_id":"78","usage_cost":"0.00 jaarabonnement","number_of_points":"1","power_kw":null,"verified":true,"last_verified":"2016-06-04T02:53:00Z"},"geometry":{"type":"Point","coordinates":[4.873640000000023,52.34726400000005]}},{"type":"Feature","properties":{"station_id":"37384","title":"Gerrit van der Veenstraat 121-2","address":"Gerrit van der Veenstraat 121-2","town":"Amsterdam","postcode":"1077 DW","operator_id":"78","usage_cost":"0.00 jaarabonnement","number_of_points":"1","power_kw":null,"verified":true,"last_verified":"2016-06-04T02:53:00Z"},"geometry":{"type":"Point","coordinates":[4.871639000000073,52.34882200000004]}},{"type":"Feature","properties":{"station_id":"37510","title":"Jacob Obrechtstraat 33-1","address":"Jacob Obrechtstraat 33-1","town":"Amsterdam","postcode":"1071 KG","operator_id":"78","usage_cost":"0.00 jaarabonnement","number_of_points":"1","power_kw":null,"verified":true,"last_verified":"2016-06-04T02:53:00Z"},"geometry":{"type":"Point","coordinates":[4.875634000000048,52.35580800000008]}},{"type":"Feature","properties":{"station_id":"37513","title":"Van Breestraat 107-1","address":"Van Breestraat 107-1","town":"Amsterdam","postcode":"1071 ZJ","operator_id":"78","usage_cost":"0.00 jaarabonnement","number_of_points":"1","power_kw":null,"verified":true,"last_verified":"2016-06-04T02:53:00Z"},"geometry":{"type":"Point","coordinates":[4.873432000000037,52.355931000000055]}},{"type":"Feature","properties":{"station_id":"37519","title":"Willemsparkweg 160K","address":"Willemsparkweg 160K","town":"Amsterdam","postcode":"1071 HS","operator_id":"78","usage_cost":"0.00 jaarabonnement","number_of_points":"1","power_kw":null,"verified":true,"last_verified":"2016-06-04T02:53:00Z"},"geometry":{"type":"Point","coordinates":[4.870578000000023,52.35622100000006]}},{"type":"Feature","properties":{"station_id":"37507","title":"Koninginneweg 8-1","address":"Koninginneweg 8-1","town":"Amsterdam","postcode":"1075 CX","operator_id":"78","usage_cost":"0.00 jaarabonnement","number_of_points":"1","power_kw":null,"verified":true,"last_verified":"2016-06-04T02:53:00Z"},"geometry":{"type":"Point","coordinates":[4.867737000000034,52.35551600000008]}},{"type":"Feature","properties":{"station_id":"37314","title":"Stadionkade 95-H","address":"Stadionkade 95-H","town":"Amsterdam","postcode":"1076 BL","operator_id":"177","usage_cost":"0.00 jaarabonnement","number_of_points":"1","power_kw":null,"verified":true,"last_verified":"2016-03-03T12:39:00Z"},"geometry":{"type":"Point","coordinates":[4.865712900000062,52.34401790000004]}},{"type":"Feature","properties":{"station_id":"37319","title":"Stadionkade 68-1","address":"Stadionkade 68-1","town":"Amsterdam","postcode":"1077 VR","operator_id":"78","usage_cost":"0.00 jaarabonnement","number_of_points":"1","power_kw":null,"verified":true,"last_verified":"2016-06-04T02:53:00Z"},"geometry":{"type":"Point","coordinates":[4.8686120000000415,52.34451000000007]}},{"type":"Feature","properties":{"station_id":"37342","title":"Michelangelostraat 66","address":"Michelangelostraat 66","town":"Amsterdam","postcode":"1077 CG","operator_id":"78","usage_cost":"0.00 jaarabonnement","number_of_points":"1","power_kw":null,"verified":true,"last_verified":"2016-06-04T02:53:00Z"},"geometry":{"type":"Point","coordinates":[4.871042000000045,52.34609100000006]}},{"type":"Feature","properties":{"station_id":"37325","title":"Stadionkade 15-1","address":"Stadionkade 15-1","town":"Amsterdam","postcode":"1077 VJ","operator_id":"78","usage_cost":"0.00 jaarabonnement","number_of_points":"1","power_kw":null,"verified":true,"last_verified":"2016-06-04T02:53:00Z"},"geometry":{"type":"Point","coordinates":[4.873614000000032,52.344873000000064]}},{"type":"Feature","properties":{"station_id":"37311","title":"Prinses Margrietstraat 5","address":"Prinses Margrietstraat 5","town":"Amsterdam","postcode":"1077 KZ","operator_id":"78","usage_cost":"0.00 jaarabonnement","number_of_points":"1","power_kw":null,"verified":true,"last_verified":"2016-06-04T02:53:00Z"},"geometry":{"type":"Point","coordinates":[4.8742070000000695,52.34355300000004]}},{"type":"Feature","properties":{"station_id":"148324","title":"Strawinskylaan","address":"Strawinskylaan","town":"Amsterdam","postcode":"1077XW","operator_id":"103","usage_cost":"€0,36/kWh","number_of_points":"2","power_kw":null,"verified":true,"last_verified":"2020-02-02T17:17:00Z"},"geometry":{"type":"Point","coordinates":[4.875402153000039,52.34096167100006]}},{"type":"Feature","properties":{"station_id":"37304","title":"Brandts Buysstraat 3","address":"Brandts Buysstraat 3","town":"Amsterdam","postcode":"1077 XE","operator_id":"78","usage_cost":"0.00 jaarabonnement","number_of_points":"1","power_kw":null,"verified":true,"last_verified":"2016-06-04T02:53:00Z"},"geometry":{"type":"Point","coordinates":[4.871334000000047,52.34308400000003]}},{"type":"Feature","properties":{"station_id":"37274","title":"Strawinskylaan 93","address":"Strawinskylaan 93","town":"Amsterdam","postcode":"1077 XW","operator_id":"73","usage_cost":"0.00 jaarabonnement","number_of_points":"1","power_kw":null,"verified":true,"last_verified":"2016-03-03T12:39:00Z"},"geometry":{"type":"Point","coordinates":[4.874026669000045,52.340236900000036]}},{"type":"Feature","properties":{"station_id":"37254","title":"Gustav Mahlerlaan","address":"Gustav Mahlerlaan","town":"Amsterdam","postcode":"1082 MS","operator_id":"162","usage_cost":"0.00 afhankelijk van pas","number_of_points":"1","power_kw":null,"verified":true,"last_verified":"2016-06-04T02:53:00Z"},"geometry":{"type":"Point","coordinates":[4.874351807000039,52.33692688800005]}},{"type":"Feature","properties":{"station_id":"37248","title":"Gustav Mahlerlaan","address":"Gustav Mahlerlaan","town":"Amsterdam","postcode":"1082 MS","operator_id":"157","usage_cost":"0.00 afhankelijk van pas","number_of_points":"1","power_kw":null,"verified":true,"last_verified":"2016-06-04T02:53:00Z"},"geometry":{"type":"Point","coordinates":[4.875055200000077,52.33601360000006]}},{"type":"Feature","properties":{"station_id":"37257","title":"Gustav Mahlerlaan","address":"Gustav Mahlerlaan","town":"Amsterdam","postcode":"1082 ME","operator_id":null,"usage_cost":"0.00 jaarabonnement","number_of_points":"4","power_kw":null,"verified":true,"last_verified":"2016-06-04T02:53:00Z"},"geometry":{"type":"Point","coordinates":[4.871720950000054,52.33714270200005]}},{"type":"Feature","properties":{"station_id":"37259","title":"Gustav Mahlerlaan","address":"Gustav Mahlerlaan","town":"Amsterdam","postcode":"1082 ME","operator_id":"157","usage_cost":"0.00 jaarabonnement","number_of_points":"1","power_kw":null,"verified":true,"last_verified":"2016-06-04T02:53:00Z"},"geometry":{"type":"Point","coordinates":[4.871125698000071,52.337291718000074]}},{"type":"Feature","properties":{"station_id":"37201","title":"Van Nijenrodeweg 649","address":"Van Nijenrodeweg 649","town":"Amsterdam","postcode":"1082 JA","operator_id":"78","usage_cost":"0.00 jaarabonnement","number_of_points":"1","power_kw":null,"verified":true,"last_verified":"2016-06-04T02:53:00Z"},"geometry":{"type":"Point","coordinates":[4.8715570000000525,52.327432000000044]}},{"type":"Feature","properties":{"station_id":"68189","title":"Doddendaal 90","address":"Doddendaal 90","town":"Amsterdam","postcode":"1082 XW","operator_id":"177","usage_cost":"0.00 jaarabonnement","number_of_points":"1","power_kw":null,"verified":true,"last_verified":"2016-06-04T02:37:00Z"},"geometry":{"type":"Point","coordinates":[4.87484500000005,52.33238200000005]}},{"type":"Feature","properties":{"station_id":"37219","title":"Arent Janszoon Ernststraat 865A","address":"Arent Janszoon Ernststraat 865A","town":"Amsterdam","postcode":"1082 LN","operator_id":"78","usage_cost":"0.00 jaarabonnement","number_of_points":"1","power_kw":null,"verified":true,"last_verified":"2016-06-04T02:53:00Z"},"geometry":{"type":"Point","coordinates":[4.869918000000041,52.332002000000045]}},{"type":"Feature","properties":{"station_id":"37234","title":"Wedderborg 2","address":"Wedderborg 2","town":"Amsterdam","postcode":"1082 TA","operator_id":"78","usage_cost":"0.00 jaarabonnement","number_of_points":"1","power_kw":null,"verified":true,"last_verified":"2016-06-04T02:53:00Z"},"geometry":{"type":"Point","coordinates":[4.873365000000035,52.334344000000044]}},{"type":"Feature","properties":{"station_id":"68184","title":"Van Nijenrodeweg 432","address":"Van Nijenrodeweg 432","town":"Amsterdam","postcode":"1082 HJ","operator_id":"177","usage_cost":"0.00 jaarabonnement","number_of_points":"1","power_kw":null,"verified":true,"last_verified":"2016-06-04T02:37:00Z"},"geometry":{"type":"Point","coordinates":[4.877177000000074,52.327739000000065]}},{"type":"Feature","properties":{"station_id":"37181","title":"Van Boshuizenstraat 409","address":"Van Boshuizenstraat 409","town":"Amsterdam","postcode":"1082 AR","operator_id":"108","usage_cost":"0.00 jaarabonnement","number_of_points":"1","power_kw":null,"verified":true,"last_verified":"2023-05-23T21:29:00Z"},"geometry":{"type":"Point","coordinates":[4.879872000000034,52.324685000000045]}},{"type":"Feature","properties":{"station_id":"37204","title":"Van Nijenrodeweg 2","address":"Van Nijenrodeweg 2","town":"Amsterdam","postcode":"1083 EA","operator_id":"78","usage_cost":"0.00 jaarabonnement","number_of_points":"1","power_kw":null,"verified":true,"last_verified":"2016-06-04T02:53:00Z"},"geometry":{"type":"Point","coordinates":[4.8849140000000375,52.32760200000007]}},{"type":"Feature","properties":{"station_id":"68190","title":"Holy 2","address":"Holy 2","town":"Amsterdam","postcode":"1083 JK","operator_id":"177","usage_cost":"0.00 jaarabonnement","number_of_points":"1","power_kw":null,"verified":true,"last_verified":"2016-06-04T02:37:00Z"},"geometry":{"type":"Point","coordinates":[4.8821530000000735,52.33283200000005]}},{"type":"Feature","properties":{"station_id":"37245","title":"Barbara Strozzilaan 388","address":"Barbara Strozzilaan 388","town":"Amsterdam","postcode":"1083 HN","operator_id":"157","usage_cost":"0.00 jaarabonnement","number_of_points":"1","power_kw":null,"verified":true,"last_verified":"2016-06-04T02:53:00Z"},"geometry":{"type":"Point","coordinates":[4.888911724000025,52.33573913600003]}},{"type":"Feature","properties":{"station_id":"37263","title":"Antonio Vivaldistraat 150","address":"Antonio Vivaldistraat 150","town":"Amsterdam","postcode":"1083 HP","operator_id":"73","usage_cost":"0.00 jaarabonnement","number_of_points":"1","power_kw":null,"verified":true,"last_verified":"2016-06-04T02:53:00Z"},"geometry":{"type":"Point","coordinates":[4.884559200000069,52.33786050000003]}},{"type":"Feature","properties":{"station_id":"37247","title":"Antonio Vivaldistraat 50","address":"Antonio Vivaldistraat 50","town":"Amsterdam","postcode":"1083 HP","operator_id":"78","usage_cost":"0.00 jaarabonnement","number_of_points":"1","power_kw":null,"verified":true,"last_verified":"2016-06-04T02:53:00Z"},"geometry":{"type":"Point","coordinates":[4.885306000000071,52.33597200000003]}},{"type":"Feature","properties":{"station_id":"37279","title":"Beethovenstraat 298","address":"Beethovenstraat 298","town":"Amsterdam","postcode":"1077 WZ","operator_id":"162","usage_cost":"0.00 gratis","number_of_points":"1","power_kw":null,"verified":true,"last_verified":"2016-06-04T02:53:00Z"},"geometry":{"type":"Point","coordinates":[4.8767630000000395,52.340820000000065]}},{"type":"Feature","properties":{"station_id":"37280","title":"Europaplein","address":"Europaplein","town":"Amsterdam","postcode":"1078 GZ","operator_id":"162","usage_cost":"0.00 gratis","number_of_points":"1","power_kw":null,"verified":true,"last_verified":"2016-06-04T02:53:00Z"},"geometry":{"type":"Point","coordinates":[4.889675000000068,52.34100900000004]}},{"type":"Feature","properties":{"station_id":"37318","title":"Wielingenstraat 26R","address":"Wielingenstraat 26R","town":"Amsterdam","postcode":"1078 KL","operator_id":"78","usage_cost":"0.00 jaarabonnement","number_of_points":"1","power_kw":null,"verified":true,"last_verified":"2016-06-04T02:53:00Z"},"geometry":{"type":"Point","coordinates":[4.888573000000065,52.34444700000006]}},{"type":"Feature","properties":{"station_id":"37326","title":"Biesboschstraat 89-3","address":"Biesboschstraat 89-3","town":"Amsterdam","postcode":"1078 MR","operator_id":"78","usage_cost":"0.00 jaarabonnement","number_of_points":"1","power_kw":null,"verified":true,"last_verified":"2016-06-04T02:53:00Z"},"geometry":{"type":"Point","coordinates":[4.895890000000065,52.34494900000004]}},{"type":"Feature","properties":{"station_id":"37309","title":"Europaplein","address":"Europaplein","town":"Amsterdam","postcode":"1078 GZ","operator_id":"73","usage_cost":"0.00 jaarabonnement","number_of_points":"1","power_kw":null,"verified":true,"last_verified":"2016-06-04T02:53:00Z"},"geometry":{"type":"Point","coordinates":[4.890406655000049,52.34018334900003]}},{"type":"Feature","properties":{"station_id":"68193","title":"President Kennedylaan 218B","address":"President Kennedylaan 218B","town":"Amsterdam","postcode":"1079 NR","operator_id":"177","usage_cost":"0.00 jaarabonnement","number_of_points":"1","power_kw":null,"verified":true,"last_verified":"2016-06-04T02:37:00Z"},"geometry":{"type":"Point","coordinates":[4.8981410000000665,52.340974000000074]}},{"type":"Feature","properties":{"station_id":"37303","title":"Rooseveltlaan 183-1","address":"Rooseveltlaan 183-1","town":"Amsterdam","postcode":"1079 AN","operator_id":"78","usage_cost":"0.00 jaarabonnement","number_of_points":"1","power_kw":null,"verified":true,"last_verified":"2016-06-04T02:53:00Z"},"geometry":{"type":"Point","coordinates":[4.8972420000000625,52.34304000000003]}},{"type":"Feature","properties":{"station_id":"37315","title":"Lekstraat 170-1","address":"Lekstraat 170-1","town":"Amsterdam","postcode":"1079 EZ","operator_id":"78","usage_cost":"0.00 jaarabonnement","number_of_points":"1","power_kw":null,"verified":true,"last_verified":"2016-06-04T02:53:00Z"},"geometry":{"type":"Point","coordinates":[4.90214700000007,52.34424400000006]}},{"type":"Feature","properties":{"station_id":"37293","title":"Waalstraat 136-1","address":"Waalstraat 136-1","town":"Amsterdam","postcode":"1079 ED","operator_id":"78","usage_cost":"0.00 jaarabonnement","number_of_points":"1","power_kw":null,"verified":true,"last_verified":"2016-06-04T02:53:00Z"},"geometry":{"type":"Point","coordinates":[4.901902000000064,52.34257300000007]}},{"type":"Feature","properties":{"station_id":"68192","title":"President Kennedylaan 190","address":"President Kennedylaan 190","town":"Amsterdam","postcode":"1079 NP","operator_id":"177","usage_cost":"0.00 jaarabonnement","number_of_points":"1","power_kw":null,"verified":true,"last_verified":"2016-06-04T02:37:00Z"},"geometry":{"type":"Point","coordinates":[4.903745000000072,52.34061100000008]}},{"type":"Feature","properties":{"station_id":"37278","title":"President Kennedylaan 112-1","address":"President Kennedylaan 112-1","town":"Amsterdam","postcode":"1079 NJ","operator_id":"78","usage_cost":"0.00 jaarabonnement","number_of_points":"1","power_kw":null,"verified":true,"last_verified":"2016-06-04T02:53:00Z"},"geometry":{"type":"Point","coordinates":[4.908724000000063,52.34069200000005]}},{"type":"Feature","properties":{"station_id":"37306","title":"Uiterwaardenstraat 41-1","address":"Uiterwaardenstraat 41-1","town":"Amsterdam","postcode":"1079 BR","operator_id":"78","usage_cost":"0.00 jaarabonnement","number_of_points":"1","power_kw":null,"verified":true,"last_verified":"2016-06-04T02:53:00Z"},"geometry":{"type":"Point","coordinates":[4.91008400000004,52.34320400000007]}},{"type":"Feature","properties":{"station_id":"37262","title":"Spaklerweg 20","address":"Spaklerweg 20","town":"Amsterdam","postcode":"1096 GL","operator_id":"73","usage_cost":"0.00 jaarabonnement","number_of_points":"1","power_kw":null,"verified":true,"last_verified":"2016-06-04T02:53:00Z"},"geometry":{"type":"Point","coordinates":[4.915650000000028,52.33782000000008]}},{"type":"Feature","properties":{"station_id":"37392","title":"Europaboulevard","address":"Europaboulevard","town":"Amsterdam","postcode":"1083 AD","operator_id":"73","usage_cost":"0.00 jaarabonnement","number_of_points":"4","power_kw":null,"verified":true,"last_verified":"2021-11-17T10:05:00Z"},"geometry":{"type":"Point","coordinates":[4.889614603000041,52.33427743000004]}},{"type":"Feature","properties":{"station_id":"37175","title":"Ouborg 10","address":"Ouborg 10","town":"Amsterdam","postcode":"1083 AE","operator_id":"78","usage_cost":"0.00 jaarabonnement","number_of_points":"1","power_kw":null,"verified":true,"last_verified":"2016-06-04T02:53:00Z"},"geometry":{"type":"Point","coordinates":[4.887151000000074,52.32343700000007]}},{"type":"Feature","properties":{"station_id":"13516","title":"Nissan Visscher","address":"Schepenbergweg 43","town":"Amsterdam","postcode":"1105 AS","operator_id":null,"usage_cost":"Free","number_of_points":"1","power_kw":null,"verified":true,"last_verified":"2014-10-28T22:59:00Z"},"geometry":{"type":"Point","coordinates":[4.946344300000021,52.29377880000004]}},{"type":"Feature","properties":{"station_id":"37029","title":"Muntbergweg 16","address":"Muntbergweg 16","town":"Amsterdam Zuidoost","postcode":"1101 ED","operator_id":"73","usage_cost":"0.00 jaarabonnement","number_of_points":"1","power_kw":null,"verified":true,"last_verified":"2016-06-04T02:52:00Z"},"geometry":{"type":"Point","coordinates":[4.94509000000005,52.30009000000007]}},{"type":"Feature","properties":{"station_id":"37014","title":"Snijdersbergweg 101","address":"Snijdersbergweg 101","town":"Amsterdam Zuidoost","postcode":"1105 AN","operator_id":"162","usage_cost":"0.00 gratis","number_of_points":"1","power_kw":null,"verified":true,"last_verified":"2016-06-04T02:52:00Z"},"geometry":{"type":"Point","coordinates":[4.946561000000031,52.298534000000075]}},{"type":"Feature","properties":{"station_id":"37021","title":"Paasheuvelweg 35","address":"Paasheuvelweg 35","town":"Amsterdam Zuidoost","postcode":"1105 BG","operator_id":"73","usage_cost":"0.00 jaarabonnement","number_of_points":"1","power_kw":null,"verified":true,"last_verified":"2016-06-04T02:52:00Z"},"geometry":{"type":"Point","coordinates":[4.951570000000061,52.298910000000035]}},{"type":"Feature","properties":{"station_id":"36999","title":"Schurenbergweg 5A","address":"Schurenbergweg 5A","town":"Amsterdam Zuidoost","postcode":"1105 AP","operator_id":"162","usage_cost":"0.00 gratis","number_of_points":"1","power_kw":null,"verified":true,"last_verified":"2016-06-04T02:52:00Z"},"geometry":{"type":"Point","coordinates":[4.9490520000000515,52.29564000000005]}},{"type":"Feature","properties":{"station_id":"37078","title":"Hakfort 133","address":"Hakfort 133","town":"Amsterdam Zuidoost","postcode":"1102 LA","operator_id":"78","usage_cost":"0.00 jaarabonnement","number_of_points":"1","power_kw":null,"verified":true,"last_verified":"2016-06-04T02:52:00Z"},"geometry":{"type":"Point","coordinates":[4.958092000000022,52.305529000000035]}},{"type":"Feature","properties":{"station_id":"37093","title":"Huntum 72","address":"Huntum 72","town":"Amsterdam Zuidoost","postcode":"1102 JC","operator_id":"78","usage_cost":"0.00 jaarabonnement","number_of_points":"1","power_kw":null,"verified":true,"last_verified":"2016-06-04T02:52:00Z"},"geometry":{"type":"Point","coordinates":[4.9616700000000264,52.30709900000005]}},{"type":"Feature","properties":{"station_id":"50981","title":"Bijlmerdreef 754","address":"Bijlmerdreef 754","town":"Amsterdam Zuidoost","postcode":"1103DS","operator_id":"177","usage_cost":"€0.34/kWh","number_of_points":"1","power_kw":null,"verified":true,"last_verified":"2017-06-08T16:37:00Z"},"geometry":{"type":"Point","coordinates":[4.963280068000074,52.31922826200008]}},{"type":"Feature","properties":{"station_id":"37139","title":"Bijlmerplein","address":"Bijlmerplein","town":"Amsterdam Zuidoost","postcode":"1102 DD","operator_id":null,"usage_cost":"0.00 jaarabonnement","number_of_points":"2","power_kw":null,"verified":true,"last_verified":"2016-06-04T02:52:00Z"},"geometry":{"type":"Point","coordinates":[4.95212603300007,52.31502443900007]}},{"type":"Feature","properties":{"station_id":"37145","title":"Bijlmerplein 526","address":"Bijlmerplein 526","town":"Amsterdam Zuidoost","postcode":"1102 DP","operator_id":null,"usage_cost":"0.00 jaarabonnement","number_of_points":"2","power_kw":null,"verified":true,"last_verified":"2016-06-04T02:52:00Z"},"geometry":{"type":"Point","coordinates":[4.955144859000029,52.31603611400004]}},{"type":"Feature","properties":{"station_id":"37126","title":"Bijlmerplein 700","address":"Bijlmerplein 700","town":"Amsterdam Zuidoost","postcode":"1102 DZ","operator_id":null,"usage_cost":"0.00 jaarabonnement","number_of_points":"2","power_kw":null,"verified":true,"last_verified":"2016-06-04T02:52:00Z"},"geometry":{"type":"Point","coordinates":[4.954625852000049,52.31345687000004]}},{"type":"Feature","properties":{"station_id":"37122","title":"Bijlmerplein","address":"Bijlmerplein","town":"Amsterdam Zuidoost","postcode":"1102 ML","operator_id":"162","usage_cost":"0.00 gratis","number_of_points":"1","power_kw":null,"verified":true,"last_verified":"2016-06-04T02:52:00Z"},"geometry":{"type":"Point","coordinates":[4.949204000000066,52.31299400000006]}},{"type":"Feature","properties":{"station_id":"37098","title":"P+R Arena, P-1, Amsterdam","address":"Burgemeester Stramanweg 130","town":"Ouder-Amstel","postcode":"1101 EP","operator_id":"103","usage_cost":"","number_of_points":"20","power_kw":null,"verified":true,"last_verified":"2017-02-26T23:02:00Z"},"geometry":{"type":"Point","coordinates":[4.941273008000053,52.31366621800004]}},{"type":"Feature","properties":{"station_id":"37115","title":"De entree 11","address":"De entree 11","town":"Amsterdam","postcode":"1101 BH","operator_id":"103","usage_cost":"0.00 jaarabonnement","number_of_points":"1","power_kw":null,"verified":true,"last_verified":"2018-10-03T14:03:00Z"},"geometry":{"type":"Point","coordinates":[4.939417000000049,52.31141700000006]}},{"type":"Feature","properties":{"station_id":"68169","title":"Hogehilweg 4","address":"Hogehilweg 4","town":"Amsterdam","postcode":"1101 CC","operator_id":"73","usage_cost":"0.00 jaarabonnement","number_of_points":"1","power_kw":null,"verified":true,"last_verified":"2016-06-04T02:37:00Z"},"geometry":{"type":"Point","coordinates":[4.946330000000046,52.307810000000075]}},{"type":"Feature","properties":{"station_id":"50976","title":"Karspeldreef 4","address":"Karspeldreef 4","town":"Amsterdam Zuidoost","postcode":"1101 CJ","operator_id":"73","usage_cost":"0.00 jaarabonnement","number_of_points":"1","power_kw":null,"verified":true,"last_verified":"2016-06-04T02:52:00Z"},"geometry":{"type":"Point","coordinates":[4.948870000000056,52.305240000000026]}},{"type":"Feature","properties":{"station_id":"63888","title":"Kollenbergweg 44","address":"Kollenbergweg 44","town":"Amsterdam","postcode":"1101 AR","operator_id":"180","usage_cost":"0.00 jaarabonnement","number_of_points":"1","power_kw":null,"verified":true,"last_verified":"2016-06-04T02:52:00Z"},"geometry":{"type":"Point","coordinates":[4.938120000000026,52.30550400000004]}},{"type":"Feature","properties":{"station_id":"54724","title":"Keienbergweg 56","address":"Keienbergweg 56","town":"Amsterdam","postcode":"1101 GC","operator_id":"73","usage_cost":"0.00 jaarabonnement","number_of_points":"1","power_kw":null,"verified":true,"last_verified":"2016-03-03T12:39:00Z"},"geometry":{"type":"Point","coordinates":[4.9337300000000255,52.30689000000007]}},{"type":"Feature","properties":{"station_id":"37237","title":"Daniël Goedkoopstraat 13B","address":"Daniël Goedkoopstraat 13B","town":"Amsterdam","postcode":"1096 BD","operator_id":"78","usage_cost":"0.00 jaarabonnement","number_of_points":"1","power_kw":null,"verified":true,"last_verified":"2016-06-04T02:53:00Z"},"geometry":{"type":"Point","coordinates":[4.922406000000024,52.334565000000055]}},{"type":"Feature","properties":{"station_id":"104478","title":"Qo Amsterdam","address":"Amstelvlietstraat 2D","town":"Amsterdam","postcode":"1096 GG","operator_id":"23","usage_cost":"","number_of_points":"2","power_kw":null,"verified":true,"last_verified":"2018-10-03T15:40:00Z"},"geometry":{"type":"Point","coordinates":[4.920993000000067,52.338392000000056]}},{"type":"Feature","properties":{"station_id":"37267","title":"Tweede Amstelvlietpad 1","address":"Tweede Amstelvlietpad 1","town":"Amsterdam","postcode":"1096 GE","operator_id":"78","usage_cost":"0.00 jaarabonnement","number_of_points":"1","power_kw":null,"verified":true,"last_verified":"2016-06-04T02:53:00Z"},"geometry":{"type":"Point","coordinates":[4.917703000000074,52.33914400000003]}},{"type":"Feature","properties":{"station_id":"37307","title":"Torricellistraat 8","address":"Torricellistraat 8","town":"Amsterdam","postcode":"1097 PB","operator_id":"78","usage_cost":"0.00 jaarabonnement","number_of_points":"1","power_kw":null,"verified":true,"last_verified":"2016-06-04T02:53:00Z"},"geometry":{"type":"Point","coordinates":[4.9233220000000415,52.34323100000006]}},{"type":"Feature","properties":{"station_id":"63918","title":"H.J.E. Wenckebachweg 137","address":"H.J.E. Wenckebachweg 137","town":"Amsterdam","postcode":"1096 AM","operator_id":"73","usage_cost":"0.00 jaarabonnement","number_of_points":"1","power_kw":null,"verified":true,"last_verified":"2016-06-04T02:53:00Z"},"geometry":{"type":"Point","coordinates":[4.9333800000000565,52.337270000000046]}},{"type":"Feature","properties":{"station_id":"37169","title":"Albert Camuslaan 119","address":"Albert Camuslaan 119","town":"Amsterdam","postcode":"1102 WG","operator_id":"78","usage_cost":"0.00 jaarabonnement","number_of_points":"1","power_kw":null,"verified":true,"last_verified":"2016-06-04T02:53:00Z"},"geometry":{"type":"Point","coordinates":[4.942830000000072,52.322249000000056]}},{"type":"Feature","properties":{"station_id":"68183","title":"Charlotte Brontéstraat 46","address":"Charlotte Brontéstraat 46","town":"Amsterdam","postcode":"1102 XE","operator_id":"177","usage_cost":"0.00 jaarabonnement","number_of_points":"1","power_kw":null,"verified":true,"last_verified":"2016-06-04T02:37:00Z"},"geometry":{"type":"Point","coordinates":[4.945047000000045,52.324284000000034]}},{"type":"Feature","properties":{"station_id":"68180","title":"Edith Magnusstraat 31","address":"Edith Magnusstraat 31","town":"Amsterdam","postcode":"1103 DA","operator_id":"73","usage_cost":"0.00 jaarabonnement","number_of_points":"1","power_kw":null,"verified":true,"last_verified":"2016-06-04T02:37:00Z"},"geometry":{"type":"Point","coordinates":[4.960830000000044,52.32135000000005]}},{"type":"Feature","properties":{"station_id":"37172","title":"Bijlmerdreef","address":"Bijlmerdreef","town":"Amsterdam Zuidoost","postcode":"1103 JZ","operator_id":"78","usage_cost":"0.00 jaarabonnement","number_of_points":"1","power_kw":null,"verified":true,"last_verified":"2016-06-04T02:53:00Z"},"geometry":{"type":"Point","coordinates":[4.973384000000067,52.322663000000034]}},{"type":"Feature","properties":{"station_id":"50979","title":"Provincialeweg 38","address":"Provincialeweg 38","town":"Amsterdam","postcode":"1108 AB","operator_id":"157","usage_cost":"0.00 jaarabonnement","number_of_points":"1","power_kw":null,"verified":true,"last_verified":"2016-06-04T02:52:00Z"},"geometry":{"type":"Point","coordinates":[4.9963540000000535,52.31544900000006]}},{"type":"Feature","properties":{"station_id":"41688","title":"Driemondweg","address":"Driemondweg","town":"Amsterdam","postcode":"1108 AJ","operator_id":"73","usage_cost":"0.00 jaarabonnement","number_of_points":"1","power_kw":null,"verified":true,"last_verified":"2016-06-04T02:52:00Z"},"geometry":{"type":"Point","coordinates":[5.005520000000047,52.30421000000007]}},{"type":"Feature","properties":{"station_id":"37072","title":"Lange Stammerdijk 9D","address":"Lange Stammerdijk 9D","town":"Amsterdam","postcode":"1109 BK","operator_id":"78","usage_cost":"0.00 jaarabonnement","number_of_points":"1","power_kw":null,"verified":true,"last_verified":"2016-06-04T02:52:00Z"},"geometry":{"type":"Point","coordinates":[5.013636000000076,52.305108000000075]}},{"type":"Feature","properties":{"station_id":"68158","title":"Hendrik Hosstraat 48","address":"Hendrik Hosstraat 48","town":"Amsterdam","postcode":"1106 ZN","operator_id":"177","usage_cost":"0.00 jaarabonnement","number_of_points":"1","power_kw":null,"verified":true,"last_verified":"2016-06-04T02:37:00Z"},"geometry":{"type":"Point","coordinates":[4.997398000000032,52.29955000000007]}},{"type":"Feature","properties":{"station_id":"68163","title":"Wamelstraat 3","address":"Wamelstraat 3","town":"Amsterdam","postcode":"1106 DL","operator_id":"177","usage_cost":"0.00 jaarabonnement","number_of_points":"1","power_kw":null,"verified":true,"last_verified":"2016-06-04T02:37:00Z"},"geometry":{"type":"Point","coordinates":[4.986798000000022,52.301109000000054]}},{"type":"Feature","properties":{"station_id":"37119","title":"Gaasperdammerpad","address":"Gaasperdammerpad","town":"Amsterdam","postcode":"1108 AX","operator_id":"78","usage_cost":"0.00 jaarabonnement","number_of_points":"1","power_kw":null,"verified":true,"last_verified":"2016-06-04T02:52:00Z"},"geometry":{"type":"Point","coordinates":[4.986278000000027,52.31172900000007]}},{"type":"Feature","properties":{"station_id":"37123","title":"Loosdrechtdreef","address":"Loosdrechtdreef","town":"Amsterdam","postcode":"1104 HA","operator_id":"162","usage_cost":"0.00 gratis","number_of_points":"1","power_kw":null,"verified":true,"last_verified":"2016-06-04T02:52:00Z"},"geometry":{"type":"Point","coordinates":[4.990207000000055,52.313131000000055]}},{"type":"Feature","properties":{"station_id":"37144","title":"Karspeldreef","address":"Karspeldreef","town":"Amsterdam Zuidoost","postcode":"1104 SE","operator_id":"78","usage_cost":"0.00 jaarabonnement","number_of_points":"1","power_kw":null,"verified":true,"last_verified":"2016-06-04T02:52:00Z"},"geometry":{"type":"Point","coordinates":[4.978537000000074,52.31603300000006]}},{"type":"Feature","properties":{"station_id":"68174","title":"Krombekstraat 65","address":"Krombekstraat 65","town":"Amsterdam","postcode":"1104 KK","operator_id":"177","usage_cost":"0.00 jaarabonnement","number_of_points":"1","power_kw":null,"verified":true,"last_verified":"2016-06-04T02:37:00Z"},"geometry":{"type":"Point","coordinates":[4.979090000000042,52.31249800000006]}},{"type":"Feature","properties":{"station_id":"37061","title":"Maldenhof 463","address":"Maldenhof 463","town":"Amsterdam Zuidoost","postcode":"1106 EN","operator_id":"78","usage_cost":"0.00 jaarabonnement","number_of_points":"1","power_kw":null,"verified":true,"last_verified":"2016-06-04T02:52:00Z"},"geometry":{"type":"Point","coordinates":[4.969707000000028,52.30372700000004]}},{"type":"Feature","properties":{"station_id":"37067","title":"Maldenhof 13","address":"Maldenhof 13","town":"Amsterdam Zuidoost","postcode":"1106 EA","operator_id":"78","usage_cost":"0.00 jaarabonnement","number_of_points":"1","power_kw":null,"verified":true,"last_verified":"2016-06-04T02:52:00Z"},"geometry":{"type":"Point","coordinates":[4.966260000000034,52.304831000000036]}},{"type":"Feature","properties":{"station_id":"36993","title":"Renooiplein 9","address":"Renooiplein 9","town":"Amsterdam Zuidoost","postcode":"1107 EA","operator_id":"78","usage_cost":"0.00 jaarabonnement","number_of_points":"1","power_kw":null,"verified":true,"last_verified":"2016-06-04T02:52:00Z"},"geometry":{"type":"Point","coordinates":[4.975317000000075,52.29458800000003]}},{"type":"Feature","properties":{"station_id":"37011","title":"Wisseloordplein 10","address":"Wisseloordplein 10","town":"Amsterdam Zuidoost","postcode":"1106 MH","operator_id":"78","usage_cost":"0.00 jaarabonnement","number_of_points":"1","power_kw":null,"verified":true,"last_verified":"2016-06-04T02:52:00Z"},"geometry":{"type":"Point","coordinates":[4.987696000000028,52.29760100000004]}},{"type":"Feature","properties":{"station_id":"68145","title":"Wethouder Driessenstraat 116","address":"Wethouder Driessenstraat 116","town":"Amsterdam","postcode":"1107 XM","operator_id":"177","usage_cost":"0.00 jaarabonnement","number_of_points":"1","power_kw":null,"verified":true,"last_verified":"2016-06-04T02:37:00Z"},"geometry":{"type":"Point","coordinates":[4.985423000000026,52.29134600000003]}},{"type":"Feature","properties":{"station_id":"68146","title":"Wethouder Ramstraat 24","address":"Wethouder Ramstraat 24","town":"Amsterdam","postcode":"1107 CN","operator_id":"177","usage_cost":"0.00 jaarabonnement","number_of_points":"1","power_kw":null,"verified":true,"last_verified":"2016-06-04T02:37:00Z"},"geometry":{"type":"Point","coordinates":[4.990334000000075,52.292598000000055]}},{"type":"Feature","properties":{"station_id":"68150","title":"Bierdijk","address":"Bierdijk","town":"Hollands Kroon","postcode":"1777 NJ","operator_id":"177","usage_cost":"0.00 jaarabonnement","number_of_points":"1","power_kw":null,"verified":true,"last_verified":"2016-06-04T02:37:00Z"},"geometry":{"type":"Point","coordinates":[4.993384000000049,52.29352600000004]}},{"type":"Feature","properties":{"station_id":"37008","title":"Jan Nautahof 2","address":"Jan Nautahof 2","town":"Amsterdam","postcode":"1106 ZD","operator_id":"78","usage_cost":"0.00 jaarabonnement","number_of_points":"1","power_kw":null,"verified":true,"last_verified":"2016-06-04T02:52:00Z"},"geometry":{"type":"Point","coordinates":[4.995891000000029,52.29709500000007]}},{"type":"Feature","properties":{"station_id":"65712","title":"Rijnkade 8","address":"Rijnkade 8","town":"Weesp","postcode":"1382 GS","operator_id":"73","usage_cost":"0.00 jaarabonnement","number_of_points":"1","power_kw":null,"verified":true,"last_verified":"2016-06-04T02:52:00Z"},"geometry":{"type":"Point","coordinates":[5.021440000000041,52.30595000000005]}},{"type":"Feature","properties":{"station_id":"49232","title":"Gemeenschapspolderweg 36","address":"Gemeenschapspolderweg 36","town":"Weesp","postcode":"1382GR","operator_id":"45","usage_cost":"","number_of_points":"1","power_kw":null,"verified":true,"last_verified":"2015-08-02T21:58:00Z"},"geometry":{"type":"Point","coordinates":[5.022577700000056,52.31397330000004]}},{"type":"Feature","properties":{"station_id":"49202","title":"Flevolaan 17","address":"Flevolaan 17","town":"weesp","postcode":"1382JX","operator_id":"73","usage_cost":"","number_of_points":"1","power_kw":null,"verified":true,"last_verified":"2015-07-25T23:01:00Z"},"geometry":{"type":"Point","coordinates":[5.021250200000054,52.31489490000007]}},{"type":"Feature","properties":{"station_id":"49289","title":"Flevolaan 19","address":"Flevolaan 19","town":"Weesp","postcode":"1382JX","operator_id":"47","usage_cost":"","number_of_points":"1","power_kw":null,"verified":true,"last_verified":"2015-08-29T19:23:00Z"},"geometry":{"type":"Point","coordinates":[5.021262400000069,52.31519160000005]}},{"type":"Feature","properties":{"station_id":"49288","title":"Flevolaan 21","address":"Flevolaan 21","town":"Weesp","postcode":"1382JX","operator_id":"47","usage_cost":"","number_of_points":"1","power_kw":null,"verified":true,"last_verified":"2015-07-16T18:14:00Z"},"geometry":{"type":"Point","coordinates":[5.021112800000026,52.31555960000003]}},{"type":"Feature","properties":{"station_id":"49235","title":"Flevolaan 25","address":"Flevolaan 25","town":"Weesp","postcode":"1382JX","operator_id":"73","usage_cost":"","number_of_points":"1","power_kw":null,"verified":true,"last_verified":"2015-07-15T18:01:00Z"},"geometry":{"type":"Point","coordinates":[5.0209895000000415,52.31627830000008]}},{"type":"Feature","properties":{"station_id":"50292","title":"Flevolaan 66","address":"Flevolaan 66","town":"Weesp","postcode":"1382JZ","operator_id":"47","usage_cost":"","number_of_points":"1","power_kw":null,"verified":true,"last_verified":"2015-07-18T14:55:00Z"},"geometry":{"type":"Point","coordinates":[5.0214818000000605,52.31705270000003]}},{"type":"Feature","properties":{"station_id":"127216","title":"Pieter Oosterhuisstraat 9","address":"Pieter Oosterhuisstraat 9","town":"Amsterdam","postcode":"1087 HT","operator_id":"177","usage_cost":"0.3388","number_of_points":"1","power_kw":null,"verified":true,"last_verified":"2019-05-31T13:41:00Z"},"geometry":{"type":"Point","coordinates":[5.005575493000038,52.35244119500004]}},{"type":"Feature","properties":{"station_id":"37468","title":"Franz Zieglerstraat","address":"Franz Zieglerstraat","town":"Amsterdam","postcode":"1087 HN","operator_id":"78","usage_cost":"0.00 jaarabonnement","number_of_points":"1","power_kw":null,"verified":true,"last_verified":"2019-05-30T14:37:00Z"},"geometry":{"type":"Point","coordinates":[5.00605100000007,52.353462000000036]}},{"type":"Feature","properties":{"station_id":"68205","title":"Lumièrestraat 93","address":"Lumièrestraat 93","town":"Amsterdam","postcode":"1087 JA","operator_id":"177","usage_cost":"0.00 jaarabonnement","number_of_points":"1","power_kw":null,"verified":true,"last_verified":"2019-05-30T14:38:00Z"},"geometry":{"type":"Point","coordinates":[5.002253000000053,52.35481400000003]}},{"type":"Feature","properties":{"station_id":"37444","title":"Julius Pergerstraat 139","address":"Julius Pergerstraat 139","town":"Amsterdam","postcode":"1087 KN","operator_id":"78","usage_cost":"0.00 jaarabonnement","number_of_points":"1","power_kw":null,"verified":true,"last_verified":"2019-05-30T14:36:00Z"},"geometry":{"type":"Point","coordinates":[5.00285800000006,52.352468000000044]}},{"type":"Feature","properties":{"station_id":"127218","title":"Maria Austriastraat 722","address":"Maria Austriastraat 722","town":"Amsterdam","postcode":"1087KH","operator_id":"177","usage_cost":"0.3388","number_of_points":"1","power_kw":null,"verified":true,"last_verified":"2019-05-30T19:01:00Z"},"geometry":{"type":"Point","coordinates":[5.001365510000028,52.35333013500008]}},{"type":"Feature","properties":{"station_id":"68202","title":"Zwanebloemlaan 308","address":"Zwanebloemlaan 308","town":"Amsterdam","postcode":"1087 KE","operator_id":"177","usage_cost":"0.00 jaarabonnement","number_of_points":"1","power_kw":null,"verified":true,"last_verified":"2016-06-04T02:37:00Z"},"geometry":{"type":"Point","coordinates":[4.998771000000033,52.351999000000035]}},{"type":"Feature","properties":{"station_id":"127215","title":"Nuon NL","address":"Ijburglaan 1554","town":"Amsterdam","postcode":"1087MA","operator_id":"177","usage_cost":"0.3388","number_of_points":"2","power_kw":null,"verified":true,"last_verified":"2019-05-30T19:01:00Z"},"geometry":{"type":"Point","coordinates":[5.001780600000075,52.35141320000008]}},{"type":"Feature","properties":{"station_id":"37405","title":"Eva Besnyöstraat 439","address":"Eva Besnyöstraat 439","town":"Amsterdam","postcode":"1087 LG","operator_id":"78","usage_cost":"0.00 jaarabonnement","number_of_points":"1","power_kw":null,"verified":true,"last_verified":"2016-06-04T02:53:00Z"},"geometry":{"type":"Point","coordinates":[5.007332000000076,52.35040900000007]}},{"type":"Feature","properties":{"station_id":"37504","title":"IJburglaan 1099","address":"IJburglaan 1099","town":"Amsterdam","postcode":"1087 EN","operator_id":"78","usage_cost":"0.00 jaarabonnement","number_of_points":"1","power_kw":null,"verified":true,"last_verified":"2016-06-04T02:53:00Z"},"geometry":{"type":"Point","coordinates":[4.995385000000056,52.35542500000008]}},{"type":"Feature","properties":{"station_id":"47017","title":"Lisdoddelaan 84","address":"Lisdoddelaan 84","town":"Amsterdam","postcode":"1087 KA","operator_id":"73","usage_cost":"0.00 jaarabonnement","number_of_points":"1","power_kw":null,"verified":true,"last_verified":"2016-06-04T02:53:00Z"},"geometry":{"type":"Point","coordinates":[4.994090000000028,52.351920000000064]}},{"type":"Feature","properties":{"station_id":"37471","title":"Zwanebloemlaan 224","address":"Zwanebloemlaan 224","town":"Amsterdam","postcode":"1087 GD","operator_id":"78","usage_cost":"0.00 jaarabonnement","number_of_points":"1","power_kw":null,"verified":true,"last_verified":"2016-06-04T02:53:00Z"},"geometry":{"type":"Point","coordinates":[4.995624000000021,52.353593000000046]}},{"type":"Feature","properties":{"station_id":"68212","title":"Erich Salomonstraat 64","address":"Erich Salomonstraat 64","town":"Amsterdam","postcode":"1087 DB","operator_id":"177","usage_cost":"0.00 jaarabonnement","number_of_points":"1","power_kw":null,"verified":true,"last_verified":"2016-06-04T02:37:00Z"},"geometry":{"type":"Point","coordinates":[4.993291000000056,52.35889000000003]}}]}