{"type":"FeatureCollection","features":[{"type":"Feature","properties":{"service_id":1,"population_total":318.44,"thiessen_area_km2":0.3442},"geometry":{"type":"MultiPolygon","coordinates":[[[[13.42077600500005,38.08699504200007],[13.420403217000057,38.08713665600004],[13.420437801000048,38.08711526900004],[13.420253668000043,38.08696632600004],[13.420079825000073,38.086758899000074],[13.41987109300004,38.086666370000046],[13.419906258000026,38.08653866100008],[13.419731331000037,38.086382496000056],[13.42028255200006,38.08637708700007],[13.419875298000022,38.08571790900004],[13.419607277000068,38.085368224000035],[13.419667539000045,38.08534164300005],[13.419816577000063,38.085261495000054],[13.42015251600003,38.08508083600003],[13.419318150000038,38.08388896300005],[13.421125620000055,38.083100166000065],[13.42230494000006,38.084641959000066],[13.423657314000025,38.08403636000003],[13.423356812000065,38.08358679500003],[13.423670941000069,38.08340165900006],[13.423956647000068,38.08388444700006],[13.425152512000068,38.083343556000045],[13.424716313000033,38.08264714000006],[13.425486703000047,38.082280928000046],[13.425234962000047,38.08172932000008],[13.426005461000045,38.08155205000003],[13.425989365000078,38.081762221000076],[13.425856274000068,38.082740380000075],[13.42603543000007,38.082932140000025],[13.426329743000053,38.08301405100008],[13.426722945000051,38.083086141000024],[13.427786694000076,38.08278851600005],[13.42775141900006,38.08265455800006],[13.427172478000045,38.08211931000005],[13.426877285000046,38.08178284000007],[13.426808209000058,38.081739553000034],[13.426854537000054,38.08155081100006],[13.427083867000022,38.081375672000036],[13.427830379000056,38.08140793600006],[13.427837044000057,38.08109615200004],[13.428221158000042,38.080934221000064],[13.428128701000048,38.080643389000045],[13.42884867400005,38.08059731700007],[13.429012091000061,38.080866822000075],[13.429186961000028,38.08125901200003],[13.42905844300003,38.08133526600005],[13.429147563000072,38.081781989000035],[13.429786559000036,38.081567765000045],[13.429483876000063,38.08121841700006],[13.429506085000071,38.080840013000056],[13.429374197000072,38.080414992000044],[13.429098762000024,38.080110578000074],[13.42919382100007,38.080076363000046],[13.428898961000073,38.07940514300003],[13.429281694000053,38.079300095000065],[13.429426026000044,38.07959518200005],[13.429724753000073,38.07920221200004],[13.430046763000064,38.078926257000035],[13.430434189000039,38.079492522000066],[13.430493457000068,38.07958935000005],[13.430557411000052,38.07969345200007],[13.430896288000042,38.080245097000045],[13.431002333000038,38.080691401000024],[13.431587226000033,38.08099813600006],[13.431667165000022,38.081040047000045],[13.432609496000055,38.08124311300003],[13.43364765900003,38.08173522900006],[13.43382198200004,38.08203915300004],[13.42077600500005,38.08699504200007]]],[[[13.418870291000076,38.08771898200007],[13.41862476700004,38.08781225100006],[13.418531139000038,38.08769326200007],[13.418742616000031,38.08758931800003],[13.418870291000076,38.08771898200007]]]]}},{"type":"Feature","properties":{"service_id":2,"population_total":4589.99,"thiessen_area_km2":0.6703},"geometry":{"type":"MultiPolygon","coordinates":[[[[13.421239595000031,38.091876134000074],[13.420933654000066,38.09213261300005],[13.420904202000031,38.09210394000007],[13.420546941000055,38.09175612400003],[13.420346284000061,38.091471263000074],[13.419968106000056,38.09158578300003],[13.419712343000072,38.09166322500005],[13.41962725600007,38.09156859900003],[13.419233315000042,38.091754422000065],[13.41912396500004,38.09160962800007],[13.419509177000066,38.09143728400005],[13.419273243000077,38.091174900000055],[13.419134075000045,38.09124047100005],[13.418972599000028,38.09102640900005],[13.418869851000068,38.09106528500007],[13.418615799000065,38.09107670100008],[13.41836895800003,38.09069732700004],[13.417786678000027,38.08847612400007],[13.417792940000027,38.08847783700003],[13.418747864000068,38.08796869300005],[13.41862476700004,38.08781225100006],[13.418870291000076,38.08771898200007],[13.419002854000041,38.08785361100007],[13.419864425000071,38.087486169000044],[13.419950786000072,38.08741644700007],[13.420403217000057,38.08713665600004],[13.42077600500005,38.08699504200007],[13.43382198200004,38.08203915300004],[13.43386507100007,38.08211427600003],[13.434019712000065,38.08238762700006],[13.433993957000041,38.082453556000075],[13.43416972600005,38.08252557900005],[13.434130519000064,38.08267480100005],[13.434081584000069,38.08286251700008],[13.434014312000045,38.08304616100003],[13.433860722000077,38.08337075500003],[13.433856019000075,38.083519195000065],[13.433789872000034,38.083621777000076],[13.433716558000071,38.08370556600005],[13.433584240000073,38.08405035000004],[13.433571157000074,38.08433916100006],[13.433568011000034,38.08440859500007],[13.433564537000052,38.08448077200006],[13.433488781000051,38.08537075300006],[13.433512721000056,38.085505289000025],[13.433313101000067,38.08598662300005],[13.43293531200004,38.08600918600007],[13.432528529000024,38.086033487000066],[13.432296676000021,38.08604732200007],[13.43175009500004,38.08603328200007],[13.430594714000051,38.08600358100006],[13.429891791000045,38.08598551500006],[13.428850815000033,38.08594321100003],[13.427440726000043,38.08588589300007],[13.42693911300006,38.08588608800005],[13.42582403800003,38.085886525000035],[13.42467735200006,38.08588600200005],[13.424640632000035,38.086064735000036],[13.424582967000049,38.086345461000064],[13.427038154000059,38.08639100900007],[13.42672529500004,38.08678389700003],[13.426483492000045,38.08692244500003],[13.426126013000044,38.086727422000024],[13.425909148000073,38.08697574000007],[13.425919156000077,38.087820941000075],[13.42568290500003,38.087822688000074],[13.425755896000055,38.08722672500005],[13.425549277000073,38.08711947900008],[13.425151615000061,38.08701225100003],[13.424654091000036,38.086757797000075],[13.424119872000063,38.086799521000046],[13.42384676200004,38.08659770700007],[13.423652952000054,38.08675591600007],[13.42330479900005,38.08677351000006],[13.42330845600003,38.08704087700005],[13.422728232000054,38.08779793100007],[13.423008938000066,38.08808827200005],[13.42321556500002,38.088301984000054],[13.42309754300004,38.088545443000044],[13.423077629000034,38.08859713800007],[13.423298041000066,38.088837718000036],[13.423518794000074,38.089063457000066],[13.423505895000062,38.08922664600004],[13.422689881000053,38.08965876100007],[13.422507558000063,38.08975529600008],[13.422601825000072,38.09017982800003],[13.423097614000028,38.090728547000026],[13.422841069000071,38.09086947600008],[13.422279569000068,38.09117794600007],[13.421580767000023,38.09162229200007],[13.421843060000072,38.091958040000065],[13.42165072000006,38.09208752500007],[13.421399663000045,38.09174194000008],[13.421239595000031,38.091876134000074]]],[[[13.432640954000021,38.09256166600005],[13.432393321000063,38.09272331400007],[13.432140023000045,38.092879383000025],[13.431881261000058,38.093029751000074],[13.431617240000037,38.093174297000076],[13.431348171000025,38.09331290800003],[13.431074266000053,38.09344547200004],[13.430795743000033,38.09357188400003],[13.430512824000061,38.09369204500007],[13.430225733000043,38.09380585800005],[13.429934697000022,38.09391323300008],[13.429656172000023,38.09400853500006],[13.42966672800003,38.09386843100003],[13.42999241700005,38.09314508500006],[13.430332153000052,38.09308278200007],[13.430445055000064,38.09289920400005],[13.43052692200007,38.09276608700003],[13.429988543000036,38.092447023000034],[13.429906208000034,38.09275620600005],[13.429824993000068,38.09306115800007],[13.42971245800004,38.09318859800004],[13.429468557000064,38.093464803000074],[13.429246730000045,38.09334595000007],[13.428799499000036,38.09310632800003],[13.428743660000066,38.09307641600003],[13.428064321000022,38.09275545400004],[13.426718049000044,38.09216828500007],[13.426633517000027,38.092115257000046],[13.426785283000072,38.09199662300006],[13.426971704000039,38.091840052000066],[13.427069564000021,38.09185820700003],[13.427107700000022,38.091824461000044],[13.426999125000066,38.09169161900007],[13.427164856000047,38.09149841900006],[13.427313126000058,38.09154315300003],[13.427391641000042,38.09157321600003],[13.427556982000056,38.09142690600004],[13.427967594000052,38.091127963000076],[13.427331281000022,38.090555094000024],[13.427503753000053,38.09040146800004],[13.426928931000077,38.09002992500007],[13.427132490000076,38.089743061000036],[13.426908347000051,38.08958155300007],[13.426428976000068,38.08923611900008],[13.426799106000033,38.08907029400007],[13.427083744000072,38.089385985000035],[13.42736994300003,38.08962743100005],[13.427535593000073,38.08979300900006],[13.428018189000056,38.090081636000036],[13.428460839000024,38.09048111000004],[13.428660703000048,38.09029188200003],[13.428883173000031,38.09008126400005],[13.428804067000044,38.09002007000004],[13.429173065000043,38.08972211500003],[13.42921627100003,38.08976591000004],[13.429557803000023,38.09010235400007],[13.429791901000044,38.089806604000046],[13.429680423000036,38.08971133700004],[13.429626532000043,38.08962950100005],[13.42975984900005,38.089502234000065],[13.429558391000057,38.08933009000003],[13.42987299300006,38.089041387000066],[13.429990375000045,38.08917716000008],[13.430065600000034,38.089189685000065],[13.430216262000044,38.089271937000035],[13.430306415000075,38.08945135700003],[13.430979485000023,38.089185593000025],[13.431109926000033,38.08923931900006],[13.431491762000064,38.08984588900006],[13.431861251000043,38.08970973100003],[13.431941664000021,38.089465767000036],[13.432169561000023,38.08935742400007],[13.43191822600005,38.08924269600004],[13.431677466000053,38.08886074800006],[13.43131072400007,38.088640542000064],[13.431256416000053,38.08854326900007],[13.431645489000061,38.088370256000076],[13.431536870000059,38.08804700200005],[13.431398330000036,38.08808858900005],[13.431250194000029,38.087669970000036],[13.43170961100003,38.087519592000035],[13.431537083000023,38.08722412600008],[13.431799845000057,38.08712828300003],[13.431924410000022,38.08746114500008],[13.43269371200006,38.08724512800006],[13.433027591000041,38.08720015200004],[13.433012655000027,38.08728509100007],[13.432863068000074,38.08813403900007],[13.433311581000055,38.088258833000054],[13.433173216000057,38.08857627800006],[13.43345819700005,38.08877225800006],[13.433704572000067,38.08846518900003],[13.434012155000062,38.08866207500006],[13.433854245000077,38.08890891400006],[13.434153621000064,38.08912048900004],[13.434103609000033,38.08916469500008],[13.433972895000068,38.08939206600007],[13.433777256000042,38.08951579500007],[13.433192766000047,38.08910288900006],[13.432877130000065,38.09035152200005],[13.433006803000069,38.09046678000004],[13.432987706000063,38.09066038800006],[13.432933681000065,38.09070557500007],[13.433294871000044,38.09109069500005],[13.433098020000045,38.09122036800005],[13.432732533000035,38.09087381900008],[13.43258574400005,38.09099659300006],[13.432359779000024,38.09145396800005],[13.432464927000069,38.09165991800006],[13.43268422500006,38.09152361400004],[13.432742226000073,38.09159324700005],[13.432826478000038,38.09169439500005],[13.432556851000072,38.09183996400003],[13.43291666600004,38.09236974200007],[13.43288272500007,38.09239456800003],[13.432640954000021,38.09256166600005]]],[[[13.429101840000044,38.09417801700005],[13.42904025200005,38.09419590700003],[13.428735779000021,38.094276731000036],[13.428574100000048,38.09431568000008],[13.428636192000056,38.09414423800007],[13.429101840000044,38.09417801700005]]],[[[13.424800860000062,38.09414486400004],[13.425091870000074,38.094601718000035],[13.425126689000024,38.094704560000025],[13.424937703000069,38.09470245600005],[13.424616797000056,38.09469173000008],[13.424296402000039,38.094673863000025],[13.42397677100007,38.094648869000025],[13.423658158000023,38.09461676800004],[13.423340816000064,38.094577585000025],[13.423024997000027,38.09453135200005],[13.422710952000045,38.094478105000064],[13.422398931000032,38.09441788600003],[13.422089180000057,38.09435074400005],[13.421781947000056,38.094276731000036],[13.421477474000028,38.09419590700003],[13.421369171000038,38.094164447000026],[13.421444192000024,38.093743388000064],[13.421719275000044,38.09362827000007],[13.422718434000046,38.09393870200006],[13.423345249000022,38.09412946000003],[13.42375667500005,38.09394521400003],[13.424149605000025,38.09376925000004],[13.42406139600007,38.09358922800004],[13.424440893000053,38.09339515800008],[13.424562513000069,38.093638654000074],[13.424730619000059,38.09399568400005],[13.424800860000062,38.09414486400004]]]]}},{"type":"Feature","properties":{"service_id":3,"population_total":7741.26,"thiessen_area_km2":1.0244},"geometry":{"type":"Polygon","coordinates":[[[13.414293326000063,38.098037204000036],[13.413995082000042,38.098131454000054],[13.41369359600003,38.09821902500005],[13.413389107000057,38.09829984900006],[13.413081857000066,38.098373862000074],[13.412772089000043,38.09844100400005],[13.41246005100004,38.09850122300003],[13.412145988000077,38.09855447000007],[13.41183015200005,38.098600703000045],[13.411512793000043,38.09863988600006],[13.411194163000062,38.098671987000046],[13.410874514000056,38.098696981000046],[13.41055410100006,38.09871484800004],[13.410233178000055,38.09872557400007],[13.409912000000077,38.098729150000054],[13.409590822000041,38.09872557400007],[13.409269899000037,38.09871484800004],[13.40894948600004,38.098696981000046],[13.408629837000035,38.098671987000046],[13.408311207000054,38.09863988600006],[13.407993848000046,38.098600703000045],[13.407678012000076,38.09855447000007],[13.407363949000057,38.09850122300003],[13.407051911000053,38.09844100400005],[13.406889436000029,38.098405788000036],[13.40674214300003,38.098373862000074],[13.40643489300004,38.09829984900006],[13.406130404000066,38.09821902500005],[13.405828918000054,38.098131454000054],[13.405530674000033,38.098037204000036],[13.405235909000055,38.09793635200003],[13.405174459000023,38.09791368200007],[13.401218868000058,38.089075845000025],[13.401325100000065,38.08904695600006],[13.40152014900002,38.08920643300007],[13.401949152000043,38.08955720200004],[13.402920925000046,38.08888557700004],[13.403027326000029,38.08881204000005],[13.403807243000074,38.088574995000045],[13.404075860000034,38.08881450500007],[13.40490175900004,38.08862553800003],[13.405372776000036,38.088395545000026],[13.406101547000048,38.08818203200008],[13.407277256000043,38.089733875000036],[13.40802571100005,38.090596823000055],[13.408695867000063,38.091240930000026],[13.408974883000042,38.091547268000056],[13.40920092400006,38.09175444300007],[13.409852168000043,38.09160887000007],[13.41021668600007,38.09155041400004],[13.410515974000077,38.09134898000008],[13.410918825000067,38.09122195800006],[13.412278693000076,38.09076807200006],[13.41376766600007,38.09010794300008],[13.414539043000048,38.08975448700005],[13.414022815000067,38.088901419000024],[13.413822718000063,38.088971927000046],[13.413405503000035,38.088052953000044],[13.414084750000029,38.08760866800003],[13.414106252000067,38.08759460400006],[13.414046701000075,38.08750740700003],[13.413422939000043,38.08659406600003],[13.412479553000026,38.08704021300008],[13.412507520000077,38.087113601000055],[13.411762434000025,38.08751383600003],[13.411954474000026,38.087835392000045],[13.411817986000074,38.087914967000074],[13.411370136000073,38.08738591300005],[13.411040378000052,38.08756028100004],[13.41032341700003,38.08655680100003],[13.411824748000072,38.08633284300004],[13.413336505000075,38.08628217000006],[13.413710044000027,38.08627947300005],[13.413885108000045,38.08627820900006],[13.41394844100006,38.08627775200006],[13.41399487600006,38.08629578000006],[13.414035753000064,38.086290476000045],[13.414852519000021,38.086334914000076],[13.415183110000044,38.086695794000036],[13.415622597000038,38.08723635600006],[13.415813434000029,38.08753967200005],[13.415784765000069,38.08756155700007],[13.416004297000029,38.087842985000066],[13.41629114500006,38.088270102000024],[13.415934916000026,38.08844350600003],[13.415851561000068,38.08838669900007],[13.415254996000044,38.088590268000075],[13.415628011000024,38.08907517600005],[13.415694316000042,38.089172322000024],[13.41643132300004,38.08892618500005],[13.416460615000062,38.08891004700007],[13.416963090000024,38.08863321100006],[13.416832935000059,38.088427196000055],[13.41702947300007,38.088296365000076],[13.417450839000026,38.08813097500007],[13.417643032000058,38.088436830000035],[13.417786678000027,38.08847612400007],[13.41836895800003,38.09069732700004],[13.418342851000034,38.090657202000045],[13.417984470000022,38.09067333000007],[13.418060556000057,38.09078839000006],[13.417905584000039,38.090852400000074],[13.417566805000035,38.09042422400006],[13.417397590000064,38.090466251000066],[13.417723872000067,38.091027577000034],[13.417385198000034,38.09119214700007],[13.417821581000055,38.091804016000026],[13.417687500000056,38.09190604100007],[13.417508428000076,38.09204230200004],[13.417601839000042,38.09224399900006],[13.417484922000028,38.09228479400008],[13.417406430000028,38.09231218100007],[13.417323277000037,38.09216333100005],[13.417268742000033,38.09206571000004],[13.417453743000067,38.09196527000006],[13.417161953000061,38.091537620000054],[13.417040512000028,38.09135963500006],[13.416995432000022,38.091410078000024],[13.416746596000053,38.09168851600003],[13.416712391000033,38.09172679100004],[13.416312755000035,38.09195159600006],[13.416840318000027,38.09276809100004],[13.416507887000023,38.092926970000065],[13.416042468000057,38.093150894000075],[13.415554644000053,38.09266907400007],[13.415159320000043,38.09285238600006],[13.415348907000066,38.09311946400004],[13.414341742000033,38.093617549000044],[13.41410644900003,38.09332039100008],[13.414531303000047,38.09311028600007],[13.414388424000038,38.09269789000007],[13.413661692000062,38.09239849200003],[13.41331727100004,38.09180721800004],[13.412933552000027,38.09195567300003],[13.413260219000051,38.09242873300008],[13.41298811200005,38.092518065000036],[13.413041040000053,38.09261876200003],[13.412475014000051,38.09291125900006],[13.412477823000074,38.09295789000004],[13.410657356000058,38.093603650000034],[13.410875013000066,38.093897912000045],[13.410379249000073,38.094217928000035],[13.410756611000068,38.09485404700007],[13.411449428000026,38.09602196000003],[13.41131802600006,38.09607165600005],[13.411415237000028,38.09623704000006],[13.411318188000052,38.09628742600006],[13.411546208000061,38.096674309000036],[13.411131944000033,38.09687422700006],[13.411448688000064,38.09735853900003],[13.41183834700007,38.098032113000045],[13.412177467000049,38.09799956300003],[13.412120608000066,38.097152281000035],[13.411985746000028,38.096868286000074],[13.412870589000022,38.09681341400005],[13.413021525000033,38.09722386800007],[13.413340877000053,38.09723560700007],[13.41412299500007,38.09714963700003],[13.414512631000036,38.09711760000005],[13.414277807000076,38.09655714100006],[13.414574784000024,38.09650282100006],[13.414803195000047,38.097093707000056],[13.415752205000047,38.09701566800004],[13.415294404000065,38.09601447400007],[13.415677833000075,38.095670649000056],[13.41509338000003,38.094819416000064],[13.415071217000047,38.09477646700003],[13.415268113000025,38.094646821000026],[13.415320993000023,38.09471604000004],[13.41566414600004,38.09456406900006],[13.416233438000063,38.094319265000024],[13.416304307000075,38.09452072600004],[13.415951447000054,38.09475358000003],[13.416075974000023,38.095081986000025],[13.415950916000043,38.09521394600006],[13.416453747000048,38.09543606600005],[13.416479941000034,38.095369600000026],[13.41658194100006,38.09512843300007],[13.416547652000077,38.095044432000066],[13.416742819000035,38.09496158500008],[13.416702421000025,38.094902148000074],[13.416932362000068,38.09478547700007],[13.416958950000037,38.09484918800007],[13.417075038000064,38.09479234200006],[13.417091620000065,38.09462786100005],[13.417788526000038,38.09413231900004],[13.417899050000074,38.09423775400006],[13.41820709500007,38.09411632700005],[13.418343798000024,38.09405616600003],[13.418423869000037,38.09417205500006],[13.418285909000076,38.094231587000024],[13.418484689000024,38.09454266300003],[13.418552201000068,38.09489999600004],[13.418439229000057,38.095344013000044],[13.418250783000076,38.09536374800007],[13.418197057000043,38.09525447600004],[13.417581787000074,38.09543642600005],[13.417414714000074,38.095337640000025],[13.417085478000047,38.09534805000004],[13.41701243700004,38.095500738000055],[13.416898418000073,38.095739079000055],[13.416988072000038,38.09594079000004],[13.417281974000048,38.095825931000036],[13.417409691000046,38.09600586400006],[13.417000145000031,38.09625282700006],[13.417264506000038,38.09660436000007],[13.41704684900003,38.09674643300008],[13.416793537000046,38.096902502000034],[13.416534761000037,38.09705287000003],[13.41627072600005,38.09719741600003],[13.416001642000026,38.09733602600005],[13.415727722000042,38.09746859000006],[13.415449184000067,38.09759500300004],[13.415166249000038,38.09771516300003],[13.414879142000075,38.09782897600007],[13.414588091000041,38.09793635200003],[13.414293326000063,38.098037204000036]]]}},{"type":"Feature","properties":{"service_id":4,"population_total":11404.79,"thiessen_area_km2":1.5597},"geometry":{"type":"MultiPolygon","coordinates":[[[[13.372115404000056,38.121923163000076],[13.37229688900004,38.12194965300006],[13.372785426000064,38.122496055000056],[13.372532354000043,38.123643737000066],[13.372473126000045,38.12386310100004],[13.372177745000045,38.12379197300004],[13.372153155000035,38.123785448000035],[13.372481552000067,38.12251581600003],[13.371335505000047,38.12151662500003],[13.370849358000044,38.121545851000064],[13.37074960600006,38.12057316200003],[13.37021823200007,38.12058977800007],[13.369302376000064,38.120157360000064],[13.369098049000058,38.11979476300007],[13.368771587000026,38.11946646800004],[13.368503643000054,38.119234894000044],[13.368173188000071,38.11908641900004],[13.367674033000071,38.11901952000005],[13.367292199000076,38.11913412100006],[13.366998949000049,38.11935789800003],[13.36689995200004,38.11971626600007],[13.366877577000025,38.12003972300005],[13.366995298000063,38.12020324300005],[13.367382950000035,38.12050842200006],[13.36823385300005,38.12113182000007],[13.368242610000038,38.121419735000075],[13.370332433000044,38.122959697000056],[13.370249719000071,38.12314349400003],[13.370116952000046,38.123087129000055],[13.369838318000063,38.12296071700007],[13.369564303000061,38.12282815400005],[13.369295125000065,38.12268954500007],[13.369030998000028,38.12254499900007],[13.36877213200006,38.122394632000066],[13.368518732000041,38.12223856300005],[13.36827099900006,38.122076916000026],[13.368029131000071,38.12190981900005],[13.367793318000054,38.12173740500003],[13.367563749000055,38.121559811000054],[13.367340606000027,38.121377178000046],[13.367124065000041,38.121189651000066],[13.36691429800004,38.12099737900007],[13.366711472000077,38.12080051400005],[13.36651574900003,38.12059921300005],[13.366327283000032,38.120393636000074],[13.366146224000033,38.120183945000065],[13.365972715000055,38.11997030800006],[13.365806895000048,38.119752894000044],[13.36564889400006,38.119531875000064],[13.365498839000054,38.11930742800007],[13.365356848000033,38.11907972900008],[13.365223034000053,38.118848961000026],[13.365097504000062,38.11861530600004],[13.364980356000046,38.11837895000008],[13.364871684000036,38.118140080000046],[13.364771573000041,38.117898886000035],[13.364680104000058,38.11765556000006],[13.364597349000064,38.117410294000024],[13.364523373000054,38.11716328400007],[13.36445823500003,38.11691472600006],[13.364401987000065,38.116664816000025],[13.364354673000037,38.116413753000074],[13.364316331000055,38.11616173700003],[13.364286991000029,38.11590896800004],[13.364266676000057,38.11565564600005],[13.364255402000026,38.11540197200003],[13.36425317800007,38.11514814900005],[13.364260006000052,38.11489437600005],[13.364275881000026,38.11464085600005],[13.364300789000026,38.11438779000008],[13.364334711000026,38.11413537900006],[13.364377619000038,38.11388382300004],[13.36442948000007,38.113633322000055],[13.364490253000042,38.11338407400007],[13.36455988800003,38.11313627800007],[13.364638331000037,38.11289013000004],[13.364725519000046,38.11264582600006],[13.364821383000049,38.112403560000075],[13.364925847000052,38.11216352300005],[13.365038828000024,38.11192590700006],[13.365160235000076,38.11169089900005],[13.365289974000063,38.11145868700004],[13.365427939000028,38.11122945500006],[13.365574023000022,38.11100338500006],[13.365728109000031,38.11078065500004],[13.365890074000049,38.11056144400004],[13.366059790000065,38.11034592400006],[13.366237123000076,38.110134268000024],[13.366421930000058,38.10992664200006],[13.366614067000057,38.10972321200006],[13.366813379000064,38.109524140000076],[13.367019709000033,38.10932958200004],[13.36723289400004,38.10913969400008],[13.367452763000074,38.10895462700006],[13.367679143000032,38.10877452600005],[13.367911853000066,38.10859953600004],[13.36815070800003,38.108429794000074],[13.368395520000036,38.10826543600007],[13.368646094000042,38.10810659300006],[13.36890223100005,38.107953389000045],[13.369163728000046,38.10780594700003],[13.369430377000072,38.10766438400003],[13.369701967000026,38.107528812000055],[13.369978281000044,38.10739933900004],[13.370259101000045,38.10727606700004],[13.370544204000055,38.10715909400005],[13.370833364000077,38.10704851300005],[13.371126350000054,38.106944412000075],[13.37142293100004,38.10684687400004],[13.371722872000078,38.106755975000056],[13.372025933000032,38.106671789000075],[13.372096424000063,38.10665395400008],[13.372331875000043,38.106594381000036],[13.372640455000067,38.106523813000024],[13.372951428000022,38.10646014200006],[13.373264547000076,38.106403417000024],[13.373579564000067,38.106353684000055],[13.373896229000025,38.106310982000025],[13.374214290000054,38.10627534500003],[13.37446335900006,38.10625307400005],[13.380435116000058,38.11166013800005],[13.380307605000041,38.11181877100006],[13.380016711000053,38.11197703000005],[13.37972389600003,38.112221814000065],[13.379623347000063,38.11243680200005],[13.379400142000065,38.11262844400005],[13.379547780000053,38.112760309000066],[13.379477206000047,38.112856700000066],[13.378838955000049,38.112631529000055],[13.378551636000054,38.112627556000064],[13.378312206000032,38.11313812800006],[13.378470563000064,38.113199816000076],[13.37910953900007,38.113392555000075],[13.378795385000046,38.11398322100007],[13.37898407800003,38.114115656000024],[13.379190016000052,38.114086034000024],[13.379626340000073,38.113540311000065],[13.379775637000023,38.11359646900007],[13.37925530800004,38.114227577000065],[13.378939206000041,38.11428813200007],[13.378635340000073,38.11470133800003],[13.377923236000072,38.115669678000074],[13.377620914000033,38.11587762600004],[13.377380998000035,38.11605164700006],[13.377239646000021,38.11625524400006],[13.376930251000033,38.11662960800004],[13.376244240000062,38.117323329000044],[13.375056303000065,38.11843201200003],[13.374495809000052,38.11901926000007],[13.374159269000074,38.11938243600008],[13.373560002000033,38.11972473800006],[13.373252946000036,38.11988836200004],[13.37285302500004,38.12013465200005],[13.372452836000036,38.120392922000065],[13.372242873000062,38.12028207700007],[13.372015391000048,38.12027893800007],[13.371890317000066,38.12044506900003],[13.371763393000037,38.120695140000066],[13.37163646700003,38.12094520900007],[13.371612240000047,38.12135258700005],[13.372115404000056,38.121923163000076]]],[[[13.380331131000048,38.12269915600007],[13.378886824000062,38.12385158400008],[13.378827019000028,38.123865985000066],[13.378517144000057,38.12393312700004],[13.378434502000061,38.12394907000004],[13.380130559000065,38.12255320600008],[13.380331131000048,38.12269915600007]]]]}},{"type":"Feature","properties":{"service_id":5,"population_total":21987.74,"thiessen_area_km2":2.1794},"geometry":{"type":"Polygon","coordinates":[[[13.395716423000067,38.10392708400008],[13.395314236000047,38.104031046000046],[13.394774424000047,38.10409663300004],[13.394491664000043,38.104171208000025],[13.393985410000028,38.104304728000045],[13.393023378000066,38.104686780000065],[13.393002043000024,38.104699122000056],[13.392737601000022,38.10464180900004],[13.392529268000033,38.10459162800004],[13.386874660000046,38.09794884100006],[13.38455007500005,38.09521801900007],[13.384555431000024,38.095163583000044],[13.384589344000062,38.094911171000035],[13.384632241000077,38.09465961400008],[13.384684089000075,38.09440911200005],[13.384744845000057,38.09415986300007],[13.384814462000065,38.093912067000076],[13.384892884000067,38.093665918000056],[13.384980050000024,38.09342161300003],[13.385075889000063,38.093179346000056],[13.385180325000022,38.09293930800004],[13.385293276000027,38.09270169100006],[13.385414652000065,38.092466683000055],[13.385544356000025,38.09223447000005],[13.385682286000076,38.09200523700008],[13.385828331000027,38.09177916600004],[13.385982377000062,38.091556436000076],[13.386144299000023,38.09133722400003],[13.38631397100005,38.091121704000045],[13.386491257000046,38.09091004600003],[13.386676016000024,38.09070242000007],[13.38680787900006,38.090562770000076],[13.386902400000054,38.09064183700008],[13.38657719300005,38.09118189700007],[13.386512491000076,38.09184437000005],[13.38655912300004,38.092003412000054],[13.387248039000042,38.09202277700007],[13.387674247000064,38.09201873000006],[13.388163030000044,38.092589761000056],[13.388612360000025,38.09267513300006],[13.390133300000059,38.09190392700003],[13.39121718000007,38.09105741500008],[13.393062733000022,38.09034012500007],[13.39297805800004,38.09020036700008],[13.393463052000072,38.08980107000008],[13.393798306000065,38.08994426000004],[13.395129884000028,38.08922981500007],[13.395538290000047,38.08874585600006],[13.395798931000058,38.08843698700008],[13.396124046000068,38.08847113500008],[13.396377307000023,38.088222244000065],[13.396700386000077,38.087904759000025],[13.397086411000032,38.087444693000066],[13.397961472000077,38.08754573900006],[13.398193698000057,38.08781621300005],[13.398706043000061,38.08807254100003],[13.398987115000068,38.088213162000045],[13.399494746000073,38.08792305400004],[13.400000461000047,38.08829627800003],[13.398538390000056,38.08912209600004],[13.39852852000007,38.08912767100003],[13.398512757000049,38.089275970000074],[13.398526998000023,38.08928887800005],[13.39896746200003,38.08968809300006],[13.401218868000058,38.089075845000025],[13.405174459000023,38.09791368200007],[13.406031262000056,38.09982800600005],[13.405927020000036,38.09984645800006],[13.405811149000044,38.099866951000024],[13.405327193000062,38.09993456400008],[13.40472038400003,38.10010644700003],[13.40430297100005,38.10019614400005],[13.403803086000039,38.100380072000064],[13.403596807000042,38.10062098100008],[13.40338962100003,38.10090425300007],[13.403156773000035,38.10113420600004],[13.402749289000042,38.10138296200006],[13.402423117000069,38.101590447000035],[13.402165306000029,38.10173529000008],[13.401974040000027,38.101902221000046],[13.40168691100007,38.10216320300003],[13.401414098000032,38.10238201800007],[13.40119603200003,38.10254857000007],[13.400831561000075,38.102835510000034],[13.400504927000043,38.10300132100008],[13.398957954000025,38.10340584900007],[13.39877023300005,38.10354921700008],[13.398058774000049,38.10372801800003],[13.397424615000034,38.10388960200004],[13.396792552000022,38.10395393500005],[13.396239765000075,38.103909918000056],[13.395716423000067,38.10392708400008]]]}},{"type":"Feature","properties":{"service_id":6,"population_total":15308.15,"thiessen_area_km2":1.6386},"geometry":{"type":"Polygon","coordinates":[[[13.383657117000041,38.097544636000066],[13.383978195000054,38.097551786000054],[13.384298890000025,38.097566080000036],[13.384618948000025,38.09758750800006],[13.384691108000027,38.09759396100003],[13.384938115000068,38.097616051000045],[13.385256139000035,38.09765168800004],[13.385572767000042,38.09769439000007],[13.385887746000037,38.09774412300004],[13.386200829000074,38.09780084800008],[13.386511765000023,38.09786451900004],[13.38682030800004,38.09793508700005],[13.386874660000046,38.09794884100006],[13.392529268000033,38.10459162800004],[13.392746569000053,38.104846904000055],[13.392571565000026,38.104948137000065],[13.392643400000054,38.10518015800005],[13.392149192000034,38.10527067900006],[13.391296243000056,38.10558733900007],[13.391045933000044,38.10577846800004],[13.390641850000065,38.10596749800004],[13.389212717000078,38.10660457800003],[13.389088842000035,38.106651879000026],[13.387506349000034,38.10725607300003],[13.386513069000046,38.10765588000004],[13.385767196000074,38.10799828300003],[13.385033644000032,38.10831773800004],[13.384819762000063,38.10841087700004],[13.384260534000077,38.108658551000076],[13.383818146000067,38.10892184000005],[13.383621472000073,38.10903889100007],[13.383166655000025,38.10943392300004],[13.382944138000028,38.10975919900005],[13.382630664000033,38.110022395000044],[13.382209550000027,38.11028413300005],[13.381759018000025,38.11048464400005],[13.381261686000073,38.11071492000008],[13.38105302200006,38.11090949100003],[13.380953915000077,38.111059573000034],[13.38088145000006,38.11124248800007],[13.380742492000024,38.11133793100004],[13.380656814000076,38.11149904000007],[13.380462415000068,38.11162617600007],[13.380435116000058,38.11166013800005],[13.37446335900006,38.10625307400005],[13.372424074000037,38.104406625000024],[13.372480085000063,38.104230846000064],[13.372567263000064,38.10398654200003],[13.37266311600007,38.103744275000054],[13.37276756700004,38.10350423800003],[13.372880535000036,38.103266621000046],[13.373001928000065,38.10303161300004],[13.373131651000051,38.10279940100003],[13.373269601000061,38.10257016800006],[13.373415667000074,38.10234409800006],[13.373569735000046,38.10212136800004],[13.373731681000038,38.10190215600005],[13.373901377000038,38.10168663600007],[13.374078688000054,38.101474980000035],[13.374263474000031,38.10126735400007],[13.374455588000046,38.10106392300003],[13.374654877000069,38.10086485000005],[13.374861183000064,38.100670293000064],[13.375074342000062,38.10048040400005],[13.37529418500003,38.100295336000045],[13.375520538000046,38.10011523600008],[13.375753221000025,38.09994024500003],[13.375992048000057,38.09977050300006],[13.376236831000028,38.09960614500005],[13.376487376000057,38.099447301000055],[13.376743483000041,38.09929409700004],[13.377004948000035,38.09914665500003],[13.377271566000047,38.09900509200003],[13.377543123000066,38.09886952000005],[13.377819405000025,38.098740046000046],[13.378100192000034,38.09861677400005],[13.378385261000062,38.09849980100006],[13.378674387000046,38.09838922000006],[13.378967339000042,38.098285119000025],[13.379263885000057,38.09818758100005],[13.379563790000077,38.09809668200006],[13.37986681600006,38.098012495000035],[13.380172722000054,38.09793508700005],[13.380481265000071,38.09786451900004],[13.380792201000077,38.09780084800008],[13.381105284000057,38.09774412300004],[13.381420263000052,38.09769439000007],[13.38173689100006,38.09765168800004],[13.382054915000026,38.097616051000045],[13.38237408200007,38.09758750800006],[13.38269414000007,38.097566080000036],[13.38301483500004,38.097551786000054],[13.383335913000053,38.097544636000066],[13.383657117000041,38.097544636000066]]]}},{"type":"Feature","properties":{"service_id":7,"population_total":2797.91,"thiessen_area_km2":1.205},"geometry":{"type":"MultiPolygon","coordinates":[[[[13.324460207000072,38.21543394100007],[13.324458527000047,38.21588544900004],[13.32442128200006,38.21599779100006],[13.324321730000065,38.21618108400003],[13.32424012000007,38.216260687000045],[13.324024784000073,38.21628234600007],[13.323973158000058,38.21628637600003],[13.324239073000058,38.21600545700005],[13.32426017000006,38.21584156600005],[13.324313066000059,38.21542500400005],[13.324460207000072,38.21543394100007]]],[[[13.323530788000028,38.21627584700008],[13.323183086000029,38.216318761000025],[13.322888152000075,38.21632822300006],[13.322887933000061,38.216337870000075],[13.322740560000057,38.21633950800003],[13.322418866000021,38.21633593200005],[13.322097427000074,38.21632520600008],[13.321776499000066,38.21630734000007],[13.321702454000047,38.21630156000003],[13.321650409000029,38.21610393800006],[13.321495347000052,38.21588639600003],[13.321555191000073,38.21533035300007],[13.321778683000048,38.21502910700008],[13.322275734000073,38.213885282000035],[13.322193575000028,38.21377273400003],[13.322222461000024,38.21333505200005],[13.32280154800003,38.21312800100003],[13.323144667000065,38.21294726800005],[13.323605701000076,38.21296128200004],[13.323749055000064,38.212458413000036],[13.32485261100004,38.21196181200003],[13.325284347000036,38.21161157500006],[13.325434935000033,38.21161370800007],[13.325588586000038,38.21148225700006],[13.325845963000063,38.21134483800006],[13.326222381000036,38.21094182000007],[13.326436078000029,38.21065527800005],[13.326102692000063,38.210412914000074],[13.325904171000047,38.21044721100003],[13.325774789000036,38.21034140800003],[13.325986284000066,38.210151361000044],[13.32530923400003,38.20970362500003],[13.324794762000067,38.209513446000074],[13.324744914000064,38.209495021000066],[13.324431658000037,38.20937923100007],[13.323846376000063,38.209036739000055],[13.323425746000055,38.20890449600006],[13.323118947000069,38.209145145000036],[13.322742465000033,38.20913976000003],[13.322547878000023,38.20900332400004],[13.322655342000076,38.20883407200006],[13.322067171000072,38.208617770000046],[13.322041666000075,38.20849859600003],[13.321565737000071,38.20831358400005],[13.321429886000033,38.20848984100007],[13.320623380000029,38.208352081000044],[13.320135504000064,38.20827826800007],[13.319990580000024,38.20843954800006],[13.318894172000057,38.20821594000006],[13.318676667000034,38.207848984000066],[13.318102784000075,38.20768892800004],[13.317582169000048,38.20754371000004],[13.317399764000072,38.207697033000045],[13.315984246000028,38.207431702000065],[13.316059016000054,38.20704665100004],[13.315583639000067,38.20683934900006],[13.315453943000023,38.206748376000064],[13.315640638000048,38.20640950400008],[13.315078454000059,38.20606554500006],[13.314870089000067,38.20593807000006],[13.314347843000064,38.205722657000024],[13.314210096000068,38.20598055700003],[13.313996701000065,38.20625223800005],[13.313410790000034,38.20634777400005],[13.313078138000037,38.20648408100004],[13.312750793000077,38.20639027100003],[13.31272634100003,38.20622654700003],[13.313106911000034,38.20605381800004],[13.313307963000057,38.20590820700005],[13.31323405300003,38.20543933700003],[13.312982168000076,38.20534668000005],[13.312813991000041,38.205284808000044],[13.31246526700005,38.205592084000045],[13.312391146000039,38.205657415000076],[13.31227070500006,38.20574468600006],[13.312029869000071,38.205892755000036],[13.311778742000058,38.206048655000075],[13.31150769800007,38.206192300000055],[13.311413517000062,38.206203654000035],[13.311447920000035,38.20600222000007],[13.31149984600006,38.20575172300005],[13.311560695000026,38.205502479000074],[13.31163041800005,38.205254687000036],[13.311708960000033,38.205008543000076],[13.311796258000072,38.20476424300006],[13.311892243000045,38.20452198000004],[13.311996838000027,38.20428194700003],[13.312109961000033,38.20404433500005],[13.312231522000047,38.20380933100006],[13.312361424000073,38.20357712300006],[13.312499563000074,38.203347894000046],[13.312645831000054,38.203121827000075],[13.312800111000058,38.20289910200006],[13.312962280000022,38.20267989400003],[13.313132210000049,38.20246437800006],[13.313309765000042,38.20225272500005],[13.313494806000051,38.202045102000056],[13.31368718400006,38.20184167600007],[13.313886748000073,38.201642606000064],[13.314093338000077,38.201448052000046],[13.314306791000035,38.20125816700005],[13.31452693700004,38.201073102000066],[13.314753601000064,38.20089300400008],[13.314986604000069,38.20071801700004],[13.315225761000022,38.20054827800004],[13.315470881000067,38.20038392300006],[13.315721770000039,38.20022508200003],[13.315978230000042,38.20007188000005],[13.316240056000026,38.199924441000064],[13.316507040000033,38.19978288000004],[13.316778972000066,38.199647310000046],[13.317055634000042,38.199517839000066],[13.31733680700006,38.19939456900005],[13.317622269000026,38.19927759800004],[13.317683470000077,38.199254223000025],[13.317911793000064,38.19916701900007],[13.318205148000061,38.199062920000074],[13.318502103000071,38.19896538300003],[13.318802420000054,38.19887448600008],[13.319105863000061,38.19879030100003],[13.319412190000037,38.19871289400004],[13.31972115900004,38.19864232800006],[13.31982208900007,38.19862168900005],[13.326411844000063,38.20302456500008],[13.326257884000029,38.203270735000046],[13.326069119000067,38.203612374000045],[13.326026642000045,38.20369628200007],[13.325740276000033,38.204964319000055],[13.325604567000028,38.20559178000008],[13.325649175000024,38.20591397700008],[13.325786427000025,38.20635377100007],[13.325884133000045,38.20662883500006],[13.325920814000028,38.20666239800005],[13.326028434000023,38.20676086800006],[13.326088051000056,38.206698592000066],[13.326099492000026,38.20668664100003],[13.326145273000066,38.20671038900008],[13.326262217000021,38.20677105100003],[13.326225367000063,38.20686629700003],[13.32638879500007,38.20691995200008],[13.326533275000031,38.20704515400007],[13.326849607000042,38.207234379000056],[13.327060360000075,38.206864805000066],[13.327093407000064,38.206806854000035],[13.32717926500004,38.20684227100003],[13.32716150400006,38.20687735400003],[13.326952315000028,38.207290570000055],[13.327167208000049,38.20736890200004],[13.327503055000022,38.207462614000065],[13.327718882000056,38.207499907000056],[13.327808803000039,38.207357510000065],[13.32793526100005,38.207133544000044],[13.328009524000038,38.20696070200006],[13.328072573000043,38.20681396200007],[13.328297985000063,38.206810321000034],[13.328215679000039,38.20697243600006],[13.328125560000046,38.20714994100007],[13.328319346000058,38.20739216000004],[13.328429623000034,38.20749634200007],[13.328418460000023,38.207605655000066],[13.328345564000074,38.20776195900004],[13.328514625000025,38.20794909400007],[13.328631698000038,38.20813547400007],[13.328749080000023,38.208308174000024],[13.32886654400005,38.20847747700003],[13.32892328500003,38.20864932000006],[13.328886437000051,38.20874456700005],[13.32900397900005,38.208910435000064],[13.329088111000033,38.20902109700006],[13.329059921000066,38.20911646800005],[13.329116507000037,38.20929515800003],[13.329190588000074,38.20946724500004],[13.329282447000026,38.20961906700006],[13.329410531000065,38.20970298200007],[13.329434331000073,38.20979910600005],[13.329503502000023,38.209806935000074],[13.329578669000057,38.209931151000035],[13.32949756000005,38.21006682500007],[13.329617300000052,38.21013693800006],[13.329708308000022,38.210326363000036],[13.329843012000026,38.210499327000036],[13.329875182000023,38.21060925300003],[13.329993503000026,38.21074091300005],[13.329965470000047,38.21082945300003],[13.330094202000055,38.210886025000036],[13.330126195000048,38.21100278100005],[13.330244518000029,38.21113444200006],[13.330380178000041,38.21126636500003],[13.330515374000072,38.21141879800007],[13.330591011000024,38.21152250500006],[13.330597187000023,38.211632043000066],[13.330628406000073,38.211783007000065],[13.330704352000055,38.21187301600003],[13.330666398000062,38.21201615100006],[13.330542910000077,38.21211017500008],[13.330540098000029,38.21223329000003],[13.33034635100006,38.21236735400004],[13.329972777000023,38.21240650300007],[13.32986551700003,38.21254865800006],[13.329761693000023,38.21254033900004],[13.329623524000056,38.21251783300005],[13.329458741000053,38.212522335000074],[13.329217547000042,38.212457338000036],[13.329054627000062,38.21237976400005],[13.328899920000026,38.21232282100004],[13.328816560000064,38.21217797000003],[13.328672864000055,38.21201856400006],[13.32841919200007,38.21174129800005],[13.32822131200004,38.21167691000005],[13.32796247300007,38.211625326000046],[13.327658283000062,38.211662035000074],[13.327466086000072,38.21172771500005],[13.327360398000053,38.21180147000007],[13.327045818000045,38.21191328200007],[13.326872533000028,38.21191081000006],[13.326836615000047,38.21196503700003],[13.326714365000043,38.21200433900003],[13.326549272000022,38.21202251700004],[13.326364277000039,38.21215328100004],[13.326156472000037,38.21214346800008],[13.326007760000039,38.21220292900006],[13.325823929000023,38.21228240900007],[13.325630640000043,38.212395955000034],[13.325471092000043,38.21255103000004],[13.325286924000068,38.21264417000003],[13.32516640700004,38.21260824400008],[13.325069995000035,38.21265476200006],[13.324823311000046,38.21282911800006],[13.324585597000066,38.21298991700007],[13.324444139000036,38.21311104700004],[13.324315119000062,38.21306816400005],[13.324246902000027,38.21301929400005],[13.324063380000041,38.21308509200003],[13.323904893000076,38.213192279000054],[13.323683424000023,38.21340121000003],[13.323569203000034,38.21346799000003],[13.323447440000052,38.21348677800006],[13.32326990200005,38.21366896400008],[13.323148135000054,38.213687734000075],[13.322919539000054,38.21382814400005],[13.322784476000038,38.21404856800007],[13.32263215100005,38.21426531100008],[13.322584121000034,38.21446987000007],[13.322692354000026,38.21466296400007],[13.322810048000065,38.214822009000045],[13.322807714000021,38.21492459600006],[13.322822981000058,38.215013750000026],[13.322863178000034,38.21515115900007],[13.32295676800004,38.215227740000046],[13.323120757000027,38.21525745300005],[13.323152919000051,38.21536738200007],[13.323082186000022,38.215427928000054],[13.322950002000027,38.21552182200003],[13.322902751000072,38.21569219000003],[13.32286386900006,38.21587634400004],[13.32279062300006,38.21604634500005],[13.32281441400005,38.21614245200004],[13.322880896000072,38.216266552000036],[13.323453576000077,38.216240533000075],[13.323381367000025,38.21561008300006],[13.32346817000007,38.21560448300005],[13.323530788000028,38.21627584700008]]]]}},{"type":"Feature","properties":{"service_id":8,"population_total":3042.24,"thiessen_area_km2":1.5431},"geometry":{"type":"Polygon","coordinates":[[[13.326971891000028,38.20313296200004],[13.326612929000078,38.203005406000045],[13.326673528000072,38.20289915600006],[13.326711701000022,38.202925193000056],[13.326899810000043,38.202611595000064],[13.32673313600003,38.202553100000046],[13.326479250000034,38.20291678800004],[13.326411844000063,38.20302456500008],[13.31982208900007,38.19862168900005],[13.31897361800003,38.19805479200005],[13.319711125000026,38.19702263000005],[13.325070316000051,38.18952229400003],[13.325350602000071,38.18944452300008],[13.325656890000062,38.18936711600003],[13.325965819000032,38.18929655000005],[13.326277143000027,38.18923287900003],[13.326590617000022,38.18917615500004],[13.326905990000057,38.18912642300006],[13.327190080000037,38.18908815800006],[13.327223012000047,38.18908372200008],[13.327541433000022,38.189048085000024],[13.327860999000052,38.18901954300003],[13.328181457000028,38.18899811500006],[13.328502553000021,38.18898382100008],[13.328824031000067,38.188976671000034],[13.329145637000067,38.188976671000034],[13.329467115000057,38.18898382100008],[13.32978821100005,38.18899811500006],[13.330108669000026,38.18901954300003],[13.330428235000056,38.189048085000024],[13.33074665600003,38.18908372200008],[13.331063678000021,38.18912642300006],[13.331379051000056,38.18917615500004],[13.33169252500005,38.18923287900003],[13.332003849000046,38.18929655000005],[13.332312778000073,38.18936711600003],[13.332619066000063,38.18944452300008],[13.332922470000028,38.18952870900006],[13.333222750000061,38.189619606000065],[13.33351966600003,38.18971714300005],[13.333744674000059,38.189796999000066],[13.333736121000072,38.18986427100003],[13.333786150000037,38.19014714000008],[13.334629562000032,38.19015475600003],[13.334669034000058,38.190172063000034],[13.334945661000063,38.19030153400007],[13.335217557000021,38.19043710400007],[13.335484508000036,38.19057866500003],[13.33574630000004,38.19072610500007],[13.33600272700005,38.190879306000056],[13.336253584000076,38.191038148000075],[13.336498673000051,38.191202503000056],[13.336737799000048,38.19137224200006],[13.33697077200003,38.191547230000026],[13.337197408000065,38.19172732800007],[13.337256230000037,38.19177678300008],[13.337462680000044,38.192382320000036],[13.337522254000021,38.19307372700007],[13.337668720000067,38.19366982100007],[13.337804763000065,38.19431032800003],[13.33804752900005,38.19481125800007],[13.338317545000052,38.19494131700003],[13.338620026000058,38.19488620000004],[13.338777685000025,38.19457657100003],[13.338828496000076,38.19358228500005],[13.338875741000038,38.193488073000026],[13.338924013000053,38.19355333100003],[13.339078273000041,38.193776057000036],[13.339224522000052,38.194002124000065],[13.339362644000062,38.19423135300008],[13.33949252900004,38.19446356200007],[13.339614074000053,38.194698566000056],[13.339727183000036,38.194936179000024],[13.339831765000042,38.195176212000035],[13.339927737000039,38.195418475000054],[13.339985976000037,38.19558147500004],[13.339913631000059,38.195660657000076],[13.339607321000074,38.195856211000034],[13.339458519000061,38.19597711600005],[13.33933995600006,38.19605231600008],[13.33937766200006,38.196106662000034],[13.33937557400003,38.19619889000006],[13.33925683700005,38.19628179000006],[13.339107837000029,38.19641037300005],[13.33898909900006,38.196493272000055],[13.338957444000073,38.19660044900007],[13.338792486000045,38.19657505200007],[13.338732334000042,38.19665107900005],[13.33865234600006,38.196742208000046],[13.338525617000073,38.19674809900005],[13.338329351000027,38.19681452000003],[13.338064071000076,38.196918391000054],[13.337934705000066,38.197039569000026],[13.337807453000039,38.19706853500003],[13.337746777000064,38.19716761800004],[13.337638812000023,38.19720452100006],[13.337549638000041,38.19727245400003],[13.337482364000039,38.19723305500003],[13.337432466000053,38.19728618000005],[13.337354764000054,38.19727738000006],[13.33731442100003,38.197338322000064],[13.337158845000033,38.197328420000076],[13.337070168000025,38.19737329700007],[13.337143686000047,38.19756653600007],[13.337084752000067,38.19758876800006],[13.33697317900004,38.197356540000044],[13.33683654400005,38.19736999000003],[13.336709116000065,38.19740661600008],[13.336649658000056,38.19745190500004],[13.336772006000047,38.19763815500005],[13.33670281600007,38.197683305000055],[13.33661782400003,38.197566779000056],[13.336541866000061,38.19748112700006],[13.336182209000071,38.197452971000075],[13.336189475000026,38.197560717000044],[13.335819910000055,38.19754010200006],[13.33552400900004,38.197705031000055],[13.335457610000049,38.19762721400008],[13.335516894000023,38.197589606000065],[13.33556487800007,38.197621050000066],[13.33580201600006,38.197470655000075],[13.335852442000032,38.19739447300003],[13.335894182000061,38.19727205800007],[13.335916087000044,38.19716474400008],[13.335744538000029,38.19700086100005],[13.335824157000047,38.19692509400005],[13.335729612000023,38.196800748000044],[13.335468886000058,38.19670479600006],[13.335128846000032,38.19666921700008],[13.334681062000072,38.19666287300004],[13.33434937900006,38.19668891900005],[13.333841239000037,38.19676627700005],[13.333336422000059,38.19692835600006],[13.333010322000064,38.19706147200003],[13.332866464000062,38.197135941000056],[13.332734363000043,38.19726160400006],[13.332636644000047,38.197295928000074],[13.332448746000068,38.19731875700006],[13.331931679000036,38.19760730200005],[13.33174183500006,38.19773031600005],[13.331446344000028,38.19792178600005],[13.330487633000075,38.19859175200003],[13.329922680000038,38.198996934000036],[13.329613595000069,38.19923229800003],[13.329112513000041,38.19966898200005],[13.328967344000034,38.19977952200003],[13.32887574700004,38.199849269000026],[13.328637608000065,38.20009075200005],[13.328484729000024,38.20027732900007],[13.328021393000029,38.20075791600004],[13.327722770000037,38.20110055200007],[13.327357446000065,38.20153406000003],[13.327170953000063,38.20177627100003],[13.326828954000064,38.20231980800003],[13.32700184600003,38.202388588000076],[13.327141251000057,38.20222732000008],[13.327102960000047,38.20220637800003],[13.327176707000035,38.202090088000034],[13.327344420000031,38.20210269000006],[13.327567360000046,38.202243605000035],[13.327347656000029,38.20252614700007],[13.327487554000072,38.20262506600005],[13.327320808000024,38.20285225300006],[13.327249048000056,38.20288185100003],[13.327165297000022,38.20287044600008],[13.326971891000028,38.20313296200004]]]}},{"type":"Feature","properties":{"service_id":9,"population_total":12148.63,"thiessen_area_km2":2.9279},"geometry":{"type":"Polygon","coordinates":[[[13.315956782000058,38.17955288200005],[13.316278219000026,38.17956003200004],[13.316599273000065,38.17957432600008],[13.316919690000077,38.17959575300006],[13.31723921500003,38.17962429600004],[13.31755759500004,38.17965993200005],[13.317874577000055,38.17970263400008],[13.318189909000068,38.17975236600006],[13.318503342000042,38.17980909000005],[13.318814626000062,38.17987276100007],[13.319123516000047,38.179943328000036],[13.319429764000063,38.18002073400004],[13.319733129000042,38.180104920000076],[13.320033370000033,38.180195817000026],[13.320330248000062,38.18029335500006],[13.320623528000056,38.18039745400006],[13.320912977000035,38.18050803300008],[13.321198366000033,38.180625005000024],[13.321479467000074,38.18074827500004],[13.321756059000052,38.18087774700007],[13.322027920000039,38.181013317000065],[13.322294836000026,38.18115487800003],[13.322556595000037,38.181302318000064],[13.322812989000056,38.18145552000004],[13.323063814000022,38.18161436200006],[13.323308871000052,38.18177871700004],[13.323547966000035,38.18194845700003],[13.32378090900005,38.18212344500006],[13.324007516000052,38.182303543000046],[13.324227605000033,38.182488609000075],[13.32444100300006,38.18267849400007],[13.324647540000058,38.18287304900008],[13.324847053000042,38.18307211900003],[13.325039381000067,38.18327554700005],[13.325224374000072,38.183483169000056],[13.325401885000076,38.18369482300005],[13.325571771000057,38.18391034000007],[13.325733898000067,38.18412954900003],[13.325888139000028,38.18435227500004],[13.32603436900007,38.184578343000055],[13.326172473000042,38.18480757200007],[13.32630234100003,38.18503978100006],[13.326423871000031,38.185274786000036],[13.32653696400007,38.18551239900006],[13.326641533000043,38.18575243300006],[13.326737493000053,38.18599469600008],[13.32682476900004,38.18623899700003],[13.326903291000065,38.18648514200004],[13.326972996000052,38.186732935000066],[13.326996011000062,38.18682723100005],[13.325070316000051,38.18952229400003],[13.319711125000026,38.19702263000005],[13.319582702000048,38.197059882000076],[13.319277802000045,38.19714070400005],[13.318970137000065,38.197214716000076],[13.31865995100003,38.197281857000064],[13.318347491000054,38.19734207500005],[13.318033005000075,38.197395321000045],[13.317716742000073,38.19744155300003],[13.317589036000072,38.197457299000064],[13.317398955000044,38.197480735000056],[13.317079894000074,38.197512836000044],[13.316759814000022,38.197537829000055],[13.316438968000057,38.19755569600005],[13.316117612000028,38.19756642200008],[13.315796000000034,38.19756999800006],[13.315474388000041,38.19756642200008],[13.315153032000069,38.19755569600005],[13.314832186000046,38.197537829000055],[13.314512106000052,38.197512836000044],[13.314193045000025,38.197480735000056],[13.313875258000053,38.19744155300003],[13.31355899500005,38.197395321000045],[13.313244509000072,38.19734207500005],[13.31293204900004,38.197281857000064],[13.31262186300006,38.197214716000076],[13.312314198000024,38.19714070400005],[13.31200929800002,38.197059882000076],[13.31170740500005,38.196972311000025],[13.311408758000027,38.19687806400003],[13.311113596000041,38.196777213000075],[13.310822151000025,38.19666983900004],[13.310534656000073,38.19655602800003],[13.310251340000036,38.19643586900003],[13.309972426000058,38.19630945900008],[13.309698136000065,38.19617689700004],[13.309428688000025,38.19603829000005],[13.309164297000052,38.195893746000024],[13.308905171000049,38.19574338000007],[13.308651518000033,38.19558731300003],[13.30840353700006,38.19542566800004],[13.308161426000026,38.195258574000036],[13.30792537700006,38.19508616200005],[13.30769557800005,38.19490857000005],[13.30747221100006,38.19472593900008],[13.307255453000039,38.19453841500007],[13.307045476000042,38.194346145000054],[13.306842447000065,38.19414928200007],[13.306646528000044,38.19394798400003],[13.306457873000056,38.19374240900004],[13.30627663200005,38.193532721000054],[13.306102950000025,38.19331908700008],[13.305936963000022,38.19310167500004],[13.305778805000045,38.192880659000025],[13.305628599000045,38.19265621400007],[13.305486466000048,38.19242851900003],[13.305352518000063,38.19219775300007],[13.30522686200004,38.19196410100005],[13.305109597000069,38.19172774800006],[13.305000816000074,38.191488881000055],[13.304900605000057,38.19124769000007],[13.30480904500007,38.19100436700006],[13.304726206000055,38.19075910400005],[13.304652157000021,38.19051209700007],[13.304586954000058,38.190263542000025],[13.304530649000071,38.19001363500007],[13.304483288000029,38.18976257600008],[13.304444907000061,38.189510563000056],[13.304415538000057,38.18925779700004],[13.304395202000023,38.18900447800007],[13.304383917000052,38.188750808000066],[13.30438169200005,38.188496987000065],[13.304388527000071,38.188243217000036],[13.304404417000057,38.18798970100005],[13.304429350000078,38.18773663800005],[13.30446330600006,38.18748423000005],[13.30450625800006,38.187232677000054],[13.304558171000053,38.18698217900004],[13.304619004000074,38.186732935000066],[13.304688709000061,38.18648514200004],[13.304767231000028,38.18623899700003],[13.304854507000073,38.18599469600008],[13.304950467000026,38.18575243300006],[13.305055036000056,38.18551239900006],[13.305168129000037,38.185274786000036],[13.305289659000039,38.18503978100006],[13.305419527000026,38.18480757200007],[13.305557631000056,38.184578343000055],[13.30570386100004,38.18435227500004],[13.305858102000059,38.18412954900003],[13.306020229000069,38.18391034000007],[13.30619011500005,38.18369482300005],[13.306367626000053,38.183483169000056],[13.306552619000058,38.18327554700005],[13.306744947000027,38.18307211900003],[13.306944460000068,38.18287304900008],[13.307150997000065,38.18267849400007],[13.307364395000036,38.182488609000075],[13.307584484000074,38.182303543000046],[13.307811091000076,38.18212344500006],[13.308044034000034,38.18194845700003],[13.308283129000074,38.18177871700004],[13.308528186000046,38.18161436200006],[13.30877901100007,38.18145552000004],[13.309035405000031,38.181302318000064],[13.309297164000043,38.18115487800003],[13.30956408000003,38.181013317000065],[13.309835941000074,38.18087774700007],[13.310112533000051,38.18074827500004],[13.310393634000036,38.180625005000024],[13.310679023000034,38.18050803300008],[13.31096847200007,38.18039745400006],[13.311261752000064,38.18029335500006],[13.311558630000036,38.180195817000026],[13.311858871000027,38.180104920000076],[13.312162236000063,38.18002073400004],[13.312468484000021,38.179943328000036],[13.312777374000063,38.17987276100007],[13.313088658000026,38.17980909000005],[13.313402091000057,38.17975236600006],[13.313717423000071,38.17970263400008],[13.31403440500003,38.17965993200005],[13.31435278500004,38.17962429600004],[13.314672310000049,38.17959575300006],[13.31499272700006,38.17957432600008],[13.315313781000043,38.17956003200004],[13.315635218000068,38.17955288200005],[13.315956782000058,38.17955288200005]]]}},{"type":"Feature","properties":{"service_id":10,"population_total":23180.52,"thiessen_area_km2":2.173},"geometry":{"type":"Polygon","coordinates":[[[13.338088808000066,38.15629411300006],[13.337728097000024,38.15677818100005],[13.337643491000051,38.156884441000045],[13.336924312000065,38.15769082200006],[13.336153511000077,38.15857988100004],[13.33568500900003,38.15919450300004],[13.335504308000054,38.15946014100007],[13.335023976000059,38.16016624300005],[13.335014370000067,38.16017876300003],[13.33493154000007,38.16020929500007],[13.334636525000064,38.160310147000075],[13.334338027000058,38.16040439500006],[13.334036285000025,38.16049196600005],[13.333731537000062,38.16057278900007],[13.333424026000046,38.16064680100004],[13.333113995000076,38.16071394200003],[13.332801691000043,38.160774160000074],[13.332487362000052,38.160827407000056],[13.332171258000074,38.160873640000034],[13.331853629000022,38.16091282200006],[13.331534727000076,38.160944923000045],[13.331214807000038,38.160969917000045],[13.330894122000075,38.16098778300005],[13.330572926000059,38.16099850900008],[13.330251475000068,38.161002085000064],[13.329930024000078,38.16099850900008],[13.329608828000062,38.16098778300005],[13.329288143000042,38.160969917000045],[13.32896822300006,38.160944923000045],[13.328649321000057,38.16091282200006],[13.328331692000063,38.160873640000034],[13.328015588000028,38.160827407000056],[13.327701259000037,38.160774160000074],[13.32738895500006,38.16071394200003],[13.327358342000025,38.160707312000056],[13.327078924000034,38.16064680100004],[13.326771413000074,38.16057278900007],[13.326466665000055,38.16049196600005],[13.326164923000022,38.16040439500006],[13.325866425000072,38.160310147000075],[13.325571410000066,38.16020929500007],[13.325431041000058,38.16015755400008],[13.320773719000044,38.152276906000054],[13.319230274000063,38.14966524500005],[13.319315446000076,38.149426712000036],[13.319411359000071,38.14918444700004],[13.319515875000036,38.14894441200005],[13.319554681000056,38.14886283800007],[13.320034963000069,38.14881597800007],[13.339662490000023,38.146900963000064],[13.339675141000043,38.14691516900007],[13.339852562000033,38.147126824000054],[13.339944689000049,38.147243755000034],[13.340022364000049,38.14734234300005],[13.340184410000063,38.14756155300006],[13.340338573000054,38.14778428000005],[13.340484730000071,38.14801035000005],[13.340622765000035,38.14823958000005],[13.340752569000074,38.14847179100008],[13.340874038000038,38.148706797000045],[13.340987075000044,38.14894441200005],[13.341091591000065,38.14918444700004],[13.341187504000061,38.149426712000036],[13.34127473600006,38.149671014000035],[13.341353218000052,38.14991716000003],[13.341422888000068,38.15016495500004],[13.341483691000064,38.150414201000046],[13.341535578000048,38.15066470000005],[13.341578508000055,38.15091625500003],[13.341612447000045,38.15116866400007],[13.341637368000022,38.15142172900005],[13.341653250000036,38.15167524700007],[13.341660082000033,38.15192901800003],[13.34165785700003,38.15218284100007],[13.341646578000052,38.152436513000055],[13.341626253000072,38.15268983300007],[13.341596898000034,38.15294260100006],[13.341558536000036,38.153194615000075],[13.341511199000024,38.15344567600005],[13.341454922000025,38.15369558400005],[13.341389752000055,38.15394414100007],[13.341315739000038,38.15419115000003],[13.341232942000033,38.15443641400003],[13.341141427000025,38.15467973900007],[13.341041266000047,38.15492093100005],[13.34093254000004,38.155159799000046],[13.340815333000023,38.15539615400007],[13.340689739000027,38.15562980800007],[13.340555859000062,38.15586057500008],[13.340516355000034,38.15592389200003],[13.338716186000056,38.155429165000044],[13.338088808000066,38.15629411300006]]]}},{"type":"Feature","properties":{"service_id":11,"population_total":15840.81,"thiessen_area_km2":1.7909},"geometry":{"type":"Polygon","coordinates":[[[13.332862717000069,38.136088131000065],[13.333198077000077,38.13659034700004],[13.338556935000042,38.14461547900004],[13.340057362000039,38.14686243600005],[13.339662490000023,38.146900963000064],[13.320034963000069,38.14881597800007],[13.31993114900007,38.14869579500004],[13.31975757300006,38.148482159000025],[13.31975009100006,38.148472353000045],[13.31959168800006,38.14826474500006],[13.319433626000034,38.14804372800006],[13.319283513000073,38.14781928100007],[13.319141467000065,38.147591584000054],[13.319007601000067,38.14736081700005],[13.318882022000025,38.14712716300005],[13.318764828000042,38.14689080800008],[13.318656114000078,38.14665193900004],[13.31855596400004,38.14641074700006],[13.31846446000003,38.14616742100003],[13.318381672000044,38.14592215700003],[13.318307668000045,38.145675148000066],[13.318242504000068,38.145426591000046],[13.318186234000052,38.145176682000056],[13.318138902000044,38.14492562100003],[13.31810054500005,38.144673606000026],[13.318071193000037,38.14442083800003],[13.318050870000036,38.14416751700003],[13.318039592000048,38.14391384500004],[13.318037368000034,38.14366002200006],[13.318044199000042,38.143406251000044],[13.318060079000077,38.14315273200003],[13.318084997000028,38.14289966700005],[13.318118932000061,38.14264725700008],[13.318161858000053,38.142395703000034],[13.318174395000028,38.14233517100007],[13.320836998000061,38.14082051300005],[13.327229346000024,38.137184140000045],[13.329333451000025,38.13598719100003],[13.329820968000035,38.13596810000007],[13.332707094000057,38.135855079000066],[13.332862717000069,38.136088131000065]]]}},{"type":"Feature","properties":{"service_id":12,"population_total":7678.84,"thiessen_area_km2":2.7199},"geometry":{"type":"Polygon","coordinates":[[[13.325431041000058,38.16015755400008],[13.326975532000063,38.162770986000055],[13.326936709000051,38.16288597600004],[13.326845184000035,38.163129301000026],[13.32674501200006,38.16337049300006],[13.32663627200003,38.163609361000056],[13.326519052000037,38.163845715000036],[13.326393444000075,38.164079368000046],[13.326259548000053,38.16431013500005],[13.326117469000053,38.164537831000075],[13.325967322000054,38.16476227700008],[13.325809224000068,38.16498329400008],[13.32564330100007,38.165200707000054],[13.32546968500003,38.165414342000076],[13.325288514000022,38.16562403100005],[13.325099932000057,38.165829607000035],[13.32490408700005,38.16603090700005],[13.324701137000034,38.166227770000035],[13.324491241000032,38.16642004100004],[13.324274566000042,38.16660756600004],[13.324051284000063,38.16679019800006],[13.323821573000032,38.16696779100005],[13.32358561500007,38.16714020300003],[13.323343598000065,38.16730729900007],[13.323095712000054,38.16746894400006],[13.322842156000036,38.16762501200003],[13.322583130000055,38.167775378000044],[13.322318840000037,38.167919923000056],[13.322049496000034,38.16805853100004],[13.321775312000057,38.168191093000075],[13.321496505000027,38.16831750400007],[13.321213297000043,38.16843766300008],[13.320925913000053,38.16855147500007],[13.320634580000046,38.16865884900005],[13.320339531000059,38.168759701000056],[13.32004099900007,38.16885394900004],[13.319739222000067,38.16894151900004],[13.319434439000077,38.16902234300005],[13.319126892000043,38.16909635400003],[13.318816825000056,38.16916349600007],[13.318504486000052,38.169223714000054],[13.318190120000054,38.16927696000005],[13.317873979000069,38.169323193000025],[13.317556314000058,38.16936237500005],[13.317237375000047,38.169394476000036],[13.31691741800006,38.16941947000004],[13.316596696000033,38.169437336000044],[13.316275463000068,38.16944806200007],[13.31595397500007,38.169451638000055],[13.315632487000073,38.16944806200007],[13.31531125400005,38.169437336000044],[13.314990532000024,38.16941947000004],[13.314670575000036,38.169394476000036],[13.314351636000026,38.16936237500005],[13.314033971000072,38.169323193000025],[13.31371783000003,38.16927696000005],[13.313403464000032,38.169223714000054],[13.313091125000028,38.16916349600007],[13.312781058000041,38.16909635400003],[13.312473511000064,38.16902234300005],[13.312168728000074,38.16894151900004],[13.31186695100007,38.16885394900004],[13.311568419000025,38.168759701000056],[13.311273370000038,38.16865884900005],[13.31098203700003,38.16855147500007],[13.310694653000041,38.16843766300008],[13.310411445000057,38.16831750400007],[13.310132638000027,38.168191093000075],[13.30985845400005,38.16805853100004],[13.309589110000047,38.167919923000056],[13.309324820000029,38.167775378000044],[13.309065794000048,38.16762501200003],[13.30881223800003,38.16746894400006],[13.308564352000076,38.16730729900007],[13.30832233500007,38.16714020300003],[13.308086377000052,38.16696779100005],[13.307856666000077,38.16679019800006],[13.307633384000042,38.16660756600004],[13.307416709000051,38.16642004100004],[13.30720681300005,38.166227770000035],[13.307003863000034,38.16603090700005],[13.306808018000027,38.165829607000035],[13.306619436000062,38.16562403100005],[13.306438265000054,38.165414342000076],[13.30626464900007,38.165200707000054],[13.306098726000073,38.16498329400008],[13.30594062800003,38.16476227700008],[13.305790481000031,38.164537831000075],[13.305648402000031,38.16431013500005],[13.305514506000065,38.164079368000046],[13.305388898000047,38.163845715000036],[13.305271678000054,38.163609361000056],[13.305162938000024,38.16337049300006],[13.305062766000049,38.163129301000026],[13.304971241000032,38.16288597600004],[13.304888434000077,38.16264071300003],[13.304814413000031,38.16239370400007],[13.304749235000031,38.162145148000036],[13.304692952000039,38.161895240000035],[13.304645609000033,38.161644179000064],[13.304607243000078,38.16139216500005],[13.304577885000072,38.161139398000046],[13.304557557000066,38.16088607800003],[13.304546277000043,38.16063240600005],[13.30454405200004,38.16037858400006],[13.304550884000037,38.16012481300004],[13.30456676800003,38.15987129500007],[13.304570554000065,38.15983285200008],[13.305214585000044,38.159880814000076],[13.305641915000024,38.16011717500004],[13.306012188000068,38.16008769300004],[13.306273450000049,38.160066880000045],[13.30680062700003,38.15976367500008],[13.306940945000065,38.15968296800003],[13.306994752000037,38.159629159000076],[13.307306938000067,38.159316973000045],[13.306473634000042,38.15914161000006],[13.30553820800003,38.15931374000007],[13.304976285000066,38.15918301500005],[13.304789547000041,38.15913957200007],[13.304675006000025,38.159083201000044],[13.304720463000024,38.15886376900005],[13.30478127300006,38.15861452300004],[13.304850951000049,38.15836672900008],[13.304929443000049,38.15812058400007],[13.305016685000055,38.15787628100003],[13.305112608000059,38.15763401700008],[13.305217136000067,38.15739398200003],[13.305330187000038,38.15715636700003],[13.305451669000036,38.15692136200005],[13.305517611000028,38.156803410000066],[13.307814940000071,38.15769071700004],[13.309306239000023,38.158298812000055],[13.30953050100004,38.15811535700004],[13.309689823000042,38.15798504700007],[13.310181128000067,38.15789558200004],[13.311067065000032,38.15823504700006],[13.311248352000064,38.15812626500008],[13.31173571100004,38.158207540000035],[13.312768583000036,38.15747985300004],[13.312499270000046,38.15691908100007],[13.312234390000071,38.156982096000036],[13.310923136000042,38.15713402400007],[13.310947597000052,38.15688933200005],[13.31171779500005,38.156536569000025],[13.311288278000063,38.155579947000035],[13.311013810000077,38.15565024600005],[13.310851367000055,38.15535089400004],[13.310583458000053,38.15432234600007],[13.310534248000067,38.15423574600004],[13.310077187000047,38.15343143800004],[13.309644244000026,38.153031670000075],[13.30945797000004,38.15303626200006],[13.309724448000054,38.15289487800004],[13.309996205000061,38.15275930700005],[13.310272690000033,38.15262983500003],[13.31055368400007,38.15250656400008],[13.310838963000037,38.15238959200008],[13.311128301000053,38.152279012000065],[13.311421468000049,38.15217491200008],[13.311718232000032,38.152077374000044],[13.312018358000046,38.15198647600005],[13.312321606000069,38.151902291000056],[13.31262773700007,38.151824883000074],[13.312936508000064,38.15175431600005],[13.313247673000035,38.15169064500003],[13.313560985000038,38.15163392100004],[13.31387619700007,38.15158418800007],[13.314193057000068,38.15154148700003],[13.314511314000072,38.151505850000035],[13.314830717000063,38.15147730700005],[13.315151010000022,38.15145588000007],[13.315471941000055,38.15144158600003],[13.315793255000074,38.151434436000045],[13.316114695000067,38.151434436000045],[13.316436009000029,38.15144158600003],[13.316756940000062,38.15145588000007],[13.317077233000077,38.15147730700005],[13.317396636000069,38.151505850000035],[13.317714893000073,38.15154148700003],[13.31803175300007,38.15158418800007],[13.318346965000046,38.15163392100004],[13.318660277000049,38.15169064500003],[13.31884825000003,38.15172910800004],[13.318971442000077,38.15175431600005],[13.31928021300007,38.151824883000074],[13.319586344000072,38.151902291000056],[13.319889592000038,38.15198647600005],[13.320189718000051,38.152077374000044],[13.320486482000035,38.15217491200008],[13.320773719000044,38.152276906000054],[13.325431041000058,38.16015755400008]]]}},{"type":"Feature","properties":{"service_id":13,"population_total":23437.23,"thiessen_area_km2":2.3712},"geometry":{"type":"MultiPolygon","coordinates":[[[[13.303871439000034,38.137536700000055],[13.303483374000052,38.13761279800008],[13.30341747400007,38.138365872000065],[13.30335364900003,38.13868424100008],[13.303063678000058,38.139021607000075],[13.302723631000049,38.13908352100003],[13.302655018000053,38.13978517800007],[13.302542795000022,38.13969838500003],[13.302319597000064,38.13951575200008],[13.302103002000024,38.13932822600003],[13.301893183000061,38.13913595400004],[13.301690308000047,38.138939090000065],[13.301494536000064,38.13873778900006],[13.301306023000052,38.138532213000076],[13.301124919000074,38.138322523000056],[13.300951367000039,38.138108886000055],[13.300785506000068,38.137891473000025],[13.300627467000027,38.137670455000034],[13.300477374000025,38.13744600800004],[13.300335348000033,38.13721831000004],[13.30020150200005,38.13698754300003],[13.300075940000056,38.136753888000044],[13.299958763000063,38.136517533000074],[13.299850064000054,38.13627866400003],[13.299769046000051,38.13608351700003],[13.300020954000047,38.13597776100005],[13.300643574000048,38.13589765200004],[13.301147812000067,38.135244096000065],[13.301290747000053,38.13516448000007],[13.30147620400004,38.13527854900008],[13.301671020000072,38.135801137000044],[13.301481762000037,38.135850376000064],[13.301134319000028,38.136231477000024],[13.301820289000034,38.136664643000074],[13.301590861000022,38.13682468300004],[13.302079603000038,38.13683917700007],[13.302557414000034,38.13692034500008],[13.302846055000032,38.13696850100007],[13.303044622000073,38.13700162900005],[13.303421697000033,38.13697283600004],[13.303842404000022,38.136926981000045],[13.304108727000028,38.13691720500003],[13.305398595000042,38.13627527700004],[13.305723193000063,38.136682145000066],[13.304400600000065,38.13745781700004],[13.304320219000033,38.137372319000065],[13.303871439000034,38.137536700000055]]],[[[13.30371251300005,38.14014557100006],[13.30381346400003,38.14056920000007],[13.303751477000048,38.140533203000075],[13.30349801400007,38.14037713400006],[13.303250221000042,38.140215487000034],[13.30313893500005,38.14013862400003],[13.30371251300005,38.14014557100006]]],[[[13.315894486000047,38.14134585700003],[13.315607209000063,38.141459670000074],[13.315315984000051,38.141567044000055],[13.315021044000048,38.14166789600006],[13.314722622000033,38.14176214500003],[13.314420957000038,38.141849716000024],[13.314116286000058,38.14193053900004],[13.313808853000069,38.14200455200006],[13.313498902000049,38.14207169300005],[13.313186677000033,38.142131911000035],[13.312872428000048,38.142185158000075],[13.312556404000077,38.14223139100005],[13.312238856000022,38.142270573000076],[13.31192003600006,38.142302674000064],[13.311600197000075,38.142327668000064],[13.311279593000052,38.14234553500006],[13.310958479000021,38.14235626100003],[13.310637110000073,38.14235983700007],[13.310315741000068,38.14235626100003],[13.309994627000037,38.14234553500006],[13.30967402300007,38.142327668000064],[13.309354184000028,38.142302674000064],[13.309035364000067,38.142270573000076],[13.308717816000069,38.14223139100005],[13.30840179200004,38.142185158000075],[13.308087543000056,38.142131911000035],[13.30777531800004,38.14207169300005],[13.307465367000077,38.14200455200006],[13.307157934000031,38.14193053900004],[13.30685326300005,38.141849716000024],[13.306593975000055,38.141774447000046],[13.306304003000037,38.14125887000006],[13.30580714100006,38.14144393300006],[13.305751820000069,38.14149093900005],[13.305667011000025,38.141459670000074],[13.305379734000041,38.14134585700003],[13.305096630000037,38.14122569800003],[13.304980366000052,38.14117296400008],[13.305002221000052,38.141160841000044],[13.304677559000027,38.14037848100003],[13.304771864000031,38.14013351400007],[13.305437350000034,38.13956122500008],[13.30565912700007,38.13828516500007],[13.304678326000044,38.13857189700008],[13.30458145800003,38.13832141000006],[13.305774124000038,38.13787354100003],[13.30594295800006,38.13734792500003],[13.306150497000033,38.13732121100003],[13.306928336000055,38.137443820000044],[13.306919523000033,38.13738698000003],[13.306830083000023,38.136811228000056],[13.306533887000057,38.13619808100003],[13.305948780000051,38.13546937800004],[13.305820531000052,38.13532550900004],[13.305499567000027,38.134965400000056],[13.30541630700003,38.134767716000056],[13.305392580000046,38.13471138800003],[13.304837500000076,38.13471823000003],[13.304635081000072,38.13493064600004],[13.304361726000025,38.13495639700005],[13.303694844000063,38.13491707500003],[13.303464035000047,38.13513648900005],[13.302894758000036,38.135351042000025],[13.302524959000039,38.13547934200005],[13.302377792000073,38.13533612900005],[13.302770500000065,38.13502994700008],[13.303227316000061,38.134798938000074],[13.303431007000029,38.13412617300003],[13.30398778700004,38.13404510500004],[13.304011227000046,38.13384496100008],[13.303465112000026,38.133465810000075],[13.302849914000035,38.132980899000074],[13.302726174000043,38.132883363000076],[13.302345513000034,38.13266995400005],[13.29965186100003,38.13577466100003],[13.299575661000063,38.135548880000044],[13.299501667000072,38.135301871000024],[13.299436513000046,38.13505331300007],[13.29938025100006,38.134803404000024],[13.299332926000034,38.13455234200006],[13.299294574000044,38.13430032700006],[13.299265226000045,38.13404755900007],[13.29924490600007,38.133794237000075],[13.29923363000006,38.13354056500003],[13.299231406000047,38.13328674100006],[13.299238236000065,38.133032970000045],[13.299254114000064,38.132779450000044],[13.299279028000058,38.13252638500006],[13.29931295800003,38.13227397500003],[13.299355878000028,38.132022419000066],[13.299407751000047,38.13177191900007],[13.299468539000031,38.131522672000074],[13.299538191000067,38.13127487700007],[13.299616654000033,38.131028730000025],[13.299703863000047,38.13078442700004],[13.299799751000023,38.13054216100005],[13.299904241000036,38.13030212500007],[13.300017250000053,38.13006451000007],[13.300138687000072,38.12982950300005],[13.300268458000062,38.12959729200003],[13.300406458000054,38.12936806000005],[13.300552578000065,38.12914199000005],[13.300706701000024,38.12891926200007],[13.300868707000063,38.12870005100007],[13.301038465000033,38.12848453200007],[13.301215841000044,38.12827287600004],[13.30140069500004,38.128065251000066],[13.301592879000054,38.12786182200006],[13.301792241000044,38.12766275000007],[13.301998622000042,38.12746819300003],[13.302211859000067,38.12727830600005],[13.302431783000031,38.12709323900003],[13.302658218000033,38.12691313900007],[13.302890986000023,38.12673814900006],[13.303129901000034,38.126568408000026],[13.30337477300003,38.126404051000065],[13.303625409000063,38.12624520700007],[13.303881610000076,38.12609200400004],[13.304143171000021,38.125944563000076],[13.30440988600003,38.125803000000076],[13.304681543000072,38.12566742900003],[13.304957926000043,38.12553795600007],[13.305238815000052,38.12541468400008],[13.30552398900005,38.125297712000076],[13.305813220000061,38.125187131000075],[13.306106279000062,38.12508303100003],[13.306402933000072,38.124985493000054],[13.306702948000066,38.12489459400007],[13.307006084000022,38.12481040800003],[13.307312102000026,38.12473300000005],[13.307620758000041,38.124662433000026],[13.307931808000035,38.12459876200006],[13.30824500500006,38.124542037000026],[13.308560100000022,38.12449230400006],[13.308876843000064,38.12444960300007],[13.309194983000054,38.12441396600008],[13.309514267000054,38.124385423000035],[13.309834442000067,38.12436399500007],[13.310155254000051,38.12434970100003],[13.310476449000078,38.12434255100004],[13.310797771000068,38.12434255100004],[13.311118966000038,38.12434970100003],[13.311439778000022,38.12436399500007],[13.311759953000035,38.124385423000035],[13.312079237000034,38.12441396600008],[13.312397377000025,38.12444960300007],[13.312714120000066,38.12449230400006],[13.313029215000029,38.124542037000026],[13.313342412000054,38.12459876200006],[13.313653462000048,38.124662433000026],[13.313962118000063,38.12473300000005],[13.314268136000067,38.12481040800003],[13.314571272000023,38.12489459400007],[13.314871287000074,38.124985493000054],[13.315167941000027,38.12508303100003],[13.315281038000023,38.12512320500008],[13.315461000000028,38.125187131000075],[13.315750231000038,38.125297712000076],[13.315834950000067,38.125332462000074],[13.317542168000045,38.13995653400008],[13.317603671000029,38.14048337200006],[13.31752274300004,38.140533203000075],[13.317263813000068,38.14068356900003],[13.316999621000036,38.140828114000044],[13.316730376000066,38.140966723000076],[13.316456293000044,38.14109928600004],[13.316177590000052,38.14122569800003],[13.315894486000047,38.14134585700003]]]]}},{"type":"Feature","properties":{"service_id":14,"population_total":24116.38,"thiessen_area_km2":3.0419},"geometry":{"type":"Polygon","coordinates":[[[13.33629036900004,38.104328046000035],[13.33648714900005,38.105555270000025],[13.336468074000038,38.10561181300005],[13.336376620000067,38.105855140000074],[13.336276526000063,38.10609633400003],[13.336167872000033,38.10633520500005],[13.336050743000044,38.10657156100007],[13.335925233000069,38.106805217000044],[13.335791442000072,38.10703598600003],[13.335649474000036,38.10726368400003],[13.33549944400005,38.10748813200007],[13.33534146900007,38.10770915200004],[13.335175676000063,38.10792656600006],[13.335002196000062,38.10814020400005],[13.33482116600004,38.10834989500006],[13.334632731000056,38.108555473000024],[13.334437040000068,38.10875677400003],[13.33423424700004,38.10895363900005],[13.334024515000067,38.10914591200003],[13.333808010000041,38.10933343900007],[13.33358490300003,38.109516073000066],[13.333355371000039,38.109693667000045],[13.333119598000053,38.109866081000064],[13.33287776900005,38.11003317800004],[13.332630077000033,38.110194825000065],[13.332376719000024,38.11035089500007],[13.332117895000067,38.11050126200007],[13.331853812000077,38.11064580800007],[13.33158467800007,38.11078441800004],[13.331310708000046,38.11091698100006],[13.331032119000042,38.111043393000045],[13.33074913200005,38.11116355400003],[13.33046197300007,38.11127736700007],[13.330170868000039,38.11138474200004],[13.329876049000063,38.111485594000044],[13.329577751000045,38.11157984300007],[13.329276209000056,38.111667415000056],[13.32897166400005,38.111748239000065],[13.328664358000026,38.111822251000035],[13.328354533000038,38.11188939300007],[13.328042438000068,38.111949612000046],[13.327728318000027,38.11200285900003],[13.327412424000045,38.11204909200006],[13.327095007000025,38.11208827400003],[13.326776318000043,38.112120375000075],[13.326456610000037,38.112145369000075],[13.326136139000027,38.11216323600007],[13.325815157000022,38.11217396200004],[13.325493920000042,38.11217753900007],[13.325172683000062,38.11217396200004],[13.324851701000057,38.11216323600007],[13.324531230000048,38.112145369000075],[13.324211522000041,38.112120375000075],[13.323892833000059,38.11208827400003],[13.32357541600004,38.11204909200006],[13.323259522000058,38.11200285900003],[13.322945402000073,38.111949612000046],[13.322633307000046,38.11188939300007],[13.322323482000058,38.111822251000035],[13.322016176000034,38.111748239000065],[13.321711631000028,38.111667415000056],[13.32141008900004,38.11157984300007],[13.321111791000021,38.111485594000044],[13.320816972000046,38.11138474200004],[13.320525867000072,38.11127736700007],[13.320238708000034,38.11116355400003],[13.319955721000042,38.111043393000045],[13.319677132000038,38.11091698100006],[13.319403162000071,38.11078441800004],[13.319134028000065,38.11064580800007],[13.318869945000074,38.11050126200007],[13.31861112100006,38.11035089500007],[13.318357763000051,38.110194825000065],[13.318110071000035,38.11003317800004],[13.317868242000031,38.109866081000064],[13.317632469000046,38.109693667000045],[13.317402937000054,38.109516073000066],[13.317179830000043,38.10933343900007],[13.316963325000074,38.10914591200003],[13.316753593000044,38.10895363900005],[13.316550800000073,38.10875677400003],[13.316355109000028,38.108555473000024],[13.316166674000044,38.10834989500006],[13.315985644000023,38.10814020400005],[13.315812164000022,38.10792656600006],[13.31564637100007,38.10770915200004],[13.315592361000029,38.107633588000056],[13.315595994000034,38.107632057000046],[13.316176205000033,38.107490753000036],[13.316266718000065,38.10746870000003],[13.316575959000033,38.107441695000034],[13.315751731000034,38.10648641800003],[13.316841089000036,38.10586518300005],[13.316744822000032,38.10572228900003],[13.31561849600007,38.105352337000056],[13.315470299000026,38.10530304400004],[13.316507927000032,38.10476756800006],[13.317046521000066,38.104287826000075],[13.317595080000046,38.10374129300004],[13.317902252000067,38.103435244000025],[13.317037586000026,38.103375680000056],[13.316106158000025,38.10318935500004],[13.315561026000069,38.103087198000026],[13.315382971000076,38.10354994100004],[13.315565283000069,38.10364977200004],[13.315459357000066,38.10424362900005],[13.31634157600007,38.10468155700005],[13.315624936000063,38.10507224600008],[13.315056998000045,38.105015507000076],[13.31506343600006,38.10473613600004],[13.314786603000073,38.10473215500008],[13.314788836000048,38.104634995000026],[13.314496341000051,38.104642934000026],[13.314249326000038,38.10465497900003],[13.314241694000032,38.10462106700004],[13.314194388000033,38.10437000400003],[13.314156052000044,38.10411798800004],[13.314126716000033,38.10386521800007],[13.314106405000075,38.10361189500003],[13.314095133000023,38.103358221000065],[13.314092909000067,38.10310439700004],[13.31409973600006,38.10285062400004],[13.314115608000066,38.10259710300005],[13.314140512000051,38.102344036000034],[13.314174428000058,38.10209162500007],[13.314217330000076,38.10184006800006],[13.314269182000032,38.101589567000076],[13.314329945000054,38.10134031900003],[13.314399568000056,38.101092522000044],[13.31447799800003,38.10084637400007],[13.314565172000073,38.10060206900005],[13.314661021000063,38.10035980200007],[13.31476546700003,38.100119765000045],[13.314878429000032,38.09988214800006],[13.314999817000057,38.09964714000006],[13.31512953400005,38.099414928000044],[13.315267477000077,38.099185695000074],[13.31541353700004,38.09895962400003],[13.31556759700004,38.09873689400007],[13.315729536000049,38.09851768300007],[13.315899224000077,38.09830216300003],[13.316076528000053,38.09809050600006],[13.316261305000069,38.09788288000004],[13.316453410000065,38.097679449000054],[13.316652690000069,38.09748037600008],[13.316858986000057,38.097285818000046],[13.317072135000046,38.09709593000008],[13.317291969000053,38.09691086200007],[13.317518311000072,38.09673076100006],[13.317750983000053,38.096555770000066],[13.317989799000031,38.09638602800004],[13.318234571000062,38.096221670000034],[13.318485104000047,38.096062826000036],[13.318741199000044,38.09590962200008],[13.319002653000041,38.095762180000065],[13.319269258000077,38.095620616000076],[13.319540803000052,38.09548504400004],[13.319817072000035,38.09535557100003],[13.320097846000067,38.09523229800004],[13.320382902000063,38.09511532500005],[13.320672014000024,38.09500474400005],[13.320964953000043,38.094900643000074],[13.321261485000036,38.09480310500004],[13.321561376000034,38.094712206000054],[13.321864388000051,38.09462801900003],[13.322170280000023,38.094550611000045],[13.322478809000074,38.09448004300003],[13.322789731000057,38.09441637200007],[13.323102799000026,38.09435964700003],[13.323417764000055,38.094309914000064],[13.32373437700005,38.094267212000034],[13.324052386000062,38.09423157500004],[13.324371539000026,38.09420303100006],[13.32469158200007,38.09418160400003],[13.325012263000076,38.094167310000046],[13.325333325000031,38.09416016000006],[13.325654515000053,38.09416016000006],[13.325975577000065,38.094167310000046],[13.32629625800007,38.09418160400003],[13.326616301000058,38.09420303100006],[13.326935454000022,38.09423157500004],[13.327253463000034,38.094267212000034],[13.327570076000029,38.094309914000064],[13.327885041000059,38.09435964700003],[13.328198109000027,38.09441637200007],[13.328509031000067,38.09448004300003],[13.328817560000061,38.094550611000045],[13.329123452000033,38.09462801900003],[13.32942646400005,38.094712206000054],[13.329726355000048,38.09480310500004],[13.330022887000041,38.094900643000074],[13.33031582600006,38.09500474400005],[13.330604938000022,38.09511532500005],[13.330889994000074,38.09523229800004],[13.33117076800005,38.09535557100003],[13.331447037000032,38.09548504400004],[13.331718582000065,38.095620616000076],[13.331985187000043,38.095762180000065],[13.33224664100004,38.09590962200008],[13.332502736000038,38.096062826000036],[13.332753269000023,38.096221670000034],[13.332998041000053,38.09638602800004],[13.333236857000031,38.096555770000066],[13.33346952900007,38.09673076100006],[13.333695871000032,38.09691086200007],[13.333915705000038,38.09709593000008],[13.334128854000028,38.097285818000046],[13.334335150000072,38.09748037600008],[13.334534430000076,38.097679449000054],[13.334726535000073,38.09788288000004],[13.334911312000031,38.09809050600006],[13.33498237200007,38.098175334000075],[13.335088616000064,38.09830216300003],[13.335258304000035,38.09851768300007],[13.335386534000065,38.098691264000024],[13.33629036900004,38.104328046000035]]]}},{"type":"Feature","properties":{"service_id":15,"population_total":10022.94,"thiessen_area_km2":1.4646},"geometry":{"type":"Polygon","coordinates":[[[13.328583231000039,38.134741218000045],[13.329333451000025,38.13598719100003],[13.327229346000024,38.137184140000045],[13.320836998000061,38.14082051300005],[13.320820707000053,38.14081850300005],[13.320504689000074,38.14077227000007],[13.320190446000026,38.14071902300003],[13.31987822800005,38.140658805000044],[13.319568282000034,38.140591664000056],[13.319260855000039,38.14051765200003],[13.318956190000051,38.14043682800008],[13.31884109200007,38.14040341500004],[13.31865453000006,38.140349257000025],[13.318356115000029,38.140255008000054],[13.31809570400003,38.14016596100004],[13.31806118000003,38.14015415600005],[13.317769961000067,38.14004678200007],[13.317542168000045,38.13995653400008],[13.315834950000067,38.125332462000074],[13.315773420000028,38.12480539300003],[13.315984594000042,38.12467911300007],[13.31624615000004,38.12453167100006],[13.316512860000046,38.12439010800006],[13.316784511000037,38.12425453700007],[13.31706088900006,38.124125064000054],[13.317341773000066,38.12400179200006],[13.317626941000071,38.12388482000006],[13.317916167000021,38.123774239000056],[13.318209220000028,38.12367013900007],[13.318505869000035,38.123572601000035],[13.318805878000035,38.12348170200005],[13.319109008000055,38.12339751600007],[13.319278642000029,38.12335460600008],[13.319415020000065,38.12332010800003],[13.31972367000003,38.123249541000064],[13.32003471400003,38.12318587000004],[13.320347905000062,38.123129145000064],[13.320662994000031,38.12307941200004],[13.320979731000023,38.123036710000065],[13.321297865000076,38.12300107400006],[13.32150324500003,38.122982713000056],[13.328583231000039,38.134741218000045]]]}},{"type":"Feature","properties":{"service_id":16,"population_total":27285.42,"thiessen_area_km2":1.7976},"geometry":{"type":"Polygon","coordinates":[[[13.328999972000076,38.11925713100004],[13.329321144000062,38.11926428100003],[13.329641934000051,38.11927857500007],[13.32996208700007,38.119300003000035],[13.330281349000074,38.11932854600008],[13.33059946700007,38.11936418300007],[13.33091618800006,38.119406885000046],[13.331231261000028,38.119456617000026],[13.331544436000058,38.11951334200006],[13.331855464000057,38.119577013000026],[13.332164099000067,38.11964758100004],[13.332470096000065,38.119724989000076],[13.332773211000074,38.11980917500006],[13.333073205000062,38.11990007400004],[13.333369839000056,38.11999761200008],[13.333662878000041,38.120101712000064],[13.333952089000036,38.120212293000066],[13.334237242000029,38.120329265000066],[13.334518113000058,38.12045253700006],[13.33479447600007,38.12058201000008],[13.335066114000028,38.120717582000054],[13.335332810000068,38.120859144000065],[13.335594354000023,38.12100658600008],[13.335850536000066,38.121159789000046],[13.336101155000051,38.121318633000044],[13.336346011000046,38.12148299000006],[13.336584909000067,38.12165273100004],[13.336817660000065,38.121827721000045],[13.337044080000055,38.12200782100007],[13.337263989000064,38.122192889000075],[13.337477211000078,38.12238277600005],[13.337683578000053,38.12257733300004],[13.337848776000044,38.12274230300005],[13.337769974000025,38.123440247000076],[13.337323790000028,38.12739206700007],[13.337194956000076,38.12853313900007],[13.334534654000038,38.13287341800003],[13.33383983400006,38.134007015000066],[13.333112439000047,38.13519375900006],[13.332707094000057,38.135855079000066],[13.329820968000035,38.13596810000007],[13.329333451000025,38.13598719100003],[13.328583231000039,38.134741218000045],[13.32150324500003,38.122982713000056],[13.320825027000069,38.12185632200004],[13.320860984000035,38.121827721000045],[13.321093735000034,38.12165273100004],[13.321332633000054,38.12148299000006],[13.321577489000049,38.121318633000044],[13.321828108000034,38.121159789000046],[13.322084290000078,38.12100658600008],[13.322345834000032,38.120859144000065],[13.322612530000072,38.120717582000054],[13.32288416800003,38.12058201000008],[13.323160531000042,38.12045253700006],[13.323441402000071,38.120329265000066],[13.323726555000064,38.120212293000066],[13.324015766000059,38.120101712000064],[13.324308805000044,38.11999761200008],[13.324605439000038,38.11990007400004],[13.324905433000026,38.11980917500006],[13.325208548000035,38.119724989000076],[13.325514545000033,38.11964758100004],[13.325823180000043,38.119577013000026],[13.326134208000042,38.11951334200006],[13.326447383000072,38.119456617000026],[13.32676245600004,38.119406885000046],[13.32707917700003,38.11936418300007],[13.327397295000026,38.11932854600008],[13.32771655700003,38.119300003000035],[13.328036710000049,38.11927857500007],[13.328357500000038,38.11926428100003],[13.328678672000024,38.11925713100004],[13.328999972000076,38.11925713100004]]]}},{"type":"Feature","properties":{"service_id":17,"population_total":17656.91,"thiessen_area_km2":1.2496},"geometry":{"type":"Polygon","coordinates":[[[13.339888342000052,38.130498025000065],[13.342311258000052,38.13226559700007],[13.344031404000077,38.13352048200005],[13.346327445000043,38.13519549600005],[13.344658073000062,38.139124382000034],[13.343818623000061,38.14110003600007],[13.342233488000034,38.14483067000003],[13.342188650000026,38.14483417400004],[13.341868035000061,38.144852041000036],[13.341546910000034,38.14486276700006],[13.341225530000031,38.14486634300005],[13.340904150000028,38.14486276700006],[13.340760767000063,38.14485797800006],[13.340583025000058,38.144852041000036],[13.340371602000062,38.144840259000034],[13.340262410000037,38.14483417400004],[13.339942560000054,38.14480918000004],[13.339623729000039,38.14477708000004],[13.339306170000043,38.14473789700003],[13.338990135000074,38.14469166400005],[13.338675876000025,38.144638418000056],[13.338556935000042,38.14461547900004],[13.333198077000077,38.13659034700004],[13.332862717000069,38.136088131000065],[13.332707094000057,38.135855079000066],[13.333112439000047,38.13519375900006],[13.33383983400006,38.134007015000066],[13.334534654000038,38.13287341800003],[13.337194956000076,38.12853313900007],[13.339888342000052,38.130498025000065]]]}},{"type":"Feature","properties":{"service_id":18,"population_total":28011.73,"thiessen_area_km2":1.7043},"geometry":{"type":"Polygon","coordinates":[[[13.34556060500006,38.12112692900007],[13.345881785000074,38.12113407900006],[13.346202584000025,38.12114837300004],[13.346522745000073,38.121169801000065],[13.34684201500005,38.12119834400005],[13.347160141000074,38.121233981000046],[13.347476870000037,38.12127668200003],[13.347791951000033,38.121326415000055],[13.348105134000036,38.121383140000034],[13.348416170000064,38.121446811000055],[13.348724813000047,38.12151737900007],[13.349030818000074,38.12159478600006],[13.349333941000054,38.12167897300003],[13.349633942000025,38.121769871000026],[13.349930584000049,38.12186740900006],[13.350223630000073,38.12197151000004],[13.35051284800005,38.12208209000005],[13.350798009000073,38.12219906300004],[13.351078886000039,38.122322334000046],[13.351355257000023,38.12245180700006],[13.351626902000021,38.12258737900004],[13.351893605000043,38.12272894200004],[13.352155155000048,38.12287638300006],[13.352411344000075,38.123029587000076],[13.352661969000053,38.12318843000003],[13.352906831000041,38.123352787000044],[13.353145736000045,38.12352252800008],[13.353378493000037,38.12369751800003],[13.35360491800003,38.12387761800005],[13.353824832000043,38.12406268600006],[13.35403806000005,38.124252573000035],[13.354244433000076,38.12444713000008],[13.354443786000047,38.124646202000065],[13.354635961000042,38.124849632000064],[13.354820806000077,38.12505725700004],[13.354998175000048,38.12526891300007],[13.355167926000036,38.125484432000064],[13.355329924000046,38.125703642000076],[13.355484041000068,38.12592637100005],[13.355630154000039,38.126152441000045],[13.355768148000038,38.126381673000026],[13.35586070100004,38.126547294000034],[13.354255360000025,38.12848300300004],[13.352457991000051,38.13065025900005],[13.351450444000022,38.131865153000035],[13.350017808000075,38.133592615000055],[13.346327445000043,38.13519549600005],[13.344031404000077,38.13352048200005],[13.342311258000052,38.13226559700007],[13.339888342000052,38.130498025000065],[13.337194956000076,38.12853313900007],[13.337323790000028,38.12739206700007],[13.337769974000025,38.123440247000076],[13.337893071000053,38.123352787000044],[13.338137933000041,38.12318843000003],[13.338216481000075,38.123138647000076],[13.338388558000077,38.123029587000076],[13.338644747000046,38.12287638300006],[13.338906297000051,38.12272894200004],[13.339173000000073,38.12258737900004],[13.339444645000071,38.12245180700006],[13.339721016000055,38.122322334000046],[13.340001893000021,38.12219906300004],[13.340287054000044,38.12208209000005],[13.340576272000021,38.12197151000004],[13.340869318000045,38.12186740900006],[13.341165960000069,38.121769871000026],[13.34146596100004,38.12167897300003],[13.341769084000077,38.12159478600006],[13.342075089000048,38.12151737900007],[13.34238373200003,38.121446811000055],[13.342694768000058,38.121383140000034],[13.343007951000061,38.121326415000055],[13.343323032000058,38.12127668200003],[13.343639761000077,38.121233981000046],[13.343957887000045,38.12119834400005],[13.344277157000022,38.121169801000065],[13.34459731800007,38.12114837300004],[13.344918117000077,38.12113407900006],[13.345239297000035,38.12112692900007],[13.34556060500006,38.12112692900007]]]}},{"type":"Feature","properties":{"service_id":19,"population_total":17673.64,"thiessen_area_km2":1.1299},"geometry":{"type":"Polygon","coordinates":[[[13.350117632000035,38.147964038000055],[13.34972569200005,38.148240705000035],[13.348624845000074,38.14741586000008],[13.347893536000072,38.148062743000025],[13.347697915000026,38.14823577000004],[13.347473090000051,38.148208031000024],[13.34715704000007,38.14816179800005],[13.346842766000066,38.148108551000064],[13.34653051600003,38.14804833300008],[13.346220539000058,38.14798119200003],[13.345913081000049,38.14790718000006],[13.345608385000048,38.14782635600005],[13.345306695000033,38.14773878500006],[13.345008250000035,38.147644537000076],[13.344713285000068,38.14754368500007],[13.344422037000072,38.147436310000046],[13.344134736000058,38.14732249800005],[13.343851609000069,38.147202339000046],[13.343572883000036,38.14707592700006],[13.343298778000076,38.14694336500003],[13.343029511000054,38.14680475600005],[13.342765298000074,38.14666021100004],[13.34250634600005,38.146509844000036],[13.342252863000056,38.14635377600007],[13.342005049000022,38.14619212900004],[13.341763101000026,38.14602503300006],[13.341734797000072,38.14600434500005],[13.342233488000034,38.14483067000003],[13.343818623000061,38.14110003600007],[13.344658073000062,38.139124382000034],[13.346327445000043,38.13519549600005],[13.350017808000075,38.133592615000055],[13.351568711000027,38.13771210600004],[13.351990920000048,38.13883357200007],[13.35487239400004,38.146487310000055],[13.355111236000027,38.14712171800005],[13.354933473000074,38.147202339000046],[13.354650346000028,38.14732249800005],[13.35436304500007,38.147436310000046],[13.354071797000074,38.14754368500007],[13.353776832000051,38.147644537000076],[13.353478387000052,38.14773878500006],[13.353176697000038,38.14782635600005],[13.352872001000037,38.14790718000006],[13.352564543000028,38.14798119200003],[13.352254566000056,38.14804833300008],[13.35199865800007,38.14809768500004],[13.352239395000026,38.14773394200006],[13.352005974000065,38.14765641400004],[13.35153680600007,38.148021096000036],[13.351370726000027,38.14787769000003],[13.351812315000075,38.14748291400008],[13.352153052000062,38.14739117200003],[13.352423712000075,38.14706824000007],[13.351630709000062,38.14677494400007],[13.351483961000042,38.14702536100003],[13.351152834000061,38.14710980900003],[13.350771481000038,38.14733464300008],[13.350658808000048,38.14732563600006],[13.350445010000044,38.14721124300007],[13.350158384000054,38.14740771400005],[13.350018489000036,38.14735377000005],[13.349353619000055,38.14680236000004],[13.349028194000027,38.14705025400008],[13.350117632000035,38.147964038000055]]]}},{"type":"Feature","properties":{"service_id":20,"population_total":26239.96,"thiessen_area_km2":1.8725},"geometry":{"type":"Polygon","coordinates":[[[13.354430512000022,38.12848300300004],[13.354751725000028,38.12849015300003],[13.35507255500005,38.12850444800006],[13.355392748000043,38.12852587500004],[13.355712051000069,38.12855441800008],[13.35603020900004,38.128590055000075],[13.356346970000061,38.12863275700005],[13.356654706000029,38.12868132500006],[13.35666208200007,38.12868248900003],[13.356975297000076,38.12873921400006],[13.35728636400006,38.12880288500003],[13.357595038000056,38.12887345300004],[13.35790107300005,38.12895086000003],[13.358204227000044,38.12903504600007],[13.358504258000039,38.129125945000055],[13.35880092900004,38.12922348300003],[13.359094005000031,38.12932758300008],[13.359383252000043,38.12943816300003],[13.359668442000043,38.12955513600008],[13.359949347000054,38.12967840700003],[13.360225746000026,38.129807880000044],[13.360497418000023,38.12994345200008],[13.360764148000044,38.13008501400003],[13.361025724000058,38.130232455000055],[13.361281939000037,38.13038565800008],[13.361532589000035,38.13054450100003],[13.361777475000054,38.13070885900004],[13.36201640400003,38.130878600000074],[13.362249185000053,38.13105358900003],[13.362475633000031,38.131233689000055],[13.362695569000039,38.13141875600007],[13.36290881800005,38.13160864300005],[13.363112107000063,38.13180027400006],[13.362687523000034,38.13401622200007],[13.36516494700004,38.13482695400006],[13.365203706000045,38.134924875000024],[13.365290921000053,38.13516917800007],[13.365369388000033,38.135415325000054],[13.365439044000027,38.13566312000006],[13.365499835000037,38.13591236600007],[13.36555171200007,38.13616286600006],[13.365594633000057,38.13641442100004],[13.365628565000065,38.13666683200006],[13.365653481000038,38.13691989700004],[13.365669360000027,38.13717341600005],[13.365676191000034,38.13742718700007],[13.365673966000031,38.13768101000005],[13.365662689000033,38.137934683000026],[13.365642368000067,38.13818800400003],[13.365613019000023,38.138440772000024],[13.365574665000054,38.138692787000025],[13.36552733700006,38.13894384900004],[13.365471072000048,38.13919375800003],[13.365405914000064,38.13944231500005],[13.36533191600006,38.13968932500006],[13.365249135000056,38.13993458900006],[13.365157638000028,38.14017791500004],[13.365057498000056,38.14041910700007],[13.364948792000064,38.14065797600006],[13.364831609000078,38.14089433200007],[13.364706040000044,38.14112798600007],[13.364572186000032,38.14135875300008],[13.364430152000068,38.14158645100008],[13.364280051000037,38.141810898000074],[13.364122003000034,38.142031915000075],[13.363956132000055,38.14224932900004],[13.363782571000058,38.14246296500005],[13.363601456000026,38.14267265500007],[13.363412933000063,38.142878232000044],[13.363217150000025,38.14307953200006],[13.363014263000025,38.14327639600003],[13.362804432000075,38.143468667000036],[13.362587825000048,38.14365619400007],[13.362364614000057,38.143838826000035],[13.36213497500006,38.144016419000025],[13.361899091000055,38.144188832000054],[13.361657149000052,38.14435592900003],[13.36140934100007,38.144517575000066],[13.361155864000068,38.14467364300003],[13.360896919000027,38.144824010000036],[13.36063271200004,38.14496855500005],[13.360363453000048,38.14510716400008],[13.360089354000024,38.145239727000046],[13.35981063500003,38.14536613800004],[13.359527516000071,38.14548629800004],[13.35924022100005,38.14560011000003],[13.358948980000036,38.14570748400007],[13.358654024000032,38.14580833600007],[13.358355585000027,38.145902585000044],[13.358053903000041,38.14599015600004],[13.35774921500007,38.14607097900006],[13.357441765000033,38.14614499100003],[13.357131795000043,38.14621213300006],[13.356819553000037,38.14627235100005],[13.356600026000024,38.146309546000055],[13.356505287000061,38.14632559800003],[13.356189245000053,38.14637183100007],[13.355871678000028,38.146411013000034],[13.35555284000003,38.14644311400008],[13.355232983000064,38.14646810800008],[13.35491236100006,38.146485975000076],[13.35487239400004,38.146487310000055],[13.351990920000048,38.13883357200007],[13.351568711000027,38.13771210600004],[13.350017808000075,38.133592615000055],[13.351450444000022,38.131865153000035],[13.352457991000051,38.13065025900005],[13.354255360000025,38.12848300300004],[13.354430512000022,38.12848300300004]]]}},{"type":"Feature","properties":{"service_id":21,"population_total":29577.16,"thiessen_area_km2":2.7984},"geometry":{"type":"Polygon","coordinates":[[[13.357276850000062,38.09777511200008],[13.357346471000028,38.098022909000065],[13.357407230000035,38.09827215700005],[13.35745908000007,38.098522659000025],[13.357501980000052,38.09877421500005],[13.357535895000069,38.09902662700006],[13.357560797000076,38.099279694000074],[13.357576668000036,38.099533214000076],[13.357583495000029,38.09978698800006],[13.357581272000061,38.10004081200003],[13.357570001000056,38.10029448700004],[13.357549690000042,38.100547809000034],[13.357520356000066,38.100800579000065],[13.357482021000067,38.101052596000045],[13.357434717000046,38.10130365900005],[13.357378481000069,38.10155356900003],[13.357313357000066,38.10180212900008],[13.357239396000068,38.10204913900003],[13.357156658000065,38.102294406000055],[13.357065208000051,38.10253773200003],[13.356965119000051,38.10277892700003],[13.356856469000036,38.103017797000064],[13.35673934600004,38.10325415400007],[13.356613842000058,38.10348781000005],[13.356480056000066,38.10371857900003],[13.35633809500007,38.10394627800008],[13.356188071000076,38.10417072600006],[13.35603010400007,38.104391745000044],[13.355864318000044,38.10460916000005],[13.355690846000073,38.10482279800004],[13.35550982500007,38.10503248900005],[13.355321398000058,38.10523806700007],[13.355125715000042,38.10543936800008],[13.354922932000022,38.10563623300004],[13.354713210000057,38.10582850600008],[13.35449671400005,38.10601603400005],[13.354273617000047,38.10619866700006],[13.354044096000052,38.106376262000026],[13.353808333000075,38.106548676000045],[13.353566515000068,38.106715773000076],[13.35331883400005,38.106877420000046],[13.353065487000038,38.10703349000005],[13.352806675000068,38.10718385700005],[13.352542604000064,38.107328403000054],[13.352273483000033,38.107467013000075],[13.351999525000053,38.10759957700003],[13.351720949000025,38.10772598900007],[13.351437975000067,38.10784614900007],[13.351150828000073,38.10795996200005],[13.350859736000075,38.10806733700008],[13.350564931000065,38.10816819000007],[13.350266646000023,38.10826243900004],[13.349965118000057,38.10835001100003],[13.349660587000074,38.108430835000036],[13.349353294000025,38.10850484700006],[13.349043484000049,38.10857198900004],[13.348731402000055,38.108632208000074],[13.348417297000026,38.10868545500006],[13.348101417000066,38.108731688000034],[13.34778401400007,38.10877087000006],[13.347465340000042,38.108802971000046],[13.347145647000048,38.108827965000046],[13.346825190000061,38.10884583200004],[13.346504222000021,38.10885655800007],[13.346183000000053,38.10886013500004],[13.345861778000028,38.10885655800007],[13.345540810000045,38.10884583200004],[13.345220353000059,38.108827965000046],[13.344900660000064,38.108802971000046],[13.344581986000037,38.10877087000006],[13.34426458300004,38.108731688000034],[13.343948703000024,38.10868545500006],[13.343634598000051,38.108632208000074],[13.343322516000057,38.10857198900004],[13.343012706000025,38.10850484700006],[13.342705413000033,38.108430835000036],[13.34240088200005,38.10835001100003],[13.342099354000027,38.10826243900004],[13.341801069000041,38.10816819000007],[13.341506264000031,38.10806733700008],[13.341215172000034,38.10795996200005],[13.34092802500004,38.10784614900007],[13.340645051000024,38.10772598900007],[13.340366475000053,38.10759957700003],[13.340092517000073,38.107467013000075],[13.339823396000043,38.107328403000054],[13.339559325000039,38.10718385700005],[13.339300513000069,38.10703349000005],[13.339047166000057,38.106877420000046],[13.338799485000038,38.106715773000076],[13.338557667000032,38.106548676000045],[13.338321904000054,38.106376262000026],[13.33809238300006,38.10619866700006],[13.337869286000057,38.10601603400005],[13.33765279000005,38.10582850600008],[13.337443068000027,38.10563623300004],[13.337240285000064,38.10543936800008],[13.337044602000049,38.10523806700007],[13.336856175000037,38.10503248900005],[13.336695457000076,38.10484631600008],[13.336675154000034,38.10482279800004],[13.336501682000062,38.10460916000005],[13.336335896000037,38.104391745000044],[13.33629036900004,38.104328046000035],[13.335386534000065,38.098691264000024],[13.335190060000059,38.097465949000025],[13.335254746000032,38.097284659000024],[13.335350590000075,38.09704239200005],[13.335455032000027,38.09680235400003],[13.335567989000026,38.09656473700005],[13.335689372000047,38.09632972900005],[13.335819083000047,38.09609751700003],[13.335957020000023,38.09586828400006],[13.33610307300006,38.095642213000076],[13.336257126000021,38.09541948300006],[13.336419057000057,38.09520027100007],[13.336588738000046,38.09498475100003],[13.33676603300006,38.09477309400006],[13.336950802000047,38.09456546800004],[13.33714289900007,38.09436203700005],[13.337342169000067,38.09416296400008],[13.337548456000036,38.093968406000045],[13.337761596000064,38.09377851800008],[13.337981419000073,38.093593449000025],[13.338207751000027,38.09341334800007],[13.338440413000058,38.093238357000075],[13.338679218000038,38.09306861500005],[13.338923979000072,38.09290425700004],[13.339174501000059,38.092745413000046],[13.33943058400007,38.09259220900003],[13.339692026000023,38.092444767000075],[13.339958619000072,38.09230320300003],[13.34023015200006,38.09216763100005],[13.340506409000056,38.09203815700005],[13.340787170000056,38.09191488500005],[13.341072213000075,38.09179791200006],[13.34136131200006,38.09168733100006],[13.341654237000057,38.091583230000026],[13.341950756000074,38.09148569100006],[13.342250634000038,38.091394792000074],[13.342553632000033,38.09131060500005],[13.34285951000004,38.091233197000065],[13.343168025000068,38.09116262900005],[13.343478933000029,38.09109895800003],[13.343791987000031,38.09104223300005],[13.344106938000039,38.09099250000003],[13.344423537000068,38.090949798000054],[13.34466029600003,38.09092326500007],[13.34523475100002,38.09148136500005],[13.345523921000051,38.09168944900006],[13.345261169000025,38.091889742000035],[13.345547150000073,38.09210982600007],[13.345594818000052,38.092146514000035],[13.34569883000006,38.09222655000008],[13.346845468000026,38.092294509000055],[13.347018860000048,38.092304789000025],[13.347255162000067,38.09231879600003],[13.34735654900004,38.09229991700005],[13.347551034000048,38.092263708000075],[13.347747020000043,38.092227226000034],[13.34771329800003,38.09214233700004],[13.34819350400005,38.091776252000045],[13.349295943000072,38.09146111300004],[13.349614776000067,38.091260601000045],[13.349812368000073,38.09131060500005],[13.350115366000068,38.091394792000074],[13.350162392000072,38.091409046000024],[13.350093096000023,38.09204916900006],[13.350447115000065,38.092145584000036],[13.350405992000049,38.09239121300004],[13.349806201000035,38.09253053200007],[13.349944265000033,38.09312336800008],[13.349670700000047,38.093407943000045],[13.349638759000072,38.09363965500006],[13.349773139000035,38.09400029200003],[13.349900830000024,38.094262385000036],[13.349911979000069,38.09433379700005],[13.350017611000055,38.09500969700008],[13.349759525000024,38.09579395000003],[13.350147764000042,38.09595417100007],[13.350324924000063,38.096392793000064],[13.350806188000035,38.09677239700005],[13.351505962000033,38.09689204500006],[13.351572438000062,38.09690505100008],[13.35205383500005,38.09703239500004],[13.35215382000007,38.09654519700007],[13.35218874700007,38.09654812600007],[13.352560415000028,38.096579295000026],[13.352908883000055,38.09666968500005],[13.35289487800003,38.096725724000066],[13.35343356800007,38.09680979700005],[13.353275195000037,38.097177180000074],[13.353398268000035,38.097275436000075],[13.353463634000036,38.09732756600005],[13.353523435000056,38.09733758900006],[13.353792288000022,38.097293713000056],[13.354080525000029,38.097280358000035],[13.354134148000071,38.09727787200006],[13.354620854000075,38.09692830800003],[13.354751234000048,38.09702970300003],[13.354325286000062,38.097405037000044],[13.354880670000057,38.097364163000066],[13.355696283000043,38.097530334000055],[13.356498824000028,38.097485289000076],[13.356759502000045,38.097503061000054],[13.357020182000042,38.09752083500007],[13.357147957000052,38.09752955100004],[13.357180872000072,38.09747977200004],[13.357198424000046,38.09752896400005],[13.357276850000062,38.09777511200008]]]}}]}