{"type":"FeatureCollection","features":[{"type":"Feature","properties":{"service_id":1,"population_total":226.58,"thiessen_area_km2":0.9022},"geometry":{"type":"Polygon","coordinates":[[[9.117274810000026,45.51974393900008],[9.116799766000042,45.52002720400003],[9.115977473000044,45.520293321000054],[9.114785855000036,45.52043466600003],[9.112944169000059,45.52077869900006],[9.112372192000066,45.521181908000074],[9.111575682000023,45.52174339800007],[9.111010279000027,45.522243340000045],[9.110597103000032,45.52273224800007],[9.110471724000035,45.522688035000044],[9.110154065000074,45.522568026000044],[9.109841344000074,45.522441773000025],[9.109533808000037,45.522309377000056],[9.109231701000056,45.52217094200006],[9.108935264000024,45.522026578000066],[9.10881431000007,45.52196405600006],[9.111293015000058,45.520587814000066],[9.114144543000066,45.51900456900006],[9.114769842000044,45.518670143000065],[9.115917935000027,45.51813163200006],[9.116076547000034,45.51805757300008],[9.113890080000033,45.51681354300007],[9.11312725700003,45.51636357600006],[9.112872500000037,45.515958831000034],[9.112894229000062,45.51529877000007],[9.112973589000035,45.51419891200004],[9.112989528000071,45.51408649600006],[9.113041449000036,45.51372031000005],[9.113368846000071,45.51325837300004],[9.113677967000058,45.512910315000056],[9.114719390000062,45.51260018500005],[9.116020690000028,45.51216764000003],[9.116529739000043,45.51205915700007],[9.117082745000062,45.51203528000008],[9.117093146000059,45.51186416100006],[9.116512530000023,45.511783610000066],[9.11587077200005,45.51185235300005],[9.115544623000062,45.51181393400003],[9.113416982000047,45.51185188300008],[9.111976259000073,45.511791783000035],[9.111576587000059,45.51177511100008],[9.109757241000068,45.51159181000003],[9.108745641000041,45.51146982100005],[9.108412428000065,45.511515727000074],[9.107752963000053,45.512206451000054],[9.107718560000023,45.51229248800007],[9.107459508000034,45.512664020000045],[9.107021599000063,45.512644558000034],[9.10608583100003,45.512602969000056],[9.104387380000048,45.512550703000045],[9.103926112000067,45.51260614200004],[9.104005660000041,45.51238404900005],[9.104103523000049,45.51214006300006],[9.104211123000027,45.51189811100005],[9.104328375000023,45.51165838600008],[9.104455184000074,45.51142107900006],[9.104591451000033,45.51118637700006],[9.104737066000041,45.51095446800008],[9.104891915000053,45.51072553500006],[9.105055875000062,45.51049975900003],[9.105228814000043,45.510277321000046],[9.10541059600007,45.510058396000034],[9.105601076000028,45.50984315800008],[9.105800103000036,45.50963177800003],[9.106007520000048,45.50942442500008],[9.10622316000007,45.50922126100005],[9.106446854000069,45.50902244900004],[9.106678423000062,45.50882814700003],[9.106917684000052,45.50863850800005],[9.10716444700006,45.508453684000074],[9.107418515000063,45.508273820000056],[9.107679688000076,45.508099059000074],[9.107947757000034,45.50792954100007],[9.108222510000076,45.50776540000004],[9.108503730000052,45.50760676500005],[9.10879119200007,45.50745376300006],[9.109084668000037,45.50730651600003],[9.109383926000021,45.50716513900005],[9.109688729000027,45.50702974600006],[9.109998833000077,45.50690044300006],[9.110313994000023,45.50677733400005],[9.110633961000076,45.50666051600007],[9.110958480000022,45.50655008100006],[9.111287293000032,45.50644611800004],[9.11162014000007,45.506348709000065],[9.11195675700003,45.50625793000006],[9.112296876000073,45.50617385500004],[9.112640228000032,45.50609655000005],[9.112986540000065,45.50602607500008],[9.113335537000069,45.50596248800008],[9.113387733000025,45.505954073000055],[9.113539091000064,45.505929673000026],[9.113686942000072,45.50590583800005],[9.11404047700006,45.50585617100006],[9.114395861000048,45.505813526000054],[9.114752813000052,45.50577793600007],[9.115111048000074,45.50574943100003],[9.115470282000047,45.505728032000036],[9.11575834200005,45.50571660700007],[9.119158181000046,45.51844017800005],[9.120014949000051,45.52164655100006],[9.119794091000074,45.52178473200007],[9.117660920000048,45.52161962000008],[9.117934625000032,45.519972221000046],[9.117772437000042,45.51990959500006],[9.118454696000072,45.51904465800004],[9.118391608000024,45.51901400400004],[9.118227249000029,45.51895900900007],[9.117274810000026,45.51974393900008]]]}},{"type":"Feature","properties":{"service_id":2,"population_total":6679.28,"thiessen_area_km2":1.3785},"geometry":{"type":"Polygon","coordinates":[[[9.127320912000073,45.504279145000055],[9.128111138000065,45.50446310500007],[9.131162757000027,45.50517350400003],[9.131324749000044,45.506150207000076],[9.131343830000048,45.50626525000007],[9.132926412000074,45.51580715500006],[9.133124681000027,45.51700258300008],[9.132882360000053,45.517151571000056],[9.13260434600005,45.51731301400008],[9.132319971000072,45.517468887000064],[9.132029462000048,45.517619065000076],[9.131733048000058,45.51776342800008],[9.13143096500005,45.517901864000066],[9.131123452000054,45.518034260000036],[9.130959693000023,45.51810037900003],[9.130810755000027,45.518160514000044],[9.130493121000029,45.518280523000044],[9.130170803000055,45.51839419200007],[9.129844056000024,45.51850143300004],[9.129513140000029,45.51860215800008],[9.129178318000072,45.51869628900005],[9.128839855000024,45.51878375100006],[9.128498021000041,45.518864473000065],[9.128153087000044,45.51893839300004],[9.127805326000043,45.519005451000055],[9.127580743000067,45.51904400800004],[9.127455015000066,45.51906559400004],[9.12722393200005,45.519100448000074],[9.117614659000026,45.505748476000065],[9.11708029500005,45.505005983000046],[9.116062245000023,45.50359141500007],[9.116171980000047,45.50352201700008],[9.116446712000027,45.50335787500006],[9.116727909000076,45.50319924100006],[9.117015349000042,45.50304623900007],[9.117180263000023,45.50296348900008],[9.117308803000071,45.50289899100005],[9.117608038000071,45.502757614000075],[9.117912816000057,45.50262222100008],[9.118222896000077,45.50249291800003],[9.11853803300005,45.50236980900007],[9.11876426200007,45.50228720800004],[9.127320912000073,45.504279145000055]]]}},{"type":"Feature","properties":{"service_id":3,"population_total":318.04,"thiessen_area_km2":0.7259},"geometry":{"type":"Polygon","coordinates":[[[9.128243028000043,45.520516471000064],[9.127998440000056,45.52066684300007],[9.127720409000062,45.52082828700003],[9.127436017000036,45.52098415900008],[9.127145489000043,45.521134337000035],[9.126849056000026,45.52127870100003],[9.126546954000048,45.521417136000025],[9.126239423000072,45.52154953300004],[9.12592670600003,45.52167578600006],[9.125609053000062,45.52179579500006],[9.125286714000026,45.52190946400003],[9.124959947000036,45.522016705000055],[9.124629010000035,45.52211743000004],[9.124294167000073,45.52221156100006],[9.123971835000077,45.52229484900005],[9.12390674300002,45.52197475000003],[9.123884510000039,45.52186541900005],[9.123649759000045,45.52146974500005],[9.123303294000038,45.52109587700005],[9.12366400600007,45.52064130900004],[9.12245367600002,45.52050727300008],[9.122376298000063,45.52084536000007],[9.120376624000073,45.52063115200008],[9.120215164000058,45.521522246000075],[9.120019071000058,45.52164397200005],[9.120014949000051,45.52164655100006],[9.119158181000046,45.51844017800005],[9.11575834200005,45.50571660700007],[9.11564176500002,45.50528033000006],[9.115979417000062,45.50520430600005],[9.116325723000045,45.50513383200007],[9.116674715000045,45.50507024500007],[9.117026115000044,45.50501359500004],[9.11708029500005,45.505005983000046],[9.117614659000026,45.505748476000065],[9.12722393200005,45.519100448000074],[9.12736947600007,45.51930268000007],[9.128243028000043,45.520516471000064]]]}},{"type":"Feature","properties":{"service_id":4,"population_total":11464.25,"thiessen_area_km2":1.8639},"geometry":{"type":"Polygon","coordinates":[[[9.147794141000077,45.50134432800007],[9.147984277000035,45.501471570000035],[9.148238315000071,45.50165143400005],[9.148318729000039,45.501711672000056],[9.148536410000077,45.50245657800008],[9.150190486000042,45.50811683500007],[9.150628913000048,45.50961713300006],[9.147063414000058,45.51198290800005],[9.139672924000024,45.51688663700003],[9.139393557000062,45.51689494400006],[9.13903300000004,45.516898516000026],[9.138672443000075,45.51689494400006],[9.138312173000031,45.51688423100006],[9.137952475000077,45.51686638700005],[9.13759363500003,45.51684142400006],[9.13723593800006,45.51680936300005],[9.136879669000052,45.51677023000008],[9.136525110000036,45.516724055000054],[9.136430184000062,45.51670973600005],[9.136172542000054,45.516670874000056],[9.135822246000032,45.51661073100007],[9.135474500000043,45.51654367400005],[9.135129581000058,45.51646975400007],[9.134787761000041,45.516389031000074],[9.134449313000061,45.51630157000005],[9.134208253000054,45.51623379600005],[9.13411450500007,45.51620743900003],[9.13378360300004,45.516106713000056],[9.133456870000032,45.51599947300008],[9.133134565000034,45.51588580300006],[9.132926412000074,45.51580715500006],[9.131343830000048,45.50626525000007],[9.131324749000044,45.506150207000076],[9.131162757000027,45.50517350400003],[9.132079719000046,45.504142011000056],[9.133557918000065,45.50387466800004],[9.135589990000028,45.50350715400003],[9.137715661000072,45.50312271200005],[9.146696871000074,45.50149839900007],[9.147666293000043,45.50132307200005],[9.14776168000003,45.50132260500004],[9.147794141000077,45.50134432800007]]]}},{"type":"Feature","properties":{"service_id":5,"population_total":10917.1,"thiessen_area_km2":1.6604},"geometry":{"type":"MultiPolygon","coordinates":[[[[9.135409925000033,45.52300418300007],[9.135344522000025,45.52330558300008],[9.13529068300005,45.523163588000045],[9.135228353000059,45.52297837800006],[9.135409925000033,45.52300418300007]]],[[[9.135863078000057,45.52377751900008],[9.135750678000022,45.52418511400003],[9.135720540000023,45.52413100500007],[9.135598573000038,45.523892440000054],[9.135521511000036,45.52372722400003],[9.135863078000057,45.52377751900008]]],[[[9.158572640000045,45.52572033700005],[9.158377893000022,45.52593370300008],[9.15817467000005,45.52614312700007],[9.157963133000067,45.526348444000064],[9.157743449000066,45.526549490000036],[9.157515793000073,45.52674610500003],[9.15728034600005,45.526938134000034],[9.15703729300003,45.527125424000076],[9.156786829000055,45.527307826000026],[9.156529152000076,45.52748519600004],[9.156264467000028,45.52765739200004],[9.155992983000033,45.527824278000026],[9.155976438000039,45.527833884000074],[9.156008368000073,45.52773477300008],[9.156211357000075,45.52709151600004],[9.15642054400007,45.52640652800005],[9.155013498000073,45.526224641000056],[9.155146599000034,45.52574294100003],[9.154271825000023,45.52564498100003],[9.153705629000058,45.52558207100003],[9.153636042000073,45.52590145600004],[9.152615414000024,45.525773085000026],[9.15270436700007,45.52543088800007],[9.152369602000022,45.52539022000008],[9.152601164000032,45.52439627700005],[9.151493079000034,45.52425316600005],[9.151792231000059,45.52317702100004],[9.151153944000043,45.523092510000026],[9.15162007300006,45.52121948200005],[9.151324407000061,45.52114401500006],[9.150914513000032,45.52116193900008],[9.15144196500006,45.520287782000025],[9.151901462000069,45.51999975500007],[9.15240469500003,45.519671791000064],[9.153510314000073,45.51898461400003],[9.153640112000062,45.51876858600008],[9.153790301000072,45.518683141000054],[9.153841267000075,45.518597560000046],[9.151519490000055,45.51809637500003],[9.151390753000044,45.518402766000065],[9.150380038000037,45.51817132200006],[9.150060686000074,45.51809936600006],[9.14966163400004,45.51880575100006],[9.148510675000068,45.51863135700006],[9.148412677000067,45.51861841400006],[9.148319632000039,45.51864468500003],[9.148248566000063,45.518712519000076],[9.147661411000058,45.52019824100006],[9.148306977000061,45.52030158900004],[9.148123636000037,45.520783347000076],[9.148831418000043,45.52082680800004],[9.148816269000065,45.52088117100004],[9.148799189000044,45.52094417600006],[9.14848838100005,45.52185406600006],[9.14556021200002,45.52141216900003],[9.145198492000077,45.52284829600006],[9.143889098000045,45.52271087500003],[9.144110572000045,45.521606930000075],[9.14362385100003,45.521567728000036],[9.143554204000054,45.52188313600004],[9.143017285000042,45.52183871200003],[9.14282597700003,45.52207242800006],[9.141297679000047,45.52191210800004],[9.141636840000047,45.52057586700005],[9.140577694000058,45.52044190200007],[9.139503126000022,45.52032235000007],[9.136893436000037,45.52000024200004],[9.13671471300006,45.52116161300006],[9.136016901000062,45.52107828900006],[9.134904875000075,45.52094396800004],[9.134904487000028,45.520904349000034],[9.13491216400007,45.520650903000046],[9.13492999600004,45.520397711000044],[9.134957966000059,45.520144972000026],[9.134979775000033,45.52000062900004],[9.139672924000024,45.51688663700003],[9.147063414000058,45.51198290800005],[9.147162793000064,45.51197896700006],[9.14752321100002,45.511971827000025],[9.147883773000046,45.511971827000025],[9.14824419100006,45.51197896700006],[9.148604180000063,45.51199324300006],[9.148963454000068,45.512014642000054],[9.149321729000064,45.51204314700004],[9.149678720000054,45.51207873700008],[9.150034143000028,45.51212138200003],[9.150304788000028,45.51215940000003],[9.150387717000058,45.512171049000074],[9.150739162000036,45.51222769900005],[9.151088198000025,45.51229128600005],[9.151434548000054,45.51236176000003],[9.151777938000066,45.51243906500008],[9.152118095000048,45.51252314100003],[9.152454749000071,45.512613919000046],[9.15278763300006,45.51271132800008],[9.153116483000076,45.51281529100004],[9.15344103800004,45.51292572600005],[9.153761040000063,45.51304254400003],[9.154076236000037,45.513165653000044],[9.154386375000058,45.51329495500005],[9.154691211000056,45.51343034800004],[9.154990502000032,45.51357172500008],[9.155284011000049,45.51371897200005],[9.155571505000069,45.51387197400004],[9.155852756000058,45.51403060800004],[9.156127540000057,45.51419475000006],[9.156395639000038,45.514364268000065],[9.15665684000004,45.51453902800006],[9.15691093700002,45.514718892000076],[9.157157727000026,45.51490371600005],[9.157397014000026,45.51509335500003],[9.157628609000028,45.515287657000044],[9.157852328000047,45.51548646800006],[9.158067992000042,45.51568963100004],[9.158275432000039,45.51589698500004],[9.158474481000042,45.51610836400005],[9.158664982000062,45.51632360200006],[9.158846785000037,45.51654252600008],[9.159019743000044,45.51676496500005],[9.159183720000044,45.51699074000004],[9.159338587000036,45.517219673000056],[9.159484218000046,45.517451582000035],[9.159620500000074,45.517686283000046],[9.159747324000023,45.517923590000066],[9.159864588000062,45.51816331500004],[9.159972200000027,45.51840526600006],[9.160070075000021,45.518649253000035],[9.160158133000039,45.51889508100004],[9.160236306000058,45.51914255500003],[9.160304532000055,45.51939148000008],[9.160362755000051,45.51964165700008],[9.160410930000069,45.519892887000026],[9.160449018000065,45.520144972000026],[9.160476988000028,45.520397711000044],[9.160494820000054,45.520650903000046],[9.160502497000039,45.520904349000034],[9.160500014000036,45.52115784500006],[9.160487373000024,45.52141119200007],[9.160464584000067,45.521664188000045],[9.160431664000043,45.521916633000046],[9.160388641000054,45.52216832500005],[9.160335546000056,45.522419065000065],[9.160272424000027,45.52266865400003],[9.160199323000029,45.52291689400005],[9.160116301000073,45.523163588000045],[9.160023425000077,45.52340853900006],[9.159920768000063,45.523651554000025],[9.159808411000029,45.523892440000054],[9.159686444000045,45.52413100500007],[9.159554962000072,45.52436705900004],[9.159414071000072,45.524600416000055],[9.159263882000062,45.52483089100008],[9.159104515000024,45.52505829900008],[9.158936095000058,45.525282461000074],[9.158758756000054,45.52550319900007],[9.158572640000045,45.52572033700005]]]]}},{"type":"Feature","properties":{"service_id":6,"population_total":188.7,"thiessen_area_km2":0.5541},"geometry":{"type":"Polygon","coordinates":[[[9.183161966000057,45.53378065900006],[9.183146346000058,45.53376928500006],[9.18290326500005,45.53358199500008],[9.18266778900005,45.53338996600007],[9.182440106000058,45.53319335100008],[9.182220397000037,45.53299230500005],[9.182008835000033,45.532786989000044],[9.181805588000032,45.532577565000054],[9.181610818000024,45.53236419900003],[9.18142468000002,45.532147061000046],[9.181247321000058,45.53192632400004],[9.181078881000076,45.531702162000045],[9.180919495000069,45.531474754000044],[9.180769288000022,45.53124428000007],[9.180628381000076,45.53101092300005],[9.180496884000036,45.53077486900003],[9.18037490200004,45.530536304000066],[9.180262532000029,45.530295419000026],[9.180159863000029,45.53005240400006],[9.180066976000035,45.529807453000046],[9.179983944000071,45.52956075900005],[9.179910835000044,45.529312520000076],[9.179847705000043,45.529062931000055],[9.179794604000051,45.52881219100004],[9.179751575000068,45.52856049900004],[9.179718652000076,45.528308055000025],[9.179695860000038,45.52805506000004],[9.179683217000047,45.52780171300003],[9.179680734000044,45.52754821700006],[9.179688413000065,45.52729477200006],[9.179706246000023,45.52704157900007],[9.179734220000057,45.52678884100004],[9.179772312000068,45.52653675600004],[9.179820493000022,45.52628552600004],[9.179878723000058,45.52603535000003],[9.179897921000077,45.52596531100005],[9.179946956000038,45.525786425000035],[9.180025139000065,45.525538951000044],[9.18007941600007,45.52538744800006],[9.199123581000038,45.52715193100005],[9.199839610000026,45.527218273000074],[9.202013204000025,45.52741966100007],[9.202452728000026,45.52910022900005],[9.20245660200004,45.52911504000008],[9.202003554000044,45.52902255600003],[9.20201955300007,45.528974196000036],[9.202044465000029,45.52887163500003],[9.202061222000054,45.52880264800007],[9.201857895000046,45.52876134500008],[9.201489757000047,45.528686563000065],[9.201332550000075,45.52925834300004],[9.201269239000055,45.52948861300007],[9.201155087000075,45.529914758000075],[9.200753680000048,45.52985645200005],[9.199961998000049,45.52974436300008],[9.200165457000026,45.52913239900005],[9.200373637000041,45.52850899500004],[9.199129410000069,45.52830905700006],[9.19924842200004,45.52814033900006],[9.198845806000065,45.528042077000066],[9.199005874000022,45.52777982200007],[9.199134396000034,45.52756856700006],[9.198555278000072,45.52745106400005],[9.197705288000066,45.52728137500003],[9.197472886000071,45.528046947000064],[9.197104771000056,45.52797748800003],[9.196572180000032,45.529468680000036],[9.19582826200002,45.52937736000007],[9.19548848200003,45.529335493000076],[9.195647950000023,45.528529236000054],[9.19570936100007,45.52853525100005],[9.195783492000032,45.52854159200007],[9.195850652000047,45.52837241700007],[9.196095742000068,45.52774920200005],[9.195700249000026,45.52769239000003],[9.194269574000032,45.52748844600006],[9.192614543000047,45.527255109000066],[9.192679231000056,45.52798504000003],[9.19045372100004,45.52775949900007],[9.190489695000053,45.52765533300004],[9.190348245000052,45.527651949000074],[9.190439511000022,45.52725196000006],[9.19044737300004,45.52721470300003],[9.190128087000062,45.52718350100008],[9.188990486000023,45.527075884000055],[9.188953707000053,45.527113529000076],[9.188165423000044,45.52791139100003],[9.187257546000069,45.52882944800007],[9.187221114000067,45.528867011000045],[9.18661871300003,45.52947620000003],[9.186622275000047,45.529800530000045],[9.186626457000045,45.52991388600003],[9.186631715000033,45.530049258000076],[9.186685418000025,45.53007097900007],[9.186609958000076,45.53041992000004],[9.186540561000072,45.53074079400005],[9.185974933000068,45.53067881900006],[9.185274608000043,45.530599918000064],[9.184879874000046,45.53055444000006],[9.184762879000061,45.53092750700006],[9.184686254000042,45.531181521000065],[9.184694163000074,45.53136802800003],[9.184701228000051,45.531529325000065],[9.18468824200005,45.531665245000056],[9.184650605000058,45.53202763500008],[9.184605419000036,45.532460627000034],[9.184582508000062,45.53268016800007],[9.184552549000045,45.53272204500007],[9.184316808000062,45.53306218600005],[9.184263764000036,45.53335288400007],[9.183550813000068,45.53322409800006],[9.183337470000026,45.53318478300008],[9.183161966000057,45.53378065900006]]]}},{"type":"Feature","properties":{"service_id":7,"population_total":2238.91,"thiessen_area_km2":1.1533},"geometry":{"type":"Polygon","coordinates":[[[9.187634161000062,45.519285671000034],[9.197507131000066,45.52081589100004],[9.197952168000029,45.52088486800005],[9.20096608700004,45.52135199700007],[9.20119710800003,45.52249642100003],[9.20156881400004,45.52433776400005],[9.202013204000025,45.52741966100007],[9.199839610000026,45.527218273000074],[9.199123581000038,45.52715193100005],[9.18007941600007,45.52538744800006],[9.179880264000076,45.525368996000054],[9.179886551000038,45.52516147100005],[9.179904384000054,45.524908278000055],[9.179932357000041,45.52465553900004],[9.179970448000063,45.52440345500003],[9.180018626000049,45.52415222500008],[9.180076854000049,45.523902048000025],[9.18014508500005,45.52365312400008],[9.180223264000062,45.52340565000003],[9.180311330000052,45.523159822000025],[9.18040921200003,45.52291583500005],[9.18051683300007,45.52267388400003],[9.18063410700006,45.522434160000046],[9.180760941000074,45.522196853000025],[9.180897233000053,45.52196215200007],[9.181042877000039,45.521730243000036],[9.181197755000028,45.521501310000076],[9.18136174600005,45.52127553500003],[9.181534718000023,45.52105309700005],[9.181716535000021,45.520834172000036],[9.181907051000053,45.52061893500007],[9.182106117000046,45.520407556000066],[9.182313573000044,45.52020020200007],[9.18252925400003,45.51999703900003],[9.18275299100003,45.51979822800007],[9.182984604000069,45.51960392600006],[9.183223911000027,45.519414288000064],[9.183232985000075,45.519407493000074],[9.183470721000049,45.519229463000045],[9.183724837000057,45.51904960000007],[9.183986060000052,45.51887484000008],[9.184182431000067,45.51875068500004],[9.187634161000062,45.519285671000034]]]}},{"type":"Feature","properties":{"service_id":8,"population_total":15927.46,"thiessen_area_km2":1.4063},"geometry":{"type":"Polygon","coordinates":[[[9.199729410000032,45.50675684000004],[9.200053930000024,45.50686727400006],[9.200373898000066,45.50698409300003],[9.200689060000059,45.50710720200004],[9.200999166000031,45.50723650400005],[9.201303969000037,45.50737189800003],[9.201603229000057,45.507513274000075],[9.20189670600007,45.50766052200004],[9.202184169000077,45.50781352300004],[9.202265244000046,45.507859257000064],[9.202465390000043,45.50797215800003],[9.202740144000074,45.50813629900006],[9.202876268000068,45.50822238000006],[9.202881714000057,45.50822582400008],[9.203122386000075,45.50846739800005],[9.203863042000023,45.51412626800004],[9.203931663000049,45.51465055700004],[9.203650762000052,45.51528532200007],[9.203130961000056,45.51645993900007],[9.202686501000073,45.51746430500003],[9.201900817000023,45.519239749000064],[9.201508425000043,45.520126454000035],[9.201130531000047,45.52098039700007],[9.20096608700004,45.52135199700007],[9.197952168000029,45.52088486800005],[9.197507131000066,45.52081589100004],[9.187634161000062,45.519285671000034],[9.184182431000067,45.51875068500004],[9.183723061000023,45.51867948700004],[9.184998951000068,45.517711733000056],[9.199526500000047,45.50669268400003],[9.199729410000032,45.50675684000004]]]}},{"type":"Feature","properties":{"service_id":9,"population_total":10560.61,"thiessen_area_km2":1.8168},"geometry":{"type":"Polygon","coordinates":[[[9.198993517000076,45.50471949900003],[9.199865173000035,45.50482855000007],[9.200034811000023,45.504849773000046],[9.200567593000073,45.50590302200004],[9.200460861000067,45.505983978000074],[9.199526500000047,45.50669268400003],[9.184998951000068,45.517711733000056],[9.184959455000069,45.517699711000034],[9.184632712000052,45.51759247100006],[9.184310398000036,45.51747880100004],[9.183992769000042,45.51735879200004],[9.18368007600003,45.51723253900008],[9.183372568000038,45.51710014200006],[9.183070490000034,45.516961707000064],[9.182774080000058,45.51681734300007],[9.18248357400006,45.51666716500006],[9.182199204000028,45.516511292000075],[9.18192119400004,45.51634984900005],[9.181649765000031,45.51618296200007],[9.181648513000027,45.51618214700005],[9.181385134000038,45.51601076600008],[9.18112750900002,45.51583339600006],[9.180877096000074,45.515650994000055],[9.180634093000037,45.51546370300008],[9.18039869300003,45.515271674000076],[9.180171083000062,45.515075058000036],[9.17995144400004,45.514874012000064],[9.179739950000055,45.51466869500007],[9.179536769000038,45.51445927000003],[9.179342061000057,45.51424590400006],[9.179155982000054,45.514028765000035],[9.178978680000057,45.51380802700004],[9.178810294000073,45.513583865000044],[9.178650959000038,45.513356456000054],[9.178500801000041,45.51312598100003],[9.178359938000028,45.51289262300003],[9.178228484000044,45.51265656800007],[9.178106541000034,45.51241800300005],[9.17799420700004,45.51217711700008],[9.177891571000032,45.511934101000065],[9.177798713000072,45.51168914900006],[9.17771570900004,45.511442455000065],[9.177642623000054,45.511194215000046],[9.177579513000069,45.510944625000036],[9.177526429000068,45.510693884000034],[9.17748341400005,45.51044219200003],[9.177450501000067,45.51018974700003],[9.177427717000057,45.509936750000065],[9.177415078000024,45.509683403000054],[9.177412596000067,45.50942990600004],[9.177420272000063,45.50917646000005],[9.177438099000028,45.50892326700006],[9.177466064000043,45.50867052700005],[9.177504144000068,45.50841844200005],[9.17755230900002,45.50816721100006],[9.177610521000076,45.50791703400006],[9.17767873200006,45.507668109000065],[9.177756889000023,45.50742063400003],[9.177844930000049,45.507174805000034],[9.177942785000027,45.50693081800006],[9.178050375000055,45.50668886600005],[9.178167615000064,45.506449141000076],[9.17829441300006,45.506211834000055],[9.178430667000043,45.505977132000055],[9.178576269000075,45.505745223000076],[9.178731104000065,45.50551628900007],[9.178895048000072,45.505290513000034],[9.179067971000052,45.505068075000054],[9.17924973700002,45.50484915000004],[9.179440199000055,45.50463391200003],[9.179639208000026,45.504422532000035],[9.179846605000023,45.50421517800004],[9.180062226000075,45.50401201400007],[9.180285899000069,45.50381320200006],[9.180517447000057,45.50361890000005],[9.180756686000052,45.503429261000065],[9.181003426000075,45.503244436000045],[9.18119521500006,45.50310864900007],[9.181257471000038,45.50306457200003],[9.18151861900003,45.502889811000045],[9.181786664000072,45.50272029300004],[9.181999113000074,45.50259336100004],[9.198993517000076,45.50471949900003]]]}},{"type":"Feature","properties":{"service_id":10,"population_total":22465.45,"thiessen_area_km2":1.8021},"geometry":{"type":"Polygon","coordinates":[[[9.185671323000065,45.49256378500007],[9.188891752000075,45.49306152500003],[9.195580842000027,45.49409537200006],[9.196736480000027,45.494273984000074],[9.19752801900006,45.49467749900003],[9.19852196200003,45.49518419800006],[9.199660339000047,45.49576452700006],[9.200372966000032,45.49612781400003],[9.200551093000058,45.496516616000065],[9.200584892000052,45.49659039100004],[9.200798492000047,45.497056619000034],[9.200672578000024,45.498341537000044],[9.200578363000034,45.49930297900005],[9.200136045000022,45.503816708000045],[9.20004762900004,45.504718971000045],[9.199942109000062,45.50478386300006],[9.199865173000035,45.50482855000007],[9.198993517000076,45.50471949900003],[9.181999113000074,45.50259336100004],[9.180566145000057,45.502414085000055],[9.180427980000047,45.50224203600004],[9.180259628000044,45.50201787300006],[9.180100326000058,45.50179046400007],[9.179950198000029,45.50155998900004],[9.17980936500004,45.50132663100004],[9.179677937000065,45.501090575000035],[9.179556019000074,45.50085200900003],[9.179443708000065,45.500611123000056],[9.179360354000039,45.50041372100003],[9.179376017000038,45.499975102000064],[9.179540102000033,45.49538015300004],[9.179776794000077,45.49515524900005],[9.18163437000004,45.493390187000045],[9.18294718900006,45.492142751000074],[9.185671323000065,45.49256378500007]]]}},{"type":"Feature","properties":{"service_id":11,"population_total":4428.72,"thiessen_area_km2":0.3069},"geometry":{"type":"Polygon","coordinates":[[[9.172083648000068,45.50345758000003],[9.174410763000026,45.504524779000064],[9.176539637000076,45.50550106500003],[9.17294514200006,45.505121657000075],[9.17151569200007,45.50497077500006],[9.161365175000071,45.50389936100004],[9.16334981700004,45.49945230800006],[9.172083648000068,45.50345758000003]]]}},{"type":"Feature","properties":{"service_id":12,"population_total":3332.96,"thiessen_area_km2":1.1265},"geometry":{"type":"Polygon","coordinates":[[[9.17151569200007,45.50497077500006],[9.17294514200006,45.505121657000075],[9.176539637000076,45.50550106500003],[9.176690595000025,45.50556742600003],[9.176733773000024,45.50558640700007],[9.176681587000076,45.505832930000054],[9.176618483000027,45.506082520000064],[9.176545403000034,45.50633076100007],[9.176462406000041,45.50657745500007],[9.176369557000044,45.50682240800006],[9.176266930000054,45.50706542300003],[9.176154607000058,45.50730631000005],[9.176032675000044,45.507544875000065],[9.175901232000058,45.50778093100007],[9.175760382000021,45.50801428800003],[9.175610238000047,45.50824476300005],[9.175450917000035,45.50847217200004],[9.175282547000052,45.50869633500008],[9.175105260000066,45.50891707300008],[9.174919198000055,45.50913421200005],[9.174724508000054,45.509347578000074],[9.174521345000073,45.509557004000044],[9.174309870000059,45.50976232100004],[9.174090251000052,45.50996336700007],[9.173862662000033,45.51015998300005],[9.173627284000077,45.510352013000045],[9.173384303000034,45.51053930300003],[9.173133912000026,45.51072170600003],[9.172876311000039,45.510899076000044],[9.17261170300003,45.51107127300003],[9.17234029900004,45.51123815900007],[9.172062314000073,45.51139960300003],[9.171777969000061,45.51155547500008],[9.171487490000061,45.511705653000035],[9.171191107000027,45.51185001700003],[9.170889056000021,45.51198845300007],[9.170581576000075,45.51212085000003],[9.17026891100005,45.51224710300005],[9.169951311000034,45.51236711200005],[9.169629026000052,45.51248078200007],[9.16930231300006,45.512588022000045],[9.168971432000035,45.51268874800007],[9.16863664500005,45.51278287900004],[9.168298218000075,45.51287034100005],[9.167956419000063,45.51295106300006],[9.167611521000026,45.51302498300004],[9.167263797000032,45.51309204100005],[9.166913523000062,45.513152184000035],[9.166560977000074,45.513205364000044],[9.166206440000053,45.513251539000066],[9.16585019300004,45.51329067300003],[9.165492518000065,45.51332273400004],[9.165133701000059,45.51334769600004],[9.164774025000042,45.51336554100004],[9.16441377700005,45.51337625300005],[9.164053243000069,45.51337982500007],[9.163692709000031,45.51337625300005],[9.163332461000039,45.51336554100004],[9.162972785000022,45.51334769600004],[9.162613968000073,45.51332273400004],[9.162256293000041,45.51329067300003],[9.161900046000028,45.513251539000066],[9.161545509000064,45.513205364000044],[9.161192963000076,45.513152184000035],[9.160842689000049,45.51309204100005],[9.160494965000055,45.51302498300004],[9.160150067000075,45.51295106300006],[9.159808268000063,45.51287034100005],[9.159469841000032,45.51278287900004],[9.159135054000046,45.51268874800007],[9.158804173000021,45.512588022000045],[9.158477460000029,45.51248078200007],[9.158155175000047,45.51236711200005],[9.15783757500003,45.51224710300005],[9.157524910000063,45.51212085000003],[9.15721743000006,45.51198845300007],[9.157063769000047,45.511918027000036],[9.157241643000077,45.51158643500003],[9.15764646200006,45.51083177400005],[9.160859626000047,45.50484180400008],[9.161365175000071,45.50389936100004],[9.17151569200007,45.50497077500006]]]}},{"type":"Feature","properties":{"service_id":13,"population_total":3698.67,"thiessen_area_km2":1.4189},"geometry":{"type":"Polygon","coordinates":[[[9.160395205000043,45.49472144400005],[9.160611256000038,45.49506738100007],[9.160758116000068,45.49530253000006],[9.16081441600005,45.49539267700004],[9.160840325000038,45.49543416200004],[9.16097480600007,45.49564949000006],[9.16334981700004,45.49945230800006],[9.161365175000071,45.50389936100004],[9.160859626000047,45.50484180400008],[9.15764646200006,45.51083177400005],[9.157322964000059,45.51079623600003],[9.15696844200005,45.51075006100007],[9.156615912000063,45.51069688100006],[9.156265653000048,45.51063673800007],[9.155917944000066,45.51056968000006],[9.155573061000041,45.510495760000026],[9.155231277000041,45.51041503700003],[9.155086924000045,45.51037773000007],[9.154892865000022,45.510327576000066],[9.154558092000059,45.51023344500004],[9.154227225000056,45.51013271900007],[9.15420309700005,45.51012479900004],[9.153900527000076,45.510025478000045],[9.15357825600006,45.50991180800003],[9.153260669000076,45.50979179900003],[9.152948018000075,45.509665546000065],[9.152640552000037,45.50953314900005],[9.152338513000075,45.50939471400005],[9.152042143000074,45.50925034900007],[9.15175167700005,45.50910017100006],[9.151718448000054,45.509081955000056],[9.151467344000025,45.50894429900006],[9.151189371000044,45.50878285500005],[9.150917979000042,45.50861596800007],[9.150653383000076,45.50844377200008],[9.15039579300003,45.50826640200006],[9.150190486000042,45.50811683500007],[9.148536410000077,45.50245657800008],[9.148318729000039,45.501711672000056],[9.148249644000032,45.50147526200004],[9.149910685000066,45.49959946000007],[9.150517679000075,45.49891398700004],[9.151089585000022,45.49826813800007],[9.151324352000074,45.49811303900003],[9.154574294000042,45.49596596400005],[9.155006040000046,45.49568073100005],[9.155204839000021,45.49554939500007],[9.156589328000052,45.494634732000065],[9.157680171000038,45.49446886000004],[9.15786199400003,45.49444121200003],[9.159841999000037,45.49414013400008],[9.160017989000039,45.49411745300006],[9.160395205000043,45.49472144400005]]]}},{"type":"Feature","properties":{"service_id":14,"population_total":7229.25,"thiessen_area_km2":0.5685},"geometry":{"type":"Polygon","coordinates":[[[9.148083702000065,45.48742651500004],[9.148465017000035,45.488801841000054],[9.149300717000074,45.491816046000054],[9.149408510000058,45.49220483500005],[9.149636086000044,45.49302565600004],[9.149884568000061,45.49392188200005],[9.149975278000056,45.49424905400008],[9.150286602000051,45.49537193900005],[9.150354959000026,45.49561848800005],[9.150989697000057,45.497907862000034],[9.151047344000062,45.49811578300006],[9.151089585000022,45.49826813800007],[9.150517679000075,45.49891398700004],[9.150345087000062,45.498954758000025],[9.150337296000032,45.49895642800004],[9.15001303200006,45.49902594300005],[9.150000274000035,45.49902867800006],[9.149652636000042,45.49909573600007],[9.14930244900006,45.49915587900006],[9.148949991000052,45.499209060000055],[9.148595541000077,45.49925523500008],[9.148239382000042,45.49929436900004],[9.147881797000025,45.49932643000005],[9.147523068000055,45.49935139200005],[9.147210250000057,45.49936691600004],[9.147163482000053,45.49936923700005],[9.146803323000029,45.49937995000005],[9.146733010000048,45.499380647000066],[9.145618108000065,45.49750562400004],[9.145448139000052,45.49721977200005],[9.14297281000006,45.49305680800006],[9.142985811000074,45.49300427400004],[9.143101634000061,45.49253628000008],[9.143600826000068,45.490519248000055],[9.143635591000077,45.490378778000036],[9.144281833000036,45.48776757700006],[9.144380386000023,45.48736936500006],[9.144410500000049,45.48735287100004],[9.144611356000041,45.48724285700007],[9.144744554000056,45.48722081000005],[9.145502325000052,45.48709538400004],[9.14788265900006,45.48670139300003],[9.148083702000065,45.48742651500004]]]}},{"type":"Feature","properties":{"service_id":15,"population_total":2000.13,"thiessen_area_km2":0.2504},"geometry":{"type":"Polygon","coordinates":[[[9.149305577000064,45.48161755600006],[9.149302996000074,45.481647785000064],[9.149262639000028,45.48212042400007],[9.149255574000051,45.48220316100003],[9.149239038000076,45.48239681700005],[9.14912689700003,45.483710160000044],[9.148968280000076,45.48556781100007],[9.148294158000056,45.48627171500004],[9.147973302000025,45.486606746000064],[9.14788265900006,45.48670139300003],[9.145502325000052,45.48709538400004],[9.144744554000056,45.48722081000005],[9.144611356000041,45.48724285700007],[9.144540609000046,45.48673166100008],[9.144439229000056,45.48599911500003],[9.143898070000034,45.48208885500003],[9.143840151000063,45.48167034800008],[9.143827518000023,45.48157906200004],[9.143802956000059,45.481401582000046],[9.144825015000038,45.48124539400004],[9.144897204000074,45.481234362000066],[9.146676139000022,45.48096251100003],[9.147636637000062,45.480815730000074],[9.147647777000032,45.480814028000054],[9.14788634000007,45.48077757100003],[9.148307657000032,45.48071318700005],[9.149397012000065,45.48054671500006],[9.149305577000064,45.48161755600006]]]}},{"type":"Feature","properties":{"service_id":16,"population_total":2235.44,"thiessen_area_km2":0.3966},"geometry":{"type":"Polygon","coordinates":[[[9.155038686000069,45.47920947000006],[9.155754922000028,45.480037399000025],[9.155868534000035,45.48058450500008],[9.15591506800007,45.48080859200007],[9.15614997800003,45.481939821000026],[9.156255828000042,45.482449547000044],[9.156401794000033,45.48315245900005],[9.156375405000063,45.48320393500006],[9.156236252000042,45.48347538200005],[9.156100296000034,45.48371021000003],[9.155790555000067,45.484245206000026],[9.155729445000077,45.48435075700007],[9.15483329400007,45.485898622000036],[9.154746824000028,45.486047976000066],[9.153915634000043,45.487483637000025],[9.153717770000071,45.48740701600008],[9.151409114000046,45.48651300600005],[9.151248998000028,45.48645100200008],[9.148968280000076,45.48556781100007],[9.14912689700003,45.483710160000044],[9.149239038000076,45.48239681700005],[9.149255574000051,45.48220316100003],[9.149262639000028,45.48212042400007],[9.149302996000074,45.481647785000064],[9.149305577000064,45.48161755600006],[9.149397012000065,45.48054671500006],[9.149646938000046,45.48017331200003],[9.14980547500005,45.479936449000036],[9.151146749000077,45.47974731200003],[9.15390046400006,45.479359001000034],[9.154220720000069,45.47931384100008],[9.155030225000075,45.47919969000003],[9.155038686000069,45.47920947000006]]]}},{"type":"Feature","properties":{"service_id":17,"population_total":9294.97,"thiessen_area_km2":0.5385},"geometry":{"type":"Polygon","coordinates":[[[9.151248998000028,45.48645100200008],[9.151409114000046,45.48651300600005],[9.153717770000071,45.48740701600008],[9.153915634000043,45.487483637000025],[9.154210637000062,45.48827265700004],[9.154764417000024,45.48975380400003],[9.155287676000057,45.491153319000034],[9.155726092000066,45.49232591200007],[9.155936518000033,45.49288872100004],[9.155995166000025,45.493045582000036],[9.156073008000021,45.49325377900004],[9.156429564000064,45.49420742500007],[9.156589328000052,45.494634732000065],[9.155204839000021,45.49554939500007],[9.155006040000046,45.49568073100005],[9.154574294000042,45.49596596400005],[9.151324352000074,45.49811303900003],[9.151047344000062,45.49811578300006],[9.150989697000057,45.497907862000034],[9.150354959000026,45.49561848800005],[9.150286602000051,45.49537193900005],[9.149975278000056,45.49424905400008],[9.149884568000061,45.49392188200005],[9.149636086000044,45.49302565600004],[9.149408510000058,45.49220483500005],[9.149300717000074,45.491816046000054],[9.148465017000035,45.488801841000054],[9.148083702000065,45.48742651500004],[9.14788265900006,45.48670139300003],[9.147973302000025,45.486606746000064],[9.148294158000056,45.48627171500004],[9.148968280000076,45.48556781100007],[9.151248998000028,45.48645100200008]]]}},{"type":"Feature","properties":{"service_id":18,"population_total":3284.79,"thiessen_area_km2":0.2771},"geometry":{"type":"Polygon","coordinates":[[[9.156781483000032,45.485088018000056],[9.156859001000043,45.48531729500007],[9.157266364000066,45.486522156000035],[9.15734737200006,45.48676175500003],[9.158152764000022,45.48914387000008],[9.15859355300006,45.49044759600008],[9.159045886000058,45.49178546500008],[9.159065991000034,45.49184492900008],[9.159169739000049,45.49215178400004],[9.159432972000047,45.49293035000005],[9.159796923000044,45.494006813000055],[9.159841999000037,45.49414013400008],[9.15786199400003,45.49444121200003],[9.157680171000038,45.49446886000004],[9.156589328000052,45.494634732000065],[9.156429564000064,45.49420742500007],[9.156073008000021,45.49325377900004],[9.155995166000025,45.493045582000036],[9.155936518000033,45.49288872100004],[9.155726092000066,45.49232591200007],[9.155287676000057,45.491153319000034],[9.154764417000024,45.48975380400003],[9.154210637000062,45.48827265700004],[9.153915634000043,45.487483637000025],[9.154746824000028,45.486047976000066],[9.15483329400007,45.485898622000036],[9.155729445000077,45.48435075700007],[9.155790555000067,45.484245206000026],[9.156100296000034,45.48371021000003],[9.156236252000042,45.48347538200005],[9.156781483000032,45.485088018000056]]]}},{"type":"Feature","properties":{"service_id":19,"population_total":3099.64,"thiessen_area_km2":0.201},"geometry":{"type":"Polygon","coordinates":[[[9.162378798000077,45.484990491000076],[9.162470763000044,45.48668013300005],[9.162580029000026,45.48868764600007],[9.162632874000053,45.48965855200004],[9.162657728000056,45.490115192000076],[9.162697727000022,45.49085008800006],[9.162739783000063,45.49162277600004],[9.16276580400006,45.492100848000064],[9.16119506800004,45.49301177500007],[9.161185325000076,45.49301742500006],[9.161183239000025,45.493010594000054],[9.16081442500007,45.491802601000074],[9.160702155000024,45.491434878000064],[9.160314178000021,45.49016412200007],[9.160138866000068,45.48958991600006],[9.159708265000063,45.48817955200008],[9.15927567500006,45.486762671000065],[9.158626990000073,45.48463800600007],[9.161567040000023,45.48403396100008],[9.162318334000076,45.48387960500003],[9.162378798000077,45.484990491000076]]]}},{"type":"Feature","properties":{"service_id":20,"population_total":2558.76,"thiessen_area_km2":0.1588},"geometry":{"type":"Polygon","coordinates":[[[9.156448218000037,45.48318345200005],[9.158093333000068,45.48428173500008],[9.158626990000073,45.48463800600007],[9.15927567500006,45.486762671000065],[9.159708265000063,45.48817955200008],[9.160138866000068,45.48958991600006],[9.160314178000021,45.49016412200007],[9.160702155000024,45.491434878000064],[9.16081442500007,45.491802601000074],[9.161183239000025,45.493010594000054],[9.161185325000076,45.49301742500006],[9.160065950000046,45.49407225700003],[9.160017989000039,45.49411745300006],[9.159841999000037,45.49414013400008],[9.159796923000044,45.494006813000055],[9.159432972000047,45.49293035000005],[9.159169739000049,45.49215178400004],[9.159065991000034,45.49184492900008],[9.159045886000058,45.49178546500008],[9.15859355300006,45.49044759600008],[9.158152764000022,45.48914387000008],[9.15734737200006,45.48676175500003],[9.157266364000066,45.486522156000035],[9.156859001000043,45.48531729500007],[9.156781483000032,45.485088018000056],[9.156236252000042,45.48347538200005],[9.156375405000063,45.48320393500006],[9.156401794000033,45.48315245900005],[9.156448218000037,45.48318345200005]]]}},{"type":"Feature","properties":{"service_id":21,"population_total":1691.9,"thiessen_area_km2":0.2271},"geometry":{"type":"Polygon","coordinates":[[[9.155985711000028,45.48005137200005],[9.157078538000064,45.48011753700007],[9.157226180000066,45.480126476000066],[9.160000042000036,45.48029441800003],[9.161639749000074,45.48039369300005],[9.163017879000051,45.48047713100004],[9.163217074000045,45.48255206400006],[9.162318334000076,45.48387960500003],[9.161567040000023,45.48403396100008],[9.158626990000073,45.48463800600007],[9.158093333000068,45.48428173500008],[9.156448218000037,45.48318345200005],[9.156401794000033,45.48315245900005],[9.156255828000042,45.482449547000044],[9.15614997800003,45.481939821000026],[9.15591506800007,45.48080859200007],[9.155868534000035,45.48058450500008],[9.155754922000028,45.480037399000025],[9.155985711000028,45.48005137200005]]]}},{"type":"Feature","properties":{"service_id":22,"population_total":8403.37,"thiessen_area_km2":0.4324},"geometry":{"type":"Polygon","coordinates":[[[9.16484186300005,45.48362817000003],[9.165660075000062,45.484170076000055],[9.16741067700002,45.48532950900005],[9.168408183000054,45.485990163000054],[9.169904875000043,45.48771311300004],[9.170166943000027,45.48801479900004],[9.17034060100002,45.48821470900003],[9.170451860000071,45.48834278700008],[9.17161507000003,45.48968184300003],[9.169684824000058,45.49020948800006],[9.169213352000043,45.49033836800004],[9.168893720000028,45.49042574100008],[9.167985736000048,45.490673945000026],[9.166001223000023,45.49121642500006],[9.16313174000004,45.492000817000076],[9.16276580400006,45.492100848000064],[9.162739783000063,45.49162277600004],[9.162697727000022,45.49085008800006],[9.162657728000056,45.490115192000076],[9.162632874000053,45.48965855200004],[9.162580029000026,45.48868764600007],[9.162470763000044,45.48668013300005],[9.162378798000077,45.484990491000076],[9.162318334000076,45.48387960500003],[9.163217074000045,45.48255206400006],[9.16484186300005,45.48362817000003]]]}},{"type":"Feature","properties":{"service_id":23,"population_total":14506.72,"thiessen_area_km2":1.6023},"geometry":{"type":"Polygon","coordinates":[[[9.171909584000048,45.489706537000075],[9.17208258100004,45.48983516800007],[9.172459951000064,45.49011575900005],[9.172603147000075,45.490222231000075],[9.173998845000028,45.49125999200004],[9.174919887000044,45.491944826000065],[9.179423891000056,45.495293745000026],[9.179540102000033,45.49538015300004],[9.179376017000038,45.499975102000064],[9.179373124000051,45.49998130700004],[9.17927056000002,45.500182005000056],[9.17925120800004,45.50021987200006],[9.179119783000033,45.500455928000065],[9.178978951000033,45.50068928600007],[9.178828826000029,45.500919761000034],[9.178669526000022,45.50114717100007],[9.178501177000044,45.501371334000055],[9.178323914000032,45.50159207200005],[9.17813787600005,45.50180921100008],[9.17794321200006,45.50202257800004],[9.177740075000031,45.502232003000074],[9.177528627000072,45.50243732100006],[9.177309037000043,45.50263836800008],[9.177081477000058,45.50283498400006],[9.176846129000069,45.503027014000054],[9.17681888800007,45.50304801400006],[9.176721711000027,45.50312292800004],[9.17660317900004,45.50321430400004],[9.176352821000023,45.503396707000036],[9.176095253000028,45.50357407700005],[9.175830680000047,45.50374627400004],[9.175559311000029,45.50391316100007],[9.175281363000067,45.50407460500003],[9.174997055000063,45.50423047800007],[9.174706613000069,45.50438065600008],[9.174410763000026,45.504524779000064],[9.172083648000068,45.50345758000003],[9.16334981700004,45.49945230800006],[9.16097480600007,45.49564949000006],[9.160840325000038,45.49543416200004],[9.16081441600005,45.49539267700004],[9.160758116000068,45.49530253000006],[9.160611256000038,45.49506738100007],[9.160395205000043,45.49472144400005],[9.160017989000039,45.49411745300006],[9.160065950000046,45.49407225700003],[9.161185325000076,45.49301742500006],[9.16119506800004,45.49301177500007],[9.16276580400006,45.492100848000064],[9.16313174000004,45.492000817000076],[9.166001223000023,45.49121642500006],[9.167985736000048,45.490673945000026],[9.168893720000028,45.49042574100008],[9.169213352000043,45.49033836800004],[9.169684824000058,45.49020948800006],[9.17161507000003,45.48968184300003],[9.171909584000048,45.489706537000075]]]}},{"type":"Feature","properties":{"service_id":24,"population_total":2449.04,"thiessen_area_km2":0.3407},"geometry":{"type":"Polygon","coordinates":[[[9.186756072000037,45.47915713400005],[9.187053540000022,45.47918357900005],[9.187382032000073,45.47921278200005],[9.187385703000075,45.47925076200005],[9.18738707500006,45.47926495100006],[9.18738916500007,45.479286571000046],[9.18746529200007,45.48007415400008],[9.187547069000061,45.48092018800003],[9.187565469000049,45.48111054200007],[9.187621051000065,45.48168558000003],[9.187649036000039,45.48197509700003],[9.187649125000064,45.48197601900006],[9.18763558300003,45.48201555500003],[9.186272213000052,45.485995983000066],[9.185801342000047,45.487370716000044],[9.185707835000073,45.48764371400006],[9.185581107000075,45.488013702000046],[9.185323441000037,45.488765974000046],[9.185287967000022,45.48886954100004],[9.185023725000065,45.48910689300004],[9.18488286400003,45.48923341900007],[9.184647533000032,45.489444803000026],[9.184188791000054,45.48985686300006],[9.183947123000053,45.49007393800008],[9.183930947000022,45.49007248700008],[9.183599177000076,45.49003602700003],[9.183276358000057,45.488717199000064],[9.183196149000025,45.48838951700003],[9.183010163000063,45.48762970300004],[9.182522893000055,45.485639037000055],[9.182221473000027,45.484407633000046],[9.181567323000024,45.48173520700004],[9.182257848000063,45.48138104700007],[9.184444295000048,45.48025965200003],[9.18600187900006,45.479460790000076],[9.186075645000074,45.479422956000064],[9.186604146000036,45.479151896000076],[9.186617886000022,45.47914484900008],[9.186756072000037,45.47915713400005]]]}},{"type":"Feature","properties":{"service_id":25,"population_total":3347.63,"thiessen_area_km2":0.3006},"geometry":{"type":"Polygon","coordinates":[[[9.182045315000039,45.474709947000065],[9.182437650000054,45.475090470000055],[9.182485192000058,45.47513658100007],[9.183147941000072,45.47577937600005],[9.183180911000022,45.47581135300004],[9.184322705000056,45.476918770000054],[9.184371361000046,45.476965961000076],[9.185098627000059,45.47767133100007],[9.185559003000037,45.47811784600003],[9.18562399600006,45.47818088200006],[9.18594022700006,45.47848759300007],[9.186349217000043,45.47888426900005],[9.186617886000022,45.47914484900008],[9.186604146000036,45.479151896000076],[9.186075645000074,45.479422956000064],[9.18600187900006,45.479460790000076],[9.184444295000048,45.48025965200003],[9.182257848000063,45.48138104700007],[9.181567323000024,45.48173520700004],[9.181345308000061,45.48139449700005],[9.179704868000044,45.47887704200008],[9.17890489000007,45.47764937800008],[9.178646393000065,45.477252683000074],[9.178363097000044,45.47681793100003],[9.178358126000035,45.476810303000036],[9.178298056000074,45.476718118000065],[9.178252093000026,45.476647583000045],[9.17815564500006,45.47649957100003],[9.177775557000075,45.475916279000046],[9.177442619000033,45.47540534500007],[9.177590021000071,45.47531416000004],[9.177853190000064,45.47515135800006],[9.17844586900003,45.474784715000055],[9.178667320000045,45.47464772100005],[9.178689336000048,45.47464752900004],[9.180080375000045,45.47463539200004],[9.181185709000033,45.47462574800005],[9.181688921000045,45.474621358000036],[9.181951612000034,45.47461906600006],[9.182045315000039,45.474709947000065]]]}},{"type":"Feature","properties":{"service_id":26,"population_total":8866.0,"thiessen_area_km2":1.1941},"geometry":{"type":"Polygon","coordinates":[[[9.177442619000033,45.47540534500007],[9.177775557000075,45.475916279000046],[9.17815564500006,45.47649957100003],[9.178252093000026,45.476647583000045],[9.178298056000074,45.476718118000065],[9.178358126000035,45.476810303000036],[9.178363097000044,45.47681793100003],[9.178646393000065,45.477252683000074],[9.17890489000007,45.47764937800008],[9.179704868000044,45.47887704200008],[9.181345308000061,45.48139449700005],[9.181567323000024,45.48173520700004],[9.182221473000027,45.484407633000046],[9.182522893000055,45.485639037000055],[9.183010163000063,45.48762970300004],[9.183196149000025,45.48838951700003],[9.183276358000057,45.488717199000064],[9.183599177000076,45.49003602700003],[9.183669498000029,45.490323311000054],[9.183622314000047,45.49044216400006],[9.18337202300006,45.49107262700005],[9.183320852000065,45.49120152300003],[9.183187687000043,45.49124850800007],[9.182977110000024,45.491317654000056],[9.182861098000046,45.491355749000036],[9.182530341000074,45.491456475000064],[9.182195679000074,45.49155060600003],[9.181857379000064,45.49163806800004],[9.181515709000053,45.49171879100004],[9.181170941000062,45.49179271100007],[9.180823347000057,45.49185976900003],[9.180756840000072,45.491871193000065],[9.180473205000055,45.49191991300006],[9.180120792000025,45.49197309300007],[9.179766388000075,45.492019268000035],[9.179410274000077,45.492058402000055],[9.179052734000038,45.49209046300007],[9.178694052000026,45.492115426000055],[9.17833451100006,45.49213327000007],[9.177989255000057,45.492143541000075],[9.17797439900005,45.49214398300006],[9.177614000000062,45.49214755500003],[9.177253601000075,45.49214398300006],[9.176893489000065,45.49213327000007],[9.176533948000042,45.492115426000055],[9.17617526600003,45.49209046300007],[9.175817726000048,45.492058402000055],[9.17546161200005,45.492019268000035],[9.175107208000043,45.49197309300007],[9.174919887000044,45.491944826000065],[9.173998845000028,45.49125999200004],[9.172603147000075,45.490222231000075],[9.172459951000064,45.49011575900005],[9.17208258100004,45.48983516800007],[9.171909584000048,45.489706537000075],[9.172069661000023,45.48871652200006],[9.172966350000024,45.483170846000064],[9.173036349000029,45.48273793000004],[9.173076946000037,45.48248685200008],[9.173564842000076,45.47946940300005],[9.173636768000051,45.479024571000025],[9.173822681000047,45.47787476900004],[9.173914037000031,45.477309767000065],[9.174076771000045,45.476303320000056],[9.17410190000004,45.47614790500006],[9.17435819800005,45.47608803400004],[9.175357747000021,45.47585454000006],[9.175417266000068,45.475840636000044],[9.175905458000045,45.475726595000026],[9.176249516000041,45.47564622400006],[9.176322310000046,45.47562921900004],[9.177281634000053,45.47540512100005],[9.177442619000033,45.47540534500007]]]}},{"type":"Feature","properties":{"service_id":27,"population_total":3034.52,"thiessen_area_km2":0.2143},"geometry":{"type":"Polygon","coordinates":[[[9.166129803000047,45.47646705100004],[9.166175991000046,45.476660106000054],[9.166419629000075,45.477678456000035],[9.166626905000044,45.47854482200006],[9.167165773000022,45.48079716900003],[9.167286439000065,45.48130152500005],[9.16816102100006,45.48495708100006],[9.168408183000054,45.485990163000054],[9.16741067700002,45.48532950900005],[9.165660075000062,45.484170076000055],[9.16484186300005,45.48362817000003],[9.163217074000045,45.48255206400006],[9.163017879000051,45.48047713100004],[9.163712717000067,45.47954762200004],[9.163977121000073,45.47919392000006],[9.164123464000056,45.47899815300008],[9.165357587000074,45.47734722700005],[9.165893468000036,45.47663036200004],[9.165974002000041,45.476522629000044],[9.166102102000025,45.47635126500006],[9.166129803000047,45.47646705100004]]]}},{"type":"Feature","properties":{"service_id":28,"population_total":10295.86,"thiessen_area_km2":0.6846},"geometry":{"type":"Polygon","coordinates":[[[9.168057973000032,45.47362294200008],[9.169596553000076,45.47426571300008],[9.169729063000034,45.47432107100008],[9.169875957000045,45.47438243900007],[9.171736554000063,45.47515973800006],[9.172510130000035,45.475482914000054],[9.17281143100007,45.475608788000045],[9.173412202000065,45.475859771000046],[9.17410190000004,45.47614790500006],[9.174076771000045,45.476303320000056],[9.173914037000031,45.477309767000065],[9.173822681000047,45.47787476900004],[9.173636768000051,45.479024571000025],[9.173564842000076,45.47946940300005],[9.173076946000037,45.48248685200008],[9.173036349000029,45.48273793000004],[9.172966350000024,45.483170846000064],[9.172069661000023,45.48871652200006],[9.171909584000048,45.489706537000075],[9.17161507000003,45.48968184300003],[9.170451860000071,45.48834278700008],[9.17034060100002,45.48821470900003],[9.170166943000027,45.48801479900004],[9.169904875000043,45.48771311300004],[9.168408183000054,45.485990163000054],[9.16816102100006,45.48495708100006],[9.167286439000065,45.48130152500005],[9.167165773000022,45.48079716900003],[9.166626905000044,45.47854482200006],[9.166419629000075,45.477678456000035],[9.166175991000046,45.476660106000054],[9.166129803000047,45.47646705100004],[9.166102102000025,45.47635126500006],[9.166279253000027,45.47597952900003],[9.166496813000037,45.47552299600005],[9.166694414000062,45.47510834800005],[9.16719057000006,45.474067207000076],[9.167511150000053,45.47339449700007],[9.168057973000032,45.47362294200008]]]}},{"type":"Feature","properties":{"service_id":29,"population_total":3585.01,"thiessen_area_km2":0.2571},"geometry":{"type":"Polygon","coordinates":[[[9.187125265000077,45.47327230900004],[9.18716968900003,45.47329374700007],[9.187191733000077,45.47330438500006],[9.187450062000039,45.473429046000035],[9.187824808000073,45.473609887000066],[9.18791232700005,45.47365212100004],[9.188393800000028,45.47394221400003],[9.18852679400004,45.47402234400005],[9.188584038000045,45.474056834000066],[9.188697717000025,45.47412532700008],[9.189420360000042,45.47456072600005],[9.189583233000064,45.474658859000044],[9.190673340000046,45.475315659000046],[9.191029395000044,45.47553018600007],[9.191199466000057,45.47563265500003],[9.191260808000038,45.475669614000026],[9.191081755000027,45.47586277700003],[9.190964908000069,45.47598883300003],[9.19080156800004,45.47616504500007],[9.190677914000048,45.476298443000076],[9.190599550000059,45.476382983000065],[9.19033170800003,45.476671931000055],[9.189178015000039,45.47766572200004],[9.188696131000029,45.478080817000034],[9.188410489000034,45.47832686900006],[9.187753972000053,45.47889239300008],[9.187568546000023,45.47905211900007],[9.187382032000073,45.47921278200005],[9.187053540000022,45.47918357900005],[9.186756072000037,45.47915713400005],[9.186617886000022,45.47914484900008],[9.186349217000043,45.47888426900005],[9.18594022700006,45.47848759300007],[9.18562399600006,45.47818088200006],[9.185559003000037,45.47811784600003],[9.185098627000059,45.47767133100007],[9.184371361000046,45.476965961000076],[9.184322705000056,45.476918770000054],[9.183180911000022,45.47581135300004],[9.183147941000072,45.47577937600005],[9.182485192000058,45.47513658100007],[9.182437650000054,45.475090470000055],[9.182045315000039,45.474709947000065],[9.181951612000034,45.47461906600006],[9.18318765500004,45.47429356300006],[9.183844140000076,45.47412068300008],[9.18395132300003,45.47409245700004],[9.184917625000026,45.47383798900006],[9.185229891000063,45.47375575600006],[9.185838666000052,45.473595440000054],[9.18657984400005,45.47340025600005],[9.186933559000067,45.47330710800003],[9.187104236000039,45.47326216100004],[9.187125265000077,45.47327230900004]]]}},{"type":"Feature","properties":{"service_id":30,"population_total":2156.89,"thiessen_area_km2":0.2549},"geometry":{"type":"Polygon","coordinates":[[[9.184555037000052,45.469693402000075],[9.185104833000025,45.47000073700008],[9.185578501000066,45.47026551600004],[9.185928094000076,45.47046093800003],[9.18642714400005,45.47073990600006],[9.186456246000034,45.47075617400003],[9.186945426000023,45.47102962400004],[9.186959729000023,45.47123068800005],[9.186967941000034,45.471346133000054],[9.187000866000062,45.471808990000056],[9.18700490200007,45.47186573400006],[9.187012271000071,45.471969321000074],[9.187029653000025,45.472213675000035],[9.187030513000025,45.47222577100007],[9.187037690000068,45.47232665900003],[9.187064424000027,45.472702482000045],[9.187097684000037,45.47317005900004],[9.187103034000074,45.473245259000066],[9.187104236000039,45.47326216100004],[9.186933559000067,45.47330710800003],[9.18657984400005,45.47340025600005],[9.185838666000052,45.473595440000054],[9.185229891000063,45.47375575600006],[9.184917625000026,45.47383798900006],[9.18395132300003,45.47409245700004],[9.183844140000076,45.47412068300008],[9.18318765500004,45.47429356300006],[9.181951612000034,45.47461906600006],[9.181688921000045,45.474621358000036],[9.181185709000033,45.47462574800005],[9.180080375000045,45.47463539200004],[9.178689336000048,45.47464752900004],[9.178667320000045,45.47464772100005],[9.178675285000054,45.47462881100006],[9.178711726000074,45.47454229700003],[9.178796126000066,45.47434192400004],[9.178857914000048,45.474195233000046],[9.179177289000052,45.473437009000065],[9.179488826000068,45.472697391000054],[9.179582261000064,45.47247556900004],[9.179702435000024,45.47219026600004],[9.17971306000004,45.47216504200003],[9.17971908900006,45.47215072900008],[9.179720855000028,45.47214653700007],[9.179905288000043,45.47170867700004],[9.180337294000026,45.47117314900004],[9.180912496000076,45.47046011100008],[9.181170720000068,45.470392255000036],[9.181349263000072,45.47034533800007],[9.182340919000069,45.47008475200005],[9.183124657000064,45.46987880200004],[9.183367346000068,45.46981502800003],[9.183782564000069,45.469705917000056],[9.184184877000064,45.469600197000034],[9.18432325200007,45.46956383500003],[9.184555037000052,45.469693402000075]]]}},{"type":"Feature","properties":{"service_id":31,"population_total":377.48,"thiessen_area_km2":0.0391},"geometry":{"type":"Polygon","coordinates":[[[9.184843813000043,45.46837566500005],[9.185831232000055,45.46870352800005],[9.18635783700006,45.46887838200007],[9.18689173200005,45.46905565700007],[9.18719651500004,45.46915685700003],[9.187381838000022,45.46921839200007],[9.187253578000025,45.46975070500008],[9.187216431000024,45.469904875000054],[9.187206221000054,45.46994724700005],[9.187204989000065,45.46995236200007],[9.187154702000043,45.47016106700005],[9.186990540000068,45.47084238800005],[9.186945426000023,45.47102962400004],[9.186456246000034,45.47075617400003],[9.18642714400005,45.47073990600006],[9.185928094000076,45.47046093800003],[9.185578501000066,45.47026551600004],[9.185104833000025,45.47000073700008],[9.184555037000052,45.469693402000075],[9.18432325200007,45.46956383500003],[9.18440957000007,45.46930357900004],[9.18463594800005,45.468621031000055],[9.184650446000035,45.468577319000076],[9.184729875000073,45.46833783300008],[9.184843813000043,45.46837566500005]]]}},{"type":"Feature","properties":{"service_id":32,"population_total":398.11,"thiessen_area_km2":0.076},"geometry":{"type":"Polygon","coordinates":[[[9.183410264000031,45.46645399400006],[9.183894480000049,45.46652413800007],[9.18429991000005,45.467404352000074],[9.184604174000071,45.46806492800005],[9.184657337000033,45.46818034800003],[9.184729875000073,45.46833783300008],[9.184650446000035,45.468577319000076],[9.18463594800005,45.468621031000055],[9.18440957000007,45.46930357900004],[9.18432325200007,45.46956383500003],[9.184184877000064,45.469600197000034],[9.183782564000069,45.469705917000056],[9.183367346000068,45.46981502800003],[9.183124657000064,45.46987880200004],[9.182340919000069,45.47008475200005],[9.181349263000072,45.47034533800007],[9.181170720000068,45.470392255000036],[9.180912496000076,45.47046011100008],[9.181031330000053,45.47018590400006],[9.18104571400005,45.47015271200007],[9.18110891300006,45.470006882000064],[9.181135873000073,45.469944672000054],[9.181573461000028,45.46893494100004],[9.181582827000057,45.46891333000008],[9.181721372000027,45.46859363900006],[9.181744459000072,45.46854036500008],[9.181796353000038,45.468420620000074],[9.182247672000074,45.46737920600003],[9.182389826000076,45.46705118700004],[9.182592255000031,45.46685718800006],[9.182655708000027,45.46679637700004],[9.182824863000064,45.46663426600003],[9.18292047400007,45.46654263700003],[9.183065136000039,45.46640399800003],[9.183410264000031,45.46645399400006]]]}},{"type":"Feature","properties":{"service_id":33,"population_total":2191.16,"thiessen_area_km2":0.5428},"geometry":{"type":"Polygon","coordinates":[[[9.173241301000076,45.46551351000005],[9.173338502000036,45.46554780100007],[9.173410275000037,45.465573121000034],[9.173622636000061,45.46564803800004],[9.175490698000033,45.46630706000008],[9.17560570300003,45.466459599000075],[9.175644214000044,45.46666515800007],[9.175647549000075,45.466682959000025],[9.176305162000062,45.47019306200008],[9.176468632000024,45.47106560700007],[9.17647091300006,45.47107778000003],[9.17650707000007,45.47127077500005],[9.176541263000047,45.47145328600004],[9.176570280000021,45.471608167000056],[9.176694010000062,45.47226859600005],[9.176805885000022,45.47286574300006],[9.176838984000028,45.473042415000066],[9.177028396000026,45.47405342700006],[9.177048635000062,45.47416145700004],[9.177114570000072,45.47451339400004],[9.177122151000049,45.474553858000036],[9.177160053000023,45.47475616500003],[9.177217487000064,45.47506272900006],[9.177281634000053,45.47540512100005],[9.176322310000046,45.47562921900004],[9.176249516000041,45.47564622400006],[9.175905458000045,45.475726595000026],[9.175417266000068,45.475840636000044],[9.175357747000021,45.47585454000006],[9.17435819800005,45.47608803400004],[9.17410190000004,45.47614790500006],[9.173412202000065,45.475859771000046],[9.17281143100007,45.475608788000045],[9.172510130000035,45.475482914000054],[9.171736554000063,45.47515973800006],[9.169875957000045,45.47438243900007],[9.169729063000034,45.47432107100008],[9.169596553000076,45.47426571300008],[9.168057973000032,45.47362294200008],[9.167511150000053,45.47339449700007],[9.167417155000066,45.473258360000045],[9.167350019000025,45.47316112400006],[9.167418618000056,45.47307146500003],[9.16769533400003,45.472709800000075],[9.168454452000049,45.47171763800003],[9.16868226500003,45.47141988900006],[9.168810206000046,45.47125267100006],[9.168931737000037,45.471093831000076],[9.169523869000045,45.470319919000076],[9.169763634000049,45.47000654800007],[9.171150694000062,45.46819367100005],[9.171496369000067,45.46774187600005],[9.171571411000059,45.46764379700005],[9.171932824000066,45.46717143300003],[9.172206691000042,45.46681349100004],[9.17245374600003,45.46649059200007],[9.17260867400006,45.46628810200008],[9.172911333000059,45.46589252800004],[9.173209822000047,45.46550240500005],[9.173241301000076,45.46551351000005]]]}},{"type":"Feature","properties":{"service_id":34,"population_total":1415.18,"thiessen_area_km2":0.1559},"geometry":{"type":"Polygon","coordinates":[[[9.175842311000054,45.46135600800005],[9.175950986000032,45.46167537300005],[9.176004859000045,45.46183369100004],[9.176042129000052,45.461943216000066],[9.176282357000048,45.46264917900004],[9.17653843100004,45.46340171000003],[9.176833053000053,45.46426752000008],[9.176871942000048,45.46438180500007],[9.176919226000052,45.46452075900004],[9.176572360000023,45.464954497000065],[9.175490698000033,45.46630706000008],[9.173622636000061,45.46564803800004],[9.173410275000037,45.465573121000034],[9.173338502000036,45.46554780100007],[9.173241301000076,45.46551351000005],[9.173209822000047,45.46550240500005],[9.173129964000054,45.46519778900006],[9.173006246000057,45.46472587000005],[9.17286523200005,45.46418797300004],[9.17245041600006,45.46260566300003],[9.172266059000037,45.46190243600006],[9.172243491000074,45.46181635100004],[9.172368749000043,45.46166795200003],[9.172663535000027,45.46131870700003],[9.172883051000042,45.461058637000065],[9.173593560000029,45.46098191400006],[9.174180221000029,45.46091856400005],[9.17563982200005,45.460760951000054],[9.175842311000054,45.46135600800005]]]}},{"type":"Feature","properties":{"service_id":35,"population_total":541.68,"thiessen_area_km2":0.0578},"geometry":{"type":"Polygon","coordinates":[[[9.179245493000053,45.46427396100006],[9.179259768000065,45.46465267900004],[9.179260407000072,45.46466963200004],[9.179266062000067,45.46481965500004],[9.17929503800002,45.46558837100008],[9.179302661000065,45.465790612000035],[9.179022966000048,45.466226197000026],[9.178996314000074,45.46626770300003],[9.178911190000065,45.466400272000044],[9.178811082000038,45.46655617600004],[9.178796894000072,45.46657827200005],[9.17872526900004,45.46668981800008],[9.178443328000071,45.46666901100008],[9.17764693600003,45.46661023900003],[9.177031060000047,45.46656478800003],[9.176117648000059,45.46649738000008],[9.17560570300003,45.466459599000075],[9.175490698000033,45.46630706000008],[9.176572360000023,45.464954497000065],[9.176919226000052,45.46452075900004],[9.176956734000044,45.464516048000064],[9.177565077000054,45.46443964000008],[9.178144124000028,45.46436691200006],[9.179243791000033,45.464228795000054],[9.179245493000053,45.46427396100006]]]}},{"type":"Feature","properties":{"service_id":36,"population_total":430.75,"thiessen_area_km2":0.2099},"geometry":{"type":"Polygon","coordinates":[[[9.176117648000059,45.46649738000008],[9.177031060000047,45.46656478800003],[9.17764693600003,45.46661023900003],[9.178443328000071,45.46666901100008],[9.17872526900004,45.46668981800008],[9.178895322000074,45.46741308600008],[9.179352265000034,45.46935655800007],[9.179388872000061,45.46951225600003],[9.17959068500005,45.47037060900004],[9.179810799000052,45.47130679500003],[9.179905288000043,45.47170867700004],[9.179720855000028,45.47214653700007],[9.17971908900006,45.47215072900008],[9.17971306000004,45.47216504200003],[9.179702435000024,45.47219026600004],[9.179582261000064,45.47247556900004],[9.179488826000068,45.472697391000054],[9.179177289000052,45.473437009000065],[9.178857914000048,45.474195233000046],[9.178796126000066,45.47434192400004],[9.178711726000074,45.47454229700003],[9.178675285000054,45.47462881100006],[9.178667320000045,45.47464772100005],[9.17844586900003,45.474784715000055],[9.177853190000064,45.47515135800006],[9.177590021000071,45.47531416000004],[9.177442619000033,45.47540534500007],[9.177281634000053,45.47540512100005],[9.177217487000064,45.47506272900006],[9.177160053000023,45.47475616500003],[9.177122151000049,45.474553858000036],[9.177114570000072,45.47451339400004],[9.177048635000062,45.47416145700004],[9.177028396000026,45.47405342700006],[9.176838984000028,45.473042415000066],[9.176805885000022,45.47286574300006],[9.176694010000062,45.47226859600005],[9.176570280000021,45.471608167000056],[9.176541263000047,45.47145328600004],[9.17650707000007,45.47127077500005],[9.17647091300006,45.47107778000003],[9.176468632000024,45.47106560700007],[9.176305162000062,45.47019306200008],[9.175647549000075,45.466682959000025],[9.175644214000044,45.46666515800007],[9.17560570300003,45.466459599000075],[9.176117648000059,45.46649738000008]]]}},{"type":"Feature","properties":{"service_id":37,"population_total":223.49,"thiessen_area_km2":0.1002},"geometry":{"type":"Polygon","coordinates":[[[9.179847667000047,45.46601315300006],[9.179874926000025,45.46602428400007],[9.180469937000055,45.46626724300006],[9.181473691000065,45.46667710400004],[9.181967417000067,45.466878706000045],[9.182389826000076,45.46705118700004],[9.182247672000074,45.46737920600003],[9.181796353000038,45.468420620000074],[9.181744459000072,45.46854036500008],[9.181721372000027,45.46859363900006],[9.181582827000057,45.46891333000008],[9.181573461000028,45.46893494100004],[9.181135873000073,45.469944672000054],[9.18110891300006,45.470006882000064],[9.18104571400005,45.47015271200007],[9.181031330000053,45.47018590400006],[9.180912496000076,45.47046011100008],[9.180337294000026,45.47117314900004],[9.179905288000043,45.47170867700004],[9.179810799000052,45.47130679500003],[9.17959068500005,45.47037060900004],[9.179388872000061,45.46951225600003],[9.179352265000034,45.46935655800007],[9.178895322000074,45.46741308600008],[9.17872526900004,45.46668981800008],[9.178796894000072,45.46657827200005],[9.178811082000038,45.46655617600004],[9.178911190000065,45.466400272000044],[9.178996314000074,45.46626770300003],[9.179022966000048,45.466226197000026],[9.179302661000065,45.465790612000035],[9.179847667000047,45.46601315300006]]]}},{"type":"Feature","properties":{"service_id":38,"population_total":2207.77,"thiessen_area_km2":0.197},"geometry":{"type":"Polygon","coordinates":[[[9.183961898000064,45.45825644200005],[9.184075458000052,45.45851540500007],[9.18415896700003,45.45870583800007],[9.184223373000066,45.45885271000003],[9.184291862000066,45.45900889200004],[9.184300206000046,45.45902791900005],[9.184254083000042,45.45921502400006],[9.184130337000056,45.459717021000074],[9.184130203000052,45.45971756300003],[9.184124439000072,45.45974094700006],[9.18411803600003,45.459766923000075],[9.184086812000032,45.459893590000036],[9.18406460400007,45.45998367900006],[9.18402016300007,45.46016396300007],[9.183846476000042,45.46086855600004],[9.183802426000057,45.461047251000025],[9.183685454000056,45.46152177100004],[9.18362146000004,45.461781375000044],[9.183604512000045,45.46185012900003],[9.183528759000069,45.462157432000026],[9.18351971100003,45.462194139000076],[9.183370463000074,45.46279959100008],[9.182970238000053,45.464423175000036],[9.182882250000034,45.46478011500005],[9.182844614000032,45.46493279100008],[9.182834901000035,45.46497219200006],[9.182824535000066,45.46501424200005],[9.182742596000026,45.46534664600006],[9.182400623000035,45.465031587000055],[9.18188482000005,45.464556377000065],[9.18122937000004,45.46395251000007],[9.181212383000059,45.46393686000005],[9.181195426000045,45.46392123700008],[9.181036185000039,45.463774529000034],[9.180854951000072,45.463607558000035],[9.180835590000072,45.46358972100006],[9.180758824000065,45.46351899600006],[9.180613982000068,45.46338555300008],[9.18058753300005,45.46336118500005],[9.180244264000066,45.46304493100007],[9.18020974600006,45.463013129000046],[9.180106564000027,45.46291806800008],[9.180120240000065,45.462250340000026],[9.180124901000056,45.462022766000075],[9.180143027000042,45.46113777900007],[9.180148977000044,45.46084728300008],[9.180155718000037,45.460518181000054],[9.180158685000038,45.46037331700006],[9.180164042000058,45.46011176600007],[9.180170446000034,45.459799075000035],[9.180173335000063,45.45965800300007],[9.18017468100004,45.45959231000006],[9.180189970000072,45.45884582000008],[9.180191794000052,45.45875675600007],[9.180693209000026,45.458085080000046],[9.180809048000071,45.45792990600006],[9.18187259900003,45.45781959300007],[9.18222737800005,45.45778279500007],[9.182314259000066,45.45777378400004],[9.18246532300003,45.457758116000036],[9.18309540000007,45.45769276400006],[9.183687770000063,45.457631323000044],[9.183961898000064,45.45825644200005]]]}},{"type":"Feature","properties":{"service_id":39,"population_total":533.31,"thiessen_area_km2":0.0765},"geometry":{"type":"Polygon","coordinates":[[[9.18020974600006,45.463013129000046],[9.180244264000066,45.46304493100007],[9.18058753300005,45.46336118500005],[9.180613982000068,45.46338555300008],[9.180758824000065,45.46351899600006],[9.180835590000072,45.46358972100006],[9.180854951000072,45.463607558000035],[9.181036185000039,45.463774529000034],[9.181195426000045,45.46392123700008],[9.181212383000059,45.46393686000005],[9.18122937000004,45.46395251000007],[9.18188482000005,45.464556377000065],[9.182400623000035,45.465031587000055],[9.182742596000026,45.46534664600006],[9.182801422000068,45.465440742000055],[9.182820165000066,45.465509205000046],[9.182986860000028,45.466118083000026],[9.183065136000039,45.46640399800003],[9.18292047400007,45.46654263700003],[9.182824863000064,45.46663426600003],[9.182655708000027,45.46679637700004],[9.182592255000031,45.46685718800006],[9.182389826000076,45.46705118700004],[9.181967417000067,45.466878706000045],[9.181473691000065,45.46667710400004],[9.180469937000055,45.46626724300006],[9.179874926000025,45.46602428400007],[9.179847667000047,45.46601315300006],[9.179302661000065,45.465790612000035],[9.17929503800002,45.46558837100008],[9.179266062000067,45.46481965500004],[9.179260407000072,45.46466963200004],[9.179259768000065,45.46465267900004],[9.179245493000053,45.46427396100006],[9.179243791000033,45.464228795000054],[9.179609995000021,45.46367245700003],[9.179918391000058,45.463203941000074],[9.179960168000036,45.46314047300007],[9.180106564000027,45.46291806800008],[9.18020974600006,45.463013129000046]]]}},{"type":"Feature","properties":{"service_id":40,"population_total":1430.16,"thiessen_area_km2":0.1547},"geometry":{"type":"Polygon","coordinates":[[[9.180189970000072,45.45884582000008],[9.18017468100004,45.45959231000006],[9.180173335000063,45.45965800300007],[9.180170446000034,45.459799075000035],[9.180164042000058,45.46011176600007],[9.180158685000038,45.46037331700006],[9.180155718000037,45.460518181000054],[9.180148977000044,45.46084728300008],[9.180143027000042,45.46113777900007],[9.180124901000056,45.462022766000075],[9.180120240000065,45.462250340000026],[9.180106564000027,45.46291806800008],[9.179960168000036,45.46314047300007],[9.179918391000058,45.463203941000074],[9.179609995000021,45.46367245700003],[9.179243791000033,45.464228795000054],[9.178144124000028,45.46436691200006],[9.177565077000054,45.46443964000008],[9.176956734000044,45.464516048000064],[9.176919226000052,45.46452075900004],[9.176871942000048,45.46438180500007],[9.176833053000053,45.46426752000008],[9.17653843100004,45.46340171000003],[9.176282357000048,45.46264917900004],[9.176042129000052,45.461943216000066],[9.176004859000045,45.46183369100004],[9.175950986000032,45.46167537300005],[9.175842311000054,45.46135600800005],[9.17563982200005,45.460760951000054],[9.175819125000032,45.46068200500008],[9.176389204000031,45.46043100500003],[9.177482779000059,45.459949513000026],[9.177979115000028,45.459730981000064],[9.178284246000032,45.459596634000036],[9.178379287000041,45.45955478800005],[9.178759177000074,45.45938752600006],[9.178979156000025,45.459290671000076],[9.179450005000035,45.45908336000008],[9.180038031000038,45.45882445700005],[9.180074767000065,45.458808282000064],[9.180191794000052,45.45875675600007],[9.180189970000072,45.45884582000008]]]}},{"type":"Feature","properties":{"service_id":41,"population_total":4579.5,"thiessen_area_km2":0.5127},"geometry":{"type":"Polygon","coordinates":[[[9.172266059000037,45.46190243600006],[9.17245041600006,45.46260566300003],[9.17286523200005,45.46418797300004],[9.173006246000057,45.46472587000005],[9.173129964000054,45.46519778900006],[9.173209822000047,45.46550240500005],[9.172911333000059,45.46589252800004],[9.17260867400006,45.46628810200008],[9.17245374600003,45.46649059200007],[9.172206691000042,45.46681349100004],[9.171932824000066,45.46717143300003],[9.171571411000059,45.46764379700005],[9.171496369000067,45.46774187600005],[9.171150694000062,45.46819367100005],[9.169763634000049,45.47000654800007],[9.169523869000045,45.470319919000076],[9.168931737000037,45.471093831000076],[9.168810206000046,45.47125267100006],[9.16868226500003,45.47141988900006],[9.168454452000049,45.47171763800003],[9.16769533400003,45.472709800000075],[9.167418618000056,45.47307146500003],[9.167350019000025,45.47316112400006],[9.167147704000058,45.47300144600007],[9.167068932000063,45.47275115700006],[9.167057791000047,45.47271575700006],[9.166606486000035,45.47128178300005],[9.166250091000052,45.469957961000034],[9.166203108000047,45.469783445000076],[9.166202227000042,45.46978017200007],[9.166010358000051,45.469067480000035],[9.16552940400004,45.46728098800003],[9.16540559300006,45.46682109500006],[9.165128415000027,45.46579152600003],[9.165008359000069,45.465345580000076],[9.164516973000048,45.46352033900007],[9.164445881000063,45.463256270000045],[9.16426984100002,45.46260237400003],[9.164268339000046,45.462596794000035],[9.164277560000073,45.46259589200008],[9.16432290900002,45.46259145400006],[9.16449982100005,45.46257414200005],[9.164547147000064,45.46256951100003],[9.164762114000041,45.46254847400007],[9.165222688000028,45.46250340200004],[9.165799149000065,45.462446990000046],[9.166133995000052,45.46241422200006],[9.166655819000027,45.46236315700003],[9.166870261000042,45.462342172000035],[9.167375951000054,45.46229268500008],[9.168347777000065,45.462197583000034],[9.168906844000048,45.46214287300006],[9.16922743200007,45.46211150100004],[9.169493597000042,45.46208545400003],[9.170054614000037,45.462030553000034],[9.170074957000054,45.46202856200006],[9.171144655000035,45.461923882000065],[9.172243491000074,45.46181635100004],[9.172266059000037,45.46190243600006]]]}},{"type":"Feature","properties":{"service_id":42,"population_total":7666.47,"thiessen_area_km2":0.4597},"geometry":{"type":"Polygon","coordinates":[[[9.153278809000028,45.45695604200006],[9.155766072000063,45.45800034300004],[9.156438217000073,45.458282550000035],[9.156828852000046,45.45844656200006],[9.157027883000069,45.458530127000074],[9.157974047000039,45.45892738300006],[9.158364222000046,45.45909120200008],[9.159370028000069,45.459513499000025],[9.160130436000031,45.459832763000065],[9.161274942000034,45.46031329500005],[9.162107375000062,45.46066280000008],[9.162620295000067,45.460878154000056],[9.162683106000031,45.460904526000036],[9.162817838000024,45.46096109400003],[9.162836169000059,45.46107570800007],[9.162855233000073,45.461194901000056],[9.162734324000041,45.461277806000055],[9.162435394000056,45.461482776000025],[9.162295474000075,45.461578716000076],[9.161654170000077,45.46201844400008],[9.15903553000004,45.46381398700004],[9.158497340000054,45.464183012000035],[9.158015717000069,45.46451325000004],[9.157721959000071,45.46471467300006],[9.15750090000006,45.46465519600008],[9.156859657000041,45.46448266700003],[9.152651190000029,45.46335036000005],[9.152305730000023,45.46185357600007],[9.152217247000067,45.46147020600006],[9.15214069700005,45.46113853600008],[9.151772661000052,45.459543937000035],[9.151607674000047,45.45882909200003],[9.151560846000052,45.458626200000026],[9.151442982000049,45.45811552600003],[9.151122160000057,45.45672549400007],[9.151791135000053,45.456331428000055],[9.153278809000028,45.45695604200006]]]}},{"type":"Feature","properties":{"service_id":43,"population_total":8847.49,"thiessen_area_km2":0.784},"geometry":{"type":"Polygon","coordinates":[[[9.144727887000045,45.45633871500007],[9.145070369000052,45.45635943100007],[9.145199820000073,45.456367261000025],[9.145853166000052,45.456406781000055],[9.149256985000022,45.45661267300005],[9.151122160000057,45.45672549400007],[9.151442982000049,45.45811552600003],[9.151560846000052,45.458626200000026],[9.151607674000047,45.45882909200003],[9.151772661000052,45.459543937000035],[9.15214069700005,45.46113853600008],[9.152217247000067,45.46147020600006],[9.152305730000023,45.46185357600007],[9.152651190000029,45.46335036000005],[9.152412410000068,45.463633953000055],[9.152173280000056,45.46391796100005],[9.151640787000076,45.464550390000056],[9.150972754000065,45.46534379700006],[9.150497617000042,45.46590810600003],[9.149970230000065,45.466534470000056],[9.147804138000026,45.46672541500004],[9.147671088000038,45.466737144000035],[9.146028019000028,45.466881983000064],[9.145556931000044,45.46692351000007],[9.145204746000047,45.466954556000076],[9.144345476000069,45.46703030200007],[9.144131965000042,45.466214671000046],[9.143446811000047,45.463597321000066],[9.14324879700007,45.46284089200003],[9.143107759000031,45.462302116000046],[9.142925569000056,45.46160613600006],[9.141950076000057,45.45787966900008],[9.14163793800003,45.456687274000046],[9.141512498000054,45.456208082000046],[9.141495512000063,45.45614319300006],[9.144727887000045,45.45633871500007]]]}},{"type":"Feature","properties":{"service_id":44,"population_total":4090.38,"thiessen_area_km2":0.3411},"geometry":{"type":"Polygon","coordinates":[[[9.156859657000041,45.46448266700003],[9.15750090000006,45.46465519600008],[9.157721959000071,45.46471467300006],[9.157700241000043,45.464847227000064],[9.157574582000052,45.46561419300008],[9.157503915000063,45.466045509000026],[9.15738243800007,45.466786952000064],[9.157362460000058,45.466864851000025],[9.156769737000047,45.469176041000026],[9.156633100000022,45.469708827000034],[9.156569623000053,45.469956342000046],[9.156168609000076,45.47152000700004],[9.15415471600005,45.470747963000065],[9.153185827000073,45.470376531000056],[9.15316312300007,45.470367827000075],[9.152621016000069,45.469716979000054],[9.150652156000035,45.467353184000046],[9.149970230000065,45.466534470000056],[9.150497617000042,45.46590810600003],[9.150972754000065,45.46534379700006],[9.151640787000076,45.464550390000056],[9.152173280000056,45.46391796100005],[9.152412410000068,45.463633953000055],[9.152651190000029,45.46335036000005],[9.156859657000041,45.46448266700003]]]}},{"type":"Feature","properties":{"service_id":45,"population_total":6202.16,"thiessen_area_km2":0.4112},"geometry":{"type":"Polygon","coordinates":[[[9.16332354800005,45.46165950000005],[9.163344342000073,45.46168012900006],[9.163393197000062,45.46172859700005],[9.163761145000024,45.46209362500008],[9.164268339000046,45.462596794000035],[9.16426984100002,45.46260237400003],[9.164445881000063,45.463256270000045],[9.164516973000048,45.46352033900007],[9.165008359000069,45.465345580000076],[9.165128415000027,45.46579152600003],[9.16540559300006,45.46682109500006],[9.16552940400004,45.46728098800003],[9.166010358000051,45.469067480000035],[9.166202227000042,45.46978017200007],[9.166203108000047,45.469783445000076],[9.166250091000052,45.469957961000034],[9.166606486000035,45.47128178300005],[9.165663064000057,45.47082205800007],[9.165618227000039,45.47080020900006],[9.162967537000043,45.46950854200003],[9.162210812000069,45.46913979400006],[9.161731728000063,45.46890633900006],[9.161602057000039,45.468843151000044],[9.161375239000051,45.46873262400004],[9.15933532400004,45.467738584000074],[9.159236167000074,45.467690265000044],[9.158393027000045,45.467279407000035],[9.157666609000046,45.466925427000035],[9.15738243800007,45.466786952000064],[9.157503915000063,45.466045509000026],[9.157574582000052,45.46561419300008],[9.157700241000043,45.464847227000064],[9.157721959000071,45.46471467300006],[9.158015717000069,45.46451325000004],[9.158497340000054,45.464183012000035],[9.15903553000004,45.46381398700004],[9.161654170000077,45.46201844400008],[9.162295474000075,45.461578716000076],[9.162435394000056,45.461482776000025],[9.162734324000041,45.461277806000055],[9.162855233000073,45.461194901000056],[9.16332354800005,45.46165950000005]]]}},{"type":"Feature","properties":{"service_id":46,"population_total":3477.47,"thiessen_area_km2":0.3664},"geometry":{"type":"Polygon","coordinates":[[[9.157666609000046,45.466925427000035],[9.158393027000045,45.467279407000035],[9.159236167000074,45.467690265000044],[9.15933532400004,45.467738584000074],[9.161375239000051,45.46873262400004],[9.161602057000039,45.468843151000044],[9.161731728000063,45.46890633900006],[9.162210812000069,45.46913979400006],[9.162967537000043,45.46950854200003],[9.165618227000039,45.47080020900006],[9.165663064000057,45.47082205800007],[9.166606486000035,45.47128178300005],[9.167057791000047,45.47271575700006],[9.167068932000063,45.47275115700006],[9.167147704000058,45.47300144600007],[9.16499402900007,45.47304698200003],[9.164309830000036,45.47306144800007],[9.164067383000031,45.47306657400003],[9.163734153000064,45.47307361900005],[9.16340051900005,45.47308067300003],[9.163304244000074,45.47308270900004],[9.161903750000022,45.47311232000004],[9.157155623000051,45.47321271200008],[9.156168609000076,45.47152000700004],[9.156569623000053,45.469956342000046],[9.156633100000022,45.469708827000034],[9.156769737000047,45.469176041000026],[9.157362460000058,45.466864851000025],[9.15738243800007,45.466786952000064],[9.157666609000046,45.466925427000035]]]}},{"type":"Feature","properties":{"service_id":47,"population_total":4694.95,"thiessen_area_km2":0.602},"geometry":{"type":"Polygon","coordinates":[[[9.167350019000025,45.47316112400006],[9.167417155000066,45.473258360000045],[9.167511150000053,45.47339449700007],[9.16719057000006,45.474067207000076],[9.166694414000062,45.47510834800005],[9.166496813000037,45.47552299600005],[9.166279253000027,45.47597952900003],[9.166102102000025,45.47635126500006],[9.165974002000041,45.476522629000044],[9.165893468000036,45.47663036200004],[9.165357587000074,45.47734722700005],[9.164123464000056,45.47899815300008],[9.163977121000073,45.47919392000006],[9.163712717000067,45.47954762200004],[9.163017879000051,45.48047713100004],[9.161639749000074,45.48039369300005],[9.160000042000036,45.48029441800003],[9.157226180000066,45.480126476000066],[9.157078538000064,45.48011753700007],[9.155985711000028,45.48005137200005],[9.155754922000028,45.480037399000025],[9.155038686000069,45.47920947000006],[9.155030225000075,45.47919969000003],[9.155180035000058,45.47874561500004],[9.155387249000057,45.478117550000036],[9.155459435000068,45.47789875600006],[9.155486362000033,45.47781714000007],[9.155598577000035,45.47747701600008],[9.155678141000067,45.477235859000075],[9.155779091000056,45.47692988000006],[9.155959064000058,45.47638438400003],[9.156152792000057,45.47579719500004],[9.156206304000023,45.47563499900008],[9.15633944800004,45.47523143900003],[9.156674730000077,45.47421520000006],[9.156708580000043,45.47414463500007],[9.157155623000051,45.47321271200008],[9.161903750000022,45.47311232000004],[9.163304244000074,45.47308270900004],[9.16340051900005,45.47308067300003],[9.163734153000064,45.47307361900005],[9.164067383000031,45.47306657400003],[9.164309830000036,45.47306144800007],[9.16499402900007,45.47304698200003],[9.167147704000058,45.47300144600007],[9.167350019000025,45.47316112400006]]]}},{"type":"Feature","properties":{"service_id":48,"population_total":1986.13,"thiessen_area_km2":0.1952},"geometry":{"type":"Polygon","coordinates":[[[9.153185827000073,45.470376531000056],[9.15415471600005,45.470747963000065],[9.156168609000076,45.47152000700004],[9.157155623000051,45.47321271200008],[9.156708580000043,45.47414463500007],[9.156674730000077,45.47421520000006],[9.156364538000048,45.47421494500003],[9.155607836000058,45.47421432400006],[9.151264419000029,45.47421075900007],[9.15034077000007,45.474210001000074],[9.14868440600003,45.474208641000075],[9.14741341000007,45.47420759800008],[9.149172778000036,45.47303265700003],[9.149622794000038,45.472732128000075],[9.150346712000044,45.47224868100005],[9.151737324000067,45.47132000300007],[9.151740769000071,45.47131770300007],[9.15305218900005,45.47044191100008],[9.15316312300007,45.470367827000075],[9.153185827000073,45.470376531000056]]]}},{"type":"Feature","properties":{"service_id":49,"population_total":2434.62,"thiessen_area_km2":0.3577},"geometry":{"type":"Polygon","coordinates":[[[9.14868440600003,45.474208641000075],[9.15034077000007,45.474210001000074],[9.151264419000029,45.47421075900007],[9.155607836000058,45.47421432400006],[9.156364538000048,45.47421494500003],[9.156674730000077,45.47421520000006],[9.15633944800004,45.47523143900003],[9.156206304000023,45.47563499900008],[9.156152792000057,45.47579719500004],[9.155959064000058,45.47638438400003],[9.155779091000056,45.47692988000006],[9.155678141000067,45.477235859000075],[9.155598577000035,45.47747701600008],[9.155486362000033,45.47781714000007],[9.155459435000068,45.47789875600006],[9.155387249000057,45.478117550000036],[9.155180035000058,45.47874561500004],[9.155030225000075,45.47919969000003],[9.154220720000069,45.47931384100008],[9.15390046400006,45.479359001000034],[9.151146749000077,45.47974731200003],[9.14980547500005,45.479936449000036],[9.149642286000073,45.479645205000054],[9.149626703000024,45.47961739400006],[9.149598208000043,45.47956653800003],[9.148952644000076,45.47841439800004],[9.147790390000068,45.47634011700006],[9.147659007000073,45.476105637000046],[9.147353207000037,45.475559875000044],[9.146898175000047,45.47474777800005],[9.146762469000066,45.47450558300005],[9.146985414000028,45.47440352400008],[9.14741341000007,45.47420759800008],[9.14868440600003,45.474208641000075]]]}},{"type":"Feature","properties":{"service_id":50,"population_total":7615.45,"thiessen_area_km2":0.8726},"geometry":{"type":"Polygon","coordinates":[[[9.144565459000034,45.47314762800005],[9.146762469000066,45.47450558300005],[9.146898175000047,45.47474777800005],[9.147353207000037,45.475559875000044],[9.147659007000073,45.476105637000046],[9.147790390000068,45.47634011700006],[9.148952644000076,45.47841439800004],[9.149598208000043,45.47956653800003],[9.149626703000024,45.47961739400006],[9.149642286000073,45.479645205000054],[9.14980547500005,45.479936449000036],[9.149646938000046,45.48017331200003],[9.149397012000065,45.48054671500006],[9.148307657000032,45.48071318700005],[9.14788634000007,45.48077757100003],[9.147647777000032,45.480814028000054],[9.147636637000062,45.480815730000074],[9.146676139000022,45.48096251100003],[9.144897204000074,45.481234362000066],[9.144825015000038,45.48124539400004],[9.143802956000059,45.481401582000046],[9.141941208000048,45.48082036900007],[9.141228371000068,45.48059783000008],[9.139741767000032,45.48013373100008],[9.134786467000026,45.47858675100008],[9.133280975000048,45.47811675600008],[9.131888028000049,45.477681896000036],[9.131933189000051,45.477446205000035],[9.131991368000058,45.47719602600006],[9.132059543000025,45.476947100000075],[9.132137657000044,45.47669962400005],[9.132225650000066,45.476453794000065],[9.132239321000043,45.47641968800008],[9.136713516000043,45.47428767000008],[9.137649901000032,45.473841469000035],[9.138757927000029,45.47331347900007],[9.138973016000023,45.473210986000026],[9.142188787000066,45.47167862500004],[9.144565459000034,45.47314762800005]]]}},{"type":"Feature","properties":{"service_id":51,"population_total":7175.61,"thiessen_area_km2":0.4743},"geometry":{"type":"Polygon","coordinates":[[[9.150652156000035,45.467353184000046],[9.152621016000069,45.469716979000054],[9.15316312300007,45.470367827000075],[9.15305218900005,45.47044191100008],[9.151740769000071,45.47131770300007],[9.151737324000067,45.47132000300007],[9.150346712000044,45.47224868100005],[9.149622794000038,45.472732128000075],[9.149172778000036,45.47303265700003],[9.14741341000007,45.47420759800008],[9.146985414000028,45.47440352400008],[9.146762469000066,45.47450558300005],[9.144565459000034,45.47314762800005],[9.142188787000066,45.47167862500004],[9.142576190000057,45.47084365400008],[9.142761610000036,45.47044401800008],[9.143041088000075,45.469841657000075],[9.143461333000062,45.468935900000076],[9.144100896000054,45.46755744700005],[9.144345476000069,45.46703030200007],[9.145204746000047,45.466954556000076],[9.145556931000044,45.46692351000007],[9.146028019000028,45.466881983000064],[9.147671088000038,45.466737144000035],[9.147804138000026,45.46672541500004],[9.149970230000065,45.466534470000056],[9.150652156000035,45.467353184000046]]]}},{"type":"Feature","properties":{"service_id":52,"population_total":18693.97,"thiessen_area_km2":1.0852},"geometry":{"type":"Polygon","coordinates":[[[9.139551398000037,45.456404863000046],[9.139772600000072,45.45642248000007],[9.139803549000021,45.45642494500004],[9.140160189000028,45.456460535000076],[9.140515263000054,45.45650318000003],[9.14086848900007,45.45655284800006],[9.14121958800007,45.456609498000034],[9.141568281000048,45.45667308600008],[9.14163793800003,45.456687274000046],[9.141950076000057,45.45787966900008],[9.142925569000056,45.46160613600006],[9.143107759000031,45.462302116000046],[9.14324879700007,45.46284089200003],[9.143446811000047,45.463597321000066],[9.144131965000042,45.466214671000046],[9.144345476000069,45.46703030200007],[9.144100896000054,45.46755744700005],[9.143461333000062,45.468935900000076],[9.143041088000075,45.469841657000075],[9.142761610000036,45.47044401800008],[9.142576190000057,45.47084365400008],[9.142188787000066,45.47167862500004],[9.138973016000023,45.473210986000026],[9.138757927000029,45.47331347900007],[9.137649901000032,45.473841469000035],[9.136713516000043,45.47428767000008],[9.136391195000044,45.474258758000076],[9.136035194000044,45.47421962400006],[9.135680902000047,45.474173449000034],[9.135328600000037,45.474120268000036],[9.134978567000076,45.47406012500005],[9.134631083000045,45.47399306600005],[9.134286423000049,45.47391914600007],[9.133944861000032,45.473838423000075],[9.133900833000041,45.473827037000035],[9.133606667000038,45.473750961000064],[9.133272111000053,45.47365682900005],[9.132941458000062,45.47355610300008],[9.132614971000066,45.473448862000055],[9.132292909000057,45.47333519100005],[9.131975528000055,45.47321518100006],[9.131849732000035,45.47316434900006],[9.132286502000056,45.47220138000006],[9.136192051000023,45.46359061800007],[9.139398226000026,45.45652180400003],[9.139454757000067,45.456397166000045],[9.139551398000037,45.456404863000046]]]}},{"type":"Feature","properties":{"service_id":53,"population_total":20687.57,"thiessen_area_km2":1.8345},"geometry":{"type":"Polygon","coordinates":[[[9.133734097000058,45.454252292000035],[9.133887651000066,45.45425533700006],[9.134094147000042,45.45425943300006],[9.134453768000071,45.45427370800007],[9.134812676000024,45.45429510800005],[9.135170585000026,45.45432361400003],[9.135527212000056,45.45435920300008],[9.13588227200006,45.45440184900008],[9.136235486000032,45.45445151700005],[9.136586572000056,45.45450816700003],[9.136935251000068,45.454571755000075],[9.137281248000022,45.45464223000005],[9.137624287000051,45.45471953600003],[9.137964097000065,45.454803612000035],[9.138300407000031,45.45489439100004],[9.138323601000025,45.45490118500004],[9.138632952000023,45.45499180200005],[9.138961466000069,45.455095766000056],[9.139285690000065,45.45520620100007],[9.139605365000023,45.45532302100003],[9.139891254000077,45.455434798000056],[9.139536806000024,45.45621626800005],[9.139454757000067,45.456397166000045],[9.139398226000026,45.45652180400003],[9.136192051000023,45.46359061800007],[9.132286502000056,45.47220138000006],[9.132115772000077,45.47218949400008],[9.13175835800007,45.47215743300006],[9.131402370000046,45.472118299000044],[9.131048091000025,45.47207212400008],[9.130695802000048,45.47201894300008],[9.130345783000053,45.47195880000004],[9.129998311000065,45.471891741000036],[9.129653664000045,45.47181782100006],[9.129312114000072,45.47173709800006],[9.12910336300007,45.47168311000007],[9.128973933000054,45.47164963600005],[9.128639390000046,45.47155550400004],[9.128308749000041,45.471454778000066],[9.127982274000033,45.47134753700004],[9.127660224000067,45.471233866000034],[9.127342855000052,45.471113856000045],[9.12703041800006,45.47098760200004],[9.12672316100003,45.47085520400003],[9.126421330000028,45.470716768000045],[9.12612516200005,45.47057240300006],[9.125834895000025,45.47042222400006],[9.125550756000052,45.47026635000003],[9.12527297400004,45.47010490500003],[9.125001767000072,45.46993801700006],[9.124737352000068,45.46976582000008],[9.124479938000036,45.46958844800008],[9.124229730000025,45.46940604400004],[9.123986926000043,45.469218753000064],[9.123751718000051,45.46902672200008],[9.123524295000038,45.46883010400006],[9.123304835000056,45.468629056000054],[9.123093514000061,45.46842373800007],[9.12289049900005,45.468214311000054],[9.122695951000026,45.46800094300005],[9.122510024000064,45.46778380300003],[9.122332867000068,45.46756306300006],[9.122164619000046,45.467338899000026],[9.122005414000057,45.46711148800006],[9.12185537800002,45.466881011000055],[9.121714631000032,45.46664765200006],[9.121583284000053,45.46641159500007],[9.121461441000065,45.46617302800007],[9.121349198000075,45.465932140000064],[9.121246646000031,45.46568912200007],[9.121153865000053,45.46544416800003],[9.121107094000024,45.46530504900005],[9.122410453000043,45.46173535500003],[9.123269225000058,45.459383313000046],[9.125222691000033,45.45814291900007],[9.126615198000025,45.45725871700006],[9.131082744000025,45.45442195500004],[9.13122572800006,45.45440184900008],[9.131580788000065,45.45435920300008],[9.131937415000039,45.45432361400003],[9.13229532400004,45.45429510800005],[9.13265423200005,45.45427370800007],[9.133013853000023,45.45425943300006],[9.133373903000063,45.454252292000035],[9.133734097000058,45.454252292000035]]]}},{"type":"Feature","properties":{"service_id":54,"population_total":1938.73,"thiessen_area_km2":0.6067},"geometry":{"type":"Polygon","coordinates":[[[9.134786467000026,45.47858675100008],[9.139741767000032,45.48013373100008],[9.141228371000068,45.48059783000008],[9.141941208000048,45.48082036900007],[9.143802956000059,45.481401582000046],[9.143827518000023,45.48157906200004],[9.143840151000063,45.48167034800008],[9.143898070000034,45.48208885500003],[9.144439229000056,45.48599911500003],[9.144540609000046,45.48673166100008],[9.144611356000041,45.48724285700007],[9.144410500000049,45.48735287100004],[9.144380386000023,45.48736936500006],[9.140284318000056,45.48591477900004],[9.140164913000035,45.48587237600003],[9.139269721000062,45.48555447700005],[9.13662865200007,45.48461658600007],[9.133802152000044,45.48361284500004],[9.132562724000024,45.48317270200005],[9.131831087000023,45.482912885000076],[9.130366421000076,45.48239275600008],[9.130424369000025,45.48218118700004],[9.130502491000072,45.48193371100007],[9.130590492000067,45.481687882000074],[9.130688302000067,45.48144389300006],[9.130795844000033,45.48120194000006],[9.130913032000024,45.480962214000044],[9.131039772000065,45.480724906000034],[9.131175965000068,45.480490203000045],[9.131321501000059,45.48025829200003],[9.13147626600005,45.48002935800008],[9.131640136000044,45.479803581000056],[9.131812981000053,45.47958114100004],[9.131841589000032,45.47954666900006],[9.131994665000036,45.47936221500004],[9.13218504100007,45.47914697600004],[9.132383961000073,45.47893559600004],[9.132591264000041,45.478728241000056],[9.132806788000039,45.47852507600004],[9.13303036000002,45.47832626300004],[9.133261803000039,45.47813196000004],[9.133280975000048,45.47811675600008],[9.134786467000026,45.47858675100008]]]}},{"type":"Feature","properties":{"service_id":55,"population_total":2201.13,"thiessen_area_km2":0.6953},"geometry":{"type":"Polygon","coordinates":[[[9.132562724000024,45.48317270200005],[9.133802152000044,45.48361284500004],[9.13662865200007,45.48461658600007],[9.139269721000062,45.48555447700005],[9.140164913000035,45.48587237600003],[9.140284318000056,45.48591477900004],[9.144380386000023,45.48736936500006],[9.144281833000036,45.48776757700006],[9.143635591000077,45.490378778000036],[9.143600826000068,45.490519248000055],[9.143101634000061,45.49253628000008],[9.142985811000074,45.49300427400004],[9.14297281000006,45.49305680800006],[9.142832049000049,45.49300348000003],[9.138648011000043,45.491418345000056],[9.133706760000052,45.489546338000025],[9.133706697000036,45.48954631400005],[9.132333721000066,45.48902615800006],[9.131359533000023,45.48865708400007],[9.130862465000064,45.48787015000005],[9.129388701000039,45.48553696000005],[9.129520467000077,45.485327013000074],[9.129675245000044,45.48509807800008],[9.12983913000005,45.48487230200004],[9.13001199100006,45.484649862000026],[9.130173911000043,45.484454768000035],[9.130193690000056,45.48443093600008],[9.13038408400007,45.48421569800007],[9.130583021000064,45.48400431700003],[9.130790343000058,45.48379696200004],[9.131005886000025,45.48359379800007],[9.13122947900007,45.483394985000075],[9.131460943000036,45.483200682000074],[9.131700095000042,45.483011042000044],[9.131831087000023,45.482912885000076],[9.132562724000024,45.48317270200005]]]}},{"type":"Feature","properties":{"service_id":56,"population_total":4143.91,"thiessen_area_km2":0.698},"geometry":{"type":"Polygon","coordinates":[[[9.135726645000034,45.49529907400006],[9.140325663000056,45.49761945000006],[9.141223826000044,45.49807260700004],[9.14326126100002,45.49910056900006],[9.144750182000053,45.49985178500003],[9.146769981000034,45.50087084900008],[9.147666293000043,45.50132307200005],[9.146696871000074,45.50149839900007],[9.137715661000072,45.50312271200005],[9.135589990000028,45.50350715400003],[9.133557918000065,45.50387466800004],[9.132079719000046,45.504142011000056],[9.132137861000047,45.503028345000075],[9.132168020000051,45.502450665000026],[9.132282481000061,45.50025822900005],[9.132519562000027,45.495717082000056],[9.132623133000038,45.493733236000025],[9.135726645000034,45.49529907400006]]]}},{"type":"Feature","properties":{"service_id":57,"population_total":5304.08,"thiessen_area_km2":0.6253},"geometry":{"type":"Polygon","coordinates":[[[9.132333721000066,45.48902615800006],[9.133706697000036,45.48954631400005],[9.133706760000052,45.489546338000025],[9.138648011000043,45.491418345000056],[9.142832049000049,45.49300348000003],[9.14297281000006,45.49305680800006],[9.145448139000052,45.49721977200005],[9.145618108000065,45.49750562400004],[9.146733010000048,45.499380647000066],[9.147021678000044,45.49986612400005],[9.147869693000075,45.50129229800007],[9.147826143000032,45.50132228900003],[9.14776168000003,45.50132260500004],[9.147666293000043,45.50132307200005],[9.146769981000034,45.50087084900008],[9.144750182000053,45.49985178500003],[9.14326126100002,45.49910056900006],[9.141223826000044,45.49807260700004],[9.140325663000056,45.49761945000006],[9.135726645000034,45.49529907400006],[9.132623133000038,45.493733236000025],[9.13171466700004,45.49008373300006],[9.131474320000052,45.489118208000036],[9.131359533000023,45.48865708400007],[9.132333721000066,45.48902615800006]]]}},{"type":"Feature","properties":{"service_id":58,"population_total":10268.05,"thiessen_area_km2":1.9961},"geometry":{"type":"Polygon","coordinates":[[[9.12771220600007,45.48868034700007],[9.128072476000057,45.48868748700005],[9.128369040000052,45.48869925300005],[9.128432316000044,45.48870176300005],[9.128791443000068,45.48872316200004],[9.129149570000038,45.48875166800008],[9.129493057000047,45.48878592500006],[9.129506413000058,45.48878725700007],[9.129861690000041,45.48882990300007],[9.13021511900007,45.48887957000005],[9.130566419000047,45.48893622000003],[9.130915310000034,45.48899980700003],[9.13126151800003,45.48907028200006],[9.131474320000052,45.489118208000036],[9.13171466700004,45.49008373300006],[9.132623133000038,45.493733236000025],[9.132519562000027,45.495717082000056],[9.132282481000061,45.50025822900005],[9.132168020000051,45.502450665000026],[9.132137861000047,45.503028345000075],[9.132079719000046,45.504142011000056],[9.131162757000027,45.50517350400003],[9.128111138000065,45.50446310500007],[9.127320912000073,45.504279145000055],[9.11876426200007,45.50228720800004],[9.116059023000048,45.501657444000045],[9.115976377000038,45.501539464000075],[9.115826250000055,45.50130898900005],[9.115685417000066,45.50107563100005],[9.115553990000024,45.50083957500004],[9.115432073000022,45.500601009000036],[9.11531976200007,45.500360123000064],[9.115217148000056,45.50011710700005],[9.115124310000056,45.49987215400006],[9.115041322000025,45.49962545900007],[9.11496825200004,45.49937721800006],[9.11490515500003,45.49912762800005],[9.114852082000027,45.49887688700005],[9.114809076000029,45.498625194000056],[9.114776170000027,45.498372749000055],[9.114753390000033,45.498119752000036],[9.11474075500007,45.497866404000035],[9.114738273000057,45.49761290600003],[9.114745947000074,45.49735946000004],[9.11476377100007,45.49710626600006],[9.114791730000036,45.49685352600005],[9.114829802000031,45.49660144000006],[9.114877957000033,45.49635020900007],[9.114936156000056,45.496100031000026],[9.115004353000074,45.49585110600003],[9.115082494000035,45.49560363000006],[9.115170516000035,45.49535780100007],[9.115268350000065,45.495113813000046],[9.11537591800004,45.494871861000036],[9.115493134000076,45.494632135000074],[9.115619905000074,45.494394827000065],[9.115756131000069,45.494160125000064],[9.115901703000077,45.49392821500004],[9.116056505000074,45.49369928100003],[9.116220415000043,45.493473505000054],[9.116393302000063,45.49325106600003],[9.116575029000046,45.493032140000025],[9.116765452000038,45.49281690200007],[9.116964419000055,45.49260552100003],[9.117171773000052,45.49239816700003],[9.117387348000022,45.49219500300006],[9.117610975000048,45.491996191000055],[9.117842474000042,45.491801888000055],[9.118081663000055,45.49161224800008],[9.11832835100006,45.49142742300006],[9.118582343000071,45.491247559000044],[9.118843437000066,45.49107279800006],[9.119111425000028,45.490903279000065],[9.119386096000028,45.49073913700005],[9.119667230000061,45.49058050200006],[9.119954606000022,45.49042750000007],[9.120247994000067,45.49028025200005],[9.120547162000037,45.49013887500007],[9.12085187200006,45.49000348100003],[9.12116188300007,45.489874178000036],[9.121476949000055,45.48975106900008],[9.121796820000043,45.48963425000005],[9.122121241000059,45.48952381500004],[9.122449955000036,45.48941985100004],[9.122782702000052,45.48932244200006],[9.123119217000067,45.489231663000055],[9.123459234000052,45.48914758700005],[9.12380248200003,45.48907028200006],[9.124148690000027,45.48899980700003],[9.124497581000071,45.48893622000003],[9.124848881000048,45.48887957000005],[9.125202310000077,45.48882990300007],[9.12555758700006,45.48878725700007],[9.125914430000023,45.48875166800008],[9.12627255700005,45.48872316200004],[9.126631684000074,45.48870176300005],[9.126991524000061,45.48868748700005],[9.127351794000049,45.48868034700007],[9.12771220600007,45.48868034700007]]]}},{"type":"Feature","properties":{"service_id":59,"population_total":7660.29,"thiessen_area_km2":3.1412},"geometry":{"type":"Polygon","coordinates":[[[9.103243144000032,45.46918831600004],[9.103603289000034,45.46919545600008],[9.103963006000072,45.46920973200008],[9.104322009000043,45.46923113100007],[9.104680012000074,45.46925963700005],[9.105036733000077,45.46929522700003],[9.105391887000053,45.46933787200004],[9.105745194000065,45.46938754000007],[9.106096372000025,45.46944419000005],[9.106445144000077,45.469507778000036],[9.106791232000035,45.469578252000076],[9.107134362000068,45.469655558000056],[9.10747426200004,45.469739634000064],[9.10781066100003,45.46983041300007],[9.108143293000069,45.469927823000035],[9.108471894000047,45.47003178700004],[9.108796203000054,45.47014222300004],[9.109115963000022,45.470259042000066],[9.109430921000069,45.47038215200007],[9.109740825000074,45.470511455000064],[9.11004543000007,45.47064684900005],[9.11034449500005,45.47078822700007],[9.110637782000026,45.47093547500003],[9.11092505800002,45.47108847800007],[9.111206096000046,45.47124711300006],[9.111480672000027,45.47141125600007],[9.111748568000053,45.471580775000064],[9.112009572000034,45.471755537000035],[9.112263476000066,45.47193540200004],[9.11251007900006,45.47212022800005],[9.112749185000041,45.472309868000025],[9.112980605000075,45.47250417200007],[9.113204154000073,45.47270298500007],[9.11341965500003,45.47290614900004],[9.113626938000039,45.473113504000025],[9.113825836000046,45.47332488500007],[9.114016193000054,45.473540125000056],[9.114197858000068,45.47375905100006],[9.11437068500004,45.473981491000075],[9.114534539000033,45.47420726800004],[9.114689287000033,45.47443620300004],[9.114834809000058,45.47466811400005],[9.11497098700005,45.47490281700004],[9.115097715000047,45.47514012500005],[9.115214890000061,45.47537985200006],[9.11532242100003,45.47562180500006],[9.115420221000022,45.475865793000025],[9.115508213000055,45.476111623000065],[9.115586327000074,45.47635910000008],[9.115654501000051,45.476608026000065],[9.115712680000058,45.47685820500004],[9.11576081800007,45.47710943700008],[9.115798877000032,45.47736152400006],[9.115826826000045,45.47761426500006],[9.115844644000049,45.47786745900004],[9.11585231500004,45.47812090600007],[9.115849834000073,45.47837440500007],[9.11583720300007,45.47862775400006],[9.115814431000047,45.478880752000066],[9.115781536000043,45.479133198000056],[9.115738545000056,45.47938489200004],[9.115685491000022,45.47963563400003],[9.115622416000065,45.47988522500003],[9.115549370000053,45.48013346600004],[9.115466411000057,45.480380162000074],[9.115373605000059,45.480625116000056],[9.115271026000073,45.48086813200007],[9.11515875400005,45.481109020000076],[9.115036879000058,45.48134758600003],[9.114905497000052,45.48158364300008],[9.114764713000056,45.48181700200007],[9.114614637000045,45.48204747800003],[9.114455390000046,45.48227488800006],[9.114287098000034,45.48249905100005],[9.114109894000023,45.48271979100008],[9.113923918000069,45.48293693000005],[9.113729318000026,45.483150298000055],[9.113526250000064,45.48335972400008],[9.113314873000036,45.483565042000066],[9.113095355000041,45.48376608900003],[9.112867871000049,45.48396270600006],[9.112632602000076,45.48415473700004],[9.112389734000033,45.48434202800007],[9.112139459000048,45.48452443100007],[9.111881977000053,45.484701802000075],[9.11161749200005,45.48487400000005],[9.111346214000037,45.485040887000025],[9.111068358000068,45.48520233100004],[9.110784145000025,45.48535820500007],[9.110493800000029,45.48550838300008],[9.11019755500007,45.485652748000064],[9.109895643000073,45.48579118400005],[9.109588306000035,45.485923581000065],[9.109275786000069,45.486049835000074],[9.108958333000032,45.48616984500006],[9.108636198000056,45.486283515000025],[9.108309637000048,45.48639075600005],[9.107978909000053,45.486491482000076],[9.107644277000077,45.486585614000035],[9.107306006000044,45.486673076000045],[9.106964366000057,45.48675379900004],[9.106619628000033,45.486827719000075],[9.106272065000041,45.48689477700003],[9.105921954000053,45.48695492000007],[9.105569571000046,45.48700810100007],[9.105215199000043,45.48705427600004],[9.104859117000046,45.48709341000006],[9.104501608000021,45.48712547100007],[9.104142957000022,45.48715043400006],[9.103783448000058,45.48716827800007],[9.103423367000062,45.487178991000064],[9.103063000000077,45.48718256300003],[9.102702633000035,45.487178991000064],[9.102342552000039,45.48716827800007],[9.101983043000075,45.48715043400006],[9.101624392000076,45.48712547100007],[9.10126688300005,45.48709341000006],[9.100910801000055,45.48705427600004],[9.10055642900005,45.48700810100007],[9.100204046000044,45.48695492000007],[9.099853935000056,45.48689477700003],[9.099506372000064,45.486827719000075],[9.09916163400004,45.48675379900004],[9.098819994000053,45.486673076000045],[9.098481723000077,45.486585614000035],[9.098147091000044,45.486491482000076],[9.09781636300005,45.48639075600005],[9.097489802000041,45.486283515000025],[9.097167667000065,45.48616984500006],[9.096850214000028,45.486049835000074],[9.096537694000062,45.485923581000065],[9.096230357000024,45.48579118400005],[9.095928445000027,45.485652748000064],[9.095632200000068,45.48550838300008],[9.095341855000072,45.48535820500007],[9.095057642000029,45.48520233100004],[9.09477978600006,45.485040887000025],[9.094508508000047,45.48487400000005],[9.094244023000044,45.484701802000075],[9.09398654100005,45.48452443100007],[9.093736266000064,45.48434202800007],[9.093493398000021,45.48415473700004],[9.093258129000048,45.48396270600006],[9.093030645000056,45.48376608900003],[9.092811127000061,45.483565042000066],[9.092599750000034,45.48335972400008],[9.092396682000071,45.483150298000055],[9.092202082000028,45.48293693000005],[9.092016106000074,45.48271979100008],[9.091838902000063,45.48249905100005],[9.091670610000051,45.48227488800006],[9.091511363000052,45.48204747800003],[9.09136128700004,45.48181700200007],[9.091220503000045,45.48158364300008],[9.091089121000039,45.48134758600003],[9.090967246000048,45.481109020000076],[9.090854974000024,45.48086813200007],[9.090752395000038,45.480625116000056],[9.09065958900004,45.480380162000074],[9.090576630000044,45.48013346600004],[9.090503584000032,45.47988522500003],[9.090440509000075,45.47963563400003],[9.090387455000041,45.47938489200004],[9.090344464000054,45.479133198000056],[9.09031156900005,45.478880752000066],[9.090288797000028,45.47862775400006],[9.090276166000024,45.47837440500007],[9.090273685000057,45.47812090600007],[9.090281356000048,45.47786745900004],[9.090299174000052,45.47761426500006],[9.090327123000066,45.47736152400006],[9.090365182000028,45.47710943700008],[9.090413320000039,45.47685820500004],[9.090471499000046,45.476608026000065],[9.090539673000023,45.47635910000008],[9.090617787000042,45.476111623000065],[9.090705779000075,45.475865793000025],[9.090803579000067,45.47562180500006],[9.090911110000036,45.47537985200006],[9.09102828500005,45.47514012500005],[9.091155013000048,45.47490281700004],[9.091291191000039,45.47466811400005],[9.091436713000064,45.47443620300004],[9.091591461000064,45.47420726800004],[9.091755315000057,45.473981491000075],[9.091928142000029,45.47375905100006],[9.092109807000043,45.473540125000056],[9.09230016400005,45.47332488500007],[9.092499062000059,45.473113504000025],[9.092706345000067,45.47290614900004],[9.092921846000024,45.47270298500007],[9.093145395000022,45.47250417200007],[9.093376815000056,45.472309868000025],[9.093615921000037,45.47212022800005],[9.09386252400003,45.47193540200004],[9.094116428000063,45.471755537000035],[9.094377432000044,45.471580775000064],[9.09464532800007,45.47141125600007],[9.09491990400005,45.47124711300006],[9.095200942000076,45.47108847800007],[9.095488218000071,45.47093547500003],[9.095781505000048,45.47078822700007],[9.096080570000026,45.47064684900005],[9.096385175000023,45.470511455000064],[9.096695079000028,45.47038215200007],[9.097010037000075,45.470259042000066],[9.097329797000043,45.47014222300004],[9.09765410600005,45.47003178700004],[9.097982707000028,45.469927823000035],[9.098315339000067,45.46983041300007],[9.098651738000058,45.469739634000064],[9.09899163800003,45.469655558000056],[9.099334768000062,45.469578252000076],[9.09968085600002,45.469507778000036],[9.100029628000073,45.46944419000005],[9.100380806000032,45.46938754000007],[9.100734113000044,45.46933787200004],[9.101089267000077,45.46929522700003],[9.101445988000023,45.46925963700005],[9.101803991000054,45.46923113100007],[9.102162994000025,45.46920973200008],[9.102522711000063,45.46919545600008],[9.102882856000065,45.46918831600004],[9.103243144000032,45.46918831600004]]]}},{"type":"Feature","properties":{"service_id":60,"population_total":12581.83,"thiessen_area_km2":1.8811},"geometry":{"type":"Polygon","coordinates":[[[9.106197696000038,45.45581122900006],[9.106280980000065,45.45606127900004],[9.109019315000069,45.46428278800005],[9.109663990000058,45.46621834300004],[9.109580375000064,45.466275962000054],[9.109315976000062,45.46644816000003],[9.109044786000027,45.46661504700006],[9.108767021000062,45.466776492000065],[9.10848290000007,45.46693236600004],[9.108192650000035,45.46708254500004],[9.107896501000027,45.46722691000008],[9.107594688000063,45.467365347000054],[9.107287451000047,45.46749774500006],[9.106975033000026,45.46762399900007],[9.106657683000037,45.46774400900006],[9.10633565300003,45.467857680000066],[9.106009198000038,45.46796492100003],[9.105678578000038,45.46806564700006],[9.105344055000046,45.468159779000075],[9.105005895000033,45.46824724100003],[9.104664366000065,45.46832796500007],[9.10431974000005,45.46840188500005],[9.103972290000058,45.46846894300006],[9.103622293000058,45.468529087000036],[9.103270026000075,45.468582267000045],[9.10291576800006,45.46862844300006],[9.10255980200003,45.468667577000076],[9.102202410000075,45.46869963800003],[9.101843876000032,45.468724601000076],[9.101484484000025,45.46874244500003],[9.101124521000031,45.46875315800003],[9.10076427100006,45.46875673000005],[9.100404021000031,45.46875315800003],[9.100044058000037,45.46874244500003],[9.09968466600003,45.468724601000076],[9.099326132000044,45.46869963800003],[9.098968740000032,45.468667577000076],[9.09861277400006,45.46862844300006],[9.098258516000044,45.468582267000045],[9.097906249000062,45.468529087000036],[9.09755625200006,45.46846894300006],[9.097208802000068,45.46840188500005],[9.096864176000054,45.46832796500007],[9.096522647000029,45.46824724100003],[9.096184487000073,45.468159779000075],[9.095849964000024,45.46806564700006],[9.095519344000024,45.46796492100003],[9.095192889000032,45.467857680000066],[9.094870859000025,45.46774400900006],[9.094553509000036,45.46762399900007],[9.094241091000072,45.46749774500006],[9.093933854000056,45.467365347000054],[9.093632041000035,45.46722691000008],[9.093335892000027,45.46708254500004],[9.09304564200005,45.46693236600004],[9.092761521000057,45.466776492000065],[9.092483756000036,45.46661504700006],[9.092212566000057,45.46644816000003],[9.091948167000055,45.466275962000054],[9.091690769000024,45.46609859000006],[9.091440576000025,45.46591618600007],[9.091197787000056,45.46572889400005],[9.090962594000075,45.46553686300007],[9.090735185000028,45.46534024600004],[9.090515739000068,45.46513919800003],[9.09030443100005,45.46493387900006],[9.090101428000025,45.46472445200004],[9.089906892000045,45.46451108400004],[9.08972097700007,45.464293944000076],[9.089543830000025,45.464073204000044],[9.089375592000067,45.46384903900008],[9.08921639700003,45.463621628000055],[9.089066371000058,45.46339115200004],[9.088925632000041,45.46315779200006],[9.088794293000035,45.462921735000066],[9.088672458000076,45.46268316800007],[9.08856022200007,45.46244227900007],[9.088457676000075,45.46219926200007],[9.088364901000034,45.46195430800003],[9.088332695000076,45.461858506000056],[9.09132375200005,45.45992622600005],[9.093256838000059,45.45867741500007],[9.100294774000076,45.45413077200004],[9.100332621000064,45.45411419200008],[9.103393422000067,45.45277330300007],[9.104784643000073,45.453523862000054],[9.105331936000027,45.45321189400005],[9.106197696000038,45.45581122900006]]]}},{"type":"Feature","properties":{"service_id":61,"population_total":883.84,"thiessen_area_km2":0.1944},"geometry":{"type":"Polygon","coordinates":[[[9.100979040000027,45.451727746000074],[9.101364391000061,45.45185608700007],[9.10203511100002,45.45207947100005],[9.103083967000032,45.45260635300008],[9.103393422000067,45.45277330300007],[9.100332621000064,45.45411419200008],[9.100294774000076,45.45413077200004],[9.096633497000028,45.45124469800004],[9.095163666000076,45.45008607500006],[9.095206133000033,45.44997426700007],[9.09535072400007,45.44970767900003],[9.095352225000056,45.44961141200008],[9.095350178000047,45.449383639000075],[9.09537871300006,45.44912257500005],[9.095519336000052,45.44904774100007],[9.09588558400003,45.448852120000026],[9.09621252100004,45.44887885000003],[9.096717693000073,45.448905429000035],[9.096758660000035,45.44890285900004],[9.09693670300004,45.44889034000005],[9.097241789000066,45.44886868400005],[9.097491275000039,45.44885076000003],[9.097818791000066,45.448400424000056],[9.098131562000049,45.44792562900005],[9.098160316000076,45.44788239900004],[9.098204812000063,45.447815020000064],[9.098415402000057,45.44757444600003],[9.098448758000075,45.44753577100005],[9.098483251000062,45.44749717000008],[9.09855996500005,45.44740965900007],[9.09885652500003,45.44720688000007],[9.099221381000064,45.44695481600007],[9.099277941000025,45.446915740000065],[9.09933268900005,45.44687791800004],[9.099837845000025,45.446904483000026],[9.100129045000074,45.446914787000026],[9.100582566000071,45.44693083400006],[9.101123958000073,45.44693035600005],[9.101266702000032,45.44693022900003],[9.101171928000042,45.44708802700006],[9.101088205000053,45.44722742300007],[9.101048036000066,45.44733542700004],[9.100848542000051,45.447596599000065],[9.10045367400005,45.44814123500004],[9.100050160000023,45.44860652700004],[9.099599470000044,45.44924538400005],[9.098995673000047,45.45084892700004],[9.098713453000073,45.451598439000065],[9.099880755000072,45.45157866000005],[9.100979040000027,45.451727746000074]]]}},{"type":"Feature","properties":{"service_id":62,"population_total":6410.39,"thiessen_area_km2":0.781},"geometry":{"type":"Polygon","coordinates":[[[9.100294774000076,45.45413077200004],[9.093256838000059,45.45867741500007],[9.09132375200005,45.45992622600005],[9.091116004000071,45.45987711600003],[9.090777894000041,45.45978965300003],[9.090443420000042,45.45969552200006],[9.090112849000036,45.459594795000044],[9.089786443000037,45.45948755400008],[9.089464460000045,45.45937388300007],[9.08914715700007,45.45925387200003],[9.088834786000064,45.459127618000025],[9.088527594000027,45.45899522000008],[9.088225825000052,45.458856783000044],[9.088056879000021,45.45877441400006],[9.087929720000034,45.45871241800006],[9.087639513000056,45.45856223900006],[9.087355434000074,45.45840636400004],[9.087077710000074,45.45824491900004],[9.08680656000007,45.45807803100007],[9.086542201000043,45.45790583300004],[9.086284841000065,45.457728462000034],[9.086034685000072,45.45754605700006],[9.085791931000074,45.45735876500004],[9.085556774000054,45.457166734000054],[9.085329398000056,45.456970116000036],[9.085109984000042,45.45676906800003],[9.084898707000036,45.456563749000054],[9.084695734000036,45.45635432200004],[9.084501227000032,45.456140953000045],[9.084315339000057,45.45592381300003],[9.084138219000067,45.45570307200006],[9.083970006000072,45.45547890700004],[9.083810835000065,45.45525149600007],[9.083660831000032,45.45502101900007],[9.083520113000077,45.45478765900003],[9.08338879300004,45.45455160200004],[9.083266976000061,45.45431303400005],[9.083154757000045,45.454072146000044],[9.083052226000063,45.45382912800005],[9.082959464000055,45.45358417300008],[9.082876545000033,45.45333747600006],[9.08280353300006,45.45308923300007],[9.08274048800007,45.452839641000025],[9.082687459000056,45.452588898000045],[9.082644488000028,45.45233720300007],[9.082611609000026,45.45208475600003],[9.082588847000068,45.45183175600005],[9.082576222000057,45.45157840600007],[9.082573742000022,45.45132490700007],[9.082577955000033,45.451185664000036],[9.082965026000068,45.45126331200004],[9.083206786000062,45.45131063800005],[9.083246721000023,45.45132403400004],[9.083511625000028,45.451371073000075],[9.083612624000068,45.45139108500007],[9.083676902000036,45.45140439900007],[9.083865192000076,45.45144289900003],[9.084006587000033,45.45147181100003],[9.085239199000057,45.45206099300003],[9.085270770000022,45.45207593500004],[9.085606318000032,45.45223571300005],[9.086398965000058,45.452581975000044],[9.086758288000055,45.45273891000005],[9.087026826000056,45.452855724000074],[9.087218970000038,45.452914048000025],[9.088152789000048,45.45319690600007],[9.08862589100005,45.45313353100005],[9.088723204000075,45.453151871000046],[9.089077744000065,45.453219130000036],[9.089421093000055,45.45316518900006],[9.08995587000004,45.45308748100007],[9.091848134000031,45.452779941000074],[9.092183857000066,45.45266265300006],[9.092994609000073,45.45237927100004],[9.093056743000034,45.452356372000054],[9.093205290000071,45.452306813000064],[9.09328288200004,45.45227743100003],[9.093348778000063,45.452252592000036],[9.093541672000072,45.452053971000055],[9.093834936000064,45.45175390600008],[9.093876215000023,45.45171165000005],[9.093934063000063,45.45163040500006],[9.094100054000023,45.451390168000046],[9.094431490000034,45.45109461700008],[9.094639311000037,45.45086041800005],[9.094833211000036,45.45062027300003],[9.09487967800004,45.45056495700004],[9.094934505000026,45.45048774900005],[9.095083153000076,45.450292975000025],[9.095131008000067,45.45017205500005],[9.095163666000076,45.45008607500006],[9.096633497000028,45.45124469800004],[9.100294774000076,45.45413077200004]]]}},{"type":"Feature","properties":{"service_id":63,"population_total":11021.63,"thiessen_area_km2":1.7852},"geometry":{"type":"Polygon","coordinates":[[[9.119368295000072,45.45336625400006],[9.121911861000058,45.457289622000076],[9.122696220000023,45.45849947100004],[9.123269225000058,45.459383313000046],[9.122410453000043,45.46173535500003],[9.122236257000054,45.46186974200003],[9.121986082000035,45.462052146000076],[9.121728702000041,45.462229517000026],[9.121464322000065,45.462401715000055],[9.121193152000046,45.46256860300008],[9.120915406000051,45.462730048000026],[9.12078486200005,45.46280167200007],[9.120631306000064,45.462885922000055],[9.120341077000035,45.46303610100006],[9.120044949000032,45.46318046700003],[9.119743157000073,45.46331890300007],[9.119435942000052,45.46345130100008],[9.119123547000072,45.46357755500003],[9.118806219000021,45.463697566000064],[9.118484212000055,45.463811236000026],[9.118157781000036,45.46391847800004],[9.11782718400002,45.46401920400007],[9.117492685000059,45.464113336000025],[9.117154549000077,45.464200798000036],[9.116813045000072,45.46428152200008],[9.116468444000077,45.464355442000056],[9.116121019000047,45.46442250000007],[9.115771046000077,45.46448264400004],[9.115418804000058,45.46453582500004],[9.115064572000051,45.464582000000064],[9.114708632000031,45.464621134000026],[9.114351265000039,45.46465319500004],[9.113992757000062,45.46467815800003],[9.113633391000064,45.46469600300003],[9.113273453000033,45.464706715000034],[9.112913229000071,45.46471028700006],[9.112553005000052,45.464706715000034],[9.112193067000021,45.46469600300003],[9.111833701000023,45.46467815800003],[9.111491074000071,45.46465430100005],[9.111475193000047,45.46465319500004],[9.111117826000054,45.464621134000026],[9.110761886000034,45.464582000000064],[9.110407654000028,45.46453582500004],[9.110055412000065,45.46448264400004],[9.109705439000038,45.46442250000007],[9.109358014000065,45.464355442000056],[9.109019315000069,45.46428278800005],[9.106280980000065,45.45606127900004],[9.106197696000038,45.45581122900006],[9.105331936000027,45.45321189400005],[9.105580041000053,45.45307047000006],[9.106689190000054,45.45244427500006],[9.107232425000063,45.452158120000036],[9.107418319000033,45.45207655200005],[9.108081648000052,45.45178548900003],[9.108128346000058,45.451767689000064],[9.109096516000022,45.45139865400006],[9.109428189000027,45.451272231000075],[9.109325649000027,45.45111850100005],[9.109412081000073,45.450976653000055],[9.109266671000057,45.45093988700006],[9.109188139000025,45.45091621800003],[9.10847730300003,45.45070197500007],[9.108078706000072,45.45051158500007],[9.108065143000033,45.450505107000026],[9.107622201000027,45.45049332800005],[9.107490806000044,45.45052999500007],[9.106982002000052,45.45045009100005],[9.106763862000037,45.450362625000025],[9.106708334000075,45.45027986600007],[9.106874402000074,45.450018785000054],[9.107036528000037,45.45021039200003],[9.10780412500003,45.450371690000054],[9.108062506000067,45.45040423200004],[9.108584416000042,45.450469963000046],[9.10891102000005,45.450575238000056],[9.109073655000032,45.45062709200005],[9.109198633000062,45.45066740000004],[9.109221019000074,45.450662959000056],[9.109403764000035,45.45062670200008],[9.109478090000039,45.45061222700008],[9.110357908000026,45.45044065400003],[9.110445441000024,45.450423131000036],[9.110526803000027,45.45040537700004],[9.110794170000077,45.449126669000066],[9.110908978000055,45.44890632200003],[9.110925554000062,45.448874508000074],[9.111221636000039,45.448317263000035],[9.111374935000072,45.44802873900005],[9.111376205000056,45.44802634900003],[9.111456691000058,45.447874865000074],[9.111819604000061,45.44674895300005],[9.112013580000053,45.44673738600005],[9.112373154000068,45.44672311000005],[9.112733156000047,45.44671596900008],[9.113093302000038,45.44671596900008],[9.113371992000054,45.446721497000055],[9.117010366000045,45.44972922300008],[9.119368295000072,45.45336625400006]]]}},{"type":"Feature","properties":{"service_id":64,"population_total":4896.5,"thiessen_area_km2":1.3052},"geometry":{"type":"Polygon","coordinates":[[[9.119929280000065,45.44819171900008],[9.117010366000045,45.44972922300008],[9.113371992000054,45.446721497000055],[9.112811069000031,45.44625780000007],[9.113000813000042,45.44627114300005],[9.113243050000051,45.44591085900004],[9.112242976000061,45.44578518000003],[9.112454884000044,45.44531512400005],[9.112671324000075,45.44482692300005],[9.112879347000046,45.444355925000025],[9.112971596000023,45.44414734500003],[9.112995700000056,45.44409694400008],[9.113059662000069,45.44395237900005],[9.113340149000067,45.44331843100008],[9.113530496000067,45.44336334800005],[9.11357350000003,45.44337342600005],[9.11509824500007,45.443730757000026],[9.115178262000029,45.44375209100008],[9.115249865000067,45.44377081600004],[9.115332799000043,45.44362676600008],[9.115424150000024,45.44344481300004],[9.115477399000042,45.443336541000065],[9.115515294000033,45.443246696000074],[9.115558867000061,45.443163311000035],[9.115620128000046,45.443059969000046],[9.115658303000032,45.442981660000044],[9.11568986900005,45.44291648500007],[9.115772012000036,45.44275250900006],[9.115794466000068,45.44270684300005],[9.115881234000028,45.44253671300004],[9.115907666000055,45.442488910000066],[9.11609634000007,45.44209205900006],[9.116165799000044,45.44195414300003],[9.116189391000034,45.441904323000074],[9.116392458000064,45.44149712500007],[9.116424936000044,45.44144309100005],[9.11648868800006,45.441339275000075],[9.116516689000036,45.441294466000045],[9.116590987000052,45.44117300400006],[9.116715030000023,45.44097022100004],[9.11698306900007,45.44082385000007],[9.117170720000047,45.440722194000045],[9.117305805000058,45.44064442800004],[9.117404997000051,45.44059407000003],[9.117451800000026,45.44056892100008],[9.117500154000027,45.44050586100008],[9.117560929000035,45.440426786000046],[9.117642869000065,45.44032189200004],[9.11781555300007,45.44009779900006],[9.117854016000024,45.440046865000056],[9.11791086200003,45.43997436600006],[9.11802877200006,45.439848651000034],[9.118064720000064,45.43980993800005],[9.118682012000022,45.43915455400003],[9.118728893000025,45.43910438800003],[9.118774991000066,45.439055359000065],[9.118816647000074,45.43901030400008],[9.119518485000071,45.438352492000035],[9.120164676000059,45.43763467700006],[9.120362344000057,45.437418670000056],[9.120403986000042,45.437375323000026],[9.12074830000006,45.43751168500006],[9.120916976000046,45.437226155000076],[9.121525530000042,45.43620030900007],[9.121888515000023,45.435584016000064],[9.12193639000003,45.43558306600005],[9.122296464000044,45.43558306600005],[9.122656396000025,45.43559020600003],[9.123015899000052,45.43560448200003],[9.12337468800007,45.43562588100008],[9.123606369000072,45.43564434000007],[9.124073449000036,45.435979727000074],[9.126434979000067,45.43736515400008],[9.126792781000063,45.43716678000004],[9.128293270000029,45.43670365500003],[9.128480567000054,45.43677690900006],[9.128790287000072,45.43690621300004],[9.12909471100005,45.43704160800007],[9.129393599000025,45.43718298600004],[9.129686712000023,45.43733023500005],[9.129973817000064,45.43748323900007],[9.130254688000036,45.43764187600004],[9.130529101000036,45.43780601900005],[9.130796838000037,45.437975540000025],[9.131057686000077,45.438150302000054],[9.131311440000047,45.43833016900004],[9.13155789600006,45.43851499600004],[9.131796861000055,45.43870463700006],[9.13202814300007,45.43889894100005],[9.132251559000053,45.43909775600008],[9.132466933000046,45.43930092200003],[9.132674092000059,45.43950827800006],[9.132872872000064,45.43971966000004],[9.133063116000073,45.43993490100007],[9.133244673000036,45.440153828000064],[9.133417398000063,45.44037627000006],[9.133581154000069,45.44060204800007],[9.133735810000076,45.44083098400006],[9.133777438000038,45.44089736400008],[9.132453645000055,45.44159465700005],[9.119929280000065,45.44819171900008]]]}},{"type":"Feature","properties":{"service_id":65,"population_total":15072.55,"thiessen_area_km2":1.6331},"geometry":{"type":"Polygon","coordinates":[[[9.13255824600003,45.44165722100007],[9.132826001000069,45.44182674100006],[9.13308686800002,45.442001504000075],[9.13334063800005,45.44218137000007],[9.133587112000043,45.44236619700007],[9.13382609200005,45.44255583800003],[9.134057390000066,45.44275014200008],[9.13428082200005,45.442948956000066],[9.134496210000066,45.44315212200007],[9.134703383000044,45.44335947800005],[9.134798314000022,45.443460421000054],[9.134902177000072,45.44357086100007],[9.135092434000057,45.44378610100006],[9.135274003000063,45.44400502800005],[9.135446740000077,45.444227469000054],[9.135610507000024,45.44445324800006],[9.135765174000028,45.444682184000044],[9.135910619000072,45.44491409600005],[9.136046726000075,45.44514880000003],[9.136173387000042,45.44538611000007],[9.13629050000003,45.44562583800007],[9.136397974000033,45.44586779200006],[9.136495723000053,45.44611178200006],[9.13658366900006,45.44635761300003],[9.136661742000058,45.44660509100004],[9.136729879000029,45.44685401800007],[9.136788028000069,45.447104198000034],[9.13683614000007,45.44735543200005],[9.136874179000074,45.447607520000076],[9.136902114000065,45.44786026200006],[9.136919922000061,45.44811345800008],[9.136927590000028,45.448366907000036],[9.13692511000005,45.44862040700008],[9.136912485000039,45.44887375700006],[9.13688972500006,45.449126756000055],[9.136856847000047,45.449379203000035],[9.136813879000044,45.449630899000056],[9.136760852000066,45.44988164200004],[9.136697810000044,45.450131234000025],[9.136624803000075,45.45037947700007],[9.136541888000068,45.450626174000035],[9.136449131000063,45.45087112900006],[9.136366538000061,45.45106689900007],[9.131082744000025,45.45442195500004],[9.126615198000025,45.45725871700006],[9.126296066000066,45.45730032200004],[9.125940172000071,45.45733945600006],[9.125582851000047,45.45737151800006],[9.125476238000033,45.45737894200005],[9.125224389000039,45.457396481000046],[9.124865069000066,45.45741432500006],[9.12450517800005,45.45742503800005],[9.124145000000055,45.45742861000008],[9.123809139000059,45.45742527900006],[9.123784822000061,45.45742503800005],[9.123424931000045,45.45741432500006],[9.123065611000072,45.457396481000046],[9.122707149000064,45.45737151800006],[9.12234982800004,45.45733945600006],[9.121993934000045,45.45730032200004],[9.121911861000058,45.457289622000076],[9.119368295000072,45.45336625400006],[9.117010366000045,45.44972922300008],[9.119929280000065,45.44819171900008],[9.132453645000055,45.44159465700005],[9.13255824600003,45.44165722100007]]]}},{"type":"Feature","properties":{"service_id":66,"population_total":5365.24,"thiessen_area_km2":1.1903},"geometry":{"type":"Polygon","coordinates":[[[9.167418918000067,45.42762184400004],[9.167778799000075,45.42762898500007],[9.168138251000073,45.427643260000025],[9.168496990000051,45.42766466000006],[9.168854731000067,45.42769316600004],[9.169211190000055,45.42772875600008],[9.169566083000063,45.427771402000076],[9.169919131000029,45.42782107000005],[9.170270051000045,45.427877720000026],[9.170618567000076,45.42794130800007],[9.170964401000049,45.428011783000045],[9.171307279000075,45.42808909000007],[9.171646929000076,45.42817316700007],[9.171983081000064,45.42826394600007],[9.172315469000068,45.42836135700003],[9.172643829000037,45.42846532200008],[9.17296790000006,45.42857575800008],[9.173287425000069,45.42869257800004],[9.173602151000068,45.42881568900003],[9.17391182800003,45.42894499300007],[9.174216209000065,45.429080388000045],[9.174515055000029,45.42922176700006],[9.174808126000073,45.42936901600007],[9.175095192000072,45.429522020000036],[9.17537602300007,45.42968065700006],[9.175650397000027,45.42984480100006],[9.175831315000039,45.42995936800003],[9.175816932000032,45.430306279000035],[9.175808669000048,45.43050558900006],[9.174935172000062,45.43174269100007],[9.17106343000006,45.43722609800005],[9.17065759600007,45.43780086600003],[9.169634260000066,45.439250180000045],[9.166792222000026,45.44327525600005],[9.162724031000039,45.44022008500008],[9.16257862200007,45.43668003100004],[9.162525566000056,45.435388352000075],[9.162243962000048,45.42853253000004],[9.162236044000053,45.42833975800005],[9.162494731000038,45.42826394600007],[9.162830883000026,45.42817316700007],[9.163170533000027,45.42808909000007],[9.163513411000054,45.428011783000045],[9.163859245000026,45.42794130800007],[9.164207761000057,45.427877720000026],[9.164558681000074,45.42782107000005],[9.164911729000039,45.427771402000076],[9.165266622000047,45.42772875600008],[9.165623081000035,45.42769316600004],[9.165980822000051,45.42766466000006],[9.16633956100003,45.427643260000025],[9.166699013000027,45.42762898500007],[9.167058894000036,45.42762184400004],[9.167418918000067,45.42762184400004]]]}},{"type":"Feature","properties":{"service_id":67,"population_total":17063.81,"thiessen_area_km2":1.7906},"geometry":{"type":"Polygon","coordinates":[[[9.158109013000058,45.42800425100006],[9.158468896000045,45.42801139100004],[9.158828351000068,45.42802566700004],[9.159187093000071,45.42804706600003],[9.159544836000066,45.42807557200007],[9.159901297000033,45.42811116200005],[9.160256193000066,45.42815380800005],[9.160609243000067,45.42820347600008],[9.160960166000052,45.428260127000044],[9.161308684000062,45.42832371500003],[9.16165452000007,45.42839419000006],[9.161890560000074,45.42844740900006],[9.161997400000075,45.42847149700003],[9.162243962000048,45.42853253000004],[9.162525566000056,45.435388352000075],[9.16257862200007,45.43668003100004],[9.162724031000039,45.44022008500008],[9.160146561000033,45.44100154700004],[9.158498785000063,45.44150113500007],[9.156962040000053,45.44196706000008],[9.155068629000027,45.44254112300007],[9.153663412000071,45.44296717000003],[9.151596931000029,45.442517115000044],[9.150400817000047,45.44178941100006],[9.150237685000036,45.44169016300003],[9.149372464000066,45.44116377000006],[9.145390462000023,45.43874115800003],[9.145378724000068,45.43870123800008],[9.145315695000022,45.43845164500004],[9.14526267900004,45.43820090100007],[9.145219719000067,45.43794920600004],[9.145186848000037,45.43769675800007],[9.145164093000062,45.43744375800003],[9.14515147000003,45.43719040700006],[9.145148991000042,45.436936907000074],[9.14515665700003,45.43668345800006],[9.145174462000057,45.436430262000044],[9.145202391000055,45.43617751900007],[9.145240422000029,45.435925430000054],[9.145288525000069,45.435674196000036],[9.145346662000065,45.43542401600007],[9.14541478500007,45.43517508800005],[9.145492842000067,45.434927609000056],[9.145580770000038,45.43468177800003],[9.145678499000041,45.434437787000036],[9.14578595200004,45.43419583200006],[9.145903042000043,45.43395610400006],[9.146029677000058,45.43371879400007],[9.146165756000073,45.433484089000046],[9.146311172000026,45.43325217600005],[9.146465808000073,45.43302324000007],[9.146629542000028,45.432797461000064],[9.146802244000071,45.43257502000006],[9.14698377600007,45.43235609200008],[9.14717399400007,45.43214085100004],[9.147372748000066,45.43192946800008],[9.147579880000023,45.431722112000045],[9.147795224000049,45.43151894600004],[9.148018611000055,45.431320131000064],[9.148249862000057,45.43112582600003],[9.148488794000059,45.430936185000064],[9.14873521800007,45.43075135700008],[9.14898893700007,45.43057149100008],[9.14924975100007,45.43039672800006],[9.149517452000055,45.43022720700003],[9.149791828000048,45.43006306400008],[9.150072661000024,45.429904427000054],[9.150359729000058,45.42975142300003],[9.150652802000025,45.42960417300003],[9.150951649000035,45.42946279500006],[9.151256033000038,45.429327400000034],[9.151565712000036,45.42919809500006],[9.15188044000007,45.42907498400007],[9.152199968000048,45.42895816500004],[9.15252404100005,45.42884772800005],[9.152852403000054,45.428743764000046],[9.153184793000037,45.42864635300003],[9.15352094800005,45.42855557300004],[9.15386060000003,45.42847149700003],[9.154203480000035,45.42839419000006],[9.154549316000043,45.42832371500003],[9.154897834000053,45.428260127000044],[9.155248757000038,45.42820347600008],[9.15560180700004,45.42815380800005],[9.155956703000072,45.42811116200005],[9.15631316400004,45.42807557200007],[9.156670907000034,45.42804706600003],[9.157029649000037,45.42802566700004],[9.15738910400006,45.42801139100004],[9.157748987000048,45.42800425100006],[9.158109013000058,45.42800425100006]]]}},{"type":"Feature","properties":{"service_id":68,"population_total":3385.0,"thiessen_area_km2":0.4402},"geometry":{"type":"Polygon","coordinates":[[[9.153663412000071,45.44296717000003],[9.154529374000049,45.443993945000045],[9.156145769000034,45.44591051300006],[9.156168035000064,45.44593691400007],[9.156694401000038,45.446561029000065],[9.156958910000071,45.44687465900006],[9.15742655400004,45.44742914700004],[9.158517059000076,45.44872216500005],[9.157318295000039,45.45205830200007],[9.157166156000073,45.45248170100007],[9.154962767000029,45.45366143700005],[9.15454161200006,45.453886931000056],[9.15385154200004,45.45425640800005],[9.153463373000022,45.45446424100004],[9.152745744000072,45.45481421000005],[9.152665204000073,45.453952095000034],[9.152537505000055,45.452585190000036],[9.15250769100004,45.45226605300007],[9.152310079000074,45.45015077700003],[9.152091605000066,45.44781218900005],[9.152064445000065,45.44752146500008],[9.15185312500006,45.445259458000066],[9.151819861000035,45.44490339300006],[9.151596931000029,45.442517115000044],[9.153663412000071,45.44296717000003]]]}},{"type":"Feature","properties":{"service_id":69,"population_total":22734.02,"thiessen_area_km2":1.6378},"geometry":{"type":"Polygon","coordinates":[[[9.149789174000034,45.44167950600007],[9.150149144000068,45.44168664700004],[9.150237685000036,45.44169016300003],[9.150400817000047,45.44178941100006],[9.151596931000029,45.442517115000044],[9.151819861000035,45.44490339300006],[9.15185312500006,45.445259458000066],[9.152064445000065,45.44752146500008],[9.152091605000066,45.44781218900005],[9.152310079000074,45.45015077700003],[9.15250769100004,45.45226605300007],[9.152537505000055,45.452585190000036],[9.152665204000073,45.453952095000034],[9.152745744000072,45.45481421000005],[9.152363618000038,45.455421546000025],[9.151791135000053,45.456331428000055],[9.151122160000057,45.45672549400007],[9.149256985000022,45.45661267300005],[9.145853166000052,45.456406781000055],[9.145199820000073,45.456367261000025],[9.145070369000052,45.45635943100007],[9.144727887000045,45.45633871500007],[9.141495512000063,45.45614319300006],[9.14078541400005,45.45559045700003],[9.140072388000021,45.45503544300004],[9.136829960000057,45.45089494100006],[9.136828500000036,45.450865641000064],[9.136826020000058,45.45061214100008],[9.136833688000024,45.450358692000066],[9.136851497000066,45.45010549700004],[9.136879433000047,45.44985275400006],[9.13691747300004,45.44960066600004],[9.136965588000066,45.449349433000066],[9.137023738000039,45.44909925300004],[9.137091879000025,45.44885032600007],[9.137169955000047,45.448602848000064],[9.137257904000023,45.448357017000035],[9.137355656000068,45.44811302700003],[9.137463135000075,45.447871073000044],[9.137580253000067,45.44763134500005],[9.137706919000038,45.44739403500006],[9.137843031000045,45.44715933100008],[9.137988482000026,45.446927419000076],[9.13814315600007,45.446698483000034],[9.138306929000066,45.446472705000076],[9.138479672000074,45.44625026400007],[9.138661249000052,45.44603133700008],[9.138851513000077,45.445816096000044],[9.139050315000077,45.44560471400007],[9.139257497000074,45.44539735800004],[9.139472893000061,45.44519419300008],[9.139696334000064,45.444995378000044],[9.139927641000043,45.444801074000054],[9.140166631000056,45.444611433000034],[9.140413114000069,45.444426606000036],[9.140666895000038,45.44424674000004],[9.140927771000065,45.44407197800007],[9.141195537000044,45.443902458000025],[9.141469980000068,45.44373831400003],[9.141750881000064,45.44357967800005],[9.142038017000061,45.44342667400008],[9.142331161000072,45.44327942500007],[9.14263008100005,45.44313804700005],[9.142934538000077,45.443002652000075],[9.143244292000077,45.442873348000035],[9.143559096000047,45.44275023700004],[9.143878701000062,45.44263341800007],[9.144202852000035,45.44252298200007],[9.144531294000046,45.44241901700008],[9.144863764000036,45.44232160700005],[9.145200000000045,45.44223082700006],[9.145539734000067,45.44214675100005],[9.145882697000047,45.44206944500007],[9.146228617000077,45.44199897000004],[9.14657721900005,45.441935382000054],[9.146928227000046,45.44187873100003],[9.147160796000037,45.44184602100006],[9.147281362000058,45.441829064000046],[9.147636344000034,45.44178641800005],[9.147992891000058,45.44175082800007],[9.148350720000053,45.44172232200003],[9.148709548000056,45.44170092300004],[9.148986326000056,45.44168993300008],[9.149069090000069,45.44168664700004],[9.149429060000045,45.44167950600007],[9.149789174000034,45.44167950600007]]]}},{"type":"Feature","properties":{"service_id":70,"population_total":5717.66,"thiessen_area_km2":0.2914},"geometry":{"type":"Polygon","coordinates":[[[9.154717196000036,45.45481046000003],[9.156437098000026,45.45528537700005],[9.157626678000042,45.45561385600007],[9.15803696300003,45.45572714800005],[9.159710808000057,45.45618934700008],[9.160039908000044,45.45628022100004],[9.160809017000076,45.45649259500004],[9.162296597000022,45.45690336200005],[9.16242974100004,45.45694012700005],[9.162647347000075,45.45740819800005],[9.162907044000065,45.45796680700005],[9.16333121100007,45.458879194000076],[9.163255822000053,45.459184923000066],[9.16312133100007,45.45973033000007],[9.162947256000052,45.46043626000005],[9.16291854900004,45.460552678000056],[9.162845940000068,45.46084713300007],[9.162829406000071,45.46091418100008],[9.162817838000024,45.46096109400003],[9.162683106000031,45.460904526000036],[9.162620295000067,45.460878154000056],[9.162107375000062,45.46066280000008],[9.161274942000034,45.46031329500005],[9.160130436000031,45.459832763000065],[9.159370028000069,45.459513499000025],[9.158364222000046,45.45909120200008],[9.157974047000039,45.45892738300006],[9.157027883000069,45.458530127000074],[9.156828852000046,45.45844656200006],[9.156438217000073,45.458282550000035],[9.155766072000063,45.45800034300004],[9.153278809000028,45.45695604200006],[9.151791135000053,45.456331428000055],[9.152363618000038,45.455421546000025],[9.152745744000072,45.45481421000005],[9.153463373000022,45.45446424100004],[9.154717196000036,45.45481046000003]]]}},{"type":"Feature","properties":{"service_id":71,"population_total":4628.93,"thiessen_area_km2":0.4213},"geometry":{"type":"Polygon","coordinates":[[[9.169322709000028,45.456105628000046],[9.169687255000042,45.45617001100004],[9.17011646700007,45.456245815000045],[9.170288104000065,45.45627612800007],[9.170343987000024,45.45633514000008],[9.17057569700006,45.45657982600005],[9.17061301700005,45.45661923600005],[9.170948868000039,45.45697389400004],[9.171624631000043,45.45768749900003],[9.171946286000036,45.45802716600008],[9.172100536000073,45.458268144000044],[9.172134347000053,45.45832096600003],[9.172369227000047,45.45868790900005],[9.172433001000059,45.45878754100005],[9.17252703400004,45.45926206200005],[9.172551897000062,45.45938752600006],[9.172555227000032,45.45940433100003],[9.172615755000038,45.45970977700006],[9.172631385000045,45.45978865100005],[9.172833548000028,45.460808830000076],[9.172883051000042,45.461058637000065],[9.172663535000027,45.46131870700003],[9.172368749000043,45.46166795200003],[9.172243491000074,45.46181635100004],[9.171144655000035,45.461923882000065],[9.170074957000054,45.46202856200006],[9.170054614000037,45.462030553000034],[9.169493597000042,45.46208545400003],[9.16922743200007,45.46211150100004],[9.168906844000048,45.46214287300006],[9.168347777000065,45.462197583000034],[9.167375951000054,45.46229268500008],[9.166870261000042,45.462342172000035],[9.166655819000027,45.46236315700003],[9.166133995000052,45.46241422200006],[9.165799149000065,45.462446990000046],[9.165222688000028,45.46250340200004],[9.164762114000041,45.46254847400007],[9.164547147000064,45.46256951100003],[9.16449982100005,45.46257414200005],[9.16432290900002,45.46259145400006],[9.164277560000073,45.46259589200008],[9.164268339000046,45.462596794000035],[9.163761145000024,45.46209362500008],[9.163393197000062,45.46172859700005],[9.163344342000073,45.46168012900006],[9.16332354800005,45.46165950000005],[9.162855233000073,45.461194901000056],[9.162836169000059,45.46107570800007],[9.162817838000024,45.46096109400003],[9.162829406000071,45.46091418100008],[9.162845940000068,45.46084713300007],[9.16291854900004,45.460552678000056],[9.162947256000052,45.46043626000005],[9.16312133100007,45.45973033000007],[9.163255822000053,45.459184923000066],[9.16333121100007,45.458879194000076],[9.165228786000057,45.45729095300004],[9.166658358000063,45.45669745200007],[9.166857140000047,45.45661492600004],[9.16845360900004,45.455952136000064],[9.169322709000028,45.456105628000046]]]}},{"type":"Feature","properties":{"service_id":72,"population_total":2221.75,"thiessen_area_km2":0.2748},"geometry":{"type":"Polygon","coordinates":[[[9.170029481000029,45.44686085200004],[9.170014091000041,45.44694964000007],[9.169902928000056,45.44759094600005],[9.16969382000002,45.44879730000008],[9.169603832000064,45.44931644700006],[9.169563940000046,45.449546585000064],[9.169527419000076,45.44975727700006],[9.169252226000026,45.45134487900003],[9.169187643000043,45.45171746300008],[9.169098293000047,45.45223292500003],[9.168880556000033,45.453489062000074],[9.16845360900004,45.455952136000064],[9.166857140000047,45.45661492600004],[9.166658358000063,45.45669745200007],[9.165228786000057,45.45729095300004],[9.16526773000004,45.45704630800003],[9.165542910000056,45.455317652000076],[9.165551338000057,45.45526470600004],[9.165791177000074,45.45375805900005],[9.166202589000022,45.451173606000054],[9.166381734000026,45.45004823200003],[9.166509916000052,45.449243006000074],[9.166566725000052,45.44888613400008],[9.166600975000051,45.44867098000003],[9.16663419200006,45.44846231500003],[9.166738277000036,45.44780846300006],[9.166902218000075,45.44677859900003],[9.166918441000064,45.44667668900007],[9.167825199000049,45.44587001800005],[9.170029481000029,45.44686085200004]]]}},{"type":"Feature","properties":{"service_id":73,"population_total":3388.37,"thiessen_area_km2":0.3087},"geometry":{"type":"Polygon","coordinates":[[[9.166902218000075,45.44677859900003],[9.166738277000036,45.44780846300006],[9.16663419200006,45.44846231500003],[9.166600975000051,45.44867098000003],[9.166566725000052,45.44888613400008],[9.166509916000052,45.449243006000074],[9.166381734000026,45.45004823200003],[9.166202589000022,45.451173606000054],[9.165791177000074,45.45375805900005],[9.165551338000057,45.45526470600004],[9.165542910000056,45.455317652000076],[9.16526773000004,45.45704630800003],[9.165228786000057,45.45729095300004],[9.16333121100007,45.458879194000076],[9.162907044000065,45.45796680700005],[9.162647347000075,45.45740819800005],[9.16242974100004,45.45694012700005],[9.162326216000054,45.45669420000007],[9.161887064000041,45.45565097700006],[9.162072970000054,45.454490545000056],[9.162268255000072,45.45327156900004],[9.162519451000037,45.45170359800005],[9.162595237000062,45.451230542000076],[9.162767614000074,45.45015456200008],[9.162968317000036,45.44890176600006],[9.16436262600007,45.448116362000064],[9.164739069000063,45.44790431400003],[9.165060056000073,45.447723504000066],[9.166861665000056,45.44670867000008],[9.166918441000064,45.44667668900007],[9.166902218000075,45.44677859900003]]]}},{"type":"Feature","properties":{"service_id":74,"population_total":1620.19,"thiessen_area_km2":0.2272},"geometry":{"type":"Polygon","coordinates":[[[9.159813523000025,45.44877447500005],[9.162131190000025,45.448867989000064],[9.162968317000036,45.44890176600006],[9.162767614000074,45.45015456200008],[9.162595237000062,45.451230542000076],[9.162519451000037,45.45170359800005],[9.162268255000072,45.45327156900004],[9.162072970000054,45.454490545000056],[9.161887064000041,45.45565097700006],[9.160918183000035,45.45500054000007],[9.160852943000066,45.454956743000025],[9.160254423000026,45.45455494000004],[9.160140401000035,45.454478394000034],[9.159010770000066,45.453720041000054],[9.157766972000047,45.45288504500007],[9.157166156000073,45.45248170100007],[9.157318295000039,45.45205830200007],[9.158517059000076,45.44872216500005],[9.159813523000025,45.44877447500005]]]}},{"type":"Feature","properties":{"service_id":75,"population_total":2252.06,"thiessen_area_km2":0.1361},"geometry":{"type":"Polygon","coordinates":[[[9.157766972000047,45.45288504500007],[9.159010770000066,45.453720041000054],[9.160140401000035,45.454478394000034],[9.160254423000026,45.45455494000004],[9.160852943000066,45.454956743000025],[9.160918183000035,45.45500054000007],[9.161887064000041,45.45565097700006],[9.162326216000054,45.45669420000007],[9.16242974100004,45.45694012700005],[9.162296597000022,45.45690336200005],[9.160809017000076,45.45649259500004],[9.160039908000044,45.45628022100004],[9.159710808000057,45.45618934700008],[9.15803696300003,45.45572714800005],[9.157626678000042,45.45561385600007],[9.156437098000026,45.45528537700005],[9.154717196000036,45.45481046000003],[9.153463373000022,45.45446424100004],[9.15385154200004,45.45425640800005],[9.15454161200006,45.453886931000056],[9.154962767000029,45.45366143700005],[9.157166156000073,45.45248170100007],[9.157766972000047,45.45288504500007]]]}},{"type":"Feature","properties":{"service_id":76,"population_total":5401.53,"thiessen_area_km2":0.6763},"geometry":{"type":"Polygon","coordinates":[[[9.166792222000026,45.44327525600005],[9.166857092000043,45.443438204000074],[9.167040318000033,45.44389845300003],[9.167144811000071,45.444160933000035],[9.167287381000051,45.444519058000026],[9.167468173000032,45.444973195000046],[9.167721292000067,45.445609010000055],[9.167825199000049,45.44587001800005],[9.166918441000064,45.44667668900007],[9.166861665000056,45.44670867000008],[9.165060056000073,45.447723504000066],[9.164739069000063,45.44790431400003],[9.16436262600007,45.448116362000064],[9.162968317000036,45.44890176600006],[9.162131190000025,45.448867989000064],[9.159813523000025,45.44877447500005],[9.158517059000076,45.44872216500005],[9.15742655400004,45.44742914700004],[9.156958910000071,45.44687465900006],[9.156694401000038,45.446561029000065],[9.156168035000064,45.44593691400007],[9.156145769000034,45.44591051300006],[9.154529374000049,45.443993945000045],[9.153663412000071,45.44296717000003],[9.155068629000027,45.44254112300007],[9.156962040000053,45.44196706000008],[9.158498785000063,45.44150113500007],[9.160146561000033,45.44100154700004],[9.162724031000039,45.44022008500008],[9.166792222000026,45.44327525600005]]]}},{"type":"Feature","properties":{"service_id":77,"population_total":10892.97,"thiessen_area_km2":1.0557},"geometry":{"type":"Polygon","coordinates":[[[9.175243020000039,45.43177968100008],[9.175596092000035,45.431829349000054],[9.17594703800006,45.43188599900003],[9.17624454600002,45.43194027700008],[9.177561456000035,45.43627487600003],[9.178821123000034,45.44042106300003],[9.179202720000035,45.44167708700007],[9.179126309000026,45.44201733300008],[9.178815420000035,45.44340166400008],[9.178359095000076,45.445433595000054],[9.178349984000022,45.445474164000075],[9.178323899000077,45.44559031600005],[9.178302814000062,45.44560601900008],[9.177513143000056,45.44619412600008],[9.176516873000025,45.44693609800004],[9.176321238000071,45.44708179700007],[9.175942959000054,45.44736352000007],[9.175603378000062,45.447616423000056],[9.175307812000028,45.447836546000076],[9.175288299000044,45.44783293900008],[9.174019056000077,45.447598321000044],[9.173030488000052,45.447415585000044],[9.172203037000031,45.44726263100006],[9.171044648000077,45.447048504000065],[9.170870817000036,45.447016372000064],[9.170288980000066,45.44690882000003],[9.170029481000029,45.44686085200004],[9.167825199000049,45.44587001800005],[9.167721292000067,45.445609010000055],[9.167468173000032,45.444973195000046],[9.167287381000051,45.444519058000026],[9.167144811000071,45.444160933000035],[9.167040318000033,45.44389845300003],[9.166857092000043,45.443438204000074],[9.166792222000026,45.44327525600005],[9.169634260000066,45.439250180000045],[9.17065759600007,45.43780086600003],[9.17106343000006,45.43722609800005],[9.174935172000062,45.43174269100007],[9.175243020000039,45.43177968100008]]]}},{"type":"Feature","properties":{"service_id":78,"population_total":4496.32,"thiessen_area_km2":0.3525},"geometry":{"type":"Polygon","coordinates":[[[9.170288980000066,45.44690882000003],[9.170870817000036,45.447016372000064],[9.171044648000077,45.447048504000065],[9.172203037000031,45.44726263100006],[9.173030488000052,45.447415585000044],[9.174019056000077,45.447598321000044],[9.175288299000044,45.44783293900008],[9.175307812000028,45.447836546000076],[9.17531058000003,45.44785663000005],[9.175424916000054,45.44868608000007],[9.175489294000045,45.44915311300008],[9.175527986000077,45.44943380600006],[9.175629869000034,45.45017292000006],[9.17519984200004,45.45066424500004],[9.17292702800006,45.45326103700006],[9.170914906000064,45.45555997800005],[9.170887630000038,45.45559114200006],[9.170702867000045,45.45580224200006],[9.170616768000059,45.45590061400003],[9.170288104000065,45.45627612800007],[9.17011646700007,45.456245815000045],[9.169687255000042,45.45617001100004],[9.169322709000028,45.456105628000046],[9.16845360900004,45.455952136000064],[9.168880556000033,45.453489062000074],[9.169098293000047,45.45223292500003],[9.169187643000043,45.45171746300008],[9.169252226000026,45.45134487900003],[9.169527419000076,45.44975727700006],[9.169563940000046,45.449546585000064],[9.169603832000064,45.44931644700006],[9.16969382000002,45.44879730000008],[9.169902928000056,45.44759094600005],[9.170014091000041,45.44694964000007],[9.170029481000029,45.44686085200004],[9.170288980000066,45.44690882000003]]]}},{"type":"Feature","properties":{"service_id":79,"population_total":1745.88,"thiessen_area_km2":0.1142},"geometry":{"type":"Polygon","coordinates":[[[9.177276222000046,45.45364219600003],[9.17740580700007,45.453898726000034],[9.177189750000025,45.454111133000026],[9.176998164000054,45.45429948300006],[9.176369907000037,45.454917128000034],[9.175119732000041,45.45614618800005],[9.174425781000025,45.45682841800004],[9.174349004000021,45.456903899000054],[9.172780491000026,45.45844592000003],[9.172595323000053,45.45862796100005],[9.172433001000059,45.45878754100005],[9.172369227000047,45.45868790900005],[9.172134347000053,45.45832096600003],[9.172100536000073,45.458268144000044],[9.171946286000036,45.45802716600008],[9.172299352000039,45.45744402500003],[9.172856513000056,45.45652379200004],[9.173774430000037,45.45500771500008],[9.173998423000057,45.45463775800005],[9.176059511000062,45.45123356500005],[9.177276222000046,45.45364219600003]]]}},{"type":"Feature","properties":{"service_id":80,"population_total":1622.08,"thiessen_area_km2":0.1163},"geometry":{"type":"Polygon","coordinates":[[[9.175940008000055,45.450938551000036],[9.176059511000062,45.45123356500005],[9.173998423000057,45.45463775800005],[9.173774430000037,45.45500771500008],[9.172856513000056,45.45652379200004],[9.172299352000039,45.45744402500003],[9.171946286000036,45.45802716600008],[9.171624631000043,45.45768749900003],[9.170948868000039,45.45697389400004],[9.17061301700005,45.45661923600005],[9.17057569700006,45.45657982600005],[9.170343987000024,45.45633514000008],[9.170288104000065,45.45627612800007],[9.170616768000059,45.45590061400003],[9.170702867000045,45.45580224200006],[9.170887630000038,45.45559114200006],[9.170914906000064,45.45555997800005],[9.17292702800006,45.45326103700006],[9.17519984200004,45.45066424500004],[9.175629869000034,45.45017292000006],[9.175940008000055,45.450938551000036]]]}},{"type":"Feature","properties":{"service_id":81,"population_total":4233.94,"thiessen_area_km2":0.282},"geometry":{"type":"Polygon","coordinates":[[[9.177739623000036,45.454294135000055],[9.178291776000037,45.454948167000055],[9.178429373000029,45.455111153000075],[9.178546179000023,45.455249511000034],[9.178652075000059,45.45537494600006],[9.178897555000049,45.45566571900008],[9.179326437000043,45.45617373500005],[9.179334563000054,45.45618336000007],[9.17935426300005,45.45620669500005],[9.179406637000056,45.45626873300006],[9.179600204000053,45.45649801600007],[9.179631673000074,45.45653529200007],[9.179721134000033,45.45664125900004],[9.179752240000028,45.45667810400005],[9.180324322000047,45.45735574200006],[9.180360733000043,45.457398872000056],[9.180809048000071,45.45792990600006],[9.180693209000026,45.458085080000046],[9.180191794000052,45.45875675600007],[9.180074767000065,45.458808282000064],[9.180038031000038,45.45882445700005],[9.179450005000035,45.45908336000008],[9.178979156000025,45.459290671000076],[9.178759177000074,45.45938752600006],[9.178379287000041,45.45955478800005],[9.178284246000032,45.459596634000036],[9.177979115000028,45.459730981000064],[9.177482779000059,45.459949513000026],[9.176389204000031,45.46043100500003],[9.175819125000032,45.46068200500008],[9.17563982200005,45.460760951000054],[9.174180221000029,45.46091856400005],[9.173593560000029,45.46098191400006],[9.172883051000042,45.461058637000065],[9.172833548000028,45.460808830000076],[9.172631385000045,45.45978865100005],[9.172615755000038,45.45970977700006],[9.172555227000032,45.45940433100003],[9.172551897000062,45.45938752600006],[9.17252703400004,45.45926206200005],[9.172433001000059,45.45878754100005],[9.172595323000053,45.45862796100005],[9.172780491000026,45.45844592000003],[9.174349004000021,45.456903899000054],[9.174425781000025,45.45682841800004],[9.175119732000041,45.45614618800005],[9.176369907000037,45.454917128000034],[9.176998164000054,45.45429948300006],[9.177189750000025,45.454111133000026],[9.17740580700007,45.453898726000034],[9.177739623000036,45.454294135000055]]]}},{"type":"Feature","properties":{"service_id":82,"population_total":10227.41,"thiessen_area_km2":0.7893},"geometry":{"type":"Polygon","coordinates":[[[9.178360815000076,45.445606319000035],[9.181797759000062,45.44709617800004],[9.181844198000022,45.44711630900008],[9.183582581000053,45.447869870000034],[9.18432686400007,45.449155387000076],[9.185153374000038,45.45058292700003],[9.185218951000024,45.45069619100008],[9.18577199200007,45.451651397000035],[9.18587038100003,45.451821334000044],[9.185973369000067,45.45199921400007],[9.186200829000029,45.45239208100003],[9.186761751000063,45.453360899000074],[9.187005121000027,45.45378124500007],[9.187123120000024,45.453985052000064],[9.187162952000051,45.45405384900005],[9.186968106000052,45.45434205500004],[9.18693432200007,45.45439202600005],[9.18683946300007,45.45453233600006],[9.186633192000045,45.45483744100005],[9.186602923000066,45.454882213000076],[9.18630737500007,45.45531937100003],[9.186293840000076,45.45533939100005],[9.186179454000069,45.455508586000064],[9.186063878000027,45.45567954000006],[9.185697867000044,45.45598018900006],[9.185573035000061,45.45608272800007],[9.185508577000064,45.45613567500004],[9.185408066000036,45.45621823700003],[9.185105867000061,45.45646646900008],[9.184689453000033,45.45680852000004],[9.18463801400003,45.45685077300004],[9.184614688000067,45.45686993400005],[9.184222283000054,45.45719226300008],[9.183725278000054,45.457600513000045],[9.183687770000063,45.457631323000044],[9.18309540000007,45.45769276400006],[9.18246532300003,45.457758116000036],[9.182314259000066,45.45777378400004],[9.18222737800005,45.45778279500007],[9.18187259900003,45.45781959300007],[9.180809048000071,45.45792990600006],[9.180360733000043,45.457398872000056],[9.180324322000047,45.45735574200006],[9.179752240000028,45.45667810400005],[9.179721134000033,45.45664125900004],[9.179631673000074,45.45653529200007],[9.179600204000053,45.45649801600007],[9.179406637000056,45.45626873300006],[9.17935426300005,45.45620669500005],[9.179334563000054,45.45618336000007],[9.179326437000043,45.45617373500005],[9.178897555000049,45.45566571900008],[9.178652075000059,45.45537494600006],[9.178546179000023,45.455249511000034],[9.178429373000029,45.455111153000075],[9.178291776000037,45.454948167000055],[9.177739623000036,45.454294135000055],[9.17740580700007,45.453898726000034],[9.177276222000046,45.45364219600003],[9.176059511000062,45.45123356500005],[9.175940008000055,45.450938551000036],[9.175629869000034,45.45017292000006],[9.175527986000077,45.44943380600006],[9.175489294000045,45.44915311300008],[9.175424916000054,45.44868608000007],[9.17531058000003,45.44785663000005],[9.175307812000028,45.447836546000076],[9.175603378000062,45.447616423000056],[9.175942959000054,45.44736352000007],[9.176321238000071,45.44708179700007],[9.176516873000025,45.44693609800004],[9.177513143000056,45.44619412600008],[9.178302814000062,45.44560601900008],[9.178323899000077,45.44559031600005],[9.178360815000076,45.445606319000035]]]}},{"type":"Feature","properties":{"service_id":83,"population_total":6132.9,"thiessen_area_km2":0.6087},"geometry":{"type":"Polygon","coordinates":[[[9.191342975000055,45.43872329200008],[9.191342225000028,45.438932098000066],[9.191340206000064,45.43949440800003],[9.191334178000034,45.441173484000046],[9.191333308000026,45.44141594700005],[9.188788457000044,45.44461346200006],[9.188629967000054,45.44471260100005],[9.186368868000045,45.44612697600007],[9.18540923300003,45.44672725200007],[9.183582581000053,45.447869870000034],[9.181844198000022,45.44711630900008],[9.181797759000062,45.44709617800004],[9.178360815000076,45.445606319000035],[9.178323899000077,45.44559031600005],[9.178349984000022,45.445474164000075],[9.178359095000076,45.445433595000054],[9.178815420000035,45.44340166400008],[9.179126309000026,45.44201733300008],[9.179202720000035,45.44167708700007],[9.179869475000032,45.44151423400007],[9.182373322000046,45.440902677000054],[9.18298401900006,45.44075351600003],[9.185428049000052,45.44015656900007],[9.185673874000031,45.44009652700004],[9.18909458500002,45.43926102900008],[9.190480527000034,45.43892251700004],[9.191302740000026,45.43872169400004],[9.191343016000076,45.438711857000044],[9.191342975000055,45.43872329200008]]]}},{"type":"Feature","properties":{"service_id":84,"population_total":2508.01,"thiessen_area_km2":0.3164},"geometry":{"type":"Polygon","coordinates":[[[9.18883229200003,45.44480899700005],[9.18899619900003,45.44554013800007],[9.18914116600007,45.44618678900008],[9.18948421400006,45.44771702200006],[9.189737341000068,45.44955785800005],[9.189747665000027,45.44963294000007],[9.18988237800005,45.45061262200005],[9.189906803000042,45.45079025000007],[9.189915883000026,45.45085628000004],[9.19004293300003,45.45178023600005],[9.190054659000054,45.45186551000006],[9.190056790000028,45.451881005000075],[9.190131833000066,45.45242675000003],[9.189928460000033,45.45308381400008],[9.189927258000068,45.453085128000055],[9.189611163000052,45.45343057600007],[9.18810893400007,45.45381301800006],[9.187162952000051,45.45405384900005],[9.187123120000024,45.453985052000064],[9.187005121000027,45.45378124500007],[9.186761751000063,45.453360899000074],[9.186200829000029,45.45239208100003],[9.185973369000067,45.45199921400007],[9.18587038100003,45.451821334000044],[9.18577199200007,45.451651397000035],[9.185218951000024,45.45069619100008],[9.185153374000038,45.45058292700003],[9.18432686400007,45.449155387000076],[9.183582581000053,45.447869870000034],[9.18540923300003,45.44672725200007],[9.186368868000045,45.44612697600007],[9.188629967000054,45.44471260100005],[9.188788457000044,45.44461346200006],[9.18883229200003,45.44480899700005]]]}},{"type":"Feature","properties":{"service_id":85,"population_total":409.23,"thiessen_area_km2":0.0701},"geometry":{"type":"Polygon","coordinates":[[[9.191859501000067,45.44790326900005],[9.191899835000072,45.447906432000025],[9.192823795000038,45.44797888000005],[9.192946893000055,45.44798853200007],[9.19289300500003,45.44807349200005],[9.192017462000024,45.44945387100006],[9.191915709000057,45.44961429400007],[9.191400600000065,45.45042641400005],[9.191154503000064,45.45081441000008],[9.190927012000031,45.451173073000064],[9.190887818000022,45.45123486600005],[9.19079759400006,45.451377113000035],[9.190659221000033,45.45159527200008],[9.19063118400004,45.451639476000025],[9.19046400700006,45.45190304600004],[9.190131833000066,45.45242675000003],[9.190056790000028,45.451881005000075],[9.190054659000054,45.45186551000006],[9.19004293300003,45.45178023600005],[9.189915883000026,45.45085628000004],[9.189906803000042,45.45079025000007],[9.18988237800005,45.45061262200005],[9.189747665000027,45.44963294000007],[9.189737341000068,45.44955785800005],[9.18948421400006,45.44771702200006],[9.191859501000067,45.44790326900005]]]}},{"type":"Feature","properties":{"service_id":86,"population_total":376.16,"thiessen_area_km2":0.1939},"geometry":{"type":"Polygon","coordinates":[[[9.192761100000041,45.44362820900005],[9.192816003000075,45.44371327700003],[9.193813136000074,45.44525826300003],[9.193979640000066,45.44551624800005],[9.193995785000027,45.44554126400004],[9.194316182000023,45.446037696000076],[9.193604425000046,45.44705174100005],[9.192946893000055,45.44798853200007],[9.192823795000038,45.44797888000005],[9.191899835000072,45.447906432000025],[9.191859501000067,45.44790326900005],[9.18948421400006,45.44771702200006],[9.18914116600007,45.44618678900008],[9.18899619900003,45.44554013800007],[9.18883229200003,45.44480899700005],[9.188788457000044,45.44461346200006],[9.191333308000026,45.44141594700005],[9.192761100000041,45.44362820900005]]]}},{"type":"Feature","properties":{"service_id":87,"population_total":6734.94,"thiessen_area_km2":1.0042},"geometry":{"type":"Polygon","coordinates":[[[9.197497034000037,45.43446226100008],[9.197856958000045,45.43446940200005],[9.198216454000033,45.43448367700006],[9.198575236000067,45.43450507600005],[9.198933020000027,45.43453358200003],[9.199289522000072,45.43456917200007],[9.199644458000023,45.434611818000064],[9.199997548000056,45.43466148600004],[9.200348511000072,45.43471813700006],[9.200697069000057,45.43478172500005],[9.20104294500004,45.43485220000008],[9.20138586400003,45.43492950600006],[9.201725555000053,45.43501358300006],[9.201816730000075,45.435038202000044],[9.20180829900005,45.435224736000066],[9.201760965000062,45.43627201400005],[9.201572056000032,45.440451643000074],[9.201551663000032,45.440902838000056],[9.201479752000068,45.44249389300006],[9.201474035000047,45.442620385000055],[9.201470555000071,45.44269738100007],[9.201464753000039,45.44282575900007],[9.201455028000055,45.44304092100003],[9.201312881000035,45.446185945000025],[9.201301425000054,45.446439404000046],[9.201286056000072,45.446779442000036],[9.20101343400006,45.44700011000003],[9.199817609000036,45.44796804300006],[9.199121589000072,45.448510483000064],[9.197519268000065,45.447685953000075],[9.196839340000054,45.44733607300003],[9.196751108000058,45.44729067000003],[9.196092556000053,45.44695179000007],[9.195405979000043,45.44659848800006],[9.194316182000023,45.446037696000076],[9.193995785000027,45.44554126400004],[9.193979640000066,45.44551624800005],[9.193813136000074,45.44525826300003],[9.192816003000075,45.44371327700003],[9.192761100000041,45.44362820900005],[9.191333308000026,45.44141594700005],[9.191334178000034,45.441173484000046],[9.191340206000064,45.43949440800003],[9.191342225000028,45.438932098000066],[9.191342975000055,45.43872329200008],[9.191343016000076,45.438711857000044],[9.192579498000043,45.43600373500004],[9.193047274000037,45.43497922100005],[9.193248136000022,45.43492950600006],[9.19359105500007,45.43485220000008],[9.193936931000053,45.43478172500005],[9.194285489000038,45.43471813700006],[9.194636452000054,45.43466148600004],[9.19498954200003,45.434611818000064],[9.195344478000038,45.43456917200007],[9.195700980000026,45.43453358200003],[9.195989988000065,45.43451055600008],[9.196058764000043,45.43450507600005],[9.19641754600002,45.43448367700006],[9.196777042000065,45.43446940200005],[9.197136966000073,45.43446226100008],[9.197497034000037,45.43446226100008]]]}},{"type":"Feature","properties":{"service_id":88,"population_total":4453.89,"thiessen_area_km2":0.301},"geometry":{"type":"Polygon","coordinates":[[[9.195405979000043,45.44659848800006],[9.196092556000053,45.44695179000007],[9.196751108000058,45.44729067000003],[9.196839340000054,45.44733607300003],[9.197519268000065,45.447685953000075],[9.199121589000072,45.448510483000064],[9.198794649000035,45.45058467200005],[9.198784591000049,45.45064848200008],[9.198739485000033,45.450934646000064],[9.198703042000034,45.45116584700003],[9.198364168000069,45.451239919000045],[9.19833800400005,45.451245638000046],[9.198311817000047,45.45125136200005],[9.197686477000047,45.45138805000005],[9.197119646000033,45.451511949000064],[9.196519293000051,45.45164317500007],[9.194313402000034,45.45212534400008],[9.19411245300006,45.452169268000034],[9.193227931000024,45.45236260900003],[9.193117149000045,45.45238682400003],[9.191096486000049,45.45282850500007],[9.19094511000003,45.45286159300008],[9.189928460000033,45.45308381400008],[9.190131833000066,45.45242675000003],[9.19046400700006,45.45190304600004],[9.19063118400004,45.451639476000025],[9.190659221000033,45.45159527200008],[9.19079759400006,45.451377113000035],[9.190887818000022,45.45123486600005],[9.190927012000031,45.451173073000064],[9.191154503000064,45.45081441000008],[9.191400600000065,45.45042641400005],[9.191915709000057,45.44961429400007],[9.192017462000024,45.44945387100006],[9.19289300500003,45.44807349200005],[9.192946893000055,45.44798853200007],[9.193604425000046,45.44705174100005],[9.194316182000023,45.446037696000076],[9.195405979000043,45.44659848800006]]]}},{"type":"Feature","properties":{"service_id":89,"population_total":3965.17,"thiessen_area_km2":0.3233},"geometry":{"type":"Polygon","coordinates":[[[9.198776660000021,45.45140027600007],[9.198796808000054,45.45146443600004],[9.19880037200005,45.45147578500007],[9.199081255000067,45.45237022400005],[9.199226305000025,45.45283212100003],[9.199259125000026,45.452936633000036],[9.19929931300004,45.453064608000034],[9.19943511300005,45.45349704900008],[9.199635260000036,45.45413439200007],[9.199642995000033,45.454159024000035],[9.199667408000039,45.45423676400003],[9.199668622000047,45.45424063000007],[9.199693841000055,45.45432093800008],[9.199857215000065,45.45484118400003],[9.19997220600004,45.45520735800005],[9.199997207000024,45.45528697100008],[9.199206653000033,45.45558850900005],[9.199168797000027,45.455602948000035],[9.199071189000051,45.45564017800007],[9.198914524000031,45.45569993400005],[9.198875281000028,45.45571490200007],[9.194928295000068,45.45722038500003],[9.193959130000053,45.45683320100005],[9.19373035500007,45.45666084800007],[9.193506545000048,45.45649223600003],[9.19349156800007,45.45648095300004],[9.19302510700004,45.45612953400007],[9.19296156400003,45.45608166200003],[9.192604903000074,45.45581296300003],[9.192070668000042,45.455410484000026],[9.191935100000023,45.45530835100004],[9.191529862000039,45.455003056000066],[9.191204413000037,45.45475787200007],[9.190514578000034,45.454238169000064],[9.18985331500005,45.453647044000036],[9.18977804900004,45.45357976100007],[9.189687553000056,45.45349886400004],[9.189611163000052,45.45343057600007],[9.189927258000068,45.453085128000055],[9.189928460000033,45.45308381400008],[9.19094511000003,45.45286159300008],[9.191096486000049,45.45282850500007],[9.193117149000045,45.45238682400003],[9.193227931000024,45.45236260900003],[9.19411245300006,45.452169268000034],[9.194313402000034,45.45212534400008],[9.196519293000051,45.45164317500007],[9.197119646000033,45.451511949000064],[9.197686477000047,45.45138805000005],[9.198311817000047,45.45125136200005],[9.19833800400005,45.451245638000046],[9.198364168000069,45.451239919000045],[9.198703042000034,45.45116584700003],[9.198776660000021,45.45140027600007]]]}},{"type":"Feature","properties":{"service_id":90,"population_total":6431.58,"thiessen_area_km2":0.4541},"geometry":{"type":"Polygon","coordinates":[[[9.207656444000065,45.45148459200004],[9.208580944000062,45.45192279300005],[9.208641013000033,45.45195126500005],[9.208677945000034,45.451968770000065],[9.20942266700007,45.45240261500004],[9.210471766000069,45.45301377800007],[9.211626309000053,45.45368636900008],[9.211330541000052,45.45429016600008],[9.211168930000042,45.45462008700008],[9.210954806000075,45.45505721200004],[9.210332984000047,45.45632663400005],[9.210091507000072,45.45681959800004],[9.210033494000072,45.45693802900007],[9.209507884000061,45.45801103700006],[9.20943048600003,45.458169042000065],[9.208220139000048,45.45837420700008],[9.207978125000068,45.45841523100006],[9.206616777000022,45.45864599300006],[9.206372497000075,45.45868740100008],[9.205927985000073,45.45876275000006],[9.205596468000067,45.458818945000075],[9.205493629000046,45.45883637700007],[9.205370560000063,45.458857238000064],[9.20474932600007,45.45896254400003],[9.204465964000065,45.459010576000026],[9.20406224200002,45.45907901100003],[9.203885511000067,45.45895544500007],[9.203765744000066,45.45887170700007],[9.203003615000057,45.458338843000035],[9.201941666000039,45.45759635200005],[9.201464661000045,45.457262841000045],[9.201270753000074,45.457127265000054],[9.200752691000048,45.456192617000056],[9.200469958000042,45.455682531000036],[9.201161181000032,45.45524506700008],[9.201306269000042,45.45515324300004],[9.201431232000061,45.45507415600008],[9.20145827400006,45.45505704200008],[9.201552982000067,45.45499710300004],[9.201808958000072,45.454835100000025],[9.202363959000024,45.45448384900004],[9.202727460000062,45.45425379500006],[9.202922235000074,45.45413052500004],[9.203108893000035,45.45401239200004],[9.204076074000056,45.45340027900005],[9.204750042000057,45.45297373600005],[9.204994290000059,45.45281915600003],[9.205108039000038,45.45274716600005],[9.205245562000073,45.45266913200004],[9.206416127000068,45.45200492500004],[9.207120098000075,45.451605475000065],[9.20748028600002,45.45140109500005],[9.207656444000065,45.45148459200004]]]}},{"type":"Feature","properties":{"service_id":91,"population_total":3665.16,"thiessen_area_km2":0.2236},"geometry":{"type":"Polygon","coordinates":[[[9.201077188000056,45.44910588700003],[9.202803586000073,45.45066543300004],[9.202861374000065,45.450717636000036],[9.203530470000032,45.451322065000056],[9.204638746000057,45.45232322900006],[9.205108039000038,45.45274716600005],[9.204994290000059,45.45281915600003],[9.204750042000057,45.45297373600005],[9.204076074000056,45.45340027900005],[9.203108893000035,45.45401239200004],[9.202922235000074,45.45413052500004],[9.202727460000062,45.45425379500006],[9.202363959000024,45.45448384900004],[9.201808958000072,45.454835100000025],[9.201552982000067,45.45499710300004],[9.20145827400006,45.45505704200008],[9.201431232000061,45.45507415600008],[9.201306269000042,45.45515324300004],[9.201161181000032,45.45524506700008],[9.200469958000042,45.455682531000036],[9.199997207000024,45.45528697100008],[9.19997220600004,45.45520735800005],[9.199857215000065,45.45484118400003],[9.199693841000055,45.45432093800008],[9.199668622000047,45.45424063000007],[9.199667408000039,45.45423676400003],[9.199642995000033,45.454159024000035],[9.199635260000036,45.45413439200007],[9.19943511300005,45.45349704900008],[9.19929931300004,45.453064608000034],[9.199259125000026,45.452936633000036],[9.199226305000025,45.45283212100003],[9.199081255000067,45.45237022400005],[9.19880037200005,45.45147578500007],[9.198796808000054,45.45146443600004],[9.198776660000021,45.45140027600007],[9.198703042000034,45.45116584700003],[9.198739485000033,45.450934646000064],[9.198784591000049,45.45064848200008],[9.198794649000035,45.45058467200005],[9.199121589000072,45.448510483000064],[9.199817609000036,45.44796804300006],[9.201077188000056,45.44910588700003]]]}},{"type":"Feature","properties":{"service_id":92,"population_total":3036.17,"thiessen_area_km2":0.1911},"geometry":{"type":"Polygon","coordinates":[[[9.202777213000047,45.44714253300003],[9.203466967000054,45.44731048500006],[9.20349993700006,45.44731851300003],[9.204928819000031,45.447666440000035],[9.206386193000071,45.44979964000004],[9.206735535000064,45.450310982000076],[9.20748028600002,45.45140109500005],[9.207120098000075,45.451605475000065],[9.206416127000068,45.45200492500004],[9.205245562000073,45.45266913200004],[9.205108039000038,45.45274716600005],[9.204638746000057,45.45232322900006],[9.203530470000032,45.451322065000056],[9.202861374000065,45.450717636000036],[9.202803586000073,45.45066543300004],[9.201077188000056,45.44910588700003],[9.199817609000036,45.44796804300006],[9.20101343400006,45.44700011000003],[9.201286056000072,45.446779442000036],[9.202777213000047,45.44714253300003]]]}},{"type":"Feature","properties":{"service_id":93,"population_total":2231.69,"thiessen_area_km2":0.1378},"geometry":{"type":"Polygon","coordinates":[[[9.20936804300004,45.44607076800003],[9.20930955700004,45.446570628000075],[9.209214686000053,45.44738145300005],[9.208787871000027,45.45102927200003],[9.208706731000063,45.451722747000076],[9.208677945000034,45.451968770000065],[9.208641013000033,45.45195126500005],[9.208580944000062,45.45192279300005],[9.207656444000065,45.45148459200004],[9.20748028600002,45.45140109500005],[9.206735535000064,45.450310982000076],[9.206386193000071,45.44979964000004],[9.204928819000031,45.447666440000035],[9.205943593000029,45.44684485000005],[9.206161634000068,45.446668318000036],[9.20837258000006,45.44601713000003],[9.208661276000043,45.44593210100004],[9.20920946900003,45.44577064200007],[9.209410073000072,45.44571155800003],[9.20936804300004,45.44607076800003]]]}},{"type":"Feature","properties":{"service_id":94,"population_total":5173.75,"thiessen_area_km2":0.4351},"geometry":{"type":"Polygon","coordinates":[[[9.215462616000025,45.446619757000065],[9.215418993000071,45.446961197000064],[9.21539127400007,45.447178155000074],[9.215335249000077,45.44761666800008],[9.215298702000041,45.44790273000007],[9.215192976000026,45.44873025800007],[9.21505122800005,45.44983974000007],[9.215022099000066,45.450067739000076],[9.214875562000032,45.45121470300006],[9.214811248000046,45.45171809500005],[9.214789457000052,45.45188865800003],[9.214425321000022,45.45241224600005],[9.211626309000053,45.45368636900008],[9.210471766000069,45.45301377800007],[9.20942266700007,45.45240261500004],[9.208677945000034,45.451968770000065],[9.208706731000063,45.451722747000076],[9.208787871000027,45.45102927200003],[9.209214686000053,45.44738145300005],[9.20930955700004,45.446570628000075],[9.20936804300004,45.44607076800003],[9.209410073000072,45.44571155800003],[9.209747177000054,45.445551882000075],[9.211776132000068,45.444590825000034],[9.211978933000069,45.44449476400007],[9.211988521000023,45.44449022200007],[9.214090052000074,45.44349478700008],[9.215462616000025,45.446619757000065]]]}},{"type":"Feature","properties":{"service_id":95,"population_total":10028.09,"thiessen_area_km2":0.8006},"geometry":{"type":"Polygon","coordinates":[[[9.21633855600004,45.45203586300005],[9.216452337000021,45.45204667500008],[9.217596786000058,45.452155428000026],[9.21787228100004,45.45218160700006],[9.219873715000062,45.45237179600008],[9.22057589700006,45.45243852200008],[9.223640893000038,45.45272977700006],[9.22610744900004,45.452964165000026],[9.232248699000024,45.45354774500004],[9.232826707000072,45.453602671000056],[9.232842300000073,45.45365209300007],[9.232910447000052,45.453901020000046],[9.232968602000028,45.45415120000007],[9.23301672100007,45.45440243300004],[9.233054765000077,45.454654521000066],[9.233082703000036,45.45490726300005],[9.233100513000068,45.45516045800008],[9.233108182000024,45.455413907000036],[9.233105702000046,45.45566740600003],[9.233093075000056,45.45592075600007],[9.233070312000052,45.456173755000066],[9.23303743100007,45.456426202000046],[9.232994456000029,45.45667789700008],[9.232941424000046,45.45692864000006],[9.232878374000052,45.45717823200005],[9.232805357000075,45.457426475000034],[9.23272243200006,45.45767317100007],[9.232629663000068,45.45791812600004],[9.232527125000047,45.45816114400003],[9.232458920000056,45.45830754100007],[9.232416053000065,45.45839955300005],[9.227296800000033,45.45832295100007],[9.22316140700002,45.45826107100004],[9.218106168000077,45.458185427000046],[9.218008112000064,45.45818396000004],[9.217998330000057,45.458168201000035],[9.217659637000054,45.457622583000045],[9.216365575000054,45.455537907000064],[9.216170158000068,45.45522309900008],[9.215700285000025,45.45446615600008],[9.215669864000063,45.45441714900005],[9.21469791000004,45.45285137500008],[9.214425321000022,45.45241224600005],[9.214789457000052,45.45188865800003],[9.21633855600004,45.45203586300005]]]}},{"type":"Feature","properties":{"service_id":96,"population_total":8541.58,"thiessen_area_km2":1.0453},"geometry":{"type":"Polygon","coordinates":[[[9.23130102400006,45.44619363700008],[9.23238785500007,45.446389357000044],[9.232996983000021,45.446499051000046],[9.233046710000053,45.44660083800005],[9.233154186000036,45.44684279300003],[9.233251936000045,45.44708678200004],[9.233339883000042,45.44733261400006],[9.233417957000029,45.44758009100008],[9.233486096000036,45.44782901900004],[9.233544245000076,45.44807919900006],[9.233592359000056,45.448330432000034],[9.233630399000049,45.44858252000006],[9.23365833400004,45.448835262000046],[9.233676142000036,45.44908845800006],[9.233683810000059,45.449341907000075],[9.233681330000024,45.44959540700006],[9.23366870500007,45.44984875700004],[9.233645945000035,45.45010175600004],[9.233613066000032,45.450354203000074],[9.23357009700004,45.45060589800005],[9.233517070000062,45.450856642000076],[9.23345402700005,45.451106234000065],[9.233381018000046,45.45135447700005],[9.233298102000049,45.451601174000075],[9.233205343000066,45.451846129000046],[9.233102815000052,45.45208914700004],[9.23299060100004,45.452330035000045],[9.23286878700003,45.45256860300003],[9.232737472000053,45.45280466100007],[9.23261545300005,45.453007021000076],[9.232596760000035,45.453038021000054],[9.232446761000062,45.45326849800006],[9.23228759500006,45.453495909000026],[9.232248699000024,45.45354774500004],[9.22610744900004,45.452964165000026],[9.223640893000038,45.45272977700006],[9.22057589700006,45.45243852200008],[9.219873715000062,45.45237179600008],[9.21787228100004,45.45218160700006],[9.217596786000058,45.452155428000026],[9.216452337000021,45.45204667500008],[9.21633855600004,45.45203586300005],[9.214789457000052,45.45188865800003],[9.214811248000046,45.45171809500005],[9.214875562000032,45.45121470300006],[9.215022099000066,45.450067739000076],[9.21505122800005,45.44983974000007],[9.215192976000026,45.44873025800007],[9.215298702000041,45.44790273000007],[9.215335249000077,45.44761666800008],[9.21539127400007,45.447178155000074],[9.215418993000071,45.446961197000064],[9.215462616000025,45.446619757000065],[9.217759838000063,45.44646453400003],[9.220170709000058,45.44630163200003],[9.22137288700003,45.44622040100006],[9.222029483000028,45.446176035000065],[9.228700296000056,45.44572528900005],[9.23130102400006,45.44619363700008]]]}},{"type":"Feature","properties":{"service_id":97,"population_total":9850.23,"thiessen_area_km2":0.6327},"geometry":{"type":"Polygon","coordinates":[[[9.21864084300006,45.43953498500008],[9.22009063400003,45.44042714600005],[9.228700296000056,45.44572528900005],[9.222029483000028,45.446176035000065],[9.22137288700003,45.44622040100006],[9.220170709000058,45.44630163200003],[9.217759838000063,45.44646453400003],[9.215462616000025,45.446619757000065],[9.214090052000074,45.44349478700008],[9.213948777000041,45.44185595600004],[9.213751899000044,45.439572104000035],[9.21374249300004,45.43946299400005],[9.213512950000052,45.43680021800003],[9.21347464400003,45.43635585200008],[9.21864084300006,45.43953498500008]]]}},{"type":"Feature","properties":{"service_id":98,"population_total":4709.48,"thiessen_area_km2":0.548},"geometry":{"type":"Polygon","coordinates":[[[9.208274645000074,45.435236065000026],[9.208634146000065,45.43525034000004],[9.208992933000047,45.435271740000076],[9.209350722000067,45.435300246000054],[9.20970722900006,45.435335836000036],[9.209785918000023,45.43534529000004],[9.210062170000072,45.43537848200003],[9.210415265000051,45.435428149000074],[9.210766233000072,45.43548480000004],[9.211114795000071,45.43554838800003],[9.211217099000066,45.43556923300008],[9.211460675000069,45.43561886300006],[9.211803599000064,45.43569616900004],[9.212143295000033,45.435780246000036],[9.212479492000057,45.43587102500004],[9.212763155000061,45.43595414500004],[9.21281192500004,45.43596843600005],[9.213140329000055,45.43607240100005],[9.213415324000039,45.43616610000004],[9.21347464400003,45.43635585200008],[9.213512950000052,45.43680021800003],[9.21374249300004,45.43946299400005],[9.213751899000044,45.439572104000035],[9.213948777000041,45.44185595600004],[9.214090052000074,45.44349478700008],[9.211988521000023,45.44449022200007],[9.211978933000069,45.44449476400007],[9.211776132000068,45.444590825000034],[9.209747177000054,45.445551882000075],[9.209410073000072,45.44571155800003],[9.20920946900003,45.44577064200007],[9.208661276000043,45.44593210100004],[9.20837258000006,45.44601713000003],[9.206161634000068,45.446668318000036],[9.206338713000036,45.44568393700007],[9.206857785000068,45.44279841500003],[9.206886414000053,45.442639264000036],[9.20753048000006,45.439058902000056],[9.207556544000056,45.438914010000076],[9.207685318000074,45.43819815300003],[9.20821836400006,45.43523494800007],[9.208274645000074,45.435236065000026]]]}},{"type":"Feature","properties":{"service_id":99,"population_total":782.86,"thiessen_area_km2":0.6004},"geometry":{"type":"Polygon","coordinates":[[[9.205718503000071,45.434833851000064],[9.206078430000048,45.434840991000044],[9.20643792800007,45.434855267000046],[9.206796712000028,45.43487666600004],[9.207154499000069,45.43490517200007],[9.207511003000036,45.43494076200005],[9.207865942000069,45.43498340800005],[9.208219034000024,45.435033076000025],[9.208253673000058,45.43503866700007],[9.20821836400006,45.43523494800007],[9.207685318000074,45.43819815300003],[9.207556544000056,45.438914010000076],[9.20753048000006,45.439058902000056],[9.206886414000053,45.442639264000036],[9.206857785000068,45.44279841500003],[9.206338713000036,45.44568393700007],[9.206161634000068,45.446668318000036],[9.205943593000029,45.44684485000005],[9.204928819000031,45.447666440000035],[9.20349993700006,45.44731851300003],[9.203466967000054,45.44731048500006],[9.202777213000047,45.44714253300003],[9.201286056000072,45.446779442000036],[9.201301425000054,45.446439404000046],[9.201312881000035,45.446185945000025],[9.201455028000055,45.44304092100003],[9.201464753000039,45.44282575900007],[9.201470555000071,45.44269738100007],[9.201474035000047,45.442620385000055],[9.201479752000068,45.44249389300006],[9.201551663000032,45.440902838000056],[9.201572056000032,45.440451643000074],[9.201760965000062,45.43627201400005],[9.20180829900005,45.435224736000066],[9.201812499000027,45.43522378900008],[9.202158377000046,45.43515331400005],[9.202201781000042,45.43514539600005],[9.202506937000067,45.43508972600006],[9.202857902000062,45.435033076000025],[9.203210994000074,45.43498340800005],[9.20356593300005,45.43494076200005],[9.203922437000074,45.43490517200007],[9.204280224000058,45.43487666600004],[9.204639008000072,45.434855267000046],[9.204998506000038,45.434840991000044],[9.205358433000072,45.434833851000064],[9.205718503000071,45.434833851000064]]]}},{"type":"Feature","properties":{"service_id":100,"population_total":14563.34,"thiessen_area_km2":1.4489},"geometry":{"type":"Polygon","coordinates":[[[9.191980216000047,45.43036906400005],[9.19225459300003,45.43053320800004],[9.19252229600005,45.43070272800003],[9.19278311100004,45.43087749100005],[9.193036832000075,45.43105735800003],[9.193283257000076,45.43124218500003],[9.193522190000067,45.43143182600005],[9.193753443000048,45.43162613100003],[9.193976830000054,45.43182494600006],[9.194192176000058,45.43202811200007],[9.194331170000055,45.43216725600007],[9.193047274000037,45.43497922100005],[9.192579498000043,45.43600373500004],[9.191343016000076,45.438711857000044],[9.191302740000026,45.43872169400004],[9.190480527000034,45.43892251700004],[9.18909458500002,45.43926102900008],[9.185673874000031,45.44009652700004],[9.185428049000052,45.44015656900007],[9.18298401900006,45.44075351600003],[9.182373322000046,45.440902677000054],[9.179869475000032,45.44151423400007],[9.179202720000035,45.44167708700007],[9.178821123000034,45.44042106300003],[9.177561456000035,45.43627487600003],[9.17624454600002,45.43194027700008],[9.175808669000048,45.43050558900006],[9.175816932000032,45.430306279000035],[9.17598661900007,45.43021042700008],[9.176111459000026,45.43014388900008],[9.176273688000038,45.43005742300005],[9.17656676300004,45.42991017400004],[9.176865612000029,45.42976879500003],[9.177169997000021,45.42963340000006],[9.177479678000054,45.42950409600007],[9.177794407000022,45.42938098500008],[9.178113937000035,45.42926416500006],[9.178438012000072,45.42915372900006],[9.178766375000066,45.42904976400007],[9.179098767000028,45.42895235300006],[9.179434924000077,45.42886157400005],[9.179774578000035,45.428777497000056],[9.180117460000076,45.428700191000075],[9.180463298000063,45.428629715000056],[9.180811818000052,45.42856612700007],[9.181162743000073,45.428509477000034],[9.181515794000063,45.42845980900006],[9.181870692000075,45.42841716300006],[9.182227155000021,45.42838157300008],[9.182584900000052,45.428353067000046],[9.182727402000069,45.42834456600008],[9.182708079000065,45.429972830000054],[9.184433603000059,45.42985174300003],[9.18483750200005,45.42981297100005],[9.185678245000076,45.42978298600008],[9.186111794000055,45.42983948500006],[9.186355994000053,45.42996627200006],[9.186501326000041,45.43023300800007],[9.187467741000034,45.43032044900008],[9.188375334000057,45.42901569300005],[9.18931537800006,45.429176694000034],[9.189572063000071,45.42926416500006],[9.189891593000027,45.42938098500008],[9.190206322000051,45.42950409600007],[9.190516003000027,45.42963340000006],[9.190820388000077,45.42976879500003],[9.191119237000066,45.42991017400004],[9.191412312000068,45.43005742300005],[9.191699381000035,45.43021042700008],[9.191980216000047,45.43036906400005]]]}},{"type":"Feature","properties":{"service_id":101,"population_total":7200.4,"thiessen_area_km2":0.9158},"geometry":{"type":"MultiPolygon","coordinates":[[[[9.172411973000067,45.41191357400004],[9.172074148000036,45.41200103700004],[9.171732959000053,45.41208176100008],[9.17138867500006,45.41215568200005],[9.171041571000046,45.41222274100005],[9.17069192100007,45.41228288500008],[9.170340003000035,45.41233606700007],[9.169986098000038,45.41238224300008],[9.169630485000027,45.412421377000044],[9.16927344800007,45.41245343800006],[9.16891527000007,45.412478401000044],[9.16855623500004,45.412496246000046],[9.168196629000022,45.41250695900004],[9.167836737000073,45.412510531000066],[9.167476845000067,45.41250695900004],[9.16711723900005,45.412496246000046],[9.166758204000075,45.412478401000044],[9.166400026000076,45.41245343800006],[9.166042989000061,45.412421377000044],[9.16568737600005,45.41238224300008],[9.165333471000054,45.41233606700007],[9.164981553000075,45.41228288500008],[9.164631903000043,45.41222274100005],[9.16428479900003,45.41215568200005],[9.163940515000036,45.41208176100008],[9.163599326000053,45.41200103700004],[9.163261501000022,45.41191357400004],[9.162955718000035,45.41182744400004],[9.164306699000065,45.41182757100006],[9.164562696000075,45.411173993000034],[9.164551437000057,45.410552213000074],[9.165162599000041,45.40916597200004],[9.166509528000063,45.40926339300006],[9.168741626000042,45.40876839300006],[9.168060511000022,45.40760163600004],[9.167939796000041,45.40711957900004],[9.167877051000062,45.40640493800004],[9.167764681000051,45.40545904100003],[9.16707197900007,45.404220286000054],[9.16643515800007,45.402200777000076],[9.16636274900003,45.40221385700005],[9.165252089000035,45.40049595500005],[9.165557900000067,45.400498130000074],[9.166604134000067,45.400507291000054],[9.16654052900003,45.40086733600003],[9.167324129000065,45.40119097500008],[9.167466236000053,45.40130261200005],[9.168042294000031,45.40213905600007],[9.168177549000063,45.40219803700006],[9.168370135000032,45.40226901300008],[9.170009019000076,45.40280279900003],[9.170766431000061,45.40282847000003],[9.170518209000022,45.40077585100005],[9.172445236000044,45.40077058300005],[9.173598593000065,45.40076811000006],[9.17398819300007,45.40076781700003],[9.174448104000021,45.40276541000003],[9.17483119600007,45.40381044000003],[9.17526379800006,45.40472510200004],[9.175290898000071,45.40541157600006],[9.174979888000053,45.40665834600003],[9.176170674000048,45.40656659800004],[9.176207027000032,45.40603079500005],[9.180027127000074,45.40554270500007],[9.179991362000067,45.406252589000076],[9.17999282900007,45.406273017000046],[9.179916544000037,45.406436910000025],[9.179794830000048,45.40667547900006],[9.179663621000032,45.40691153900008],[9.179523022000069,45.40714490100004],[9.179373145000056,45.407375380000076],[9.179214107000064,45.40760279300008],[9.179046037000035,45.40782695900003],[9.178869066000061,45.40804770200003],[9.178683335000073,45.40826484400003],[9.178488992000041,45.40847821400007],[9.17828619100004,45.408687643000064],[9.178075093000075,45.408892964000074],[9.177855865000026,45.40909401400006],[9.177628681000044,45.40929063300007],[9.177393721000044,45.40948266600003],[9.177151173000027,45.40966996000003],[9.176901229000066,45.40985236600005],[9.176644086000067,45.41002973900004],[9.176379950000069,45.41020193800006],[9.176109029000031,45.41036882800006],[9.175831540000047,45.41053027400005],[9.175547701000028,45.41068614900007],[9.175257739000074,45.41083633000005],[9.174961884000027,45.41098069700007],[9.174660371000073,45.411119134000046],[9.174353439000072,45.41125153300004],[9.174041331000069,45.41137778900003],[9.173724296000046,45.41149780000006],[9.173402586000066,45.41161147200006],[9.173076455000057,45.411718714000074],[9.172746163000056,45.41181944200008],[9.172411973000067,45.41191357400004]]],[[[9.162173649000067,45.41157711400007],[9.161949178000043,45.41149780000006],[9.161632143000077,45.41137778900003],[9.161320035000074,45.41125153300004],[9.161097741000049,45.411155644000075],[9.161810538000054,45.41097557200004],[9.162173649000067,45.41157711400007]]]]}},{"type":"Feature","properties":{"service_id":102,"population_total":7499.99,"thiessen_area_km2":1.3612},"geometry":{"type":"Polygon","coordinates":[[[9.249603798000066,45.43413171000003],[9.249042107000037,45.434457182000074],[9.248819021000031,45.435064897000075],[9.248670271000037,45.43544384900008],[9.248326747000021,45.43564959500003],[9.247759115000065,45.436004928000045],[9.247350037000047,45.43624857200007],[9.246665097000061,45.43666432500004],[9.246880358000055,45.436742981000066],[9.245646603000068,45.43748336400006],[9.244332899000028,45.43832606700005],[9.24282404400003,45.43921318500003],[9.242808543000024,45.43945998100003],[9.242907169000034,45.43970973000006],[9.243046374000073,45.43983630500003],[9.24397202800003,45.44058416800004],[9.244717985000023,45.44116504100003],[9.245176385000036,45.44152199500007],[9.245063997000045,45.44157680600006],[9.244762321000053,45.44171524300003],[9.244455223000045,45.44184764200003],[9.244142947000057,45.441973896000036],[9.243825741000023,45.44209390700007],[9.243503857000064,45.44220757800008],[9.243177550000041,45.442314820000036],[9.242847079000057,45.44241554700005],[9.24251270800005,45.44250967900007],[9.242174701000067,45.44259714200007],[9.241833327000052,45.442677865000064],[9.241488858000025,45.44275178600003],[9.24114156500002,45.44281884500003],[9.240791726000054,45.442878988000075],[9.240439619000028,45.44293216900007],[9.240085522000072,45.44297834500003],[9.239729717000046,45.44301747900005],[9.239372487000026,45.44304954000006],[9.239014116000021,45.44307450300005],[9.238654887000052,45.44309234800005],[9.23829508600005,45.443103061000045],[9.23793500000005,45.44310663200008],[9.23757491400005,45.443103061000045],[9.237215113000047,45.44309234800005],[9.236855884000022,45.44307450300005],[9.236497513000074,45.44304954000006],[9.236140283000054,45.44301747900005],[9.235784478000028,45.44297834500003],[9.235430381000072,45.44293216900007],[9.235078274000045,45.442878988000075],[9.234728435000022,45.44281884500003],[9.234598367000046,45.44279373000006],[9.234381142000075,45.44275178600003],[9.234036673000048,45.442677865000064],[9.233695299000033,45.44259714200007],[9.23335729200005,45.44250967900007],[9.233223321000025,45.44247196400005],[9.233022921000043,45.44241554700005],[9.232692450000059,45.442314820000036],[9.232366143000036,45.44220757800008],[9.232202862000065,45.44214991600006],[9.232074326000031,45.441789752000034],[9.231040344000064,45.43889247700008],[9.231487971000035,45.43856049800007],[9.234574185000042,45.43627163100007],[9.24253789200003,45.430365409000046],[9.24290951200004,45.430513380000036],[9.24382227600006,45.42969697500007],[9.244062528000029,45.42923467400004],[9.246495845000027,45.427430023000056],[9.246613806000028,45.42750472500006],[9.246874606000063,45.42767948800008],[9.247128313000076,45.42785935400008],[9.247374724000053,45.428044182000065],[9.247613644000069,45.42823382300003],[9.247844883000027,45.428428128000064],[9.248068258000046,45.42862694300004],[9.248283592000064,45.428830109000046],[9.248490713000024,45.42903746600007],[9.248689456000022,45.42924884900003],[9.24887966500006,45.42946408900008],[9.249061188000042,45.42968301700006],[9.249102773000061,45.42973658200003],[9.249233881000066,45.429905459000054],[9.249397607000049,45.43013123800006],[9.249552235000067,45.43036017400004],[9.249697643000047,45.430592087000036],[9.249833715000022,45.43082679200006],[9.249960344000044,45.43106410300004],[9.250077428000054,45.43130383100004],[9.250184875000059,45.43154578600007],[9.250282599000059,45.43178977600007],[9.250370522000026,45.432035608000035],[9.250448575000064,45.43228308700003],[9.250516696000034,45.43253201500005],[9.250574829000072,45.43278219500007],[9.250622930000077,45.43303343000008],[9.250660959000072,45.43328551800005],[9.250688887000024,45.43353826100008],[9.250706691000062,45.43379145800003],[9.25071435600006,45.43404490700004],[9.25071262800003,45.434221627000056],[9.250391945000047,45.43395604700004],[9.250201860000061,45.433798624000076],[9.249603798000066,45.43413171000003]]]}},{"type":"Feature","properties":{"service_id":103,"population_total":519.35,"thiessen_area_km2":0.8486},"geometry":{"type":"MultiPolygon","coordinates":[[[[9.245756009000047,45.42674540200005],[9.246030369000039,45.42690954600005],[9.246298054000022,45.42707906600003],[9.246558853000067,45.42725382900005],[9.246648102000051,45.427317103000064],[9.246495845000027,45.427430023000056],[9.244062528000029,45.42923467400004],[9.24511886700003,45.427202031000036],[9.245436691000066,45.42682565700005],[9.245585703000074,45.42664919400005],[9.245756009000047,45.42674540200005]]],[[[9.234574185000042,45.43627163100007],[9.231487971000035,45.43856049800007],[9.231040344000064,45.43889247700008],[9.23051730700007,45.43756126300008],[9.228099842000063,45.43140842400004],[9.227230474000066,45.42919574300004],[9.227019505000044,45.42865879300007],[9.227063681000061,45.42861180700004],[9.227270800000042,45.42840445100006],[9.227486132000024,45.42820128400007],[9.227709505000064,45.42800247000008],[9.227940743000033,45.427808165000044],[9.22817966100007,45.427618523000035],[9.228426070000069,45.42743369600004],[9.228679775000046,45.42725382900005],[9.228940574000035,45.42707906600003],[9.229208259000075,45.42690954600005],[9.229482619000066,45.42674540200005],[9.229763436000042,45.42658676500008],[9.230050486000039,45.426433761000055],[9.230343542000071,45.42628651100006],[9.230642372000034,45.426145132000045],[9.230946738000057,45.42600973700007],[9.231256399000074,45.42588043300003],[9.231571108000026,45.42575732200004],[9.231890617000033,45.42564050200008],[9.232214671000065,45.42553006600008],[9.232543014000044,45.42542610100003],[9.232875385000057,45.42532869000007],[9.23314638000005,45.42525550200003],[9.233312374000036,45.42543411100007],[9.233120721000034,45.42567267000004],[9.233189281000023,45.425754863000066],[9.235184065000055,45.428146310000045],[9.237037846000021,45.43015530400004],[9.238078014000052,45.42987190500003],[9.239140515000031,45.43138578500003],[9.239888175000033,45.43124762800005],[9.239983781000035,45.43069998200008],[9.24023261900004,45.429628871000034],[9.24121259900005,45.42983770500007],[9.24253789200003,45.430365409000046],[9.234574185000042,45.43627163100007]]]]}},{"type":"Feature","properties":{"service_id":104,"population_total":19600.17,"thiessen_area_km2":1.5457},"geometry":{"type":"Polygon","coordinates":[[[9.23051730700007,45.43756126300008],[9.231040344000064,45.43889247700008],[9.232074326000031,45.441789752000034],[9.232202862000065,45.44214991600006],[9.233082274000026,45.44461407800003],[9.233125503000053,45.444735207000065],[9.233027500000048,45.44483046600004],[9.232919873000071,45.44493507900006],[9.232700506000072,45.44513612800006],[9.232473177000031,45.445332746000076],[9.232362815000045,45.44542288700006],[9.232238068000072,45.44552477800005],[9.231995366000035,45.44571207000007],[9.23174526200006,45.445894475000046],[9.231487956000024,45.44607184700004],[9.23130102400006,45.44619363700008],[9.228700296000056,45.44572528900005],[9.22009063400003,45.44042714600005],[9.21864084300006,45.43953498500008],[9.21347464400003,45.43635585200008],[9.213415324000039,45.43616610000004],[9.213268897000034,45.43569771600005],[9.212713032000067,45.43391963900007],[9.21276416400002,45.433874134000064],[9.212995425000031,45.43367982900003],[9.21323436800003,45.433490187000075],[9.213480803000039,45.43330536000008],[9.213561708000043,45.43324800800008],[9.21429985900005,45.43347133000003],[9.214845081000021,45.43349677000003],[9.215310524000074,45.43232476600008],[9.217107250000026,45.43186807700005],[9.217334667000046,45.431598242000064],[9.218656072000044,45.43230793400005],[9.219467135000059,45.43172270700006],[9.220662811000068,45.43066994900005],[9.22070261400006,45.43066516600004],[9.22105909100003,45.43062957600006],[9.221416851000072,45.43060107000008],[9.22177560800003,45.43057967100003],[9.222135079000054,45.43056539500003],[9.222494979000032,45.43055825500005],[9.222855021000044,45.43055825500005],[9.223214921000022,45.43056539500003],[9.223574392000046,45.43057967100003],[9.223933149000061,45.43060107000008],[9.224290909000047,45.43062957600006],[9.224647386000072,45.43066516600004],[9.22500229800005,45.43070781200004],[9.225355364000052,45.43075748000007],[9.225522728000044,45.43078449700005],[9.225706302000049,45.430814131000034],[9.226013167000076,45.43087011700004],[9.22605483600006,45.43087771900008],[9.22640068800007,45.43094819400005],[9.226743584000076,45.43102550000003],[9.227083251000067,45.43110957700003],[9.227419421000036,45.43120035700008],[9.22775182600003,45.431297767000046],[9.228080203000047,45.43140173200004],[9.228099842000063,45.43140842400004],[9.23051730700007,45.43756126300008]]]}},{"type":"Feature","properties":{"service_id":105,"population_total":6019.23,"thiessen_area_km2":2.0235},"geometry":{"type":"Polygon","coordinates":[[[9.266833678000069,45.443513051000025],[9.266828234000059,45.44354456700006],[9.266766435000022,45.44396928700007],[9.266734558000053,45.44418836800003],[9.266690854000046,45.44432549600003],[9.266597403000048,45.44461830900008],[9.266559101000041,45.44494486800005],[9.266631054000072,45.445637704000035],[9.266586113000074,45.44566852200006],[9.25114222600007,45.45625922200003],[9.25112372500007,45.45625269000004],[9.250806440000076,45.45613268000005],[9.25049408500007,45.456006425000055],[9.250186910000025,45.45587402700005],[9.24988515900003,45.455735590000074],[9.24958907000007,45.455591225000035],[9.249298879000037,45.45544104600003],[9.249014816000056,45.45528517100007],[9.248737107000068,45.45512372600007],[9.248465972000076,45.454956838000044],[9.248201627000071,45.45478464000007],[9.248007605000055,45.45465091300008],[9.24794428100006,45.454607268000075],[9.247694139000032,45.45442486400003],[9.247451399000056,45.45423757200007],[9.247216254000023,45.45404554000004],[9.246988891000058,45.45384892200008],[9.24676948900003,45.45364787400007],[9.246558224000069,45.45344255500004],[9.246355263000055,45.45323312700003],[9.24616076600006,45.45301975900003],[9.245974889000024,45.45280261800008],[9.245797778000053,45.452581878000046],[9.245629574000077,45.452357713000026],[9.245470412000032,45.45213030100007],[9.245320416000027,45.451899824000066],[9.245179706000044,45.45166646400003],[9.245048393000047,45.45143040700003],[9.244926583000051,45.451191839000046],[9.244814370000029,45.45095095000005],[9.24471184500004,45.45070793200006],[9.244619088000036,45.45046297700003],[9.244536173000029,45.45021628000006],[9.24446316600006,45.449968037000076],[9.244400124000038,45.44971844500003],[9.244347098000048,45.44946770200005],[9.244304129000056,45.44921600600003],[9.244271252000033,45.44896355900005],[9.244248492000054,45.44871056000005],[9.244235867000043,45.44845721000007],[9.244233387000065,45.44820371000003],[9.244241055000032,45.447950261000074],[9.244258863000027,45.44769706500006],[9.24428679700003,45.44744432300007],[9.244324836000033,45.447192235000045],[9.244372949000024,45.44694100100003],[9.244431097000074,45.44669082100006],[9.244499235000035,45.44644189400003],[9.244577307000043,45.446194416000026],[9.244665252000061,45.44594858500005],[9.244763001000024,45.44570459500005],[9.244870475000027,45.44546264000007],[9.244987588000072,45.445222913000066],[9.24511424900004,45.44498560300008],[9.245250355000053,45.44475089900004],[9.24539580000004,45.44451898700004],[9.245550466000054,45.44429005000006],[9.245714233000058,45.44406427200005],[9.245886969000026,45.44384183100004],[9.246068537000042,45.44362290400005],[9.246258794000028,45.44340766300007],[9.246457587000066,45.44319628100004],[9.246664760000044,45.442988925000066],[9.246856948000072,45.44280764200005],[9.24699752600003,45.44287420500007],[9.24746505500002,45.44303260300006],[9.247913789000052,45.44313253300004],[9.248327032000077,45.44317169100003],[9.249266368000065,45.44330988400003],[9.251264056000025,45.44323044500004],[9.251239077000037,45.44195095400005],[9.251474159000054,45.44061225000007],[9.257107656000073,45.440380549000054],[9.258611419000033,45.440325493000046],[9.259168431000035,45.43941494500007],[9.261712682000052,45.44026227300003],[9.261879024000052,45.439984749000075],[9.261904831000038,45.43995528900007],[9.262093547000063,45.44001058300006],[9.262421975000052,45.440114547000064],[9.262746113000048,45.440224983000064],[9.263065704000041,45.44034180300008],[9.263380494000046,45.440464914000074],[9.26369023500007,45.44059421800006],[9.263994679000064,45.44072961300003],[9.264293586000065,45.440870991000054],[9.264586718000032,45.44101824000006],[9.264873842000043,45.44117124400003],[9.265154731000052,45.44132988000007],[9.265429162000032,45.441494024000065],[9.265696916000024,45.44166354400005],[9.265957782000044,45.44183830700007],[9.266211552000073,45.442018173000065],[9.266458025000077,45.442202999000074],[9.266697004000036,45.44239264000004],[9.266701665000028,45.44239655500007],[9.266728492000027,45.44290121800003],[9.266751293000027,45.443031681000036],[9.266833678000069,45.443513051000025]]]}},{"type":"Feature","properties":{"service_id":106,"population_total":706.76,"thiessen_area_km2":1.4819},"geometry":{"type":"Polygon","coordinates":[[[9.264923981000038,45.45148987300007],[9.264876463000064,45.45157450500005],[9.26478785200004,45.45172685800003],[9.26489385800005,45.451806644000044],[9.265248037000049,45.452072573000066],[9.265172660000076,45.45227078600004],[9.26510547600003,45.452447446000065],[9.265048862000071,45.45259995200007],[9.264523836000023,45.45269959900003],[9.26405438100005,45.45350178700005],[9.263701084000047,45.454528733000075],[9.263840462000076,45.45495976700005],[9.263869771000032,45.455050406000055],[9.264178061000052,45.45533773000005],[9.264259956000046,45.45568038000005],[9.264286294000044,45.45579057800006],[9.264373727000077,45.45615638500004],[9.264479995000045,45.457002242000044],[9.264555837000046,45.45722432200006],[9.264596707000067,45.45734401800007],[9.265773416000059,45.45735028400003],[9.267103851000059,45.457410190000076],[9.268050897000023,45.45753398800008],[9.268959962000054,45.45773887200005],[9.269357439000032,45.45794496700006],[9.269266731000073,45.45813862000006],[9.269243480000057,45.45818826100003],[9.269334767000032,45.45855709600005],[9.26941051600005,45.45859318200007],[9.269616790000043,45.458691446000046],[9.269839599000022,45.45881603000004],[9.269937403000029,45.458870715000046],[9.27016852600002,45.459059194000076],[9.270286140000053,45.459580978000076],[9.270289956000056,45.45961992800005],[9.270278680000047,45.459629136000046],[9.27003591700003,45.45981642800007],[9.269785751000029,45.45999883200005],[9.269528381000043,45.46017620400005],[9.269264011000075,45.46034840200008],[9.268992850000075,45.460515290000046],[9.26871511500002,45.46067673500005],[9.26843102500004,45.46083260900008],[9.268140806000076,45.46098278800008],[9.267844689000071,45.461127153000064],[9.267542908000053,45.46126559000004],[9.26723570400003,45.461397988000044],[9.266923320000046,45.46152424200005],[9.266606004000039,45.46164425200004],[9.26628400900006,45.46175792300005],[9.265957589000038,45.46186516500006],[9.265627005000056,45.461965891000034],[9.265292518000024,45.46206002300005],[9.264954394000029,45.46214748500006],[9.264612903000057,45.462228209000045],[9.264268314000049,45.46230212900008],[9.263920901000063,45.462369188000025],[9.263570942000058,45.46242933100007],[9.263218712000025,45.462482512000065],[9.262864493000052,45.46252868700003],[9.262508566000065,45.46256782100005],[9.262151212000049,45.46259988200006],[9.261792717000048,45.46262484500005],[9.261433364000027,45.46264269000005],[9.261073439000029,45.46265340300005],[9.260713228000043,45.462656974000026],[9.260353017000057,45.46265340300005],[9.259993092000059,45.46264269000005],[9.259633739000037,45.46262484500005],[9.259275244000037,45.46259988200006],[9.25891789000002,45.46256782100005],[9.258561963000034,45.46252868700003],[9.25820774400006,45.462482512000065],[9.257855514000028,45.46242933100007],[9.257505555000023,45.462369188000025],[9.257158142000037,45.46230212900008],[9.256813553000029,45.462228209000045],[9.256472062000057,45.46214748500006],[9.256133938000062,45.46206002300005],[9.25579945100003,45.461965891000034],[9.255468867000047,45.46186516500006],[9.255142447000026,45.46175792300005],[9.254820452000047,45.46164425200004],[9.25450313600004,45.46152424200005],[9.254190752000056,45.461397988000044],[9.253883548000033,45.46126559000004],[9.253581767000071,45.461127153000064],[9.253285650000066,45.46098278800008],[9.252995431000045,45.46083260900008],[9.252711341000065,45.46067673500005],[9.252433606000068,45.460515290000046],[9.252162445000067,45.46034840200008],[9.251898075000042,45.46017620400005],[9.251640705000057,45.45999883200005],[9.251390539000056,45.45981642800007],[9.251147776000039,45.459629136000046],[9.250912608000021,45.45943710500006],[9.250685223000062,45.459240487000045],[9.250465801000075,45.45903943900004],[9.250254515000051,45.45883412000006],[9.250051535000068,45.45862469300005],[9.249857019000046,45.45841132400005],[9.24967112400003,45.458194184000035],[9.249493997000059,45.45797344300007],[9.249325777000024,45.45774927900004],[9.249210180000034,45.45758413000004],[9.25114222600007,45.45625922200003],[9.266586113000074,45.44566852200006],[9.266636154000025,45.445686812000076],[9.266639475000034,45.44571878800008],[9.266577621000067,45.44615998200004],[9.26653376400003,45.446436928000026],[9.266453136000052,45.44688037000003],[9.266512298000066,45.447302566000076],[9.266612051000038,45.44804114400006],[9.266986799000051,45.448868376000064],[9.267131585000072,45.44978484600006],[9.266367786000046,45.450481024000055],[9.26637747600006,45.45071662700008],[9.26638222300005,45.450832035000076],[9.266253849000066,45.450979956000026],[9.266178704000026,45.45106654600005],[9.265769602000034,45.45109449500006],[9.265193752000073,45.45101482800004],[9.264923981000038,45.45148987300007]]]}},{"type":"Feature","properties":{"service_id":107,"population_total":22.59,"thiessen_area_km2":0.3888},"geometry":{"type":"MultiPolygon","coordinates":[[[[9.263346646000059,45.47079952900003],[9.263569790000076,45.47079952900003],[9.263929946000076,45.47080667000006],[9.264289673000064,45.47082094600006],[9.264648685000054,45.47084234500005],[9.265006699000025,45.47087085000004],[9.265363430000036,45.47090644000008],[9.265718595000067,45.470949086000076],[9.26607191100004,45.47099875300006],[9.266423100000054,45.47105540300004],[9.266771881000068,45.471118991000026],[9.267117979000034,45.471189466000055],[9.267461119000075,45.471266772000035],[9.267801028000065,45.47135084800004],[9.268137437000064,45.47144162600006],[9.268470079000053,45.47153903700007],[9.26879868900005,45.471643001000075],[9.269123008000065,45.47175343600003],[9.269442777000052,45.471870255000056],[9.26975774300007,45.47199336500006],[9.270067656000037,45.472122668000054],[9.270372270000053,45.47225806200004],[9.270511234000026,45.47232375300007],[9.270334268000056,45.47232645300005],[9.26991799600006,45.47239265700006],[9.269543270000042,45.47245209000005],[9.268890234000025,45.47249359500006],[9.268209950000028,45.472196446000055],[9.268107533000034,45.47216812000005],[9.267520971000067,45.472092899000074],[9.266277634000062,45.471936379000056],[9.26501126200003,45.471773667000036],[9.264871632000052,45.471761816000026],[9.263235756000029,45.471622972000034],[9.261680415000058,45.471502705000034],[9.261246107000034,45.471454548000054],[9.261374362000026,45.47091142200003],[9.261415852000027,45.47090644000008],[9.261772583000038,45.47087085000004],[9.262130597000066,45.47084234500005],[9.262489609000056,45.47082094600006],[9.262849336000045,45.47080667000006],[9.263209492000044,45.47079952900003],[9.263346646000059,45.47079952900003]]],[[[9.261470106000047,45.47654633900004],[9.261550157000045,45.477477167000075],[9.261587348000035,45.47790958600007],[9.261691836000068,45.47912441600005],[9.261984085000051,45.47913433400004],[9.263640677000069,45.479190532000075],[9.264673512000059,45.47922555700006],[9.264675958000055,45.47928093000007],[9.264690715000029,45.47972055300005],[9.264704833000053,45.480089570000075],[9.264712062000058,45.48028152300003],[9.264855686000033,45.48404984200005],[9.264070154000024,45.48406459900008],[9.262361850000048,45.48409598300003],[9.259283866000033,45.484152522000045],[9.259241332000045,45.48417661800005],[9.25881165800007,45.484423622000065],[9.258500207000054,45.48671854000003],[9.258443471000021,45.48713660100003],[9.258397714000068,45.48747143700007],[9.258387607000031,45.48754869700008],[9.258381278000059,45.487597480000034],[9.25831873200002,45.488055528000075],[9.258142855000074,45.48800196500008],[9.257816284000057,45.48789472400006],[9.257494140000063,45.48778105400004],[9.257399204000023,45.487745165000035],[9.25761284400005,45.48684045600004],[9.258376954000028,45.483604651000064],[9.25941386200003,45.47921362000005],[9.260769268000047,45.47347383300007],[9.260742055000037,45.47375742600008],[9.260724348000053,45.47393691900004],[9.260706193000033,45.47412258400004],[9.260477055000024,45.47650787100008],[9.260896769000055,45.476484407000044],[9.26132773200004,45.47645904500007],[9.26146195900003,45.47645161200006],[9.261470106000047,45.47654633900004]]]]}},{"type":"Feature","properties":{"service_id":108,"population_total":427.02,"thiessen_area_km2":1.3296},"geometry":{"type":"Polygon","coordinates":[[[9.260962347000032,45.47146164600008],[9.260909062000053,45.472016979000045],[9.26079380300007,45.473218157000076],[9.260769268000047,45.47347383300007],[9.25941386200003,45.47921362000005],[9.258376954000028,45.483604651000064],[9.25761284400005,45.48684045600004],[9.257393561000072,45.48686455600006],[9.257036054000025,45.48689661700007],[9.256677405000062,45.48692158000006],[9.25631789700003,45.48693942500006],[9.25595781800007,45.486950137000065],[9.255638891000046,45.48695329800006],[9.255597452000075,45.48695370900003],[9.255237086000022,45.486950137000065],[9.254877007000061,45.48693942500006],[9.254782484000032,45.486934733000055],[9.25451749900003,45.48692158000006],[9.254158850000067,45.48689661700007],[9.25380134300002,45.48686455600006],[9.25359921300003,45.486842342000045],[9.25344526200007,45.48682542200004],[9.253090891000056,45.48677924700007],[9.252897826000037,45.48675011000006],[9.252352259000077,45.48434247300003],[9.250890626000057,45.47789215700004],[9.249370601000066,45.471184152000035],[9.24934847700007,45.47108651800005],[9.24914500500006,45.470188576000055],[9.249229557000035,45.47015329700008],[9.249544513000046,45.47003018700008],[9.249864272000025,45.46991336800005],[9.250188580000042,45.46980293300004],[9.250517180000031,45.469698969000035],[9.250849810000034,45.46960155900007],[9.251186208000036,45.469510780000064],[9.251526106000028,45.46942670400006],[9.251869235000072,45.46934939800008],[9.25221532200004,45.46927892300005],[9.252564092000057,45.46921533600005],[9.252915269000027,45.46915868600007],[9.25326857400006,45.46910901800004],[9.253623727000047,45.46906637200004],[9.253980446000071,45.46903078300005],[9.254338449000045,45.46900227700007],[9.254697450000037,45.468980878000025],[9.25505716500004,45.46896660200008],[9.255417309000052,45.468959461000054],[9.25577759500004,45.468959461000054],[9.256137739000053,45.46896660200008],[9.256497454000055,45.468980878000025],[9.256856455000047,45.46900227700007],[9.257214458000021,45.46903078300005],[9.257571177000045,45.46906637200004],[9.257926330000032,45.46910901800004],[9.258279635000065,45.46915868600007],[9.258630812000035,45.46921533600005],[9.258979582000052,45.46927892300005],[9.259325669000077,45.46934939800008],[9.259668798000064,45.46942670400006],[9.260008696000057,45.469510780000064],[9.260345094000058,45.46960155900007],[9.260677724000061,45.469698969000035],[9.26100632400005,45.46980293300004],[9.261330632000067,45.46991336800005],[9.261587854000027,45.47000734000005],[9.261374362000026,45.47091142200003],[9.261246107000034,45.471454548000054],[9.260981789000027,45.47142524000003],[9.260962347000032,45.47146164600008]]]}},{"type":"Feature","properties":{"service_id":109,"population_total":3581.39,"thiessen_area_km2":0.7703},"geometry":{"type":"Polygon","coordinates":[[[9.249000099000057,45.471131712000044],[9.249353417000066,45.471181380000075],[9.249370601000066,45.471184152000035],[9.250890626000057,45.47789215700004],[9.252352259000077,45.48434247300003],[9.252897826000037,45.48675011000006],[9.252989438000043,45.487154401000055],[9.253123695000056,45.48774688800006],[9.252884122000069,45.487843670000075],[9.252566658000035,45.487963679000075],[9.25224451300005,45.488077350000026],[9.251917941000045,45.48818459100005],[9.251587203000042,45.48828531700008],[9.251252560000069,45.488379448000046],[9.250914279000028,45.48846691000006],[9.250572628000043,45.48854763300005],[9.250227879000022,45.48862155300003],[9.249880305000033,45.48868861100004],[9.249530182000058,45.48874875400003],[9.24938234700005,45.48877106400005],[9.249177789000044,45.488801935000026],[9.248823405000053,45.48884811000005],[9.24846731200006,45.48888724400007],[9.248109792000037,45.48891930500008],[9.24775112900005,45.48894426800007],[9.247391609000033,45.48896211200008],[9.247031517000039,45.488972825000076],[9.246671138000067,45.488976397000044],[9.246310759000039,45.488972825000076],[9.246068150000042,45.48896560700007],[9.245950667000045,45.48896211200008],[9.24574595300004,45.48895195100005],[9.24548933400007,45.48871971900007],[9.244072496000058,45.48743752300004],[9.245090090000076,45.48384905100005],[9.245259301000033,45.48325234200007],[9.246264647000032,45.479707061000056],[9.248706385000048,45.47109644600005],[9.249000099000057,45.471131712000044]]]}},{"type":"Feature","properties":{"service_id":110,"population_total":4184.85,"thiessen_area_km2":0.8626},"geometry":{"type":"Polygon","coordinates":[[[9.245956149000051,45.470728318000056],[9.24631630400006,45.470735459000025],[9.24667603100005,45.47074973400004],[9.24703504300004,45.470771134000074],[9.247393056000021,45.47079963900006],[9.247749786000043,45.470835229000045],[9.24777544400007,45.47083831000003],[9.248104951000073,45.47087787500004],[9.248458267000046,45.47092754200003],[9.248741333000055,45.47097320300003],[9.248706385000048,45.47109644600005],[9.246264647000032,45.479707061000056],[9.245259301000033,45.48325234200007],[9.245090090000076,45.48384905100005],[9.244072496000058,45.48743752300004],[9.242157599000052,45.48589969500006],[9.24172459700003,45.48488096500006],[9.240560866000067,45.482143035000036],[9.239224319000073,45.47899851900007],[9.23951713300005,45.47575098600004],[9.239820913000074,45.47238182700005],[9.239878589000057,45.47174215700005],[9.24004264100006,45.47168222500005],[9.240366959000028,45.47157178900005],[9.240603062000048,45.47149709200005],[9.240695569000025,45.47146782500005],[9.241028210000025,45.47137041500008],[9.241364618000034,45.47127963600008],[9.241704527000024,45.47119556100006],[9.242047666000076,45.47111825500008],[9.242393764000042,45.47104778000005],[9.242742545000056,45.47098419200006],[9.243093733000023,45.47092754200003],[9.243447049000054,45.47087787500004],[9.243802214000027,45.470835229000045],[9.244158944000048,45.47079963900006],[9.24451695700003,45.470771134000074],[9.244875969000077,45.47074973400004],[9.245235696000066,45.470735459000025],[9.245595851000076,45.470728318000056],[9.245956149000051,45.470728318000056]]]}},{"type":"Feature","properties":{"service_id":111,"population_total":16036.16,"thiessen_area_km2":1.174},"geometry":{"type":"Polygon","coordinates":[[[9.218106168000077,45.458185427000046],[9.22316140700002,45.45826107100004],[9.227296800000033,45.45832295100007],[9.232416053000065,45.45839955300005],[9.232500096000024,45.45840081100005],[9.232595458000048,45.45863878700004],[9.232683423000026,45.45888461800007],[9.23276151300007,45.45913209500003],[9.232829666000043,45.45938102200006],[9.23288782700007,45.459631201000036],[9.23293595000007,45.459882434000065],[9.232973998000034,45.46013452200003],[9.233001939000076,45.46038726300003],[9.233019751000029,45.46064045900005],[9.233027420000042,45.46089390700007],[9.233024940000064,45.461147406000066],[9.233012312000028,45.46140075500006],[9.232989547000045,45.461653754000054],[9.23295666200005,45.46190620100003],[9.232913684000039,45.462157896000065],[9.232860646000063,45.462408639000046],[9.232797590000075,45.462658230000045],[9.232724567000048,45.46290647300003],[9.232641633000071,45.463153169000066],[9.232548855000061,45.46339812300005],[9.232446307000032,45.46364114100004],[9.232334069000046,45.46388202900005],[9.232212231000062,45.46412059600004],[9.232080890000077,45.46435665300004],[9.231940148000035,45.46459001300008],[9.231790119000038,45.46482049000008],[9.231630920000043,45.46504790000006],[9.23146267900006,45.46527206500008],[9.231285528000058,45.46549280500005],[9.231099609000069,45.46570994500007],[9.230905069000073,45.465923313000076],[9.230702062000034,45.466132740000035],[9.230490750000058,45.466338059000066],[9.230271299000037,45.466539107000074],[9.230043884000054,45.466735724000046],[9.229808687000059,45.46692775500003],[9.22956589200004,45.46711504700005],[9.229315694000036,45.467297451000036],[9.229058291000058,45.46747482200004],[9.228793886000062,45.46764702000007],[9.228522691000023,45.46781390800004],[9.228411028000039,45.46787880800008],[9.228244919000076,45.46797535300004],[9.227960793000022,45.468131226000025],[9.227670537000051,45.468281406000074],[9.227516335000075,45.46835657400004],[9.227374381000061,45.46842577100006],[9.227072562000046,45.46856420700004],[9.226765318000048,45.46869660500005],[9.226452894000033,45.468822859000056],[9.226135537000062,45.468942869000045],[9.225813500000072,45.469056540000054],[9.22548703800004,45.46916378100008],[9.225266400000066,45.46923099900005],[9.221274645000051,45.46671291400003],[9.21917628600005,45.465389224000035],[9.217330006000054,45.46422455100003],[9.216223695000053,45.463526666000064],[9.216519599000037,45.46264070400008],[9.217611988000044,45.45936999300005],[9.217998869000041,45.458211636000044],[9.218008112000064,45.45818396000004],[9.218106168000077,45.458185427000046]]]}},{"type":"Feature","properties":{"service_id":112,"population_total":9559.58,"thiessen_area_km2":0.5868},"geometry":{"type":"Polygon","coordinates":[[[9.217330006000054,45.46422455100003],[9.21917628600005,45.465389224000035],[9.221274645000051,45.46671291400003],[9.225266400000066,45.46923099900005],[9.225451168000063,45.46934755500007],[9.224733498000035,45.47004365000004],[9.215530779000062,45.46993604700003],[9.21540069300005,45.46993452600003],[9.214658298000074,45.46992584600008],[9.21134911400003,45.46988715300006],[9.20930855000006,45.46986329300006],[9.209413486000074,45.468464435000044],[9.209447901000033,45.46841026800007],[9.210041275000037,45.46747634500008],[9.210487338000064,45.46677427900005],[9.210508986000036,45.46674020700004],[9.210728915000061,45.46639405700006],[9.212254570000027,45.46399279900004],[9.212940713000023,45.463912219000065],[9.214971113000047,45.46367376900008],[9.215028467000025,45.463667033000036],[9.216223695000053,45.463526666000064],[9.217330006000054,45.46422455100003]]]}},{"type":"Feature","properties":{"service_id":113,"population_total":11884.34,"thiessen_area_km2":0.6676},"geometry":{"type":"Polygon","coordinates":[[[9.21134911400003,45.46988715300006],[9.214658298000074,45.46992584600008],[9.21540069300005,45.46993452600003],[9.215530779000062,45.46993604700003],[9.224733498000035,45.47004365000004],[9.224571666000031,45.470270964000065],[9.224437782000052,45.47045902200006],[9.224121870000033,45.47090276200004],[9.223106845000075,45.47232849400007],[9.220888553000066,45.47435113200004],[9.21929715400006,45.475802169000076],[9.217851290000056,45.47712050700005],[9.217731490000062,45.47722974100003],[9.217221293000023,45.47769493800007],[9.216724494000061,45.47747293800006],[9.216218595000043,45.47724687200008],[9.214332389000049,45.47640400300003],[9.214123934000042,45.47631085300003],[9.21404743200003,45.476276667000036],[9.212326793000045,45.47550778200008],[9.212044682000055,45.47538171800005],[9.211832149000031,45.47528674600005],[9.211752024000077,45.47525094100007],[9.211176953000063,45.47499396500007],[9.210695260000023,45.47477871600006],[9.210577943000033,45.47472629200007],[9.210506862000045,45.47469452900003],[9.21046506500005,45.47454513400004],[9.210261077000041,45.473816028000044],[9.21025773200006,45.473804071000075],[9.210084269000049,45.47318406800008],[9.210022856000023,45.47296456000004],[9.210002064000037,45.47289024400004],[9.209654839000052,45.471649169000045],[9.209625035000045,45.47154264000005],[9.209449878000044,45.47091658200003],[9.209223548000068,45.47010761900003],[9.20930855000006,45.46986329300006],[9.21134911400003,45.46988715300006]]]}},{"type":"Feature","properties":{"service_id":114,"population_total":7106.0,"thiessen_area_km2":0.4973},"geometry":{"type":"Polygon","coordinates":[[[9.209609353000076,45.45853789700004],[9.209935471000051,45.459210410000026],[9.209971801000052,45.45928532800008],[9.210204470000065,45.45976513200003],[9.210351028000048,45.46006736000004],[9.211171530000058,45.461759380000046],[9.211584096000024,45.46261016400007],[9.211786020000034,45.46302656700004],[9.212254570000027,45.46399279900004],[9.210728915000061,45.46639405700006],[9.210508986000036,45.46674020700004],[9.210487338000064,45.46677427900005],[9.210041275000037,45.46747634500008],[9.209447901000033,45.46841026800007],[9.209413486000074,45.468464435000044],[9.209393014000057,45.46844808900005],[9.207190020000041,45.46668904200004],[9.207038864000026,45.46656834700008],[9.20638832800006,45.46604890700007],[9.206039377000025,45.46577027600006],[9.206035691000068,45.46576733200004],[9.206034846000023,45.465766657000074],[9.205956442000058,45.46570405400007],[9.205851073000076,45.46561991900006],[9.20555284300002,45.46538178900005],[9.20541096200003,45.465268500000036],[9.205312119000041,45.46518957600006],[9.204169706000073,45.464277382000034],[9.204030982000063,45.46416661400008],[9.20380536700003,45.46398646500006],[9.203648032000046,45.46386083600004],[9.203543986000057,45.46377775700006],[9.20355392700003,45.46368762700007],[9.203558375000057,45.46364729700008],[9.203569198000025,45.463549175000026],[9.203744717000063,45.46195783700006],[9.20375161100003,45.461895335000065],[9.203812679000066,45.461341668000046],[9.203846949000024,45.46103096200005],[9.203862909000065,45.46088625800007],[9.203893359000062,45.46061018600005],[9.20389830800002,45.46056531700003],[9.203906764000067,45.460488647000034],[9.203911087000051,45.460449452000034],[9.203922206000072,45.46034863800003],[9.20406224200002,45.45907901100003],[9.204465964000065,45.459010576000026],[9.20474932600007,45.45896254400003],[9.205370560000063,45.458857238000064],[9.205493629000046,45.45883637700007],[9.205596468000067,45.458818945000075],[9.205927985000073,45.45876275000006],[9.206372497000075,45.45868740100008],[9.206616777000022,45.45864599300006],[9.207978125000068,45.45841523100006],[9.208220139000048,45.45837420700008],[9.20943048600003,45.458169042000065],[9.209609353000076,45.45853789700004]]]}},{"type":"Feature","properties":{"service_id":115,"population_total":8211.4,"thiessen_area_km2":0.5628},"geometry":{"type":"Polygon","coordinates":[[[9.21469791000004,45.45285137500008],[9.215669864000063,45.45441714900005],[9.215700285000025,45.45446615600008],[9.216170158000068,45.45522309900008],[9.216365575000054,45.455537907000064],[9.217659637000054,45.457622583000045],[9.217998330000057,45.458168201000035],[9.218008112000064,45.45818396000004],[9.217998869000041,45.458211636000044],[9.217611988000044,45.45936999300005],[9.216519599000037,45.46264070400008],[9.216223695000053,45.463526666000064],[9.215028467000025,45.463667033000036],[9.214971113000047,45.46367376900008],[9.212940713000023,45.463912219000065],[9.212254570000027,45.46399279900004],[9.211786020000034,45.46302656700004],[9.211584096000024,45.46261016400007],[9.211171530000058,45.461759380000046],[9.210351028000048,45.46006736000004],[9.210204470000065,45.45976513200003],[9.209971801000052,45.45928532800008],[9.209935471000051,45.459210410000026],[9.209609353000076,45.45853789700004],[9.20943048600003,45.458169042000065],[9.209507884000061,45.45801103700006],[9.210033494000072,45.45693802900007],[9.210091507000072,45.45681959800004],[9.210332984000047,45.45632663400005],[9.210954806000075,45.45505721200004],[9.211168930000042,45.45462008700008],[9.211330541000052,45.45429016600008],[9.211626309000053,45.45368636900008],[9.214425321000022,45.45241224600005],[9.21469791000004,45.45285137500008]]]}},{"type":"Feature","properties":{"service_id":116,"population_total":1701.12,"thiessen_area_km2":0.3066},"geometry":{"type":"Polygon","coordinates":[[[9.201464661000045,45.457262841000045],[9.201941666000039,45.45759635200005],[9.203003615000057,45.458338843000035],[9.203765744000066,45.45887170700007],[9.203885511000067,45.45895544500007],[9.20406224200002,45.45907901100003],[9.203922206000072,45.46034863800003],[9.203911087000051,45.460449452000034],[9.203906764000067,45.460488647000034],[9.20389830800002,45.46056531700003],[9.203893359000062,45.46061018600005],[9.203862909000065,45.46088625800007],[9.203846949000024,45.46103096200005],[9.203812679000066,45.461341668000046],[9.20375161100003,45.461895335000065],[9.203744717000063,45.46195783700006],[9.203569198000025,45.463549175000026],[9.203558375000057,45.46364729700008],[9.20355392700003,45.46368762700007],[9.203543986000057,45.46377775700006],[9.203347485000052,45.46388331800006],[9.202223691000029,45.46448702200007],[9.201952557000027,45.464632675000075],[9.200557367000044,45.46538217300008],[9.200348039000062,45.46549462400003],[9.199909891000061,45.46572999800003],[9.199444283000048,45.46561089800008],[9.199416682000049,45.46560383800005],[9.199122553000052,45.465528601000074],[9.19869981000005,45.46542046600007],[9.198572841000043,45.46538798800003],[9.198129099000028,45.463571141000045],[9.198115779000034,45.46351660500005],[9.197978211000077,45.46295335000008],[9.197752450000053,45.46202900000003],[9.197883567000076,45.46184632600006],[9.198138497000059,45.46149115500003],[9.199034888000028,45.46024229400007],[9.199239724000051,45.45995691500008],[9.199344936000045,45.459810333000064],[9.199345119000043,45.45981007800003],[9.199742786000058,45.459256045000075],[9.199910776000024,45.45902200000006],[9.200063999000065,45.45880852800008],[9.200213070000075,45.45860084000003],[9.200708078000048,45.45791119000006],[9.200957998000035,45.45756299900006],[9.201016607000042,45.45748134400003],[9.201083569000048,45.457388052000056],[9.201270753000074,45.457127265000054],[9.201464661000045,45.457262841000045]]]}},{"type":"Feature","properties":{"service_id":117,"population_total":322.16,"thiessen_area_km2":0.1135},"geometry":{"type":"Polygon","coordinates":[[[9.196054723000032,45.46134245300004],[9.196667674000025,45.46159032500003],[9.197752450000053,45.46202900000003],[9.197978211000077,45.46295335000008],[9.198115779000034,45.46351660500005],[9.198129099000028,45.463571141000045],[9.198572841000043,45.46538798800003],[9.197931564000044,45.46573496600007],[9.197602209000024,45.46591317100007],[9.197177069000077,45.46578081000007],[9.196995514000037,45.46572428600007],[9.196210028000053,45.465479738000056],[9.195771067000067,45.46534307400003],[9.19537222200006,45.465218900000025],[9.195275971000058,45.46498603600003],[9.19492559500003,45.46413835700008],[9.19454483900006,45.463217178000036],[9.19442440000006,45.46292579500005],[9.19439746200004,45.46286062200005],[9.194844827000054,45.46214988200006],[9.19491941900003,45.46203137700007],[9.194998548000058,45.46190566300004],[9.195211289000042,45.46156767700006],[9.195495418000064,45.46111627500005],[9.196054723000032,45.46134245300004]]]}},{"type":"Feature","properties":{"service_id":118,"population_total":751.69,"thiessen_area_km2":0.2316},"geometry":{"type":"Polygon","coordinates":[[[9.200469958000042,45.455682531000036],[9.200752691000048,45.456192617000056],[9.201270753000074,45.457127265000054],[9.201083569000048,45.457388052000056],[9.201016607000042,45.45748134400003],[9.200957998000035,45.45756299900006],[9.200708078000048,45.45791119000006],[9.200213070000075,45.45860084000003],[9.200063999000065,45.45880852800008],[9.199910776000024,45.45902200000006],[9.199742786000058,45.459256045000075],[9.199345119000043,45.45981007800003],[9.199344936000045,45.459810333000064],[9.199239724000051,45.45995691500008],[9.199034888000028,45.46024229400007],[9.198138497000059,45.46149115500003],[9.197883567000076,45.46184632600006],[9.197752450000053,45.46202900000003],[9.196667674000025,45.46159032500003],[9.196054723000032,45.46134245300004],[9.195495418000064,45.46111627500005],[9.195063447000052,45.460587341000064],[9.194986448000066,45.460493058000054],[9.194840224000075,45.46031401100004],[9.194853618000025,45.45984351300007],[9.194861637000031,45.45956185000006],[9.194869846000074,45.45927349400006],[9.194873739000059,45.45913675400004],[9.194878999000025,45.45895197200008],[9.194897561000062,45.45829997100003],[9.194903211000053,45.45810150600005],[9.194904015000077,45.45807327500006],[9.194909477000067,45.45788141300005],[9.194909634000055,45.45787589200006],[9.194910679000031,45.45783917800003],[9.194918263000034,45.45757277000007],[9.194928295000068,45.45722038500003],[9.198875281000028,45.45571490200007],[9.198914524000031,45.45569993400005],[9.199071189000051,45.45564017800007],[9.199168797000027,45.455602948000035],[9.199206653000033,45.45558850900005],[9.199997207000024,45.45528697100008],[9.200469958000042,45.455682531000036]]]}},{"type":"Feature","properties":{"service_id":119,"population_total":1700.95,"thiessen_area_km2":0.172},"geometry":{"type":"Polygon","coordinates":[[[9.189687553000056,45.45349886400004],[9.18977804900004,45.45357976100007],[9.18985331500005,45.453647044000036],[9.190514578000034,45.454238169000064],[9.190644073000044,45.45490353200006],[9.190690070000073,45.45513987000004],[9.190859443000022,45.45601013300006],[9.190869297000063,45.456060766000064],[9.190898472000072,45.456210673000044],[9.190961595000033,45.45653501100003],[9.190986601000077,45.45666349800007],[9.190994677000049,45.45670499100004],[9.191035085000067,45.45691261500008],[9.191059039000038,45.45703569400007],[9.191147889000035,45.45749221900007],[9.191249263000032,45.458013091000055],[9.191253406000044,45.45803437700005],[9.191261805000067,45.45807753200006],[9.191265998000063,45.458099075000064],[9.191401077000023,45.458793135000064],[9.191469419000043,45.45914428700007],[9.190154800000073,45.459327624000025],[9.189533664000066,45.45941424700004],[9.189408007000054,45.45927899600008],[9.188844846000052,45.45867283700005],[9.188742409000042,45.458562579000045],[9.188679759000024,45.45849514500003],[9.188489950000076,45.45829084400003],[9.188454341000067,45.45825251600007],[9.188242177000063,45.45802415300005],[9.188209578000055,45.45798906600004],[9.187816397000063,45.45756586500005],[9.187494171000026,45.45721903700007],[9.186866963000057,45.45654394200005],[9.186813897000036,45.45648682400008],[9.186750216000064,45.456418281000026],[9.186561440000048,45.456215092000036],[9.186366255000053,45.456005004000076],[9.186063878000027,45.45567954000006],[9.186179454000069,45.455508586000064],[9.186293840000076,45.45533939100005],[9.18630737500007,45.45531937100003],[9.186602923000066,45.454882213000076],[9.186633192000045,45.45483744100005],[9.18683946300007,45.45453233600006],[9.18693432200007,45.45439202600005],[9.186968106000052,45.45434205500004],[9.187162952000051,45.45405384900005],[9.18810893400007,45.45381301800006],[9.189611163000052,45.45343057600007],[9.189687553000056,45.45349886400004]]]}},{"type":"Feature","properties":{"service_id":120,"population_total":330.8,"thiessen_area_km2":0.0693},"geometry":{"type":"Polygon","coordinates":[[[9.191204413000037,45.45475787200007],[9.191529862000039,45.455003056000066],[9.191935100000023,45.45530835100004],[9.192070668000042,45.455410484000026],[9.192604903000074,45.45581296300003],[9.19296156400003,45.45608166200003],[9.19302510700004,45.45612953400007],[9.19349156800007,45.45648095300004],[9.193506545000048,45.45649223600003],[9.19373035500007,45.45666084800007],[9.193959130000053,45.45683320100005],[9.19379519000006,45.45703462300003],[9.193702092000024,45.457149006000066],[9.193675106000057,45.45718216200004],[9.193458681000038,45.457448068000076],[9.193440171000077,45.457470810000075],[9.193268750000072,45.45768142400004],[9.19317383300006,45.457798042000036],[9.193120857000054,45.45786313000008],[9.193013465000035,45.45799507600003],[9.192971364000073,45.45804680300006],[9.192965363000042,45.458054176000076],[9.192279411000072,45.45889695900007],[9.191927967000026,45.45932875500006],[9.191469419000043,45.45914428700007],[9.191401077000023,45.458793135000064],[9.191265998000063,45.458099075000064],[9.191261805000067,45.45807753200006],[9.191253406000044,45.45803437700005],[9.191249263000032,45.458013091000055],[9.191147889000035,45.45749221900007],[9.191059039000038,45.45703569400007],[9.191035085000067,45.45691261500008],[9.190994677000049,45.45670499100004],[9.190986601000077,45.45666349800007],[9.190961595000033,45.45653501100003],[9.190898472000072,45.456210673000044],[9.190869297000063,45.456060766000064],[9.190859443000022,45.45601013300006],[9.190690070000073,45.45513987000004],[9.190644073000044,45.45490353200006],[9.190514578000034,45.454238169000064],[9.191204413000037,45.45475787200007]]]}},{"type":"Feature","properties":{"service_id":121,"population_total":205.87,"thiessen_area_km2":0.0375},"geometry":{"type":"Polygon","coordinates":[[[9.191927967000026,45.45932875500006],[9.192178202000036,45.460271910000074],[9.192347304000066,45.46090927100005],[9.192057772000055,45.46119853500005],[9.19192782400006,45.46132836400005],[9.191878303000067,45.46137783900008],[9.19150972500006,45.461316166000074],[9.191065170000059,45.461241779000034],[9.19103277000005,45.46122386800005],[9.190593812000031,45.46098120700003],[9.190018928000029,45.46066340500005],[9.18953418500007,45.45941558800007],[9.189533664000066,45.45941424700004],[9.190154800000073,45.459327624000025],[9.191469419000043,45.45914428700007],[9.191927967000026,45.45932875500006]]]}},{"type":"Feature","properties":{"service_id":122,"population_total":356.43,"thiessen_area_km2":0.072},"geometry":{"type":"Polygon","coordinates":[[[9.194928295000068,45.45722038500003],[9.194918263000034,45.45757277000007],[9.194910679000031,45.45783917800003],[9.194909634000055,45.45787589200006],[9.194909477000067,45.45788141300005],[9.194904015000077,45.45807327500006],[9.194903211000053,45.45810150600005],[9.194897561000062,45.45829997100003],[9.194878999000025,45.45895197200008],[9.194873739000059,45.45913675400004],[9.194869846000074,45.45927349400006],[9.194861637000031,45.45956185000006],[9.194853618000025,45.45984351300007],[9.194840224000075,45.46031401100004],[9.194721428000037,45.46034711100003],[9.194621737000034,45.46037488700006],[9.194129803000067,45.46051195300004],[9.193149154000025,45.46073053900005],[9.192347304000066,45.46090927100005],[9.192178202000036,45.460271910000074],[9.191927967000026,45.45932875500006],[9.192279411000072,45.45889695900007],[9.192965363000042,45.458054176000076],[9.192971364000073,45.45804680300006],[9.193013465000035,45.45799507600003],[9.193120857000054,45.45786313000008],[9.19317383300006,45.457798042000036],[9.193268750000072,45.45768142400004],[9.193440171000077,45.457470810000075],[9.193458681000038,45.457448068000076],[9.193675106000057,45.45718216200004],[9.193702092000024,45.457149006000066],[9.19379519000006,45.45703462300003],[9.193959130000053,45.45683320100005],[9.194928295000068,45.45722038500003]]]}},{"type":"Feature","properties":{"service_id":123,"population_total":280.16,"thiessen_area_km2":0.0293},"geometry":{"type":"Polygon","coordinates":[[[9.194986448000066,45.460493058000054],[9.195063447000052,45.460587341000064],[9.195495418000064,45.46111627500005],[9.195211289000042,45.46156767700006],[9.194998548000058,45.46190566300004],[9.19491941900003,45.46203137700007],[9.194844827000054,45.46214988200006],[9.19439746200004,45.46286062200005],[9.194351261000065,45.462871215000064],[9.194171950000054,45.46291232600004],[9.193792723000058,45.46299927200005],[9.193182028000024,45.46313928700005],[9.193152447000045,45.46314606900006],[9.193155835000027,45.46313693700006],[9.193342449000056,45.462633985000025],[9.193470435000052,45.462289044000045],[9.193632648000062,45.46185185600007],[9.19369864600003,45.461673983000026],[9.193850277000024,45.46126531600004],[9.19389327600004,45.461149427000066],[9.194009605000076,45.46083590500007],[9.194129803000067,45.46051195300004],[9.194621737000034,45.46037488700006],[9.194721428000037,45.46034711100003],[9.194840224000075,45.46031401100004],[9.194986448000066,45.460493058000054]]]}},{"type":"Feature","properties":{"service_id":124,"population_total":263.82,"thiessen_area_km2":0.0333},"geometry":{"type":"Polygon","coordinates":[[[9.194009605000076,45.46083590500007],[9.19389327600004,45.461149427000066],[9.193850277000024,45.46126531600004],[9.19369864600003,45.461673983000026],[9.193632648000062,45.46185185600007],[9.193470435000052,45.462289044000045],[9.193342449000056,45.462633985000025],[9.193155835000027,45.46313693700006],[9.193152447000045,45.46314606900006],[9.193152221000048,45.46314614100004],[9.192277554000043,45.46342516200008],[9.192269440000075,45.46342775000005],[9.19226790700003,45.46341971600003],[9.192191053000045,45.46301693200007],[9.192167965000067,45.46289592800008],[9.191941602000043,45.46170958400006],[9.191917858000068,45.461585144000026],[9.191913587000045,45.46156275900006],[9.191897674000074,45.461479362000034],[9.191878303000067,45.46137783900008],[9.19192782400006,45.46132836400005],[9.192057772000055,45.46119853500005],[9.192347304000066,45.46090927100005],[9.193149154000025,45.46073053900005],[9.194129803000067,45.46051195300004],[9.194009605000076,45.46083590500007]]]}},{"type":"Feature","properties":{"service_id":125,"population_total":50.63,"thiessen_area_km2":0.0718},"geometry":{"type":"Polygon","coordinates":[[[9.19150972500006,45.461316166000074],[9.191878303000067,45.46137783900008],[9.191897674000074,45.461479362000034],[9.191913587000045,45.46156275900006],[9.191917858000068,45.461585144000026],[9.191941602000043,45.46170958400006],[9.192167965000067,45.46289592800008],[9.192191053000045,45.46301693200007],[9.19226790700003,45.46341971600003],[9.192269440000075,45.46342775000005],[9.192097253000043,45.46390027600006],[9.191915866000045,45.46439805000006],[9.191052540000044,45.46484314300005],[9.19100012000007,45.464854882000054],[9.19054636200002,45.464956502000064],[9.190036059000022,45.46507078500008],[9.189894535000064,45.46510247900005],[9.18901274700005,45.46529995600008],[9.188751275000072,45.46458398900006],[9.189238242000044,45.46388061000005],[9.189967414000023,45.46282738800005],[9.190141438000069,45.46257602600008],[9.190199894000045,45.46249159100006],[9.190232881000043,45.46244394400003],[9.190251465000074,45.462417102000074],[9.190602801000068,45.46190962900005],[9.190882282000075,45.461505944000066],[9.191058655000063,45.46125119000004],[9.191065170000059,45.461241779000034],[9.19150972500006,45.461316166000074]]]}},{"type":"Feature","properties":{"service_id":126,"population_total":106.51,"thiessen_area_km2":0.0465},"geometry":{"type":"Polygon","coordinates":[[[9.190593812000031,45.46098120700003],[9.19103277000005,45.46122386800005],[9.191065170000059,45.461241779000034],[9.191058655000063,45.46125119000004],[9.190882282000075,45.461505944000066],[9.190602801000068,45.46190962900005],[9.190251465000074,45.462417102000074],[9.190232881000043,45.46244394400003],[9.190199894000045,45.46249159100006],[9.190141438000069,45.46257602600008],[9.189967414000023,45.46282738800005],[9.189238242000044,45.46388061000005],[9.188751275000072,45.46458398900006],[9.188487012000053,45.464126917000044],[9.188335839000047,45.463865448000035],[9.187793893000048,45.46292809300007],[9.188161664000063,45.46255376800008],[9.188311333000058,45.462401432000036],[9.18863658500004,45.46207038400007],[9.188676616000066,45.462029639000036],[9.189192168000034,45.46150489900003],[9.189194556000075,45.46150246900004],[9.189539531000037,45.461151346000065],[9.18963530000002,45.46105387000006],[9.189816987000029,45.46086894500007],[9.189911831000074,45.46077241100005],[9.189916056000072,45.46076811000006],[9.190018928000029,45.46066340500005],[9.190593812000031,45.46098120700003]]]}},{"type":"Feature","properties":{"service_id":127,"population_total":1859.56,"thiessen_area_km2":0.2109},"geometry":{"type":"Polygon","coordinates":[[[9.186366255000053,45.456005004000076],[9.186561440000048,45.456215092000036],[9.186750216000064,45.456418281000026],[9.186813897000036,45.45648682400008],[9.186866963000057,45.45654394200005],[9.187494171000026,45.45721903700007],[9.187816397000063,45.45756586500005],[9.188209578000055,45.45798906600004],[9.188242177000063,45.45802415300005],[9.188454341000067,45.45825251600007],[9.188489950000076,45.45829084400003],[9.188679759000024,45.45849514500003],[9.188742409000042,45.458562579000045],[9.188844846000052,45.45867283700005],[9.189408007000054,45.45927899600008],[9.189533664000066,45.45941424700004],[9.18953418500007,45.45941558800007],[9.190018928000029,45.46066340500005],[9.189916056000072,45.46076811000006],[9.189911831000074,45.46077241100005],[9.189816987000029,45.46086894500007],[9.18963530000002,45.46105387000006],[9.189539531000037,45.461151346000065],[9.189194556000075,45.46150246900004],[9.189192168000034,45.46150489900003],[9.188676616000066,45.462029639000036],[9.18863658500004,45.46207038400007],[9.188311333000058,45.462401432000036],[9.188161664000063,45.46255376800008],[9.187793893000048,45.46292809300007],[9.187710937000077,45.46286711500005],[9.186348531000021,45.46186566400007],[9.186348343000077,45.461865526000054],[9.185953909000034,45.46157559300008],[9.185857120000037,45.46150444700004],[9.185640360000036,45.46134511500003],[9.185317372000043,45.46078665200008],[9.185155389000045,45.46050657500007],[9.185056097000029,45.46033489400003],[9.185006817000044,45.460249686000054],[9.184939447000033,45.46013319900004],[9.184937110000021,45.460129159000076],[9.184708274000059,45.45973348900003],[9.184620488000064,45.459581703000026],[9.18458276900003,45.45951648500005],[9.18455201300003,45.45946330700008],[9.184494959000062,45.45936465700004],[9.184300206000046,45.45902791900005],[9.184291862000066,45.45900889200004],[9.184223373000066,45.45885271000003],[9.18415896700003,45.45870583800007],[9.184075458000052,45.45851540500007],[9.183961898000064,45.45825644200005],[9.183687770000063,45.457631323000044],[9.183725278000054,45.457600513000045],[9.184222283000054,45.45719226300008],[9.184614688000067,45.45686993400005],[9.18463801400003,45.45685077300004],[9.184689453000033,45.45680852000004],[9.185105867000061,45.45646646900008],[9.185408066000036,45.45621823700003],[9.185508577000064,45.45613567500004],[9.185573035000061,45.45608272800007],[9.185697867000044,45.45598018900006],[9.186063878000027,45.45567954000006],[9.186366255000053,45.456005004000076]]]}},{"type":"Feature","properties":{"service_id":128,"population_total":525.99,"thiessen_area_km2":0.0657},"geometry":{"type":"Polygon","coordinates":[[[9.184494959000062,45.45936465700004],[9.18455201300003,45.45946330700008],[9.18458276900003,45.45951648500005],[9.184620488000064,45.459581703000026],[9.184708274000059,45.45973348900003],[9.184937110000021,45.460129159000076],[9.184939447000033,45.46013319900004],[9.185006817000044,45.460249686000054],[9.185056097000029,45.46033489400003],[9.185155389000045,45.46050657500007],[9.185317372000043,45.46078665200008],[9.185640360000036,45.46134511500003],[9.185580034000054,45.46154713300007],[9.185574966000047,45.461564105000036],[9.18541784100006,45.46209028000004],[9.185174442000061,45.462905369000055],[9.185112305000075,45.46297175700005],[9.184784669000067,45.463321809000036],[9.184190268000066,45.463956877000044],[9.183112128000062,45.46510877900005],[9.18305943200005,45.46516508000008],[9.183034232000068,45.46519200400007],[9.182917770000074,45.465316434000044],[9.182801422000068,45.465440742000055],[9.182742596000026,45.46534664600006],[9.182824535000066,45.46501424200005],[9.182834901000035,45.46497219200006],[9.182844614000032,45.46493279100008],[9.182882250000034,45.46478011500005],[9.182970238000053,45.464423175000036],[9.183370463000074,45.46279959100008],[9.18351971100003,45.462194139000076],[9.183528759000069,45.462157432000026],[9.183604512000045,45.46185012900003],[9.18362146000004,45.461781375000044],[9.183685454000056,45.46152177100004],[9.183802426000057,45.461047251000025],[9.183846476000042,45.46086855600004],[9.18402016300007,45.46016396300007],[9.18406460400007,45.45998367900006],[9.184086812000032,45.459893590000036],[9.18411803600003,45.459766923000075],[9.184124439000072,45.45974094700006],[9.184130203000052,45.45971756300003],[9.184130337000056,45.459717021000074],[9.184254083000042,45.45921502400006],[9.184300206000046,45.45902791900005],[9.184494959000062,45.45936465700004]]]}},{"type":"Feature","properties":{"service_id":129,"population_total":46.66,"thiessen_area_km2":0.0476},"geometry":{"type":"Polygon","coordinates":[[[9.185187024000072,45.46309565000007],[9.18519010600005,45.46314225400005],[9.185235826000053,45.463833677000025],[9.18538559600006,45.46609867300003],[9.185141523000027,45.46616831500006],[9.184685797000043,45.466298349000056],[9.184515498000053,45.46634694100004],[9.183894480000049,45.46652413800007],[9.183410264000031,45.46645399400006],[9.183065136000039,45.46640399800003],[9.182986860000028,45.466118083000026],[9.182820165000066,45.465509205000046],[9.182801422000068,45.465440742000055],[9.182917770000074,45.465316434000044],[9.183034232000068,45.46519200400007],[9.18305943200005,45.46516508000008],[9.183112128000062,45.46510877900005],[9.184190268000066,45.463956877000044],[9.184784669000067,45.463321809000036],[9.185112305000075,45.46297175700005],[9.185174442000061,45.462905369000055],[9.185187024000072,45.46309565000007]]]}},{"type":"Feature","properties":{"service_id":130,"population_total":274.26,"thiessen_area_km2":0.1137},"geometry":{"type":"Polygon","coordinates":[[[9.185857120000037,45.46150444700004],[9.185953909000034,45.46157559300008],[9.186348343000077,45.461865526000054],[9.186348531000021,45.46186566400007],[9.187710937000077,45.46286711500005],[9.187793893000048,45.46292809300007],[9.188335839000047,45.463865448000035],[9.188487012000053,45.464126917000044],[9.188751275000072,45.46458398900006],[9.18901274700005,45.46529995600008],[9.188800872000058,45.46574898200004],[9.188543820000064,45.466293749000044],[9.188450945000056,45.46649057900004],[9.187975578000021,45.46642980300004],[9.18659533400006,45.46625333800006],[9.186535365000054,45.46624567100008],[9.18538559600006,45.46609867300003],[9.185235826000053,45.463833677000025],[9.18519010600005,45.46314225400005],[9.185187024000072,45.46309565000007],[9.185174442000061,45.462905369000055],[9.18541784100006,45.46209028000004],[9.185574966000047,45.461564105000036],[9.185580034000054,45.46154713300007],[9.185640360000036,45.46134511500003],[9.185857120000037,45.46150444700004]]]}},{"type":"Feature","properties":{"service_id":131,"population_total":141.92,"thiessen_area_km2":0.1003},"geometry":{"type":"Polygon","coordinates":[[[9.192443277000052,45.467198573000076],[9.192445329000066,45.46743041000008],[9.192446181000037,45.467526630000066],[9.192449637000038,45.46791706600004],[9.192453554000053,45.468359673000066],[9.192457109000031,45.468761347000054],[9.192459162000034,45.468993375000025],[9.192459712000073,45.46905554800003],[9.192460446000041,45.46913842500004],[9.192460953000023,45.46919567200007],[9.192460999000048,45.469200916000034],[9.19246259700003,45.46938148600003],[9.19246326900003,45.46945734500008],[9.19246372400005,45.469508801000075],[9.192446808000057,45.46950080100004],[9.192278158000022,45.469421046000036],[9.192273088000036,45.46941864900003],[9.192221904000064,45.469394444000045],[9.191860972000029,45.469223758000055],[9.190979566000067,45.468806940000036],[9.190642138000044,45.46864736900005],[9.190620292000062,45.468637038000054],[9.190504907000047,45.46855389400008],[9.190371521000031,45.46845777900006],[9.190016484000068,45.46820194600008],[9.18990903200006,45.46812451800008],[9.18900934900006,45.46747622500004],[9.18888686400004,45.46738796500006],[9.18858887700003,45.46717324200006],[9.188553782000042,45.46714795400004],[9.188450945000056,45.46649057900004],[9.188543820000064,45.466293749000044],[9.188800872000058,45.46574898200004],[9.18901274700005,45.46529995600008],[9.189894535000064,45.46510247900005],[9.190036059000022,45.46507078500008],[9.19054636200002,45.464956502000064],[9.19100012000007,45.464854882000054],[9.191052540000044,45.46484314300005],[9.192443277000052,45.467198573000076]]]}},{"type":"Feature","properties":{"service_id":132,"population_total":250.94,"thiessen_area_km2":0.0504},"geometry":{"type":"Polygon","coordinates":[[[9.193802645000062,45.467323442000065],[9.193809051000073,45.467363454000065],[9.193872631000033,45.46776056600004],[9.19394883800004,45.46823654000008],[9.193963539000038,45.46832836200008],[9.193995012000073,45.46852493500006],[9.194004299000028,45.468582938000054],[9.194057059000045,45.46891246700005],[9.19406140600006,45.468939617000046],[9.194147646000033,45.46947825800004],[9.194212591000053,45.46988389100005],[9.194241244000068,45.47006285200007],[9.194260094000072,45.470180586000026],[9.194273214000077,45.47026253300004],[9.194310719000043,45.470496782000055],[9.194312103000073,45.470505424000066],[9.19431538300006,45.47052591200003],[9.194402567000054,45.471070447000045],[9.19440860900005,45.47110818300007],[9.194409809000035,45.471115679000036],[9.19441391600003,45.47114133300005],[9.194427812000072,45.471228127000074],[9.194441930000039,45.47131630300004],[9.19436108900004,45.47124243800005],[9.194297795000068,45.471184606000065],[9.194272416000047,45.471161417000076],[9.194257268000058,45.47114757600008],[9.194184695000047,45.471081265000066],[9.193822720000071,45.470750526000074],[9.193750171000033,45.47068423700006],[9.193740863000073,45.470675733000064],[9.193730569000024,45.47066632700006],[9.193502396000042,45.470457844000066],[9.193374135000056,45.47034065100007],[9.192887144000053,45.46989568300006],[9.19246372400005,45.469508801000075],[9.19246326900003,45.46945734500008],[9.19246259700003,45.46938148600003],[9.192460999000048,45.469200916000034],[9.192460953000023,45.46919567200007],[9.192460446000041,45.46913842500004],[9.192459712000073,45.46905554800003],[9.192459162000034,45.468993375000025],[9.192457109000031,45.468761347000054],[9.192453554000053,45.468359673000066],[9.192449637000038,45.46791706600004],[9.192446181000037,45.467526630000066],[9.192445329000066,45.46743041000008],[9.192443277000052,45.467198573000076],[9.192910865000044,45.46672943300007],[9.193548469000064,45.46608971300003],[9.193597276000048,45.466040744000054],[9.193802645000062,45.467323442000065]]]}},{"type":"Feature","properties":{"service_id":133,"population_total":35.36,"thiessen_area_km2":0.0344},"geometry":{"type":"Polygon","coordinates":[[[9.192458486000021,45.464679972000056],[9.19357683000004,45.46526101400008],[9.193765531000054,45.46535905500008],[9.193597276000048,45.466040744000054],[9.193548469000064,45.46608971300003],[9.192910865000044,45.46672943300007],[9.192443277000052,45.467198573000076],[9.191052540000044,45.46484314300005],[9.191915866000045,45.46439805000006],[9.192458486000021,45.464679972000056]]]}},{"type":"Feature","properties":{"service_id":134,"population_total":68.17,"thiessen_area_km2":0.0483},"geometry":{"type":"Polygon","coordinates":[[[9.19442440000006,45.46292579500005],[9.19454483900006,45.463217178000036],[9.19492559500003,45.46413835700008],[9.195275971000058,45.46498603600003],[9.19537222200006,45.465218900000025],[9.195207826000058,45.46523324100008],[9.194786056000055,45.46527003300008],[9.194688026000051,45.46527858400003],[9.193765531000054,45.46535905500008],[9.19357683000004,45.46526101400008],[9.192458486000021,45.464679972000056],[9.191915866000045,45.46439805000006],[9.192097253000043,45.46390027600006],[9.192269440000075,45.46342775000005],[9.192277554000043,45.46342516200008],[9.193152221000048,45.46314614100004],[9.193152447000045,45.46314606900006],[9.193182028000024,45.46313928700005],[9.193792723000058,45.46299927200005],[9.194171950000054,45.46291232600004],[9.194351261000065,45.462871215000064],[9.19439746200004,45.46286062200005],[9.19442440000006,45.46292579500005]]]}},{"type":"Feature","properties":{"service_id":135,"population_total":338.48,"thiessen_area_km2":0.1141},"geometry":{"type":"Polygon","coordinates":[[[9.195771067000067,45.46534307400003],[9.196210028000053,45.465479738000056],[9.196995514000037,45.46572428600007],[9.197177069000077,45.46578081000007],[9.197602209000024,45.46591317100007],[9.197338441000056,45.466388031000065],[9.197332515000028,45.46639869900008],[9.197244174000048,45.46655773900005],[9.196645807000039,45.46763497400008],[9.196618681000075,45.46768380900005],[9.19656942000006,45.46777249400003],[9.196514494000041,45.46787137600006],[9.196490630000028,45.46791433800007],[9.196444431000032,45.46799750900004],[9.19644037300003,45.46800481400004],[9.196387257000026,45.46810043800008],[9.196184499000026,45.46846546100005],[9.195422467000071,45.46983734200006],[9.195284756000035,45.470085261000065],[9.195202313000038,45.47023368300006],[9.195195699000067,45.47024558900006],[9.19517767800005,45.47027803200007],[9.195022872000038,45.470556729000066],[9.194881031000023,45.470812085000034],[9.194796391000068,45.47096446200004],[9.19474959300004,45.47104871200003],[9.194706349000057,45.47112656400003],[9.194681261000028,45.47117173000004],[9.194538731000023,45.471428324000044],[9.194441930000039,45.47131630300004],[9.194427812000072,45.471228127000074],[9.19441391600003,45.47114133300005],[9.194409809000035,45.471115679000036],[9.19440860900005,45.47110818300007],[9.194402567000054,45.471070447000045],[9.19431538300006,45.47052591200003],[9.194312103000073,45.470505424000066],[9.194310719000043,45.470496782000055],[9.194273214000077,45.47026253300004],[9.194260094000072,45.470180586000026],[9.194241244000068,45.47006285200007],[9.194212591000053,45.46988389100005],[9.194147646000033,45.46947825800004],[9.19406140600006,45.468939617000046],[9.194057059000045,45.46891246700005],[9.194004299000028,45.468582938000054],[9.193995012000073,45.46852493500006],[9.193963539000038,45.46832836200008],[9.19394883800004,45.46823654000008],[9.193872631000033,45.46776056600004],[9.193809051000073,45.467363454000065],[9.193802645000062,45.467323442000065],[9.193597276000048,45.466040744000054],[9.193765531000054,45.46535905500008],[9.194688026000051,45.46527858400003],[9.194786056000055,45.46527003300008],[9.195207826000058,45.46523324100008],[9.19537222200006,45.465218900000025],[9.195771067000067,45.46534307400003]]]}},{"type":"Feature","properties":{"service_id":136,"population_total":302.96,"thiessen_area_km2":0.084},"geometry":{"type":"Polygon","coordinates":[[[9.186535365000054,45.46624567100008],[9.18659533400006,45.46625333800006],[9.187975578000021,45.46642980300004],[9.188450945000056,45.46649057900004],[9.188553782000042,45.46714795400004],[9.188543848000052,45.467165504000036],[9.18841095700003,45.46740027900006],[9.18821057200006,45.46775429200005],[9.18801233000005,45.46810452100004],[9.187793763000059,45.468490657000075],[9.187627170000042,45.46878497200004],[9.187381838000022,45.46921839200007],[9.18719651500004,45.46915685700003],[9.18689173200005,45.46905565700007],[9.18635783700006,45.46887838200007],[9.185831232000055,45.46870352800005],[9.184843813000043,45.46837566500005],[9.184729875000073,45.46833783300008],[9.184657337000033,45.46818034800003],[9.184604174000071,45.46806492800005],[9.18429991000005,45.467404352000074],[9.183894480000049,45.46652413800007],[9.184515498000053,45.46634694100004],[9.184685797000043,45.466298349000056],[9.185141523000027,45.46616831500006],[9.18538559600006,45.46609867300003],[9.186535365000054,45.46624567100008]]]}},{"type":"Feature","properties":{"service_id":137,"population_total":378.83,"thiessen_area_km2":0.1101},"geometry":{"type":"Polygon","coordinates":[[[9.18858887700003,45.46717324200006],[9.18888686400004,45.46738796500006],[9.18900934900006,45.46747622500004],[9.18990903200006,45.46812451800008],[9.190016484000068,45.46820194600008],[9.190371521000031,45.46845777900006],[9.190504907000047,45.46855389400008],[9.190620292000062,45.468637038000054],[9.190533774000073,45.46879726800006],[9.190149019000046,45.469509825000046],[9.190021571000045,45.46974585600003],[9.189701944000035,45.47033779700007],[9.18963425000004,45.47046316500007],[9.189526065000052,45.47066352100006],[9.189515111000048,45.47068380800005],[9.189307210000038,45.47106883600003],[9.18928870800005,45.47110310100004],[9.189254166000069,45.47116707200007],[9.189048796000066,45.471547412000064],[9.188901480000027,45.47182023700003],[9.188875591000055,45.471868183000026],[9.188812337000059,45.47198532800007],[9.188780017000056,45.472045183000034],[9.188735880000024,45.472126924000065],[9.188590669000064,45.472395851000044],[9.18844580800004,45.472664130000055],[9.188241808000043,45.47304193100007],[9.188154360000055,45.473203882000064],[9.187941413000033,45.47359825400008],[9.18791232700005,45.47365212100004],[9.187824808000073,45.473609887000066],[9.187450062000039,45.473429046000035],[9.187191733000077,45.47330438500006],[9.18716968900003,45.47329374700007],[9.187125265000077,45.47327230900004],[9.187104236000039,45.47326216100004],[9.187103034000074,45.473245259000066],[9.187097684000037,45.47317005900004],[9.187064424000027,45.472702482000045],[9.187037690000068,45.47232665900003],[9.187030513000025,45.47222577100007],[9.187029653000025,45.472213675000035],[9.187012271000071,45.471969321000074],[9.18700490200007,45.47186573400006],[9.187000866000062,45.471808990000056],[9.186967941000034,45.471346133000054],[9.186959729000023,45.47123068800005],[9.186945426000023,45.47102962400004],[9.186990540000068,45.47084238800005],[9.187154702000043,45.47016106700005],[9.187204989000065,45.46995236200007],[9.187206221000054,45.46994724700005],[9.187216431000024,45.469904875000054],[9.187253578000025,45.46975070500008],[9.187381838000022,45.46921839200007],[9.187627170000042,45.46878497200004],[9.187793763000059,45.468490657000075],[9.18801233000005,45.46810452100004],[9.18821057200006,45.46775429200005],[9.18841095700003,45.46740027900006],[9.188543848000052,45.467165504000036],[9.188553782000042,45.46714795400004],[9.18858887700003,45.46717324200006]]]}},{"type":"Feature","properties":{"service_id":138,"population_total":1638.2,"thiessen_area_km2":0.2585},"geometry":{"type":"Polygon","coordinates":[[[9.190642138000044,45.46864736900005],[9.190979566000067,45.468806940000036],[9.191860972000029,45.469223758000055],[9.192221904000064,45.469394444000045],[9.192273088000036,45.46941864900003],[9.192278158000022,45.469421046000036],[9.192446808000057,45.46950080100004],[9.19246372400005,45.469508801000075],[9.192887144000053,45.46989568300006],[9.193374135000056,45.47034065100007],[9.193502396000042,45.470457844000066],[9.193730569000024,45.47066632700006],[9.193740863000073,45.470675733000064],[9.193750171000033,45.47068423700006],[9.193822720000071,45.470750526000074],[9.194184695000047,45.471081265000066],[9.194257268000058,45.47114757600008],[9.194272416000047,45.471161417000076],[9.194297795000068,45.471184606000065],[9.19436108900004,45.47124243800005],[9.194441930000039,45.47131630300004],[9.194538731000023,45.471428324000044],[9.194658223000033,45.47224838200003],[9.194689347000065,45.47246198100004],[9.194714435000037,45.47263415500004],[9.194740473000024,45.47281285100007],[9.194760451000036,45.47294995500005],[9.194764160000034,45.47297541200004],[9.194588684000053,45.47319842700006],[9.194215758000041,45.47367238700008],[9.193932825000047,45.47403197300008],[9.193807889000027,45.47419075600004],[9.193323096000029,45.474806889000035],[9.193004950000045,45.475211227000045],[9.192928377000044,45.475308545000075],[9.192838651000045,45.47542258000004],[9.192676396000024,45.475628793000055],[9.19220602200005,45.47564235700003],[9.192064464000055,45.47564643900006],[9.191840120000052,45.475652909000075],[9.191802517000042,45.47565399300004],[9.191260808000038,45.475669614000026],[9.191199466000057,45.47563265500003],[9.191029395000044,45.47553018600007],[9.190673340000046,45.475315659000046],[9.189583233000064,45.474658859000044],[9.189420360000042,45.47456072600005],[9.188697717000025,45.47412532700008],[9.188584038000045,45.474056834000066],[9.18852679400004,45.47402234400005],[9.188393800000028,45.47394221400003],[9.18791232700005,45.47365212100004],[9.187941413000033,45.47359825400008],[9.188154360000055,45.473203882000064],[9.188241808000043,45.47304193100007],[9.18844580800004,45.472664130000055],[9.188590669000064,45.472395851000044],[9.188735880000024,45.472126924000065],[9.188780017000056,45.472045183000034],[9.188812337000059,45.47198532800007],[9.188875591000055,45.471868183000026],[9.188901480000027,45.47182023700003],[9.189048796000066,45.471547412000064],[9.189254166000069,45.47116707200007],[9.18928870800005,45.47110310100004],[9.189307210000038,45.47106883600003],[9.189515111000048,45.47068380800005],[9.189526065000052,45.47066352100006],[9.18963425000004,45.47046316500007],[9.189701944000035,45.47033779700007],[9.190021571000045,45.46974585600003],[9.190149019000046,45.469509825000046],[9.190533774000073,45.46879726800006],[9.190620292000062,45.468637038000054],[9.190642138000044,45.46864736900005]]]}},{"type":"Feature","properties":{"service_id":139,"population_total":1295.74,"thiessen_area_km2":0.3432},"geometry":{"type":"Polygon","coordinates":[[[9.19869981000005,45.46542046600007],[9.199122553000052,45.465528601000074],[9.199416682000049,45.46560383800005],[9.199444283000048,45.46561089800008],[9.199909891000061,45.46572999800003],[9.20011327700007,45.466232484000045],[9.200125789000026,45.466263397000034],[9.200292318000038,45.46667482300006],[9.200479433000055,45.46713711000007],[9.20084457300004,45.46803922500004],[9.200859425000033,45.46807591800007],[9.200904582000021,45.468187483000065],[9.201216961000057,45.468959246000054],[9.201310860000035,45.46919123400005],[9.201362594000045,45.469319048000045],[9.201383024000052,45.46936952300007],[9.201568603000055,45.469828015000076],[9.201654447000067,45.47004010000006],[9.201984864000053,45.47085642800005],[9.202021358000025,45.47094659100003],[9.202023932000031,45.470952950000026],[9.202066408000064,45.47105789200003],[9.202109181000026,45.471163567000076],[9.202172249000057,45.47131938100006],[9.202057205000074,45.47144478300004],[9.200455240000053,45.47319098300005],[9.197609716000045,45.47308319800004],[9.197054670000057,45.47306217400006],[9.196666049000044,45.47304745300005],[9.196652792000066,45.47304695100007],[9.196501511000065,45.473041221000074],[9.196113354000033,45.47302651800004],[9.195760163000045,45.473013139000045],[9.195165599000063,45.47299061800004],[9.194764160000034,45.47297541200004],[9.194760451000036,45.47294995500005],[9.194740473000024,45.47281285100007],[9.194714435000037,45.47263415500004],[9.194689347000065,45.47246198100004],[9.194658223000033,45.47224838200003],[9.194538731000023,45.471428324000044],[9.194681261000028,45.47117173000004],[9.194706349000057,45.47112656400003],[9.19474959300004,45.47104871200003],[9.194796391000068,45.47096446200004],[9.194881031000023,45.470812085000034],[9.195022872000038,45.470556729000066],[9.19517767800005,45.47027803200007],[9.195195699000067,45.47024558900006],[9.195202313000038,45.47023368300006],[9.195284756000035,45.470085261000065],[9.195422467000071,45.46983734200006],[9.196184499000026,45.46846546100005],[9.196387257000026,45.46810043800008],[9.19644037300003,45.46800481400004],[9.196444431000032,45.46799750900004],[9.196490630000028,45.46791433800007],[9.196514494000041,45.46787137600006],[9.19656942000006,45.46777249400003],[9.196618681000075,45.46768380900005],[9.196645807000039,45.46763497400008],[9.197244174000048,45.46655773900005],[9.197332515000028,45.46639869900008],[9.197338441000056,45.466388031000065],[9.197602209000024,45.46591317100007],[9.197931564000044,45.46573496600007],[9.198572841000043,45.46538798800003],[9.19869981000005,45.46542046600007]]]}},{"type":"Feature","properties":{"service_id":140,"population_total":3658.58,"thiessen_area_km2":0.3775},"geometry":{"type":"Polygon","coordinates":[[[9.203648032000046,45.46386083600004],[9.20380536700003,45.46398646500006],[9.204030982000063,45.46416661400008],[9.204169706000073,45.464277382000034],[9.205312119000041,45.46518957600006],[9.20541096200003,45.465268500000036],[9.20555284300002,45.46538178900005],[9.205851073000076,45.46561991900006],[9.205956442000058,45.46570405400007],[9.206034846000023,45.465766657000074],[9.206035691000068,45.46576733200004],[9.206039377000025,45.46577027600006],[9.20638832800006,45.46604890700007],[9.207038864000026,45.46656834700008],[9.207190020000041,45.46668904200004],[9.209393014000057,45.46844808900005],[9.209413486000074,45.468464435000044],[9.20930855000006,45.46986329300006],[9.209223548000068,45.47010761900003],[9.208176722000076,45.47028751500005],[9.20710613700004,45.47047149500003],[9.206390700000043,45.47059444200005],[9.20580091000005,45.470695797000076],[9.205581412000072,45.47073351800003],[9.205488452000054,45.47074949300003],[9.204747550000036,45.47087681700003],[9.203595699000061,45.47107476200006],[9.203499473000022,45.47109129800003],[9.202996756000061,45.47117769000005],[9.202822980000064,45.471207553000056],[9.202768769000045,45.471216869000045],[9.202699770000038,45.47122872700004],[9.202172249000057,45.47131938100006],[9.202109181000026,45.471163567000076],[9.202066408000064,45.47105789200003],[9.202023932000031,45.470952950000026],[9.202021358000025,45.47094659100003],[9.201984864000053,45.47085642800005],[9.201654447000067,45.47004010000006],[9.201568603000055,45.469828015000076],[9.201383024000052,45.46936952300007],[9.201362594000045,45.469319048000045],[9.201310860000035,45.46919123400005],[9.201216961000057,45.468959246000054],[9.200904582000021,45.468187483000065],[9.200859425000033,45.46807591800007],[9.20084457300004,45.46803922500004],[9.200479433000055,45.46713711000007],[9.200292318000038,45.46667482300006],[9.200125789000026,45.466263397000034],[9.20011327700007,45.466232484000045],[9.199909891000061,45.46572999800003],[9.200348039000062,45.46549462400003],[9.200557367000044,45.46538217300008],[9.201952557000027,45.464632675000075],[9.202223691000029,45.46448702200007],[9.203347485000052,45.46388331800006],[9.203543986000057,45.46377775700006],[9.203648032000046,45.46386083600004]]]}},{"type":"Feature","properties":{"service_id":141,"population_total":6755.84,"thiessen_area_km2":0.4954},"geometry":{"type":"Polygon","coordinates":[[[9.209449878000044,45.47091658200003],[9.209625035000045,45.47154264000005],[9.209654839000052,45.471649169000045],[9.210002064000037,45.47289024400004],[9.210022856000023,45.47296456000004],[9.210084269000049,45.47318406800008],[9.21025773200006,45.473804071000075],[9.210261077000041,45.473816028000044],[9.21046506500005,45.47454513400004],[9.210506862000045,45.47469452900003],[9.210415036000029,45.474805427000035],[9.209701245000076,45.47566747500008],[9.209348386000045,45.47609362400004],[9.209144568000056,45.47633977600003],[9.208132702000057,45.477561810000054],[9.207358939000073,45.47849628600005],[9.207211742000027,45.478674057000035],[9.207106115000045,45.47880162300004],[9.207025250000072,45.47883784000004],[9.206764170000042,45.47895477000003],[9.206108442000073,45.479248451000046],[9.204804359000036,45.478015363000054],[9.204467879000049,45.47769720200006],[9.204104266000058,45.47735338500007],[9.203609689000075,45.476885733000074],[9.203092727000069,45.476396915000066],[9.203020170000059,45.47632830800006],[9.20258831800004,45.47591996600005],[9.202227458000038,45.47557875200005],[9.20157533500003,45.47496213100004],[9.201310557000056,45.47471176800008],[9.201036896000062,45.47445300500004],[9.200854656000047,45.47428068600004],[9.200831515000061,45.47421755100004],[9.20082377700004,45.47419644000007],[9.200710141000059,45.47388641400005],[9.200565402000052,45.473491531000036],[9.200558261000026,45.473472048000076],[9.200455240000053,45.47319098300005],[9.202057205000074,45.47144478300004],[9.202172249000057,45.47131938100006],[9.202699770000038,45.47122872700004],[9.202768769000045,45.471216869000045],[9.202822980000064,45.471207553000056],[9.202996756000061,45.47117769000005],[9.203499473000022,45.47109129800003],[9.203595699000061,45.47107476200006],[9.204747550000036,45.47087681700003],[9.205488452000054,45.47074949300003],[9.205581412000072,45.47073351800003],[9.20580091000005,45.470695797000076],[9.206390700000043,45.47059444200005],[9.20710613700004,45.47047149500003],[9.208176722000076,45.47028751500005],[9.209223548000068,45.47010761900003],[9.209449878000044,45.47091658200003]]]}},{"type":"Feature","properties":{"service_id":142,"population_total":7677.25,"thiessen_area_km2":0.4253},"geometry":{"type":"Polygon","coordinates":[[[9.210577943000033,45.47472629200007],[9.210695260000023,45.47477871600006],[9.211176953000063,45.47499396500007],[9.211752024000077,45.47525094100007],[9.211832149000031,45.47528674600005],[9.212044682000055,45.47538171800005],[9.212326793000045,45.47550778200008],[9.21404743200003,45.476276667000036],[9.214123934000042,45.47631085300003],[9.214332389000049,45.47640400300003],[9.216218595000043,45.47724687200008],[9.216724494000061,45.47747293800006],[9.217221293000023,45.47769493800007],[9.217298666000033,45.47902772900005],[9.216350043000034,45.47974056400005],[9.21589612200006,45.480081659000064],[9.21574302700003,45.48019670100007],[9.215196442000035,45.48060742800004],[9.214000400000032,45.48150618400007],[9.21390744300004,45.481576036000035],[9.21268003800003,45.48249835900003],[9.212215643000036,45.48284732500008],[9.211985037000034,45.483020612000075],[9.211398315000054,45.48346150000003],[9.211396415000024,45.48346292700006],[9.210861243000068,45.482881475000056],[9.210820976000036,45.48283772600007],[9.210623640000051,45.48262332500008],[9.210350021000067,45.482326045000036],[9.209939654000038,45.48188019200006],[9.20947413500005,45.48137441800003],[9.20743899300004,45.47916328700006],[9.207106115000045,45.47880162300004],[9.207211742000027,45.478674057000035],[9.207358939000073,45.47849628600005],[9.208132702000057,45.477561810000054],[9.209144568000056,45.47633977600003],[9.209348386000045,45.47609362400004],[9.209701245000076,45.47566747500008],[9.210415036000029,45.474805427000035],[9.210506862000045,45.47469452900003],[9.210577943000033,45.47472629200007]]]}},{"type":"Feature","properties":{"service_id":143,"population_total":3404.48,"thiessen_area_km2":0.2083},"geometry":{"type":"Polygon","coordinates":[[[9.20743899300004,45.47916328700006],[9.20947413500005,45.48137441800003],[9.209939654000038,45.48188019200006],[9.210350021000067,45.482326045000036],[9.210623640000051,45.48262332500008],[9.210820976000036,45.48283772600007],[9.210861243000068,45.482881475000056],[9.211396415000024,45.48346292700006],[9.21137495000005,45.483657082000036],[9.211358787000052,45.48380327800004],[9.21125035700004,45.48478403100006],[9.210938335000037,45.48494877400003],[9.209364611000069,45.48577967700004],[9.209134018000043,45.485667404000026],[9.209082788000046,45.485642461000054],[9.209037806000026,45.48562056000003],[9.208720240000048,45.48546594000004],[9.208623985000031,45.48541907500004],[9.208297726000069,45.48526022300007],[9.208068527000023,45.48514862800005],[9.207188863000056,45.48472033000007],[9.206749985000044,45.48450664500007],[9.206524370000068,45.483887165000056],[9.206421287000069,45.483604125000056],[9.205757603000052,45.48178181900005],[9.205696691000071,45.48161457000003],[9.20523875400005,45.48035719200004],[9.205769255000064,45.47968087000004],[9.205879912000057,45.47953979700003],[9.206108442000073,45.479248451000046],[9.206764170000042,45.47895477000003],[9.207025250000072,45.47883784000004],[9.207106115000045,45.47880162300004],[9.20743899300004,45.47916328700006]]]}},{"type":"Feature","properties":{"service_id":144,"population_total":1396.65,"thiessen_area_km2":0.2682},"geometry":{"type":"Polygon","coordinates":[[[9.205696691000071,45.48161457000003],[9.205757603000052,45.48178181900005],[9.206421287000069,45.483604125000056],[9.206524370000068,45.483887165000056],[9.206749985000044,45.48450664500007],[9.205248694000034,45.48642883700006],[9.20517968300004,45.48651719500003],[9.20513294400007,45.486577037000075],[9.204900031000022,45.486875250000026],[9.204338680000035,45.48759398200008],[9.20414170500004,45.487846181000066],[9.20347862400007,45.488695164000035],[9.20338815100007,45.488811001000045],[9.203196002000027,45.489057021000065],[9.20200957700007,45.489595628000075],[9.201970623000022,45.48949866900006],[9.201573316000065,45.48850973400005],[9.201554290000047,45.48797150400003],[9.201540973000021,45.48759479800003],[9.201527327000065,45.48720878600005],[9.201518230000033,45.48695143600003],[9.201486025000065,45.48604039300005],[9.201482978000058,45.485954211000035],[9.201474421000057,45.48571214700007],[9.20146137200004,45.48534299800008],[9.201409175000038,45.48386643600003],[9.201393415000041,45.48342060500005],[9.20137212800006,45.48281841200003],[9.201487620000023,45.48273452700005],[9.201639060000048,45.482624532000045],[9.201639201000035,45.482624430000044],[9.201972586000068,45.48238228300005],[9.202437301000032,45.48204474800008],[9.203080387000057,45.48157765700006],[9.203845471000022,45.48102195600006],[9.204330377000076,45.480790597000066],[9.20523875400005,45.48035719200004],[9.205696691000071,45.48161457000003]]]}},{"type":"Feature","properties":{"service_id":145,"population_total":1241.03,"thiessen_area_km2":0.1039},"geometry":{"type":"Polygon","coordinates":[[[9.201075124000056,45.47853442400003],[9.201232953000044,45.47867614100005],[9.202003182000055,45.47936774000004],[9.202798554000026,45.48008191500003],[9.202841994000039,45.48012092000005],[9.203088811000043,45.48034254000004],[9.203316875000041,45.480547322000064],[9.203845471000022,45.48102195600006],[9.203080387000057,45.48157765700006],[9.202437301000032,45.48204474800008],[9.201972586000068,45.48238228300005],[9.201639201000035,45.482624430000044],[9.201639060000048,45.482624532000045],[9.201487620000023,45.48273452700005],[9.20137212800006,45.48281841200003],[9.201319326000032,45.48279740500004],[9.20052746500005,45.48248237100006],[9.199146255000073,45.481932871000026],[9.199292986000046,45.48142553200006],[9.199906284000065,45.47930498800008],[9.200002385000062,45.478972707000025],[9.20006638500007,45.47875142100003],[9.200634509000054,45.47813879000006],[9.201075124000056,45.47853442400003]]]}},{"type":"Feature","properties":{"service_id":146,"population_total":2569.3,"thiessen_area_km2":0.1582},"geometry":{"type":"Polygon","coordinates":[[[9.201036896000062,45.47445300500004],[9.201310557000056,45.47471176800008],[9.20157533500003,45.47496213100004],[9.202227458000038,45.47557875200005],[9.20258831800004,45.47591996600005],[9.203020170000059,45.47632830800006],[9.203092727000069,45.476396915000066],[9.203609689000075,45.476885733000074],[9.204104266000058,45.47735338500007],[9.204467879000049,45.47769720200006],[9.204804359000036,45.478015363000054],[9.206108442000073,45.479248451000046],[9.205879912000057,45.47953979700003],[9.205769255000064,45.47968087000004],[9.20523875400005,45.48035719200004],[9.204330377000076,45.480790597000066],[9.203845471000022,45.48102195600006],[9.203316875000041,45.480547322000064],[9.203088811000043,45.48034254000004],[9.202841994000039,45.48012092000005],[9.202798554000026,45.48008191500003],[9.202003182000055,45.47936774000004],[9.201232953000044,45.47867614100005],[9.201075124000056,45.47853442400003],[9.200634509000054,45.47813879000006],[9.200629956000057,45.478116096000065],[9.200568722000071,45.47781088900007],[9.200449062000075,45.47721447600003],[9.200306528000056,45.47650405500008],[9.200278900000058,45.476366350000035],[9.200277110000059,45.476357429000075],[9.200257985000064,45.47626210400006],[9.200291237000044,45.47615168100003],[9.200298778000047,45.476126640000075],[9.200312035000024,45.47608261600004],[9.20042105400006,45.47572058600008],[9.200492355000051,45.47548381200005],[9.20049765300007,45.475466219000054],[9.200767986000074,45.47456849800005],[9.200854656000047,45.47428068600004],[9.201036896000062,45.47445300500004]]]}},{"type":"Feature","properties":{"service_id":147,"population_total":1112.49,"thiessen_area_km2":0.3131},"geometry":{"type":"Polygon","coordinates":[[[9.195165599000063,45.47299061800004],[9.195760163000045,45.473013139000045],[9.196113354000033,45.47302651800004],[9.196501511000065,45.473041221000074],[9.196652792000066,45.47304695100007],[9.196666049000044,45.47304745300005],[9.197054670000057,45.47306217400006],[9.197609716000045,45.47308319800004],[9.200455240000053,45.47319098300005],[9.200558261000026,45.473472048000076],[9.200565402000052,45.473491531000036],[9.200710141000059,45.47388641400005],[9.20082377700004,45.47419644000007],[9.200831515000061,45.47421755100004],[9.200854656000047,45.47428068600004],[9.200767986000074,45.47456849800005],[9.20049765300007,45.475466219000054],[9.200492355000051,45.47548381200005],[9.20042105400006,45.47572058600008],[9.200312035000024,45.47608261600004],[9.200298778000047,45.476126640000075],[9.200291237000044,45.47615168100003],[9.200257985000064,45.47626210400006],[9.20014212500007,45.47639385100007],[9.19973174200004,45.47686051000005],[9.199680751000074,45.47691849300003],[9.199583526000026,45.477029050000056],[9.198822653000036,45.477894261000074],[9.19876170300006,45.47796356900005],[9.198390729000039,45.47822940200007],[9.197959468000022,45.478538436000065],[9.197366627000065,45.47896325500005],[9.197276884000075,45.479027563000045],[9.197236402000044,45.47905657200005],[9.196660483000073,45.47946926600008],[9.196002130000068,45.47903307800004],[9.19541190800004,45.47864203000006],[9.195407751000062,45.47863927600008],[9.194868495000037,45.47828199600008],[9.193799560000059,45.47757378000006],[9.193552367000052,45.477410004000035],[9.193335804000071,45.47696964000005],[9.193321749000063,45.47694106100005],[9.193213510000021,45.47672096700006],[9.192978542000048,45.47624318000004],[9.192851725000025,45.475985309000066],[9.192841264000037,45.47596403700004],[9.192739740000036,45.47575759700004],[9.192676396000024,45.475628793000055],[9.192838651000045,45.47542258000004],[9.192928377000044,45.475308545000075],[9.193004950000045,45.475211227000045],[9.193323096000029,45.474806889000035],[9.193807889000027,45.47419075600004],[9.193932825000047,45.47403197300008],[9.194215758000041,45.47367238700008],[9.194588684000053,45.47319842700006],[9.194764160000034,45.47297541200004],[9.195165599000063,45.47299061800004]]]}},{"type":"Feature","properties":{"service_id":148,"population_total":288.73,"thiessen_area_km2":0.0204},"geometry":{"type":"Polygon","coordinates":[[[9.200277110000059,45.476357429000075],[9.200278900000058,45.476366350000035],[9.200306528000056,45.47650405500008],[9.200449062000075,45.47721447600003],[9.200568722000071,45.47781088900007],[9.200629956000057,45.478116096000065],[9.200634509000054,45.47813879000006],[9.20006638500007,45.47875142100003],[9.19923943200007,45.47825205300006],[9.19918795500007,45.47822096800007],[9.198808209000049,45.47799165200007],[9.19876170300006,45.47796356900005],[9.198822653000036,45.477894261000074],[9.199583526000026,45.477029050000056],[9.199680751000074,45.47691849300003],[9.19973174200004,45.47686051000005],[9.20014212500007,45.47639385100007],[9.200257985000064,45.47626210400006],[9.200277110000059,45.476357429000075]]]}},{"type":"Feature","properties":{"service_id":149,"population_total":712.81,"thiessen_area_km2":0.0668},"geometry":{"type":"Polygon","coordinates":[[[9.198808209000049,45.47799165200007],[9.19918795500007,45.47822096800007],[9.19923943200007,45.47825205300006],[9.20006638500007,45.47875142100003],[9.200002385000062,45.478972707000025],[9.199906284000065,45.47930498800008],[9.199292986000046,45.48142553200006],[9.199146255000073,45.481932871000026],[9.198964108000041,45.48189297600004],[9.198558234000075,45.481804080000074],[9.198488385000076,45.48175846700008],[9.198140586000022,45.481531344000075],[9.197675502000038,45.48088338900004],[9.197654377000049,45.48085395800007],[9.197421726000073,45.480529829000034],[9.197094898000046,45.48007449200003],[9.19682769700006,45.479702228000065],[9.196660483000073,45.47946926600008],[9.197236402000044,45.47905657200005],[9.197276884000075,45.479027563000045],[9.197366627000065,45.47896325500005],[9.197959468000022,45.478538436000065],[9.198390729000039,45.47822940200007],[9.19876170300006,45.47796356900005],[9.198808209000049,45.47799165200007]]]}},{"type":"Feature","properties":{"service_id":150,"population_total":1402.59,"thiessen_area_km2":0.1652},"geometry":{"type":"Polygon","coordinates":[[[9.192739740000036,45.47575759700004],[9.192841264000037,45.47596403700004],[9.192851725000025,45.475985309000066],[9.192978542000048,45.47624318000004],[9.193213510000021,45.47672096700006],[9.193321749000063,45.47694106100005],[9.193335804000071,45.47696964000005],[9.193552367000052,45.477410004000035],[9.193533683000055,45.477495556000065],[9.193265105000023,45.478725359000066],[9.193231303000061,45.47888013700003],[9.193160335000073,45.47920509700003],[9.19312205700004,45.47938036900007],[9.192929956000057,45.48025999200007],[9.192517986000041,45.482146380000074],[9.192395056000066,45.48270927100003],[9.192311602000075,45.48267473100003],[9.190265702000033,45.48182796200007],[9.189818846000037,45.48164301500003],[9.189766080000027,45.48162117600003],[9.189771952000058,45.48156979200007],[9.18988212000005,45.48060582100004],[9.189890915000035,45.48052886900007],[9.189905915000054,45.48039761900003],[9.190010749000066,45.47948032100004],[9.190050382000038,45.47913353300004],[9.190117336000071,45.47854768500008],[9.190181918000064,45.47798259100006],[9.190201480000042,45.47781142700006],[9.190251083000021,45.477377399000034],[9.19033170800003,45.476671931000055],[9.190599550000059,45.476382983000065],[9.190677914000048,45.476298443000076],[9.19080156800004,45.47616504500007],[9.190964908000069,45.47598883300003],[9.191081755000027,45.47586277700003],[9.191260808000038,45.475669614000026],[9.191802517000042,45.47565399300004],[9.191840120000052,45.475652909000075],[9.192064464000055,45.47564643900006],[9.19220602200005,45.47564235700003],[9.192676396000024,45.475628793000055],[9.192739740000036,45.47575759700004]]]}},{"type":"Feature","properties":{"service_id":151,"population_total":702.73,"thiessen_area_km2":0.083},"geometry":{"type":"Polygon","coordinates":[[[9.190251083000021,45.477377399000034],[9.190201480000042,45.47781142700006],[9.190181918000064,45.47798259100006],[9.190117336000071,45.47854768500008],[9.190050382000038,45.47913353300004],[9.190010749000066,45.47948032100004],[9.189905915000054,45.48039761900003],[9.189890915000035,45.48052886900007],[9.18988212000005,45.48060582100004],[9.189771952000058,45.48156979200007],[9.189766080000027,45.48162117600003],[9.188409698000044,45.48184853200007],[9.188065161000054,45.48190628300006],[9.187649817000022,45.481975903000034],[9.187649125000064,45.48197601900006],[9.187649036000039,45.48197509700003],[9.187621051000065,45.48168558000003],[9.187565469000049,45.48111054200007],[9.187547069000061,45.48092018800003],[9.18746529200007,45.48007415400008],[9.18738916500007,45.479286571000046],[9.18738707500006,45.47926495100006],[9.187385703000075,45.47925076200005],[9.187382032000073,45.47921278200005],[9.187568546000023,45.47905211900007],[9.187753972000053,45.47889239300008],[9.188410489000034,45.47832686900006],[9.188696131000029,45.478080817000034],[9.189178015000039,45.47766572200004],[9.19033170800003,45.476671931000055],[9.190251083000021,45.477377399000034]]]}},{"type":"Feature","properties":{"service_id":152,"population_total":992.96,"thiessen_area_km2":0.1885},"geometry":{"type":"Polygon","coordinates":[[[9.193799560000059,45.47757378000006],[9.194868495000037,45.47828199600008],[9.195407751000062,45.47863927600008],[9.19541190800004,45.47864203000006],[9.196002130000068,45.47903307800004],[9.196660483000073,45.47946926600008],[9.19682769700006,45.479702228000065],[9.197094898000046,45.48007449200003],[9.197421726000073,45.480529829000034],[9.197654377000049,45.48085395800007],[9.197675502000038,45.48088338900004],[9.198140586000022,45.481531344000075],[9.197185739000076,45.48205503400004],[9.19596137600007,45.482726541000034],[9.195841548000033,45.48279226100004],[9.195701437000025,45.48286910500008],[9.195065361000047,45.48321796300007],[9.192717655000024,45.48450557100006],[9.192592741000055,45.48457408100006],[9.19257529500004,45.484409509000045],[9.192395056000066,45.48270927100003],[9.192517986000041,45.482146380000074],[9.192929956000057,45.48025999200007],[9.19312205700004,45.47938036900007],[9.193160335000073,45.47920509700003],[9.193231303000061,45.47888013700003],[9.193265105000023,45.478725359000066],[9.193533683000055,45.477495556000065],[9.193552367000052,45.477410004000035],[9.193799560000059,45.47757378000006]]]}},{"type":"Feature","properties":{"service_id":153,"population_total":1965.81,"thiessen_area_km2":0.2479},"geometry":{"type":"Polygon","coordinates":[[[9.189818846000037,45.48164301500003],[9.190265702000033,45.48182796200007],[9.192311602000075,45.48267473100003],[9.192395056000066,45.48270927100003],[9.19257529500004,45.484409509000045],[9.192592741000055,45.48457408100006],[9.192549889000077,45.484768071000076],[9.192495905000044,45.48501245300008],[9.192454334000047,45.48520064500008],[9.192372078000062,45.48537046400003],[9.192114200000049,45.48549783900006],[9.192000280000059,45.48555410800003],[9.191872813000032,45.48561706800007],[9.19158380500005,45.485759818000076],[9.189223047000041,45.486925875000054],[9.188724311000044,45.48717221700008],[9.186281118000068,45.48837899100005],[9.18616586500002,45.48843591800005],[9.185377548000076,45.48882529400004],[9.185287967000022,45.48886954100004],[9.185323441000037,45.488765974000046],[9.185581107000075,45.488013702000046],[9.185707835000073,45.48764371400006],[9.185801342000047,45.487370716000044],[9.186272213000052,45.485995983000066],[9.18763558300003,45.48201555500003],[9.187649125000064,45.48197601900006],[9.187649817000022,45.481975903000034],[9.188065161000054,45.48190628300006],[9.188409698000044,45.48184853200007],[9.189766080000027,45.48162117600003],[9.189818846000037,45.48164301500003]]]}},{"type":"Feature","properties":{"service_id":154,"population_total":420.18,"thiessen_area_km2":0.0755},"geometry":{"type":"Polygon","coordinates":[[[9.197155989000066,45.48520278900003],[9.19719473500004,45.48530522600004],[9.197447216000057,45.485972727000046],[9.197661820000064,45.48654009300003],[9.197703700000034,45.48665081400003],[9.196632377000071,45.48684551200006],[9.196175721000031,45.48692850300006],[9.195768891000057,45.48700243900004],[9.195369242000027,45.48707506900007],[9.19506018800007,45.48713123500005],[9.195041544000048,45.48713462300003],[9.194390347000024,45.48725297000004],[9.194196688000034,45.487072338000075],[9.193887725000025,45.48678415900008],[9.19369062100003,45.486600313000054],[9.192937118000032,45.485897496000064],[9.19262984200003,45.48561088900004],[9.192372078000062,45.48537046400003],[9.192454334000047,45.48520064500008],[9.192913547000046,45.48515530600008],[9.193425610000077,45.485104748000026],[9.193675996000024,45.48508002700004],[9.194353571000022,45.48501312800005],[9.195839898000031,45.48486637800005],[9.196985943000072,45.48475322500008],[9.197155989000066,45.48520278900003]]]}},{"type":"Feature","properties":{"service_id":155,"population_total":1199.88,"thiessen_area_km2":0.1802},"geometry":{"type":"Polygon","coordinates":[[[9.198964108000041,45.48189297600004],[9.199146255000073,45.481932871000026],[9.20052746500005,45.48248237100006],[9.201319326000032,45.48279740500004],[9.20137212800006,45.48281841200003],[9.201393415000041,45.48342060500005],[9.201409175000038,45.48386643600003],[9.20146137200004,45.48534299800008],[9.201474421000057,45.48571214700007],[9.201482978000058,45.485954211000035],[9.201486025000065,45.48604039300005],[9.201518230000033,45.48695143600003],[9.201527327000065,45.48720878600005],[9.201540973000021,45.48759479800003],[9.201554290000047,45.48797150400003],[9.201573316000065,45.48850973400005],[9.200512174000039,45.48799997400005],[9.200040896000075,45.48777357700004],[9.199895710000021,45.48770383100003],[9.199223847000042,45.48738107600008],[9.199006453000038,45.48727664200004],[9.19857083900007,45.48706737800006],[9.198087112000053,45.48683500100003],[9.197703700000034,45.48665081400003],[9.197661820000064,45.48654009300003],[9.197447216000057,45.485972727000046],[9.19719473500004,45.48530522600004],[9.197155989000066,45.48520278900003],[9.196985943000072,45.48475322500008],[9.198185391000038,45.482503422000036],[9.198463330000038,45.48198209200007],[9.198558234000075,45.481804080000074],[9.198964108000041,45.48189297600004]]]}},{"type":"Feature","properties":{"service_id":156,"population_total":302.35,"thiessen_area_km2":0.0817},"geometry":{"type":"Polygon","coordinates":[[[9.198488385000076,45.48175846700008],[9.198558234000075,45.481804080000074],[9.198463330000038,45.48198209200007],[9.198185391000038,45.482503422000036],[9.196985943000072,45.48475322500008],[9.195839898000031,45.48486637800005],[9.194353571000022,45.48501312800005],[9.193675996000024,45.48508002700004],[9.193425610000077,45.485104748000026],[9.192913547000046,45.48515530600008],[9.192454334000047,45.48520064500008],[9.192495905000044,45.48501245300008],[9.192549889000077,45.484768071000076],[9.192592741000055,45.48457408100006],[9.192717655000024,45.48450557100006],[9.195065361000047,45.48321796300007],[9.195701437000025,45.48286910500008],[9.195841548000033,45.48279226100004],[9.19596137600007,45.482726541000034],[9.197185739000076,45.48205503400004],[9.198140586000022,45.481531344000075],[9.198488385000076,45.48175846700008]]]}},{"type":"Feature","properties":{"service_id":157,"population_total":2472.34,"thiessen_area_km2":0.3933},"geometry":{"type":"Polygon","coordinates":[[[9.198087112000053,45.48683500100003],[9.19857083900007,45.48706737800006],[9.199006453000038,45.48727664200004],[9.199223847000042,45.48738107600008],[9.199895710000021,45.48770383100003],[9.200040896000075,45.48777357700004],[9.200512174000039,45.48799997400005],[9.201573316000065,45.48850973400005],[9.201970623000022,45.48949866900006],[9.20200957700007,45.489595628000075],[9.20164674700004,45.49104378700008],[9.201615997000033,45.491166520000036],[9.20138552000003,45.49208642000008],[9.201371893000044,45.49214081100007],[9.201178822000031,45.49291141200007],[9.201055784000062,45.49340249100004],[9.200998888000072,45.49362958000006],[9.200956537000025,45.49379861600005],[9.20087521000005,45.49412321500006],[9.200804214000073,45.49440658100008],[9.200372966000032,45.49612781400003],[9.199660339000047,45.49576452700006],[9.19852196200003,45.49518419800006],[9.19752801900006,45.49467749900003],[9.196736480000027,45.494273984000074],[9.196629703000042,45.493954443000064],[9.196288634000041,45.492933762000064],[9.195690531000025,45.49114388500004],[9.195619712000052,45.490931954000075],[9.19548375200003,45.490525081000044],[9.195460862000061,45.490456581000046],[9.195065946000057,45.48927475900007],[9.195059302000061,45.48925487500003],[9.194944841000051,45.48891234100006],[9.194917245000056,45.488829759000055],[9.194535707000057,45.48768797300005],[9.194390347000024,45.48725297000004],[9.195041544000048,45.48713462300003],[9.19506018800007,45.48713123500005],[9.195369242000027,45.48707506900007],[9.195768891000057,45.48700243900004],[9.196175721000031,45.48692850300006],[9.196632377000071,45.48684551200006],[9.197703700000034,45.48665081400003],[9.198087112000053,45.48683500100003]]]}},{"type":"Feature","properties":{"service_id":158,"population_total":8688.72,"thiessen_area_km2":0.6087},"geometry":{"type":"Polygon","coordinates":[[[9.19262984200003,45.48561088900004],[9.192937118000032,45.485897496000064],[9.19369062100003,45.486600313000054],[9.193887725000025,45.48678415900008],[9.194196688000034,45.487072338000075],[9.194390347000024,45.48725297000004],[9.194535707000057,45.48768797300005],[9.194917245000056,45.488829759000055],[9.194944841000051,45.48891234100006],[9.195059302000061,45.48925487500003],[9.195065946000057,45.48927475900007],[9.195460862000061,45.490456581000046],[9.19548375200003,45.490525081000044],[9.195619712000052,45.490931954000075],[9.195690531000025,45.49114388500004],[9.196288634000041,45.492933762000064],[9.196629703000042,45.493954443000064],[9.196736480000027,45.494273984000074],[9.195580842000027,45.49409537200006],[9.188891752000075,45.49306152500003],[9.185671323000065,45.49256378500007],[9.18294718900006,45.492142751000074],[9.183320852000065,45.49120152300003],[9.18337202300006,45.49107262700005],[9.183622314000047,45.49044216400006],[9.183669498000029,45.490323311000054],[9.183947123000053,45.49007393800008],[9.184188791000054,45.48985686300006],[9.184647533000032,45.489444803000026],[9.18488286400003,45.48923341900007],[9.185023725000065,45.48910689300004],[9.185287967000022,45.48886954100004],[9.185377548000076,45.48882529400004],[9.18616586500002,45.48843591800005],[9.186281118000068,45.48837899100005],[9.188724311000044,45.48717221700008],[9.189223047000041,45.486925875000054],[9.19158380500005,45.485759818000076],[9.191872813000032,45.48561706800007],[9.192000280000059,45.48555410800003],[9.192114200000049,45.48549783900006],[9.192372078000062,45.48537046400003],[9.19262984200003,45.48561088900004]]]}},{"type":"Feature","properties":{"service_id":159,"population_total":8987.51,"thiessen_area_km2":0.5331},"geometry":{"type":"Polygon","coordinates":[[[9.20845769400006,45.48850090900004],[9.209200811000073,45.48937706000004],[9.20927206600004,45.48946107100005],[9.209320621000074,45.48951831900007],[9.21032639300006,45.49070414500005],[9.211380573000042,45.491947045000074],[9.211074480000036,45.49223990000007],[9.21060082300005,45.492693071000076],[9.210445984000046,45.49284121300008],[9.207809139000062,45.495364015000064],[9.207177889000036,45.49551642000006],[9.205301705000068,45.49596939300005],[9.204218961000038,45.49623080400005],[9.200798492000047,45.497056619000034],[9.200584892000052,45.49659039100004],[9.200551093000058,45.496516616000065],[9.200372966000032,45.49612781400003],[9.200804214000073,45.49440658100008],[9.20087521000005,45.49412321500006],[9.200956537000025,45.49379861600005],[9.200998888000072,45.49362958000006],[9.201055784000062,45.49340249100004],[9.201178822000031,45.49291141200007],[9.201371893000044,45.49214081100007],[9.20138552000003,45.49208642000008],[9.201615997000033,45.491166520000036],[9.20164674700004,45.49104378700008],[9.20200957700007,45.489595628000075],[9.203196002000027,45.489057021000065],[9.203573443000039,45.489014971000074],[9.204477887000053,45.48891420800004],[9.205768491000072,45.48877042300006],[9.206264833000034,45.488715126000045],[9.207029350000028,45.48862995200005],[9.20843437800005,45.48847341900006],[9.20845769400006,45.48850090900004]]]}},{"type":"Feature","properties":{"service_id":160,"population_total":911.06,"thiessen_area_km2":0.1303},"geometry":{"type":"Polygon","coordinates":[[[9.207188863000056,45.48472033000007],[9.208068527000023,45.48514862800005],[9.208297726000069,45.48526022300007],[9.208623985000031,45.48541907500004],[9.208720240000048,45.48546594000004],[9.209037806000026,45.48562056000003],[9.209082788000046,45.485642461000054],[9.209134018000043,45.485667404000026],[9.209364611000069,45.48577967700004],[9.209228952000046,45.48617251400003],[9.208968931000072,45.48692547700006],[9.208832519000055,45.48732049500006],[9.20843437800005,45.48847341900006],[9.207029350000028,45.48862995200005],[9.206264833000034,45.488715126000045],[9.205768491000072,45.48877042300006],[9.204477887000053,45.48891420800004],[9.203573443000039,45.489014971000074],[9.203196002000027,45.489057021000065],[9.20338815100007,45.488811001000045],[9.20347862400007,45.488695164000035],[9.20414170500004,45.487846181000066],[9.204338680000035,45.48759398200008],[9.204900031000022,45.486875250000026],[9.20513294400007,45.486577037000075],[9.20517968300004,45.48651719500003],[9.205248694000034,45.48642883700006],[9.206749985000044,45.48450664500007],[9.207188863000056,45.48472033000007]]]}},{"type":"Feature","properties":{"service_id":161,"population_total":6455.44,"thiessen_area_km2":0.3037},"geometry":{"type":"Polygon","coordinates":[[[9.213655298000049,45.486992935000046],[9.215867537000065,45.48902484400003],[9.21596181600006,45.489111438000066],[9.21704492300006,45.49010625600005],[9.217655698000044,45.490667244000065],[9.214794210000036,45.49125084000008],[9.214368174000072,45.491337729000065],[9.213107912000055,45.49159475700003],[9.211380573000042,45.491947045000074],[9.21032639300006,45.49070414500005],[9.209320621000074,45.48951831900007],[9.20927206600004,45.48946107100005],[9.209200811000073,45.48937706000004],[9.20845769400006,45.48850090900004],[9.20843437800005,45.48847341900006],[9.208832519000055,45.48732049500006],[9.208968931000072,45.48692547700006],[9.209228952000046,45.48617251400003],[9.209364611000069,45.48577967700004],[9.210938335000037,45.48494877400003],[9.21125035700004,45.48478403100006],[9.213655298000049,45.486992935000046]]]}},{"type":"Feature","properties":{"service_id":162,"population_total":8727.05,"thiessen_area_km2":0.5814},"geometry":{"type":"Polygon","coordinates":[[[9.217567109000072,45.47959425000005],[9.21794060600007,45.48038247800008],[9.217974716000072,45.48045446300006],[9.22066665400007,45.48613552300003],[9.22093368800006,45.48669907100003],[9.221035065000024,45.48691301700006],[9.221011175000058,45.48740272200007],[9.221006415000033,45.487500286000056],[9.220946036000043,45.48873796300006],[9.220923027000026,45.489209620000054],[9.220828309000069,45.49115121300008],[9.220210180000038,45.49105692000006],[9.218608181000036,45.49081254200007],[9.218247019000046,45.49075744800007],[9.217655698000044,45.490667244000065],[9.21704492300006,45.49010625600005],[9.21596181600006,45.489111438000066],[9.215867537000065,45.48902484400003],[9.213655298000049,45.486992935000046],[9.21125035700004,45.48478403100006],[9.211358787000052,45.48380327800004],[9.21137495000005,45.483657082000036],[9.211396415000024,45.48346292700006],[9.211398315000054,45.48346150000003],[9.211985037000034,45.483020612000075],[9.212215643000036,45.48284732500008],[9.21268003800003,45.48249835900003],[9.21390744300004,45.481576036000035],[9.214000400000032,45.48150618400007],[9.215196442000035,45.48060742800004],[9.21574302700003,45.48019670100007],[9.21589612200006,45.480081659000064],[9.216350043000034,45.47974056400005],[9.217298666000033,45.47902772900005],[9.217567109000072,45.47959425000005]]]}},{"type":"Feature","properties":{"service_id":164,"population_total":9494.22,"thiessen_area_km2":0.5767},"geometry":{"type":"Polygon","coordinates":[[[9.223148404000028,45.47251846000006],[9.223739242000022,45.47521916100004],[9.223958526000047,45.476221499000076],[9.224381157000039,45.478153330000055],[9.224495740000066,45.47867708600006],[9.224605800000063,45.47918016500006],[9.224962879000032,45.48081236300004],[9.225255102000062,45.48264683900004],[9.223267214000032,45.48465646200003],[9.222930129000076,45.48499723200007],[9.222522107000032,45.48540971600005],[9.221035065000024,45.48691301700006],[9.22093368800006,45.48669907100003],[9.22066665400007,45.48613552300003],[9.217974716000072,45.48045446300006],[9.21794060600007,45.48038247800008],[9.217567109000072,45.47959425000005],[9.217298666000033,45.47902772900005],[9.217221293000023,45.47769493800007],[9.217731490000062,45.47722974100003],[9.217851290000056,45.47712050700005],[9.21929715400006,45.475802169000076],[9.220888553000066,45.47435113200004],[9.223106845000075,45.47232849400007],[9.223148404000028,45.47251846000006]]]}},{"type":"Feature","properties":{"service_id":165,"population_total":3716.5,"thiessen_area_km2":0.373},"geometry":{"type":"Polygon","coordinates":[[[9.226419390000046,45.47019460000007],[9.226779542000031,45.47020174100004],[9.227139265000062,45.47021601700004],[9.227498274000027,45.47023741600003],[9.227678640000022,45.470251777000044],[9.22785628400004,45.47026592200007],[9.228092822000065,45.47028952000005],[9.228213011000037,45.47030151100006],[9.228248489000066,45.47030577100003],[9.228568172000053,45.470344157000056],[9.228579746000037,45.470345784000074],[9.228593644000057,45.47048283100003],[9.228725585000063,45.47178392200004],[9.229130901000076,45.47578079200008],[9.229160129000036,45.47606901700004],[9.228862716000037,45.47640512500004],[9.225672899000074,45.48000996400003],[9.224962879000032,45.48081236300004],[9.224605800000063,45.47918016500006],[9.224495740000066,45.47867708600006],[9.224381157000039,45.478153330000055],[9.223958526000047,45.476221499000076],[9.223739242000022,45.47521916100004],[9.223148404000028,45.47251846000006],[9.223106845000075,45.47232849400007],[9.224121870000033,45.47090276200004],[9.224437782000052,45.47045902200006],[9.224571666000031,45.470270964000065],[9.224622202000035,45.47026592200007],[9.224980212000048,45.47023741600003],[9.22533922100007,45.47021601700004],[9.225698944000044,45.47020174100004],[9.226059096000029,45.47019460000007],[9.226419390000046,45.47019460000007]]]}},{"type":"Feature","properties":{"service_id":166,"population_total":957.77,"thiessen_area_km2":0.1467},"geometry":{"type":"Polygon","coordinates":[[[9.229187352000054,45.476279274000035],[9.229832145000046,45.481259426000065],[9.226767996000035,45.48218824400004],[9.225255102000062,45.48264683900004],[9.224962879000032,45.48081236300004],[9.225672899000074,45.48000996400003],[9.228862716000037,45.47640512500004],[9.229160129000036,45.47606901700004],[9.229187352000054,45.476279274000035]]]}},{"type":"Feature","properties":{"service_id":167,"population_total":9421.85,"thiessen_area_km2":0.9978},"geometry":{"type":"Polygon","coordinates":[[[9.23282850000004,45.46954466100004],[9.233188648000066,45.46955180200007],[9.233548367000026,45.46956607800007],[9.233907372000033,45.46958747700006],[9.234265377000042,45.46961598300004],[9.234622100000024,45.46965157200003],[9.234977257000025,45.46969421800003],[9.235330566000073,45.46974388500007],[9.235681747000058,45.46980053500005],[9.236030520000043,45.469864123000036],[9.236376611000026,45.469934598000066],[9.236719743000037,45.470011904000046],[9.237059644000055,45.47009598000005],[9.237396046000072,45.47018675900006],[9.237728680000032,45.47028416900008],[9.238057283000046,45.47038813300003],[9.238381594000032,45.47049856800004],[9.238701357000025,45.470615387000066],[9.239016316000061,45.47073849700007],[9.239326222000045,45.470867800000065],[9.23963082900002,45.47100319500004],[9.239929896000035,45.47114457200007],[9.239932359000022,45.47114580900006],[9.239878589000057,45.47174215700005],[9.239820913000074,45.47238182700005],[9.23951713300005,45.47575098600004],[9.239224319000073,45.47899851900007],[9.23919707400006,45.479010765000055],[9.23902756800004,45.479086953000035],[9.238337003000026,45.47939734400006],[9.235884170000077,45.48049983000004],[9.234028067000054,45.481334100000026],[9.233287392000022,45.48166701500003],[9.231479408000041,45.482479657000056],[9.229832145000046,45.481259426000065],[9.229187352000054,45.476279274000035],[9.229160129000036,45.47606901700004],[9.229130901000076,45.47578079200008],[9.228725585000063,45.47178392200004],[9.228593644000057,45.47048283100003],[9.228579746000037,45.470345784000074],[9.228546648000076,45.47001940300004],[9.228576967000038,45.470011904000046],[9.22892009900005,45.469934598000066],[9.229266190000033,45.469864123000036],[9.229614963000074,45.46980053500005],[9.229966144000059,45.46974388500007],[9.23031945300005,45.46969421800003],[9.230674610000051,45.46965157200003],[9.231031333000033,45.46961598300004],[9.231389338000042,45.46958747700006],[9.23174834300005,45.46956607800007],[9.232108062000066,45.46955180200007],[9.232468210000036,45.46954466100004],[9.23282850000004,45.46954466100004]]]}},{"type":"Feature","properties":{"service_id":168,"population_total":7837.86,"thiessen_area_km2":0.5525},"geometry":{"type":"Polygon","coordinates":[[[9.240560866000067,45.482143035000036],[9.24172459700003,45.48488096500006],[9.242157599000052,45.48589969500006],[9.240652132000037,45.48629269600008],[9.238445984000066,45.486868609000055],[9.238147883000067,45.48694642800007],[9.231927178000035,45.488570337000056],[9.231850016000067,45.48752075700003],[9.231847997000045,45.48749329700007],[9.231832518000033,45.48728274800004],[9.231774981000058,45.48650011500007],[9.231489415000055,45.48261576900006],[9.231479408000041,45.482479657000056],[9.233287392000022,45.48166701500003],[9.234028067000054,45.481334100000026],[9.235884170000077,45.48049983000004],[9.238337003000026,45.47939734400006],[9.23902756800004,45.479086953000035],[9.23919707400006,45.479010765000055],[9.239224319000073,45.47899851900007],[9.240560866000067,45.482143035000036]]]}},{"type":"Feature","properties":{"service_id":169,"population_total":16390.76,"thiessen_area_km2":0.8766},"geometry":{"type":"Polygon","coordinates":[[[9.231479408000041,45.482479657000056],[9.231489415000055,45.48261576900006],[9.231774981000058,45.48650011500007],[9.231832518000033,45.48728274800004],[9.231847997000045,45.48749329700007],[9.231850016000067,45.48752075700003],[9.231927178000035,45.488570337000056],[9.22942739900003,45.49224802400005],[9.229150769000057,45.49265500300004],[9.228793894000034,45.49318004000003],[9.224645458000055,45.49323426700005],[9.22460839200005,45.493234752000035],[9.223856039000054,45.49324458600006],[9.223809101000029,45.49323349600007],[9.223744946000068,45.49321691000006],[9.223470791000068,45.49314603400006],[9.223136121000039,45.49305190300004],[9.222805354000059,45.492951177000066],[9.222478755000054,45.49284393600004],[9.222156583000071,45.49273026600008],[9.221889861000022,45.49262944700007],[9.221772231000045,45.49246564400005],[9.221179463000055,45.49164020200004],[9.220828309000069,45.49115121300008],[9.220923027000026,45.489209620000054],[9.220946036000043,45.48873796300006],[9.221006415000033,45.487500286000056],[9.221011175000058,45.48740272200007],[9.221035065000024,45.48691301700006],[9.222522107000032,45.48540971600005],[9.222930129000076,45.48499723200007],[9.223267214000032,45.48465646200003],[9.225255102000062,45.48264683900004],[9.226767996000035,45.48218824400004],[9.229832145000046,45.481259426000065],[9.231479408000041,45.482479657000056]]]}},{"type":"Feature","properties":{"service_id":170,"population_total":13446.83,"thiessen_area_km2":1.6011},"geometry":{"type":"Polygon","coordinates":[[[9.244072496000058,45.48743752300004],[9.24548933400007,45.48871971900007],[9.24574595300004,45.48895195100005],[9.245929468000043,45.489118027000075],[9.249500926000053,45.492350087000034],[9.249471678000077,45.49246579600003],[9.249398616000065,45.49271403700004],[9.24931563900003,45.49296073200003],[9.249222812000028,45.49320568500008],[9.249120210000058,45.493448701000034],[9.24900791300007,45.49368958800005],[9.248886011000025,45.49392815400006],[9.248754599000051,45.494164210000065],[9.248613784000042,45.49439756800007],[9.248463675000039,45.49462804400008],[9.248304393000069,45.49485545300007],[9.24813606300006,45.495079617000044],[9.247958819000075,45.49530035500004],[9.247772802000043,45.49551749500006],[9.247578159000057,45.49573086200007],[9.24737504500007,45.49594028700005],[9.247163621000027,45.49614560500004],[9.246944055000029,45.49634665200006],[9.246716521000053,45.49654326800004],[9.246481199000073,45.49673529800003],[9.246238276000042,45.496922589000064],[9.24598794600007,45.49710499200006],[9.245730407000053,45.49728236300007],[9.24546586300005,45.49745456000005],[9.245194524000055,45.49762144600004],[9.24491660700005,45.49778289000005],[9.244632330000059,45.497938764000025],[9.244341921000057,45.49808894200004],[9.244045609000068,45.49823330600003],[9.24374363100003,45.498371742000074],[9.243436225000039,45.49850413900003],[9.243123636000064,45.49863039300004],[9.24280611200004,45.49875040200004],[9.242483905000029,45.49886407200006],[9.242157271000053,45.49897131300003],[9.241826469000046,45.499072039000055],[9.241491763000056,45.49916617000008],[9.241153417000021,45.499253632000034],[9.240811701000041,45.49933435500003],[9.240655675000028,45.49936780300004],[9.240466886000036,45.499408275000064],[9.240119246000063,45.49947533300008],[9.239769056000057,45.49953547600006],[9.23941659600007,45.49958865600007],[9.239062144000059,45.49963483100004],[9.238705982000056,45.499673965000056],[9.23834839400007,45.49970602600007],[9.237989663000064,45.49973098900006],[9.237630075000027,45.49974883300007],[9.237269913000034,45.499759546000064],[9.237074343000074,45.49976148400003],[9.229435245000047,45.49368979700006],[9.228793894000034,45.49318004000003],[9.229150769000057,45.49265500300004],[9.22942739900003,45.49224802400005],[9.231927178000035,45.488570337000056],[9.238147883000067,45.48694642800007],[9.238445984000066,45.486868609000055],[9.240652132000037,45.48629269600008],[9.242157599000052,45.48589969500006],[9.244072496000058,45.48743752300004]]]}},{"type":"Feature","properties":{"service_id":171,"population_total":8086.44,"thiessen_area_km2":0.8928},"geometry":{"type":"Polygon","coordinates":[[[9.222157095000057,45.501403442000026],[9.222397709000063,45.50160693500004],[9.227530804000025,45.50594811700006],[9.231114625000032,45.50897904100003],[9.226438719000043,45.51053537100006],[9.22585538800007,45.51072952700008],[9.21975960900005,45.51275844700007],[9.21744506300007,45.50810722500006],[9.216924730000073,45.50706158300005],[9.215796942000054,45.50479522300003],[9.215898321000054,45.50461379800004],[9.216062718000046,45.50431959600007],[9.216408195000042,45.50370133800004],[9.217102723000039,45.50245842600003],[9.22006024600006,45.49963008600008],[9.222157095000057,45.501403442000026]]]}},{"type":"Feature","properties":{"service_id":172,"population_total":21504.61,"thiessen_area_km2":1.6974},"geometry":{"type":"Polygon","coordinates":[[[9.229435245000047,45.49368979700006],[9.237074343000074,45.49976148400003],[9.240298714000062,45.50232427000003],[9.238237759000071,45.50577965900004],[9.236659462000034,45.508425825000074],[9.236559976000024,45.50848700200004],[9.236282005000021,45.50864844600005],[9.236040111000023,45.50878105500004],[9.235997674000032,45.508804319000035],[9.235707209000054,45.50895449700005],[9.235593893000043,45.50900969400004],[9.235410840000043,45.50909886100004],[9.235108804000049,45.50923729600004],[9.234801339000057,45.50936969300005],[9.234630228000071,45.509438791000036],[9.234488689000045,45.50949594700006],[9.234324122000032,45.50955813300004],[9.231114625000032,45.50897904100003],[9.227530804000025,45.50594811700006],[9.222397709000063,45.50160693500004],[9.222157095000057,45.501403442000026],[9.22006024600006,45.49963008600008],[9.220412833000069,45.49864804900005],[9.221328769000024,45.49609695000004],[9.222182533000023,45.493719017000046],[9.22221784900006,45.49370521800006],[9.222537742000043,45.49358840000008],[9.222862186000043,45.49347796500007],[9.223190923000061,45.49337400100006],[9.22352369400005,45.49327659100004],[9.223631462000071,45.49324752100006],[9.223856039000054,45.49324458600006],[9.22460839200005,45.493234752000035],[9.224645458000055,45.49323426700005],[9.228793894000034,45.49318004000003],[9.229435245000047,45.49368979700006]]]}},{"type":"Feature","properties":{"service_id":173,"population_total":11671.65,"thiessen_area_km2":0.8924},"geometry":{"type":"Polygon","coordinates":[[[9.218247019000046,45.49075744800007],[9.218608181000036,45.49081254200007],[9.220210180000038,45.49105692000006],[9.220828309000069,45.49115121300008],[9.221179463000055,45.49164020200004],[9.221772231000045,45.49246564400005],[9.221889861000022,45.49262944700007],[9.222345783000037,45.49326432700008],[9.222182533000023,45.493719017000046],[9.221328769000024,45.49609695000004],[9.220412833000069,45.49864804900005],[9.22006024600006,45.49963008600008],[9.217102723000039,45.50245842600003],[9.21549232500007,45.501229102000025],[9.214823893000073,45.50071884300007],[9.212515394000036,45.49895661200003],[9.209702609000033,45.49680942600003],[9.207973983000045,45.49548985100006],[9.207809139000062,45.495364015000064],[9.210445984000046,45.49284121300008],[9.21060082300005,45.492693071000076],[9.211074480000036,45.49223990000007],[9.211380573000042,45.491947045000074],[9.213107912000055,45.49159475700003],[9.214368174000072,45.491337729000065],[9.214794210000036,45.49125084000008],[9.217655698000044,45.490667244000065],[9.218247019000046,45.49075744800007]]]}},{"type":"Feature","properties":{"service_id":174,"population_total":9142.65,"thiessen_area_km2":1.2524},"geometry":{"type":"Polygon","coordinates":[[[9.207973983000045,45.49548985100006],[9.209702609000033,45.49680942600003],[9.212515394000036,45.49895661200003],[9.214823893000073,45.50071884300007],[9.21549232500007,45.501229102000025],[9.217102723000039,45.50245842600003],[9.216408195000042,45.50370133800004],[9.216062718000046,45.50431959600007],[9.215898321000054,45.50461379800004],[9.215796942000054,45.50479522300003],[9.21070222800006,45.50627130500004],[9.20472116600007,45.50800418700004],[9.204680132000021,45.50799264800003],[9.204349278000052,45.507891922000056],[9.204022593000047,45.50778468200008],[9.203700335000065,45.50767101200006],[9.203382761000057,45.50755100200007],[9.203070122000042,45.50742474900005],[9.202776129000029,45.507298148000075],[9.202762668000048,45.507292352000036],[9.202586200000042,45.50721146700005],[9.202460641000073,45.50715391700004],[9.202164283000059,45.507009552000056],[9.201873828000032,45.506859374000044],[9.201589507000051,45.50670350100006],[9.201311545000067,45.506542058000036],[9.201040164000062,45.50637517100006],[9.201033946000052,45.506371124000054],[9.200567593000073,45.50590302200004],[9.200034811000023,45.504849773000046],[9.20004762900004,45.504718971000045],[9.200136045000022,45.503816708000045],[9.200578363000034,45.49930297900005],[9.200672578000024,45.498341537000044],[9.200798492000047,45.497056619000034],[9.204218961000038,45.49623080400005],[9.205301705000068,45.49596939300005],[9.207177889000036,45.49551642000006],[9.207809139000062,45.495364015000064],[9.207973983000045,45.49548985100006]]]}},{"type":"Feature","properties":{"service_id":175,"population_total":7191.08,"thiessen_area_km2":1.2638},"geometry":{"type":"Polygon","coordinates":[[[9.216924730000073,45.50706158300005],[9.21744506300007,45.50810722500006],[9.21975960900005,45.51275844700007],[9.219755526000029,45.51277949200005],[9.219531214000028,45.51393560100007],[9.219217386000025,45.515553080000075],[9.219152928000028,45.51588529900005],[9.219120203000045,45.51605396600007],[9.218756688000042,45.516095550000045],[9.21649147000005,45.51635467700004],[9.213358817000028,45.51671303400008],[9.211093861000052,45.516972131000045],[9.207068684000035,45.51566739900005],[9.204720519000034,45.51490625900004],[9.204659134000053,45.51488636100004],[9.203931663000049,45.51465055700004],[9.203863042000023,45.51412626800004],[9.203122386000075,45.50846739800005],[9.203211225000075,45.50844165900003],[9.20472116600007,45.50800418700004],[9.21070222800006,45.50627130500004],[9.215796942000054,45.50479522300003],[9.216924730000073,45.50706158300005]]]}},{"type":"Feature","properties":{"service_id":176,"population_total":236.86,"thiessen_area_km2":0.5522},"geometry":{"type":"Polygon","coordinates":[[[9.220110279000039,45.523483369000076],[9.21548589200006,45.524202202000026],[9.213688262000062,45.52448163300005],[9.212374989000068,45.52198113800006],[9.212224566000032,45.52139300700003],[9.211638054000048,45.519099838000045],[9.211093861000052,45.516972131000045],[9.213358817000028,45.51671303400008],[9.21649147000005,45.51635467700004],[9.218756688000042,45.516095550000045],[9.219120203000045,45.51605396600007],[9.219333852000034,45.51646562500008],[9.220865625000044,45.51941703600005],[9.220864173000052,45.51960894900003],[9.220863649000023,45.51967826600003],[9.220837475000053,45.52313809700007],[9.220835716000067,45.523370604000036],[9.220606265000072,45.523406271000056],[9.220128181000064,45.52339417700006],[9.220110279000039,45.523483369000076]]]}},{"type":"Feature","properties":{"service_id":177,"population_total":2993.91,"thiessen_area_km2":0.6292},"geometry":{"type":"Polygon","coordinates":[[[9.204659134000053,45.51488636100004],[9.204720519000034,45.51490625900004],[9.207068684000035,45.51566739900005],[9.211093861000052,45.516972131000045],[9.211638054000048,45.519099838000045],[9.212224566000032,45.52139300700003],[9.212374989000068,45.52198113800006],[9.20518019900004,45.52355018800006],[9.204069574000073,45.523792395000044],[9.203753903000063,45.52386123700006],[9.202334042000075,45.52417088200008],[9.20156881400004,45.52433776400005],[9.20119710800003,45.52249642100003],[9.20096608700004,45.52135199700007],[9.201130531000047,45.52098039700007],[9.201508425000043,45.520126454000035],[9.201900817000023,45.519239749000064],[9.202686501000073,45.51746430500003],[9.203130961000056,45.51645993900007],[9.203650762000052,45.51528532200007],[9.203931663000049,45.51465055700004],[9.204659134000053,45.51488636100004]]]}},{"type":"Feature","properties":{"service_id":178,"population_total":3618.73,"thiessen_area_km2":0.4896},"geometry":{"type":"Polygon","coordinates":[[[9.205702314000064,45.52933501100006],[9.20506514300007,45.52925920400003],[9.20503663200003,45.52925581200003],[9.204352967000034,45.52916844400005],[9.203018365000048,45.52899789000003],[9.202921098000047,45.52920986200007],[9.20268309100004,45.529161275000035],[9.202495031000069,45.52912288500005],[9.20245660200004,45.52911504000008],[9.202452728000026,45.52910022900005],[9.202013204000025,45.52741966100007],[9.20156881400004,45.52433776400005],[9.202334042000075,45.52417088200008],[9.203753903000063,45.52386123700006],[9.204069574000073,45.523792395000044],[9.20518019900004,45.52355018800006],[9.212374989000068,45.52198113800006],[9.213688262000062,45.52448163300005],[9.210048498000049,45.52819956500008],[9.209668345000068,45.52817566300007],[9.20973047800004,45.528283196000075],[9.209652704000064,45.528350799000066],[9.20952150100004,45.52833964300004],[9.208061561000022,45.52821887500005],[9.207460284000035,45.52817575700004],[9.20738231300004,45.528019183000026],[9.20627696500003,45.52793759900004],[9.206123477000062,45.52792627000008],[9.205702314000064,45.52933501100006]]]}},{"type":"Feature","properties":{"service_id":179,"population_total":1031.21,"thiessen_area_km2":0.3085},"geometry":{"type":"MultiPolygon","coordinates":[[[[9.220858991000057,45.523412664000034],[9.220606265000072,45.523406271000056],[9.220835716000067,45.523370604000036],[9.220858991000057,45.523412664000034]]],[[[9.213243763000037,45.529740047000075],[9.213244265000071,45.52987285800003],[9.213245838000034,45.53028903300003],[9.21187324500005,45.53016110800007],[9.211805092000077,45.52999010600007],[9.211852668000063,45.52974054900005],[9.211943396000038,45.52926463600005],[9.211379686000043,45.52828633300004],[9.210092860000032,45.52820235400003],[9.210048498000049,45.52819956500008],[9.213688262000062,45.52448163300005],[9.21548589200006,45.524202202000026],[9.220110279000039,45.523483369000076],[9.22009250700006,45.52357191300007],[9.219798326000046,45.52503752600006],[9.219559167000057,45.52501086900003],[9.219404346000033,45.525488997000025],[9.219797510000035,45.52617193100008],[9.219809263000059,45.52671242000008],[9.21761286700007,45.52676108600008],[9.216252706000034,45.52679122300003],[9.216732525000054,45.52838727200003],[9.216843691000065,45.529296111000065],[9.21647179300004,45.52929167500008],[9.216426040000044,45.52929246800005],[9.216252690000033,45.52930232700004],[9.216458960000068,45.52965690100007],[9.215355567000074,45.52963211900004],[9.213809944000047,45.52960771100004],[9.213243763000037,45.529740047000075]]]]}},{"type":"Feature","properties":{"service_id":180,"population_total":2964.9,"thiessen_area_km2":0.6212},"geometry":{"type":"MultiPolygon","coordinates":[[[[9.237899997000056,45.518755413000065],[9.237610422000046,45.518705477000026],[9.237731067000027,45.51837110100007],[9.237899997000056,45.518755413000065]]],[[[9.223187694000046,45.523537257000044],[9.22295508700006,45.523628692000045],[9.222824572000036,45.523679996000055],[9.222754670000029,45.523708327000065],[9.222716415000036,45.52372383200003],[9.221466126000053,45.523428023000065],[9.220858991000057,45.523412664000034],[9.220835716000067,45.523370604000036],[9.220837475000053,45.52313809700007],[9.220863649000023,45.51967826600003],[9.220864173000052,45.51960894900003],[9.220865625000044,45.51941703600005],[9.221708732000025,45.51920198000005],[9.222020776000022,45.51912238500006],[9.222322355000074,45.51904545900004],[9.226377082000056,45.51801119400005],[9.234722189000024,45.515882555000076],[9.23644412300007,45.51544333000004],[9.237466272000063,45.517768697000065],[9.235922082000059,45.517441586000075],[9.235902289000023,45.51748850900003],[9.23582015200003,45.517683229000056],[9.234628545000021,45.51745609000005],[9.23399167100007,45.519060307000075],[9.233479491000026,45.51906135400003],[9.23334092500005,45.51984444000004],[9.233424127000035,45.51985360400005],[9.23303433600006,45.521285317000036],[9.231288000000063,45.52118041800003],[9.231189327000038,45.52173449000003],[9.230941872000074,45.52313495800007],[9.230938797000022,45.52315236000004],[9.230893951000041,45.523149544000034],[9.230862957000056,45.52314759700005],[9.229294981000066,45.52304828300004],[9.229251900000065,45.523223736000034],[9.22781623000003,45.523056706000034],[9.22770281000004,45.523042737000026],[9.226728149000053,45.52293189000005],[9.226092657000038,45.52285961600006],[9.226035724000042,45.52285314100004],[9.225936165000064,45.52328932000006],[9.225866580000059,45.52356766200006],[9.225559045000068,45.523514910000074],[9.225535942000022,45.52366743700003],[9.225159354000027,45.52362750800006],[9.225164391000021,45.52358261000006],[9.223973000000058,45.52342736500003],[9.223929782000027,45.52359405000004],[9.223603086000026,45.52354923400003],[9.223520805000021,45.52358231900007],[9.22334435700003,45.523649729000056],[9.223222111000041,45.52352372800004],[9.223187694000046,45.523537257000044]]]]}},{"type":"Feature","properties":{"service_id":181,"population_total":6668.47,"thiessen_area_km2":1.0225},"geometry":{"type":"Polygon","coordinates":[[[9.234324122000032,45.50955813300004],[9.234547938000048,45.50959851600004],[9.235723976000031,45.50981071000007],[9.235822815000063,45.50982854400007],[9.236343645000034,45.51453530500004],[9.23644412300007,45.51544333000004],[9.234722189000024,45.515882555000076],[9.226377082000056,45.51801119400005],[9.222322355000074,45.51904545900004],[9.222020776000022,45.51912238500006],[9.221708732000025,45.51920198000005],[9.220865625000044,45.51941703600005],[9.219333852000034,45.51646562500008],[9.219120203000045,45.51605396600007],[9.219152928000028,45.51588529900005],[9.219217386000025,45.515553080000075],[9.219531214000028,45.51393560100007],[9.219755526000029,45.51277949200005],[9.21975960900005,45.51275844700007],[9.22585538800007,45.51072952700008],[9.226438719000043,45.51053537100006],[9.231114625000032,45.50897904100003],[9.234324122000032,45.50955813300004]]]}},{"type":"Feature","properties":{"service_id":182,"population_total":17334.65,"thiessen_area_km2":2.6108},"geometry":{"type":"Polygon","coordinates":[[[9.254348890000074,45.51974893400006],[9.254058369000063,45.519899112000076],[9.253761943000029,45.52004347500008],[9.253459848000034,45.520181911000066],[9.253371155000025,45.52022009500007],[9.25303301200006,45.52016683000005],[9.252792919000058,45.520103996000046],[9.252520220000065,45.52003326700003],[9.251520017000075,45.51996345900005],[9.250803064000024,45.51985203700008],[9.249781726000037,45.51967922700004],[9.249607214000036,45.520003227000075],[9.248815826000055,45.51982112600007],[9.247585499000024,45.51943738700004],[9.24651291500004,45.51901689400006],[9.246090869000057,45.51886411600003],[9.245586278000076,45.518688385000075],[9.245140617000061,45.51849465000004],[9.245097269000041,45.518476047000036],[9.244878365000034,45.51838005700006],[9.244627269000034,45.51902447900005],[9.244080500000052,45.518922287000066],[9.243714978000071,45.51902133600004],[9.243017832000021,45.519028122000066],[9.242883401000029,45.51904456400007],[9.240983659000051,45.51928893000007],[9.239960912000072,45.51911191600004],[9.238207785000043,45.518808490000026],[9.237899997000056,45.518755413000065],[9.237731067000027,45.51837110100007],[9.237828748000027,45.51810037300004],[9.237914185000022,45.51786358000004],[9.237466272000063,45.517768697000065],[9.23644412300007,45.51544333000004],[9.236343645000034,45.51453530500004],[9.235822815000063,45.50982854400007],[9.23606615400007,45.50942056300005],[9.236659462000034,45.508425825000074],[9.238237759000071,45.50577965900004],[9.238474990000043,45.505637928000056],[9.238756199000022,45.505479293000064],[9.239043650000042,45.50532629200006],[9.239337116000058,45.505179044000045],[9.239636362000056,45.50503766700007],[9.239941153000075,45.504902274000074],[9.24025124600007,45.50477297200007],[9.240265650000026,45.50476734500006],[9.24056639500003,45.504649862000065],[9.24088635000004,45.50453304400003],[9.241210857000056,45.50442260900007],[9.241539658000022,45.50431864600006],[9.241872492000027,45.50422123700008],[9.242209096000067,45.50413045800008],[9.242549203000067,45.50404638300006],[9.24289254100006,45.50396907700008],[9.24323884000006,45.50389860300004],[9.24358782400003,45.50383501600004],[9.243939216000058,45.50377836600006],[9.24429273800007,45.50372869900008],[9.244648109000025,45.50368605300008],[9.245005047000063,45.50365046400003],[9.245363268000062,45.50362195800005],[9.245722489000059,45.50360055900006],[9.246082425000054,45.50358628400005],[9.24644278900007,45.50357914300008],[9.246803297000042,45.50357914300008],[9.247163661000059,45.50358628400005],[9.247523597000054,45.50360055900006],[9.24788281800005,45.50362195800005],[9.24824103900005,45.50365046400003],[9.248597977000031,45.50368605300008],[9.248953348000043,45.50372869900008],[9.249306870000055,45.50377836600006],[9.249658262000025,45.50383501600004],[9.250007246000052,45.50389860300004],[9.250353545000053,45.50396907700008],[9.250696883000046,45.50404638300006],[9.251036990000046,45.50413045800008],[9.251373594000029,45.50422123700008],[9.251706428000034,45.50431864600006],[9.252035229000057,45.50442260900007],[9.252359736000074,45.50453304400003],[9.252679691000026,45.504649862000065],[9.252994840000042,45.50477297200007],[9.253304933000038,45.504902274000074],[9.253609724000057,45.50503766700007],[9.253908970000055,45.505179044000045],[9.254202436000071,45.50532629200006],[9.254489887000034,45.505479293000064],[9.254763099000058,45.50563341700007],[9.25476704700003,45.50616844000007],[9.254795873000035,45.50664290600008],[9.25485149800005,45.50712671900004],[9.255000254000038,45.50751162800003],[9.25521524100003,45.50776488500003],[9.256315004000044,45.50820482300003],[9.256480967000073,45.50844342600004],[9.256778500000053,45.50837939100006],[9.257303898000032,45.507851566000056],[9.257554162000076,45.50789844600007],[9.25758290400006,45.50793092500004],[9.257764679000047,45.50814985000005],[9.257937612000035,45.50837228900008],[9.25810156500006,45.50859806400007],[9.258256408000022,45.508826998000075],[9.258402018000027,45.50905890700005],[9.258538280000039,45.50929360900005],[9.258665085000075,45.509530916000074],[9.258782332000067,45.509770641000046],[9.25888992800003,45.510012593000056],[9.25898778800007,45.51025658000003],[9.259075833000054,45.510502408000036],[9.259153995000077,45.510749883000074],[9.259222210000075,45.51099880800007],[9.259280424000053,45.511248985000066],[9.259328592000031,45.51150021600006],[9.259366674000034,45.51175230100006],[9.259394641000029,45.512005040000076],[9.25941246900004,45.51225823300007],[9.259420145000036,45.512511679000056],[9.259417663000022,45.51276517600007],[9.259405024000046,45.51301852300003],[9.259382238000057,45.513271520000046],[9.259349323000038,45.51352396400006],[9.259306306000042,45.51377565700005],[9.259253219000072,45.514026397000066],[9.259190106000062,45.514275987000076],[9.259117016000062,45.51452422700004],[9.259034007000025,45.514770921000036],[9.259010153000077,45.514833843000076],[9.257657229000074,45.51458325400006],[9.257462220000036,45.514817582000035],[9.255287517000056,45.51492749800008],[9.255180594000024,45.51509317400007],[9.25509216000006,45.51529958300006],[9.255161906000069,45.51554803400006],[9.255225862000032,45.51610207900006],[9.25487018900003,45.51739383200004],[9.254890359000058,45.51756521000004],[9.254922263000026,45.51774056700003],[9.254966393000075,45.51795892100006],[9.255016061000049,45.518240089000074],[9.255035386000031,45.51843698700003],[9.255092391000062,45.51875522300003],[9.255155720000062,45.51891317400003],[9.255224503000022,45.51923756100007],[9.25518274500007,45.51926473200007],[9.254911302000039,45.519431618000056],[9.254633277000039,45.51959306100008],[9.254348890000074,45.51974893400006]]]}}]}