{"type":"FeatureCollection","features":[{"type":"Feature","properties":{"service_id":1,"population_total":922.83,"thiessen_area_km2":0.2076},"geometry":{"type":"Polygon","coordinates":[[[4.78450242200006,52.345816168000056],[4.7848413590000405,52.34699692700008],[4.784843761000047,52.34700529500003],[4.785239979000039,52.34838560800006],[4.784724063000056,52.348961992000056],[4.782334631000026,52.35163147600008],[4.781598138000049,52.352454289000036],[4.778849395000066,52.350694677000035],[4.778454092000061,52.349643352000044],[4.777994441000033,52.34842088800008],[4.778618810000069,52.348141070000054],[4.779652499000065,52.34767781100004],[4.783639133000065,52.34589115800003],[4.784045991000028,52.34570882000003],[4.784423095000022,52.34553981700003],[4.78450242200006,52.345816168000056]]]}},{"type":"Feature","properties":{"service_id":2,"population_total":1999.47,"thiessen_area_km2":0.3228},"geometry":{"type":"Polygon","coordinates":[[[4.790546908000067,52.34344943600007],[4.790745952000066,52.344352549000064],[4.791235142000062,52.34657213200006],[4.791655862000027,52.34848105200007],[4.79181212900005,52.34919007500008],[4.7919762750000245,52.34993485000007],[4.792005234000044,52.35006624600004],[4.792229174000056,52.35108231800007],[4.790567882000062,52.35131423800004],[4.7902361960000235,52.351360542000066],[4.789912041000036,52.35140579500006],[4.789875168000037,52.351410943000076],[4.788721991000045,52.351571929000045],[4.788615572000026,52.35158678500005],[4.786456394000027,52.34953917000007],[4.7853856580000524,52.348523759000045],[4.785239979000039,52.34838560800006],[4.784843761000047,52.34700529500003],[4.7848413590000405,52.34699692700008],[4.78450242200006,52.345816168000056],[4.784423095000022,52.34553981700003],[4.7853460620000305,52.34512618000008],[4.7854950880000615,52.34505939200005],[4.786112191000029,52.34478283000004],[4.787752835000049,52.34404755800006],[4.78960733200006,52.34321644500005],[4.790415711000037,52.34285416100005],[4.790546908000067,52.34344943600007]]]}},{"type":"Feature","properties":{"service_id":3,"population_total":1351.29,"thiessen_area_km2":0.3292},"geometry":{"type":"Polygon","coordinates":[[[4.794045678000032,52.34330745400007],[4.796738167000058,52.34458853600006],[4.79731595800007,52.34486344800007],[4.79752942600004,52.34638568300005],[4.797704754000051,52.34763594700007],[4.797755365000057,52.34799685200005],[4.7977248120000695,52.34802452400004],[4.796712662000061,52.34894125100004],[4.795866773000057,52.34970739100004],[4.795051625000042,52.350445689000026],[4.79483300000004,52.35064370200007],[4.794771918000038,52.35069902500004],[4.793597811000041,52.35176244000007],[4.793027023000036,52.35147879600004],[4.792229174000056,52.35108231800007],[4.792005234000044,52.35006624600004],[4.7919762750000245,52.34993485000007],[4.79181212900005,52.34919007500008],[4.791655862000027,52.34848105200007],[4.791235142000062,52.34657213200006],[4.790745952000066,52.344352549000064],[4.790546908000067,52.34344943600007],[4.790415711000037,52.34285416100005],[4.790897631000064,52.342638183000076],[4.79134078900006,52.34243957700005],[4.79179438500006,52.34223629300004],[4.794045678000032,52.34330745400007]]]}},{"type":"Feature","properties":{"service_id":4,"population_total":2285.1,"thiessen_area_km2":0.2872},"geometry":{"type":"Polygon","coordinates":[[[4.800770029000034,52.33639405200006],[4.800346030000071,52.33815830900005],[4.799510497000028,52.341634955000075],[4.799251742000024,52.34271163400007],[4.7992063770000755,52.34276206200008],[4.798005118000049,52.34409737900006],[4.79731595800007,52.34486344800007],[4.796738167000058,52.34458853600006],[4.794045678000032,52.34330745400007],[4.79179438500006,52.34223629300004],[4.793711185000063,52.34137725800008],[4.794062137000026,52.341220856000064],[4.7955374860000575,52.33968050300007],[4.797563517000071,52.33756520500003],[4.798591538000039,52.33649188900006],[4.800046921000046,52.33497238100006],[4.800446033000071,52.334804535000046],[4.801230123000039,52.334479603000034],[4.800770029000034,52.33639405200006]]]}},{"type":"Feature","properties":{"service_id":5,"population_total":4383.44,"thiessen_area_km2":0.7491},"geometry":{"type":"Polygon","coordinates":[[[4.8057676640000295,52.33397604800007],[4.806180827000048,52.333983180000075],[4.80659349900003,52.33399743800004],[4.807005352000033,52.33401881000003],[4.807416059000047,52.33404728100004],[4.807825294000054,52.33408282700003],[4.808232733000068,52.33412542000008],[4.808638052000049,52.33417502600008],[4.809040930000037,52.33423160600006],[4.809441048000053,52.33429511500003],[4.809620007000035,52.33432684100006],[4.80983808700006,52.33436550300007],[4.810231732000034,52.334442713000044],[4.810621673000071,52.33452668500007],[4.81100759800006,52.334617352000066],[4.8113892020000435,52.33471464200005],[4.811766182000042,52.334818478000045],[4.811995868000054,52.33488657100003],[4.811989336000067,52.335111391000055],[4.811959394000041,52.336141876000056],[4.811924575000035,52.33734023100004],[4.811861566000061,52.33950877600006],[4.811812124000028,52.34121038700005],[4.811764685000071,52.342843094000045],[4.811734641000044,52.34387710200008],[4.811734048000062,52.343897508000055],[4.811728369000036,52.34409295000006],[4.811687492000033,52.345499810000035],[4.811456551000049,52.34559997700006],[4.811108533000038,52.34575092400007],[4.810426170000028,52.346046888000046],[4.810323278000055,52.34609151600006],[4.808810048000055,52.34674785400006],[4.807803171000046,52.34718457100007],[4.807053943000028,52.347509536000075],[4.805287691000046,52.347440179000046],[4.80489603500007,52.347424799000066],[4.804791306000027,52.34742068700007],[4.804653181000049,52.34714603700007],[4.8046131340000215,52.34706640600007],[4.804575539000041,52.34699165100005],[4.804049967000026,52.345946594000054],[4.803890943000056,52.34563038700003],[4.803927265000027,52.34335744700007],[4.80392872300007,52.34326620300004],[4.803933392000033,52.34297405400008],[4.8039714110000205,52.34059492800003],[4.80398672900003,52.33963636500005],[4.804034903000058,52.33662177400004],[4.804076455000029,52.33402159600007],[4.804116648000047,52.33401881000003],[4.8043146500000375,52.334008535000066],[4.804516423000052,52.33399806500006],[4.80452850100005,52.33399743800004],[4.8049411730000315,52.333983180000075],[4.80535433600005,52.33397604800007],[4.8057676640000295,52.33397604800007]]]}},{"type":"Feature","properties":{"service_id":6,"population_total":1647.91,"thiessen_area_km2":0.2956},"geometry":{"type":"Polygon","coordinates":[[[4.802926827000022,52.333931180000036],[4.803339498000071,52.33394543800006],[4.803751350000027,52.33396681000005],[4.80407697000004,52.33398938300007],[4.804076455000029,52.33402159600007],[4.804034903000058,52.33662177400004],[4.80398672900003,52.33963636500005],[4.8039714110000205,52.34059492800003],[4.803933392000033,52.34297405400008],[4.80392872300007,52.34326620300004],[4.803927265000027,52.34335744700007],[4.803890943000056,52.34563038700003],[4.803726114000028,52.34552668500004],[4.802372921000028,52.344675324000036],[4.801490698000066,52.344120273000044],[4.800402642000051,52.34343572300003],[4.799333084000068,52.34276281100006],[4.799251742000024,52.34271163400007],[4.799510497000028,52.341634955000075],[4.800346030000071,52.33815830900005],[4.800770029000034,52.33639405200006],[4.801230123000039,52.334479603000034],[4.80167109100006,52.33429686300008],[4.802568446000066,52.33392499400003],[4.802926827000022,52.333931180000036]]]}},{"type":"Feature","properties":{"service_id":7,"population_total":1054.66,"thiessen_area_km2":0.2269},"geometry":{"type":"Polygon","coordinates":[[[4.799333084000068,52.34276281100006],[4.800402642000051,52.34343572300003],[4.801490698000066,52.344120273000044],[4.802372921000028,52.344675324000036],[4.803726114000028,52.34552668500004],[4.803890943000056,52.34563038700003],[4.804049967000026,52.345946594000054],[4.804575539000041,52.34699165100005],[4.8046131340000215,52.34706640600007],[4.804653181000049,52.34714603700007],[4.804791306000027,52.34742068700007],[4.8045094570000515,52.34761254700004],[4.803047755000023,52.348607558000026],[4.802223534000063,52.34916862300008],[4.800967890000038,52.34883933300006],[4.800458459000026,52.34870573500007],[4.79803660400006,52.34807060700007],[4.797755365000057,52.34799685200005],[4.797704754000051,52.34763594700007],[4.79752942600004,52.34638568300005],[4.79731595800007,52.34486344800007],[4.798005118000049,52.34409737900006],[4.7992063770000755,52.34276206200008],[4.799251742000024,52.34271163400007],[4.799333084000068,52.34276281100006]]]}},{"type":"Feature","properties":{"service_id":8,"population_total":1329.31,"thiessen_area_km2":0.8156},"geometry":{"type":"Polygon","coordinates":[[[4.821256650000066,52.33097404400007],[4.82166978500004,52.33098117500003],[4.822082429000034,52.330995433000055],[4.822494254000048,52.33101680600004],[4.822904933000075,52.331045276000054],[4.823314141000026,52.33108082200005],[4.823721552000052,52.331123415000036],[4.824126844000034,52.33117302100004],[4.824529695000024,52.331229602000064],[4.824929785000052,52.331293111000036],[4.825326797000059,52.33136349800003],[4.825720416000024,52.33144070900005],[4.826110330000063,52.331524681000076],[4.826136481000049,52.33153082500007],[4.826078293000023,52.33207897800003],[4.826002305000031,52.332794817000035],[4.825849142000038,52.334237690000066],[4.825777303000052,52.33491444400005],[4.825444545000039,52.33559672900003],[4.823986313000034,52.338586676000034],[4.823093294000046,52.34041771500006],[4.822429867000039,52.341777999000044],[4.821567461000029,52.34354626900006],[4.820817842000054,52.342855290000045],[4.820189766000055,52.34227634700005],[4.818937077000044,52.34112165200003],[4.817816788000073,52.340089000000035],[4.816393941000058,52.33877745900003],[4.815465023000058,52.33792120700008],[4.81340377500004,52.336021205000065],[4.812321822000058,52.33502389000006],[4.812260995000031,52.33496782100008],[4.812000484000066,52.33472768900003],[4.811674911000068,52.33304787700007],[4.811708669000041,52.33303030700006],[4.812031067000021,52.33287186600006],[4.812360622000028,52.332719051000026],[4.812697071000059,52.33257198300004],[4.813040147000038,52.33243077900005],[4.813389578000056,52.33229555200006],[4.813745087000029,52.332166407000045],[4.814106392000042,52.33204344900008],[4.814473206000059,52.33192677300008],[4.814845238000032,52.33181647400005],[4.815222193000068,52.331712638000056],[4.815603771000042,52.33161534800007],[4.815989670000022,52.331524681000076],[4.81637958400006,52.33144070900005],[4.816773203000025,52.33136349800003],[4.817170215000033,52.331293111000036],[4.817570305000061,52.331229602000064],[4.8179731560000505,52.33117302100004],[4.818378448000033,52.331123415000036],[4.818785859000059,52.33108082200005],[4.8191950670000665,52.331045276000054],[4.819605746000036,52.33101680600004],[4.820017571000051,52.330995433000055],[4.820430215000044,52.33098117500003],[4.820843350000075,52.33097404400007],[4.821256650000066,52.33097404400007]]]}},{"type":"Feature","properties":{"service_id":9,"population_total":4240.62,"thiessen_area_km2":0.5419},"geometry":{"type":"Polygon","coordinates":[[[4.81340377500004,52.336021205000065],[4.815465023000058,52.33792120700008],[4.816393941000058,52.33877745900003],[4.817816788000073,52.340089000000035],[4.818937077000044,52.34112165200003],[4.820189766000055,52.34227634700005],[4.820817842000054,52.342855290000045],[4.821567461000029,52.34354626900006],[4.821599126000024,52.34368211000003],[4.822023031000072,52.345500651000066],[4.8220310490000315,52.345535048000045],[4.8204470230000425,52.34582395800004],[4.819355692000045,52.34602300600005],[4.81814620800003,52.34624360400005],[4.817715029000055,52.346322247000046],[4.817480504000059,52.34636502200004],[4.816875941000035,52.34647528800008],[4.81599152900003,52.34663659600005],[4.815857139000059,52.346661107000045],[4.8156053910000765,52.34670702300008],[4.815248989000054,52.34677202700004],[4.813598647000049,52.34707303300007],[4.812905434000072,52.34674854600007],[4.811914021000064,52.34573206600004],[4.811687492000033,52.345499810000035],[4.811728369000036,52.34409295000006],[4.811734048000062,52.343897508000055],[4.811734641000044,52.34387710200008],[4.811764685000071,52.342843094000045],[4.811812124000028,52.34121038700005],[4.811861566000061,52.33950877600006],[4.811924575000035,52.33734023100004],[4.811959394000041,52.336141876000056],[4.811989336000067,52.335111391000055],[4.812122751000061,52.33507464300004],[4.812321822000058,52.33502389000006],[4.81340377500004,52.336021205000065]]]}},{"type":"Feature","properties":{"service_id":10,"population_total":1647.91,"thiessen_area_km2":0.1667},"geometry":{"type":"Polygon","coordinates":[[[4.834880315000021,52.342481778000035],[4.834658450000063,52.34316320900007],[4.834601178000071,52.34333911300007],[4.832974182000044,52.34384893500004],[4.832835699000043,52.34389232900003],[4.8325851620000435,52.34397083600004],[4.832560945000068,52.343978424000056],[4.831473795000022,52.34431908400006],[4.831391019000023,52.34434502200003],[4.827349333000029,52.34561149000007],[4.826096470000039,52.34600407600004],[4.826330404000032,52.34510456800007],[4.826400978000038,52.34483320100003],[4.826438876000054,52.344687477000036],[4.82715298100004,52.34194164200005],[4.827948390000074,52.34192663400006],[4.828896867000026,52.34190873800003],[4.831024796000065,52.34186858900006],[4.831859392000069,52.34185284200004],[4.832422294000025,52.341842221000036],[4.8345335610000575,52.34180238500005],[4.835105027000054,52.34179160300005],[4.834880315000021,52.342481778000035]]]}},{"type":"Feature","properties":{"service_id":11,"population_total":2515.81,"thiessen_area_km2":0.2671},"geometry":{"type":"Polygon","coordinates":[[[4.834604861000059,52.343399033000026],[4.83460535200004,52.34340702800006],[4.834646522000071,52.344076908000034],[4.833911196000031,52.34486844000003],[4.83288692800005,52.34597100000008],[4.832823290000022,52.34603950200005],[4.832558196000036,52.34632485900005],[4.831581468000024,52.34737624500008],[4.831295343000022,52.34768424100008],[4.830720971000062,52.34830251600005],[4.829503061000025,52.34961351900006],[4.829305173000023,52.349826532000066],[4.828901121000058,52.35026146900003],[4.82879250700006,52.350378385000056],[4.827962619000061,52.35127170700008],[4.8279237240000725,52.35131357500006],[4.827080265000063,52.35080370900005],[4.826809818000072,52.35064022500006],[4.826664047000065,52.350552107000055],[4.826583912000046,52.350503666000066],[4.826507152000033,52.350457265000045],[4.825884342000052,52.35008078000004],[4.825137719000054,52.349629451000055],[4.825098525000044,52.34944232000004],[4.824927639000066,52.34862643900004],[4.824901304000036,52.34850070700003],[4.824887720000049,52.34843585200008],[4.8247214570000665,52.347642042000075],[4.8250398920000634,52.34726271100004],[4.8254149990000315,52.34681586900007],[4.825824500000067,52.34632805700005],[4.826096470000039,52.34600407600004],[4.827349333000029,52.34561149000007],[4.831391019000023,52.34434502200003],[4.831473795000022,52.34431908400006],[4.832560945000068,52.343978424000056],[4.8325851620000435,52.34397083600004],[4.832835699000043,52.34389232900003],[4.832974182000044,52.34384893500004],[4.834601178000071,52.34333911300007],[4.834604861000059,52.343399033000026]]]}},{"type":"Feature","properties":{"service_id":12,"population_total":2702.57,"thiessen_area_km2":0.7773},"geometry":{"type":"Polygon","coordinates":[[[4.829546654000069,52.33185404500006],[4.829959798000061,52.331861177000064],[4.830372450000027,52.33187543500003],[4.830784283000071,52.33189680700008],[4.83119497000007,52.33192527800003],[4.83160418600005,52.33196082400008],[4.832011605000048,52.33200341700007],[4.832416905000059,52.33205302300007],[4.832819764000021,52.33210960300005],[4.833219862000021,52.33217311200008],[4.833616882000058,52.33224350000006],[4.834010509000052,52.33232071000003],[4.834400431000063,52.33240468200006],[4.834697850000055,52.33247455900005],[4.8347863370000255,52.332495349000055],[4.835167923000029,52.33259264000003],[4.835544885000047,52.332696475000034],[4.83591692400006,52.33280677500005],[4.836283746000049,52.33292345000007],[4.836645058000045,52.33304640800003],[4.836754953000025,52.33308632900008],[4.837000574000058,52.333175553000046],[4.8373500120000585,52.33331078000003],[4.837402547000067,52.33333240200005],[4.837481697000044,52.33485075500005],[4.837514598000041,52.33548189900006],[4.8375277910000705,52.33573497900005],[4.837602254000046,52.33716341100006],[4.837603522000052,52.33718774400006],[4.837512697000022,52.33735510200006],[4.836876112000027,52.33852810800005],[4.836725475000037,52.338805679000075],[4.836242011000024,52.33969653500003],[4.835916940000061,52.34029552900006],[4.835661684000058,52.34076587800007],[4.835473584000056,52.34111248000005],[4.835202280000033,52.34161240000003],[4.835105027000054,52.34179160300005],[4.8345335610000575,52.34180238500005],[4.832422294000025,52.341842221000036],[4.831859392000069,52.34185284200004],[4.831024796000065,52.34186858900006],[4.828896867000026,52.34190873800003],[4.827948390000074,52.34192663400006],[4.82715298100004,52.34194164200005],[4.827075357000069,52.341545128000064],[4.82696909200007,52.34100230700005],[4.826786296000023,52.34006855400003],[4.826383366000073,52.33801032000008],[4.825948250000067,52.33578767200004],[4.825777303000052,52.33491444400005],[4.825849142000038,52.334237690000066],[4.826002305000031,52.332794817000035],[4.826078293000023,52.33207897800003],[4.8262630950000585,52.33205302300007],[4.82666839500007,52.33200341700007],[4.827075814000068,52.33196082400008],[4.827485030000048,52.33192527800003],[4.827595841000061,52.33191759600004],[4.827895717000047,52.33189680700008],[4.828307550000034,52.33187543500003],[4.828720202000056,52.331861177000064],[4.829133346000049,52.33185404500006],[4.829546654000069,52.33185404500006]]]}},{"type":"Feature","properties":{"service_id":13,"population_total":2274.12,"thiessen_area_km2":0.2943},"geometry":{"type":"Polygon","coordinates":[[[4.825948250000067,52.33578767200004],[4.826383366000073,52.33801032000008],[4.826786296000023,52.34006855400003],[4.82696909200007,52.34100230700005],[4.827075357000069,52.341545128000064],[4.82715298100004,52.34194164200005],[4.826438876000054,52.344687477000036],[4.826400978000038,52.34483320100003],[4.826330404000032,52.34510456800007],[4.826096470000039,52.34600407600004],[4.825824500000067,52.34632805700005],[4.8254149990000315,52.34681586900007],[4.8250398920000634,52.34726271100004],[4.8247214570000665,52.347642042000075],[4.824550827000053,52.34750841300007],[4.823732032000066,52.34686717400007],[4.823705519000043,52.34684641000007],[4.8220310490000315,52.345535048000045],[4.822023031000072,52.345500651000066],[4.821599126000024,52.34368211000003],[4.821567461000029,52.34354626900006],[4.822429867000039,52.341777999000044],[4.823093294000046,52.34041771500006],[4.823986313000034,52.338586676000034],[4.825444545000039,52.33559672900003],[4.825777303000052,52.33491444400005],[4.825948250000067,52.33578767200004]]]}},{"type":"Feature","properties":{"service_id":14,"population_total":5690.79,"thiessen_area_km2":0.5903},"geometry":{"type":"Polygon","coordinates":[[[4.862604499000042,52.32997747500008],[4.8624433210000575,52.33018199000003],[4.86144142400002,52.331453270000054],[4.860212559000047,52.33301254300005],[4.860155464000059,52.33308499000003],[4.859494287000075,52.333923939000044],[4.858868530000052,52.33471794500008],[4.858724309000024,52.33490094300004],[4.858556338000028,52.33511407700007],[4.857870814000023,52.33598392000005],[4.857362936000072,52.33662835300004],[4.857353916000022,52.33663979800008],[4.857246625000073,52.33677593600004],[4.857052106000026,52.33702275600007],[4.856654854000055,52.33752681800007],[4.856474435000052,52.337755747000074],[4.855707389000031,52.33872903200006],[4.855585882000071,52.33870786700004],[4.85481173900007,52.33800370800003],[4.854466701000035,52.33768986300004],[4.853632739000034,52.33693129400007],[4.853304857000069,52.33595154500006],[4.85327152900004,52.335851957000045],[4.852801404000047,52.33444717100008],[4.8519063750000555,52.331772724000075],[4.851873242000067,52.33167371900004],[4.85126578400002,52.32985856700003],[4.855664104000027,52.329881355000055],[4.857448723000061,52.329890601000045],[4.85903787500007,52.32989883400006],[4.859044529000073,52.32940652500008],[4.859074364000037,52.32719898200003],[4.859091397000043,52.32593867300005],[4.859119418000034,52.323865399000056],[4.859250773000042,52.32387681100005],[4.859658118000027,52.32391940400004],[4.860063344000025,52.32396901100003],[4.86046613000002,52.324025591000066],[4.860866155000053,52.32408910000004],[4.861263103000056,52.32415948800008],[4.861656658000072,52.32423669900004],[4.862046508000049,52.324320671000066],[4.862173262000056,52.32435045700004],[4.862179745000049,52.32436819900005],[4.862782346000074,52.32601731700004],[4.863131747000068,52.32697351000007],[4.863138365000054,52.32699162100005],[4.863149402000033,52.32718091000004],[4.863189682000041,52.32787170300003],[4.863263696000047,52.329141038000046],[4.862850146000028,52.329665781000074],[4.862604499000042,52.32997747500008]]]}},{"type":"Feature","properties":{"service_id":15,"population_total":1594.1,"thiessen_area_km2":0.8053},"geometry":{"type":"Polygon","coordinates":[[[4.842848777000029,52.32891845600005],[4.84360526200004,52.32907621700008],[4.847257137000042,52.329837799000074],[4.850648966000051,52.329855371000065],[4.85126578400002,52.32985856700003],[4.851873242000067,52.33167371900004],[4.8519063750000555,52.331772724000075],[4.852801404000047,52.33444717100008],[4.85327152900004,52.335851957000045],[4.853304857000069,52.33595154500006],[4.853632739000034,52.33693129400007],[4.849455792000072,52.33804978000006],[4.848436287000027,52.338322779000066],[4.848384981000038,52.33833651700007],[4.848342516000059,52.338314635000074],[4.84672273700005,52.33747995400006],[4.846549066000023,52.33739046100004],[4.843071206000047,52.33559830300004],[4.8400025050000295,52.33401698600005],[4.839961330000051,52.33399576800008],[4.837498438000068,52.332726628000046],[4.837367450000045,52.332659129000035],[4.836702439000021,52.33022758700008],[4.836808660000031,52.33014039400007],[4.837065091000056,52.32994182400006],[4.837330550000047,52.329747757000064],[4.837604824000039,52.329558348000035],[4.837887697000042,52.32937374800008],[4.838178944000049,52.32919410300008],[4.838478334000058,52.32901955500006],[4.838785628000039,52.32885024300003],[4.83910058400005,52.32868630200005],[4.839422951000074,52.328527861000055],[4.839752473000033,52.32837504500003],[4.8400888890000715,52.32822797800003],[4.840431931000069,52.32808677400004],[4.840781329000038,52.327951546000065],[4.84113680300004,52.32782240200004],[4.841498072000036,52.32769944300003],[4.841864850000036,52.32758276800007],[4.8422368460000484,52.32747246800005],[4.842613763000031,52.32736863200006],[4.842871502000037,52.32730291100006],[4.842848777000029,52.32891845600005]]]}},{"type":"Feature","properties":{"service_id":16,"population_total":1428.19,"thiessen_area_km2":0.2821},"geometry":{"type":"Polygon","coordinates":[[[4.854466701000035,52.33768986300004],[4.85481173900007,52.33800370800003],[4.855585882000071,52.33870786700004],[4.85505605000003,52.33936393500005],[4.854666160000022,52.339846719000036],[4.854356969000037,52.34022957600007],[4.85371311800003,52.34102682900004],[4.853681362000032,52.341066151000064],[4.853360446000067,52.34146352700003],[4.852535051000075,52.34248557600006],[4.8525021320000405,52.342526339000074],[4.852038499000059,52.34310043500005],[4.851848103000066,52.343336194000074],[4.851210369000057,52.34412587200006],[4.851190367000072,52.34415063900008],[4.851104196000051,52.34425734000007],[4.851049432000025,52.34432515200007],[4.850930556000037,52.344472351000036],[4.850451123000028,52.345066012000075],[4.849452625000026,52.34471036100007],[4.849229315000059,52.34458956100008],[4.849147272000039,52.34454517900008],[4.848901986000044,52.34441249100007],[4.848706396000068,52.34392124800007],[4.848540501000059,52.34350458500006],[4.848339754000051,52.343000388000064],[4.847941571000035,52.34200031200004],[4.84775739600002,52.34153773700007],[4.847875716000033,52.34093420800008],[4.847951169000055,52.34054933400006],[4.848048883000047,52.34005090800008],[4.848079235000057,52.33989608500008],[4.848085092000076,52.33986621000008],[4.848159695000049,52.339485669000055],[4.848220807000075,52.33917394300005],[4.848234890000072,52.339102110000056],[4.848235748000036,52.33909773500005],[4.848384981000038,52.33833651700007],[4.848436287000027,52.338322779000066],[4.849455792000072,52.33804978000006],[4.853632739000034,52.33693129400007],[4.854466701000035,52.33768986300004]]]}},{"type":"Feature","properties":{"service_id":17,"population_total":1900.59,"thiessen_area_km2":0.3804},"geometry":{"type":"Polygon","coordinates":[[[4.839961330000051,52.33399576800008],[4.8400025050000295,52.33401698600005],[4.843071206000047,52.33559830300004],[4.846549066000023,52.33739046100004],[4.84672273700005,52.33747995400006],[4.848342516000059,52.338314635000074],[4.848384981000038,52.33833651700007],[4.848235748000036,52.33909773500005],[4.848234890000072,52.339102110000056],[4.848220807000075,52.33917394300005],[4.848159695000049,52.339485669000055],[4.848085092000076,52.33986621000008],[4.848079235000057,52.33989608500008],[4.848048883000047,52.34005090800008],[4.847951169000055,52.34054933400006],[4.847875716000033,52.34093420800008],[4.84775739600002,52.34153773700007],[4.846956094000063,52.341358796000065],[4.8467917700000385,52.34132210000007],[4.845641838000063,52.34106530500003],[4.844764534000035,52.34086939100007],[4.844009395000057,52.34070075900007],[4.8435344090000285,52.34059468800007],[4.842183142000067,52.34029293200007],[4.840757308000036,52.33997452400007],[4.840130823000038,52.33983462100008],[4.839815910000027,52.339764297000045],[4.8396793970000545,52.33960531400004],[4.839388773000053,52.33926685200004],[4.838795422000032,52.33857583300005],[4.837603522000052,52.33718774400006],[4.837602254000046,52.33716341100006],[4.8375277910000705,52.33573497900005],[4.837514598000041,52.33548189900006],[4.837481697000044,52.33485075500005],[4.837402547000067,52.33333240200005],[4.837373977000027,52.332784341000036],[4.837498438000068,52.332726628000046],[4.839961330000051,52.33399576800008]]]}},{"type":"Feature","properties":{"service_id":18,"population_total":1263.4,"thiessen_area_km2":0.3879},"geometry":{"type":"Polygon","coordinates":[[[4.838795422000032,52.33857583300005],[4.839388773000053,52.33926685200004],[4.8396793970000545,52.33960531400004],[4.839815910000027,52.339764297000045],[4.8400628160000565,52.34019494300003],[4.8404388890000405,52.340850878000026],[4.841017820000047,52.34186063200008],[4.84102413100004,52.34187163900003],[4.841127134000033,52.342051293000054],[4.841696981000041,52.34304520500007],[4.842080519000035,52.34371416000005],[4.84239775900005,52.34426748200008],[4.841907466000066,52.34473052300007],[4.84039285800003,52.346160945000065],[4.839458235000052,52.34704361900003],[4.838757884000074,52.34770504200003],[4.838699528000063,52.34776015400007],[4.83766330900005,52.34873877700005],[4.837111486000026,52.348462289000054],[4.8359411000000705,52.34787587400007],[4.83592141400004,52.347818104000055],[4.835846402000072,52.347597981000035],[4.8352912830000605,52.34596897500006],[4.83527564000002,52.34592306900004],[4.834646522000071,52.344076908000034],[4.83460535200004,52.34340702800006],[4.834604861000059,52.343399033000026],[4.834601178000071,52.34333911300007],[4.834658450000063,52.34316320900007],[4.834880315000021,52.342481778000035],[4.835105027000054,52.34179160300005],[4.835202280000033,52.34161240000003],[4.835473584000056,52.34111248000005],[4.835661684000058,52.34076587800007],[4.835916940000061,52.34029552900006],[4.836242011000024,52.33969653500003],[4.836725475000037,52.338805679000075],[4.836876112000027,52.33852810800005],[4.837512697000022,52.33735510200006],[4.837603522000052,52.33718774400006],[4.838795422000032,52.33857583300005]]]}},{"type":"Feature","properties":{"service_id":19,"population_total":988.75,"thiessen_area_km2":0.1303},"geometry":{"type":"Polygon","coordinates":[[[4.8426596210000525,52.34453447300007],[4.8426907360000655,52.34456619800005],[4.842805398000053,52.34468310600005],[4.842811723000068,52.34468955500006],[4.84291674800005,52.34479663700006],[4.843047315000035,52.34492976200005],[4.843194882000034,52.34508022000006],[4.843237536000061,52.34591389500008],[4.8432776300000455,52.34669751700005],[4.843357427000058,52.34825714400006],[4.843359411000051,52.34829591100004],[4.8433630530000755,52.34836709800004],[4.843016096000042,52.34850312100008],[4.842832067000074,52.34857526900004],[4.84275662400006,52.34860484600006],[4.842588871000032,52.34867061300008],[4.841888076000032,52.34894535700005],[4.841607838000073,52.34905522300005],[4.839978547000044,52.34969397900005],[4.839974152000025,52.349695702000076],[4.838982878000024,52.35008432600006],[4.838768497000046,52.34986572400004],[4.8380392330000745,52.34912210200008],[4.837826990000053,52.348905681000076],[4.83766330900005,52.34873877700005],[4.838699528000063,52.34776015400007],[4.838757884000074,52.34770504200003],[4.839458235000052,52.34704361900003],[4.84039285800003,52.346160945000065],[4.841907466000066,52.34473052300007],[4.84239775900005,52.34426748200008],[4.8426596210000525,52.34453447300007]]]}},{"type":"Feature","properties":{"service_id":20,"population_total":1274.38,"thiessen_area_km2":0.1378},"geometry":{"type":"Polygon","coordinates":[[[4.849147272000039,52.34454517900008],[4.849229315000059,52.34458956100008],[4.849452625000026,52.34471036100007],[4.848173261000056,52.34607241000003],[4.847657679000065,52.34662131400006],[4.847354675000076,52.34694390200008],[4.846980546000054,52.34734221100007],[4.846376243000066,52.34798557000005],[4.846037444000046,52.34834626500003],[4.845483176000073,52.34893635600008],[4.845230205000064,52.349205676000054],[4.844623087000059,52.34985203200006],[4.844479730000046,52.34968308800006],[4.844391494000035,52.34957910300005],[4.843784508000056,52.348863778000066],[4.843748355000059,52.348821172000044],[4.8433630530000755,52.34836709800004],[4.843359411000051,52.34829591100004],[4.843357427000058,52.34825714400006],[4.8432776300000455,52.34669751700005],[4.843237536000061,52.34591389500008],[4.843194882000034,52.34508022000006],[4.843658962000063,52.34502592300004],[4.844921318000047,52.34487822700004],[4.845846913000059,52.344769933000066],[4.846178563000024,52.34473113000007],[4.84641730900006,52.34470319700006],[4.847455690000061,52.34458170700003],[4.848901986000044,52.34441249100007],[4.849147272000039,52.34454517900008]]]}},{"type":"Feature","properties":{"service_id":21,"population_total":2274.12,"thiessen_area_km2":0.2081},"geometry":{"type":"Polygon","coordinates":[[[4.840130823000038,52.33983462100008],[4.840757308000036,52.33997452400007],[4.842183142000067,52.34029293200007],[4.8435344090000285,52.34059468800007],[4.844009395000057,52.34070075900007],[4.844764534000035,52.34086939100007],[4.845641838000063,52.34106530500003],[4.8467917700000385,52.34132210000007],[4.846956094000063,52.341358796000065],[4.84775739600002,52.34153773700007],[4.847941571000035,52.34200031200004],[4.848339754000051,52.343000388000064],[4.848540501000059,52.34350458500006],[4.848706396000068,52.34392124800007],[4.848901986000044,52.34441249100007],[4.847455690000061,52.34458170700003],[4.84641730900006,52.34470319700006],[4.846178563000024,52.34473113000007],[4.845846913000059,52.344769933000066],[4.844921318000047,52.34487822700004],[4.843658962000063,52.34502592300004],[4.843194882000034,52.34508022000006],[4.843047315000035,52.34492976200005],[4.84291674800005,52.34479663700006],[4.842811723000068,52.34468955500006],[4.842805398000053,52.34468310600005],[4.8426907360000655,52.34456619800005],[4.8426596210000525,52.34453447300007],[4.84239775900005,52.34426748200008],[4.842080519000035,52.34371416000005],[4.841696981000041,52.34304520500007],[4.841127134000033,52.342051293000054],[4.84102413100004,52.34187163900003],[4.841017820000047,52.34186063200008],[4.8404388890000405,52.340850878000026],[4.8400628160000565,52.34019494300003],[4.839815910000027,52.339764297000045],[4.840130823000038,52.33983462100008]]]}},{"type":"Feature","properties":{"service_id":22,"population_total":659.16,"thiessen_area_km2":0.1227},"geometry":{"type":"Polygon","coordinates":[[[4.857796852000035,52.343344811000065],[4.858483665000051,52.34421315700007],[4.858738287000051,52.344535078000035],[4.858740714000021,52.34453814700004],[4.8587796140000705,52.344587329000035],[4.858911454000065,52.344754015000035],[4.858941252000022,52.34479168900003],[4.859059688000059,52.34494142900007],[4.8590904860000705,52.34498036700006],[4.859166208000033,52.34507610400004],[4.859328683000058,52.34528152300004],[4.859439601000076,52.34542175800004],[4.860509800000045,52.34677482500007],[4.8605245070000365,52.34679341900005],[4.860925381000072,52.34730024800007],[4.860975948000032,52.347364180000056],[4.861087476000023,52.34750518700008],[4.861535928000023,52.34807217100007],[4.861527147000061,52.348076046000074],[4.8607985770000255,52.348397541000054],[4.86074909000007,52.348419378000074],[4.860281785000041,52.348625585000036],[4.859996902000034,52.348751295000056],[4.859965741000053,52.34876504500005],[4.859480594000047,52.348979126000074],[4.85942923500005,52.349001789000056],[4.859368549000067,52.348965417000045],[4.859201445000053,52.34886526500003],[4.858621266000057,52.348517541000035],[4.858581237000067,52.34849355000006],[4.857969799000045,52.34812709100004],[4.857345151000061,52.34775271500007],[4.857100544000048,52.34760611300004],[4.856488948000049,52.34723955900006],[4.855739153000059,52.34679017700006],[4.855427248000069,52.346603240000036],[4.855770383000049,52.34611877300006],[4.855847908000044,52.34600931600005],[4.856242362000046,52.34545239200003],[4.856448072000035,52.34516195300006],[4.856631868000022,52.34490245500007],[4.856804127000032,52.34465924600005],[4.856864513000062,52.344573988000036],[4.856999245000054,52.344383762000064],[4.857008153000038,52.344371186000046],[4.857222604000071,52.344068406000076],[4.857731060000049,52.34335052400007],[4.857764277000058,52.34330362600008],[4.857796852000035,52.343344811000065]]]}},{"type":"Feature","properties":{"service_id":23,"population_total":2153.27,"thiessen_area_km2":0.2751},"geometry":{"type":"Polygon","coordinates":[[[4.855707389000031,52.33872903200006],[4.856543014000067,52.339336840000044],[4.856582670000023,52.339365685000075],[4.85696772600005,52.33964576200003],[4.857074800000021,52.33972364400006],[4.857123118000061,52.33997452700004],[4.857240815000068,52.34058564700007],[4.857352045000027,52.34116318900004],[4.857389504000025,52.34135768600004],[4.857446151000033,52.341651815000034],[4.85746268500003,52.34173766300006],[4.8575828530000535,52.34236161600006],[4.857605865000039,52.34248110200008],[4.857632713000044,52.34262050700005],[4.857764277000058,52.34330362600008],[4.857731060000049,52.34335052400007],[4.857222604000071,52.344068406000076],[4.857008153000038,52.344371186000046],[4.856999245000054,52.344383762000064],[4.856864513000062,52.344573988000036],[4.856804127000032,52.34465924600005],[4.856631868000022,52.34490245500007],[4.856448072000035,52.34516195300006],[4.856242362000046,52.34545239200003],[4.855847908000044,52.34600931600005],[4.855770383000049,52.34611877300006],[4.855427248000069,52.346603240000036],[4.854993078000064,52.34676779200004],[4.854749094000056,52.34686026300005],[4.854492851000032,52.34695738000005],[4.853588992000027,52.34729994700007],[4.853513378000059,52.34732860500003],[4.853174187000036,52.34731226700006],[4.852026593000062,52.34725698900007],[4.851880512000037,52.34724995300007],[4.851034026000036,52.34614774000005],[4.85097477000005,52.34607058200004],[4.85081494700006,52.345862476000036],[4.850756259000036,52.345786058000044],[4.85054767500003,52.345293851000065],[4.850451123000028,52.345066012000075],[4.850930556000037,52.344472351000036],[4.851049432000025,52.34432515200007],[4.851104196000051,52.34425734000007],[4.851190367000072,52.34415063900008],[4.851210369000057,52.34412587200006],[4.851848103000066,52.343336194000074],[4.852038499000059,52.34310043500005],[4.8525021320000405,52.342526339000074],[4.852535051000075,52.34248557600006],[4.853360446000067,52.34146352700003],[4.853681362000032,52.341066151000064],[4.85371311800003,52.34102682900004],[4.854356969000037,52.34022957600007],[4.854666160000022,52.339846719000036],[4.85505605000003,52.33936393500005],[4.855585882000071,52.33870786700004],[4.855707389000031,52.33872903200006]]]}},{"type":"Feature","properties":{"service_id":24,"population_total":4658.1,"thiessen_area_km2":0.4865},"geometry":{"type":"Polygon","coordinates":[[[4.86348821100006,52.32961910200004],[4.863522185000022,52.32969144400005],[4.863788849000059,52.33025925600003],[4.8639458510000395,52.330593563000036],[4.864926523000065,52.33268172600003],[4.86512115000005,52.333096150000074],[4.865659834000041,52.334243179000055],[4.865892311000039,52.334738196000046],[4.865909018000025,52.33477377100007],[4.866031172000021,52.33503387600007],[4.866104442000051,52.33518989200007],[4.866301889000056,52.33561032000006],[4.866298780000022,52.33563593500003],[4.8662768900000515,52.33581626800003],[4.866254421000065,52.336001370000076],[4.866115041000057,52.33714960200007],[4.866055558000028,52.33763962900008],[4.8659324780000475,52.33865357600007],[4.865764546000037,52.338748819000045],[4.865352207000058,52.338982678000036],[4.8651242590000265,52.339111959000036],[4.864351093000039,52.339550461000044],[4.863681144000054,52.339930424000045],[4.862943395000059,52.33990733200005],[4.8621721540000635,52.33988319200006],[4.861804555000049,52.33987168700003],[4.8617984600000455,52.33987149600006],[4.861437121000051,52.33986018600007],[4.861373522000065,52.33985819500003],[4.861131377000049,52.339850616000035],[4.86087182600005,52.33984249200006],[4.860845168000026,52.33984165800007],[4.860844766000071,52.339841645000035],[4.860514503000047,52.33983130800004],[4.860467157000073,52.33982982600003],[4.859773535000045,52.33980811600003],[4.859373705000053,52.33979560100005],[4.8577138470000705,52.339743647000034],[4.857678039000064,52.339742526000066],[4.857074800000021,52.33972364400006],[4.85696772600005,52.33964576200003],[4.856582670000023,52.339365685000075],[4.856543014000067,52.339336840000044],[4.855707389000031,52.33872903200006],[4.856474435000052,52.337755747000074],[4.856654854000055,52.33752681800007],[4.857052106000026,52.33702275600007],[4.857246625000073,52.33677593600004],[4.857353916000022,52.33663979800008],[4.857362936000072,52.33662835300004],[4.857870814000023,52.33598392000005],[4.858556338000028,52.33511407700007],[4.858724309000024,52.33490094300004],[4.858868530000052,52.33471794500008],[4.859494287000075,52.333923939000044],[4.860155464000059,52.33308499000003],[4.860212559000047,52.33301254300005],[4.86144142400002,52.331453270000054],[4.8624433210000575,52.33018199000003],[4.862604499000042,52.32997747500008],[4.862850146000028,52.329665781000074],[4.863263696000047,52.329141038000046],[4.86348821100006,52.32961910200004]]]}},{"type":"Feature","properties":{"service_id":25,"population_total":2087.35,"thiessen_area_km2":0.29},"geometry":{"type":"Polygon","coordinates":[[[4.857678039000064,52.339742526000066],[4.8577138470000705,52.339743647000034],[4.859373705000053,52.33979560100005],[4.859773535000045,52.33980811600003],[4.860467157000073,52.33982982600003],[4.860514503000047,52.33983130800004],[4.860844766000071,52.339841645000035],[4.860845168000026,52.33984165800007],[4.86087182600005,52.33984249200006],[4.861131377000049,52.339850616000035],[4.861373522000065,52.33985819500003],[4.861437121000051,52.33986018600007],[4.8617984600000455,52.33987149600006],[4.861804555000049,52.33987168700003],[4.8621721540000635,52.33988319200006],[4.862943395000059,52.33990733200005],[4.863681144000054,52.339930424000045],[4.863663919000032,52.34013044500006],[4.863626989000068,52.34055927000003],[4.86361464700002,52.34070258000003],[4.863608450000072,52.340774543000066],[4.8635853620000375,52.341042637000044],[4.863561478000065,52.34131997800006],[4.863538952000056,52.34158155000006],[4.86345519300005,52.34255415900003],[4.86343392200007,52.34280115400003],[4.863423469000054,52.342922532000046],[4.863372225000035,52.34351758100007],[4.8633179800000335,52.34414746900006],[4.863301316000047,52.344340970000076],[4.86329726200006,52.34438804100006],[4.863287963000062,52.34449602400008],[4.8632737670000665,52.34466086800006],[4.863255251000055,52.34487587700005],[4.86324551000007,52.34498899300007],[4.863192766000054,52.34560145700004],[4.863165261000063,52.345920843000044],[4.8631361830000515,52.34625850400005],[4.863131414000065,52.346313879000036],[4.863082784000028,52.346878564000065],[4.863072739000074,52.34699520400005],[4.8630269810000755,52.34752655300008],[4.862963944000057,52.34825853500007],[4.86289468800004,52.34824949700004],[4.862267743000075,52.34816767700005],[4.861832114000038,52.34811082500005],[4.861535928000023,52.34807217100007],[4.861087476000023,52.34750518700008],[4.860975948000032,52.347364180000056],[4.860925381000072,52.34730024800007],[4.8605245070000365,52.34679341900005],[4.860509800000045,52.34677482500007],[4.859439601000076,52.34542175800004],[4.859328683000058,52.34528152300004],[4.859166208000033,52.34507610400004],[4.8590904860000705,52.34498036700006],[4.859059688000059,52.34494142900007],[4.858941252000022,52.34479168900003],[4.858911454000065,52.344754015000035],[4.8587796140000705,52.344587329000035],[4.858740714000021,52.34453814700004],[4.858738287000051,52.344535078000035],[4.858483665000051,52.34421315700007],[4.857796852000035,52.343344811000065],[4.857764277000058,52.34330362600008],[4.857632713000044,52.34262050700005],[4.857605865000039,52.34248110200008],[4.8575828530000535,52.34236161600006],[4.85746268500003,52.34173766300006],[4.857446151000033,52.341651815000034],[4.857389504000025,52.34135768600004],[4.857352045000027,52.34116318900004],[4.857240815000068,52.34058564700007],[4.857123118000061,52.33997452700004],[4.857074800000021,52.33972364400006],[4.857678039000064,52.339742526000066]]]}},{"type":"Feature","properties":{"service_id":26,"population_total":681.14,"thiessen_area_km2":0.0855},"geometry":{"type":"Polygon","coordinates":[[[4.855739153000059,52.34679017700006],[4.856488948000049,52.34723955900006],[4.857100544000048,52.34760611300004],[4.857345151000061,52.34775271500007],[4.857969799000045,52.34812709100004],[4.858581237000067,52.34849355000006],[4.858621266000057,52.348517541000035],[4.859201445000053,52.34886526500003],[4.859368549000067,52.348965417000045],[4.85942923500005,52.349001789000056],[4.859287273000064,52.34913289000008],[4.85805371500004,52.35027206700005],[4.857750699000064,52.35055189900004],[4.857596453000042,52.35069434300004],[4.85736569200003,52.35090744900003],[4.857320471000037,52.35094921000007],[4.857095313000059,52.35073508200003],[4.8563291570000615,52.35000645500003],[4.856245767000075,52.34992715000004],[4.855340242000068,52.34906598200007],[4.855271868000045,52.349000957000044],[4.855103542000052,52.348840876000054],[4.854921681000064,52.34866792300005],[4.854546052000046,52.34831069400008],[4.853835529000037,52.34763497600005],[4.853569333000053,52.34738181900008],[4.853513378000059,52.34732860500003],[4.853588992000027,52.34729994700007],[4.854492851000032,52.34695738000005],[4.854749094000056,52.34686026300005],[4.854993078000064,52.34676779200004],[4.855427248000069,52.346603240000036],[4.855739153000059,52.34679017700006]]]}},{"type":"Feature","properties":{"service_id":27,"population_total":791.0,"thiessen_area_km2":0.1162},"geometry":{"type":"Polygon","coordinates":[[[4.852026593000062,52.34725698900007],[4.853174187000036,52.34731226700006],[4.853513378000059,52.34732860500003],[4.853569333000053,52.34738181900008],[4.853835529000037,52.34763497600005],[4.854546052000046,52.34831069400008],[4.854921681000064,52.34866792300005],[4.855103542000052,52.348840876000054],[4.855271868000045,52.349000957000044],[4.855340242000068,52.34906598200007],[4.856245767000075,52.34992715000004],[4.8563291570000615,52.35000645500003],[4.857095313000059,52.35073508200003],[4.857320471000037,52.35094921000007],[4.857281272000023,52.35104014900003],[4.856997087000025,52.351246822000064],[4.8563853790000735,52.35169168600004],[4.856056613000021,52.35193078100008],[4.8559044070000255,52.35204147200005],[4.855765267000038,52.35214266200006],[4.854461765000053,52.35168562300004],[4.853609130000052,52.35138666800003],[4.853524752000055,52.35135708300004],[4.853044620000048,52.35118873700003],[4.853024627000025,52.35116086000005],[4.852400854000052,52.350291123000034],[4.852228814000057,52.35005124500003],[4.851904403000049,52.34959891300008],[4.851876892000064,52.34956055400005],[4.851714382000068,52.34933396300005],[4.851717163000046,52.34929908000004],[4.851775143000054,52.34857174700005],[4.851797368000064,52.34829294900004],[4.851799364000044,52.348267915000065],[4.851880512000037,52.34724995300007],[4.852026593000062,52.34725698900007]]]}},{"type":"Feature","properties":{"service_id":28,"population_total":472.4,"thiessen_area_km2":0.1064},"geometry":{"type":"Polygon","coordinates":[[[4.857598535000022,52.35150515700008],[4.857758428000068,52.351739509000026],[4.857799833000058,52.35180019400008],[4.858217400000058,52.35241221800004],[4.858234776000074,52.35243768600003],[4.858487471000046,52.35280805800005],[4.858626369000035,52.353011639000044],[4.858718793000037,52.353147103000026],[4.858801222000068,52.35326791800003],[4.858845828000028,52.35343665200003],[4.858851044000062,52.35345638300004],[4.85885844400002,52.35348437400006],[4.858879780000052,52.353565082000046],[4.859040093000033,52.35417150300003],[4.859220765000032,52.35485493700003],[4.859290439000063,52.355118495000056],[4.8593656810000425,52.35540311600005],[4.859434686000043,52.355664141000034],[4.859616557000038,52.356352110000046],[4.859459801000071,52.35640208900003],[4.858830361000059,52.35625511200004],[4.858764677000067,52.35623977500006],[4.858557948000055,52.35619150300005],[4.857384714000034,52.355917548000036],[4.857085056000074,52.35584757700008],[4.856727567000064,52.35576410200008],[4.856237977000035,52.35546543500004],[4.855978138000069,52.35530692400005],[4.855917615000067,52.355270003000044],[4.8554381020000505,52.35497748300003],[4.855318864000026,52.35450173900006],[4.855313765000062,52.35448139600004],[4.855319206000047,52.354453213000056],[4.855328783000061,52.35440360300004],[4.855352172000039,52.354282451000074],[4.855357144000038,52.35425669700004],[4.855421119000027,52.35392531200006],[4.855443420000029,52.35380979700005],[4.855452573000036,52.353762387000074],[4.85562468400002,52.35287086900007],[4.855765267000038,52.35214266200006],[4.8559044070000255,52.35204147200005],[4.856056613000021,52.35193078100008],[4.8563853790000735,52.35169168600004],[4.856997087000025,52.351246822000064],[4.857281272000023,52.35104014900003],[4.857598535000022,52.35150515700008]]]}},{"type":"Feature","properties":{"service_id":29,"population_total":329.58,"thiessen_area_km2":0.0598},"geometry":{"type":"Polygon","coordinates":[[[4.853524752000055,52.35135708300004],[4.853609130000052,52.35138666800003],[4.854461765000053,52.35168562300004],[4.855765267000038,52.35214266200006],[4.85562468400002,52.35287086900007],[4.855452573000036,52.353762387000074],[4.855443420000029,52.35380979700005],[4.855421119000027,52.35392531200006],[4.855357144000038,52.35425669700004],[4.855352172000039,52.354282451000074],[4.855328783000061,52.35440360300004],[4.855319206000047,52.354453213000056],[4.855313765000062,52.35448139600004],[4.8553015700000515,52.35447866000004],[4.855215356000031,52.354459320000046],[4.855019493000043,52.35441538100008],[4.854960346000041,52.35440211200006],[4.854278730000033,52.35424920200006],[4.853265549000071,52.354021911000075],[4.8520861870000545,52.353757339000026],[4.852141276000054,52.35360969900006],[4.852464436000048,52.35274363100007],[4.852545762000034,52.35252567800006],[4.852635960000043,52.35228394600006],[4.85291869100007,52.35152622600003],[4.853044620000048,52.35118873700003],[4.853524752000055,52.35135708300004]]]}},{"type":"Feature","properties":{"service_id":30,"population_total":1483.12,"thiessen_area_km2":0.136},"geometry":{"type":"Polygon","coordinates":[[[4.853265549000071,52.354021911000075],[4.854278730000033,52.35424920200006],[4.854960346000041,52.35440211200006],[4.855019493000043,52.35441538100008],[4.855215356000031,52.354459320000046],[4.8553015700000515,52.35447866000004],[4.855313765000062,52.35448139600004],[4.855318864000026,52.35450173900006],[4.8554381020000505,52.35497748300003],[4.855023516000074,52.35537904100005],[4.854744484000037,52.35564930400005],[4.854573483000024,52.355814932000044],[4.85328108300007,52.357066718000056],[4.853229362000036,52.35711681400005],[4.852030541000033,52.358277962000045],[4.851972918000058,52.35833377400007],[4.851625590000026,52.35833170300003],[4.851059597000074,52.358328329000074],[4.850754478000056,52.35832651000004],[4.850322773000073,52.35832393600003],[4.850073160000022,52.35832244800008],[4.849262357000043,52.35831761400004],[4.849174245000029,52.35797814800003],[4.849117677000038,52.35776020800006],[4.849084677000064,52.35763307000008],[4.849362771000074,52.35694410800005],[4.849484541000038,52.35664243100007],[4.849596801000075,52.35636431300003],[4.849607074000062,52.35633886200003],[4.8497709270000655,52.355932927000026],[4.850004143000035,52.35535514900005],[4.850132117000044,52.35503810100005],[4.85074435100006,52.35463682300008],[4.850848455000062,52.35456859000004],[4.8520861870000545,52.353757339000026],[4.853265549000071,52.354021911000075]]]}},{"type":"Feature","properties":{"service_id":31,"population_total":340.57,"thiessen_area_km2":0.0836},"geometry":{"type":"Polygon","coordinates":[[[4.855917615000067,52.355270003000044],[4.855978138000069,52.35530692400005],[4.856237977000035,52.35546543500004],[4.856727567000064,52.35576410200008],[4.856607827000062,52.35604222300003],[4.856557805000023,52.356158410000035],[4.856065306000062,52.35730234200008],[4.856063576000054,52.35730636000005],[4.856026237000037,52.35739308700005],[4.8553470350000225,52.35897067600007],[4.854958263000071,52.35987368000008],[4.854850222000039,52.359817950000036],[4.853408238000043,52.35907414300004],[4.853135800000075,52.35893361400008],[4.851972918000058,52.35833377400007],[4.852030541000033,52.358277962000045],[4.853229362000036,52.35711681400005],[4.85328108300007,52.357066718000056],[4.854573483000024,52.355814932000044],[4.854744484000037,52.35564930400005],[4.855023516000074,52.35537904100005],[4.8554381020000505,52.35497748300003],[4.855917615000067,52.355270003000044]]]}},{"type":"Feature","properties":{"service_id":32,"population_total":505.36,"thiessen_area_km2":0.1381},"geometry":{"type":"Polygon","coordinates":[[[4.861832114000038,52.34811082500005],[4.862267743000075,52.34816767700005],[4.86289468800004,52.34824949700004],[4.862963944000057,52.34825853500007],[4.863154812000062,52.34839451100004],[4.863224446000061,52.34844411900008],[4.863298173000032,52.34849664300003],[4.863371931000074,52.34854918800005],[4.86332770000007,52.34866681200003],[4.863054765000072,52.34939263000007],[4.86297933700007,52.34959321600007],[4.862964395000063,52.349632952000036],[4.862957900000026,52.34965022400007],[4.862940972000047,52.34969524100006],[4.862695618000032,52.35034770900006],[4.8625379480000674,52.350767000000076],[4.862506045000032,52.350851840000075],[4.862408959000049,52.35111002200006],[4.86218433800002,52.35170735600008],[4.861292142000025,52.35211890800008],[4.861073332000046,52.35221984000003],[4.860630270000058,52.35242421600003],[4.8605962700000305,52.352439899000046],[4.860279194000043,52.352586160000044],[4.8596925570000735,52.35285676400008],[4.859621096000069,52.35288972700005],[4.859454252000035,52.35296668900003],[4.859451501000024,52.35296795800008],[4.858861065000042,52.35324031400006],[4.858801222000068,52.35326791800003],[4.858718793000037,52.353147103000026],[4.858626369000035,52.353011639000044],[4.858487471000046,52.35280805800005],[4.858234776000074,52.35243768600003],[4.858217400000058,52.35241221800004],[4.857799833000058,52.35180019400008],[4.857758428000068,52.351739509000026],[4.857598535000022,52.35150515700008],[4.857281272000023,52.35104014900003],[4.857320471000037,52.35094921000007],[4.85736569200003,52.35090744900003],[4.857596453000042,52.35069434300004],[4.857750699000064,52.35055189900004],[4.85805371500004,52.35027206700005],[4.859287273000064,52.34913289000008],[4.85942923500005,52.349001789000056],[4.859480594000047,52.348979126000074],[4.859965741000053,52.34876504500005],[4.859996902000034,52.348751295000056],[4.860281785000041,52.348625585000036],[4.86074909000007,52.348419378000074],[4.8607985770000255,52.348397541000054],[4.861527147000061,52.348076046000074],[4.861535928000023,52.34807217100007],[4.861832114000038,52.34811082500005]]]}},{"type":"Feature","properties":{"service_id":33,"population_total":296.62,"thiessen_area_km2":0.0789},"geometry":{"type":"Polygon","coordinates":[[[4.862084284000048,52.35235614100003],[4.862056107000058,52.352538852000066],[4.862054583000031,52.35254873700006],[4.8620528370000216,52.35256006100008],[4.8620509380000385,52.35257237600007],[4.862041937000072,52.35263074100004],[4.862032870000064,52.35268953500008],[4.862028654000028,52.352716877000034],[4.862022945000035,52.352753895000035],[4.861961852000036,52.353150044000074],[4.861923723000075,52.35339728500003],[4.861914728000045,52.35345561400004],[4.861820245000047,52.35406827500003],[4.861758441000063,52.35446903500008],[4.861663012000065,52.35508783300003],[4.861648414000058,52.35518249200004],[4.861617013000057,52.35538610900005],[4.861548588000062,52.35582980200007],[4.861437690000059,52.35654890100005],[4.861426264000045,52.35662299400008],[4.861386696000068,52.35661707100007],[4.861009111000044,52.356560553000065],[4.860190173000035,52.35643797100005],[4.859641700000054,52.35635587300004],[4.859616557000038,52.356352110000046],[4.859434686000043,52.355664141000034],[4.8593656810000425,52.35540311600005],[4.859290439000063,52.355118495000056],[4.859220765000032,52.35485493700003],[4.859040093000033,52.35417150300003],[4.858879780000052,52.353565082000046],[4.85885844400002,52.35348437400006],[4.858851044000062,52.35345638300004],[4.858845828000028,52.35343665200003],[4.858801222000068,52.35326791800003],[4.858861065000042,52.35324031400006],[4.859451501000024,52.35296795800008],[4.859454252000035,52.35296668900003],[4.859621096000069,52.35288972700005],[4.8596925570000735,52.35285676400008],[4.860279194000043,52.352586160000044],[4.8605962700000305,52.352439899000046],[4.860630270000058,52.35242421600003],[4.861073332000046,52.35221984000003],[4.861292142000025,52.35211890800008],[4.86218433800002,52.35170735600008],[4.862084284000048,52.35235614100003]]]}},{"type":"Feature","properties":{"service_id":34,"population_total":1241.43,"thiessen_area_km2":0.2583},"geometry":{"type":"Polygon","coordinates":[[[4.863445463000062,52.34856544100006],[4.86450373200006,52.34879935200007],[4.864975666000021,52.34890366500008],[4.865867832000049,52.34910086200006],[4.866054867000059,52.34914220300004],[4.866324295000027,52.34920175500008],[4.866430236000042,52.34926005500006],[4.866791382000031,52.34986313700006],[4.866861942000071,52.34998096600003],[4.867359360000023,52.35081161200003],[4.867211346000033,52.351140075000046],[4.867172804000063,52.35122560600007],[4.867088943000056,52.351411702000064],[4.867047126000045,52.35150450000003],[4.866975058000037,52.35166442900004],[4.86693950800003,52.351743320000026],[4.866899064000052,52.351833070000055],[4.866895929000066,52.35184002700004],[4.866859884000064,52.351920016000065],[4.866600283000025,52.35249610500006],[4.8664943260000655,52.35273123800005],[4.866424512000037,52.35288616400004],[4.866409052000051,52.35292047200005],[4.8663761950000435,52.352993387000026],[4.8663756010000725,52.35299470500007],[4.86632580600002,52.353105207000056],[4.866204413000048,52.35337459500005],[4.866144722000058,52.35350705600007],[4.8660441230000515,52.35373029800007],[4.866015956000069,52.35379280400008],[4.86590512500004,52.354038752000065],[4.865713524000057,52.35446394100006],[4.865623216000074,52.35466434600005],[4.865575057000058,52.354771217000064],[4.86529716900003,52.35538788900004],[4.865014357000064,52.356015487000036],[4.864926141000069,52.35621125000006],[4.86486209100002,52.356353385000034],[4.864806707000071,52.356476290000046],[4.864765101000046,52.356568620000075],[4.864689479000049,52.35673643500007],[4.864440022000053,52.35729001300007],[4.86435259700005,52.35748402200005],[4.864108201000022,52.35751448900004],[4.8635693810000475,52.35758165900006],[4.863249063000069,52.357621590000065],[4.86301652100002,52.35765057900005],[4.862822477000066,52.35762569700006],[4.86267050500004,52.357516557000054],[4.862039078000066,52.35706309200003],[4.8615343810000695,52.35670063900005],[4.861426264000045,52.35662299400008],[4.861437690000059,52.35654890100005],[4.861548588000062,52.35582980200007],[4.861617013000057,52.35538610900005],[4.861648414000058,52.35518249200004],[4.861663012000065,52.35508783300003],[4.861758441000063,52.35446903500008],[4.861820245000047,52.35406827500003],[4.861914728000045,52.35345561400004],[4.861923723000075,52.35339728500003],[4.861961852000036,52.353150044000074],[4.862022945000035,52.352753895000035],[4.862028654000028,52.352716877000034],[4.862032870000064,52.35268953500008],[4.862041937000072,52.35263074100004],[4.8620509380000385,52.35257237600007],[4.8620528370000216,52.35256006100008],[4.862054583000031,52.35254873700006],[4.862056107000058,52.352538852000066],[4.862084284000048,52.35235614100003],[4.86218433800002,52.35170735600008],[4.862408959000049,52.35111002200006],[4.862506045000032,52.350851840000075],[4.8625379480000674,52.350767000000076],[4.862695618000032,52.35034770900006],[4.862940972000047,52.34969524100006],[4.862957900000026,52.34965022400007],[4.862964395000063,52.349632952000036],[4.86297933700007,52.34959321600007],[4.863054765000072,52.34939263000007],[4.86332770000007,52.34866681200003],[4.863371931000074,52.34854918800005],[4.863445463000062,52.34856544100006]]]}},{"type":"Feature","properties":{"service_id":35,"population_total":1043.68,"thiessen_area_km2":0.19},"geometry":{"type":"Polygon","coordinates":[[[4.861116627000058,52.36081639500003],[4.861128390000033,52.36083043500008],[4.861418761000039,52.36117700700004],[4.86214586400007,52.36204484000007],[4.8621495630000595,52.362049255000045],[4.862157047000039,52.36205818700006],[4.86217313800006,52.36207739300005],[4.862391736000063,52.36233830000003],[4.862620722000031,52.36261160600003],[4.863752345000023,52.36396225100003],[4.863916884000048,52.36415863600007],[4.863929309000071,52.36419439100007],[4.86394402600007,52.36423674200006],[4.863985570000068,52.36435629200008],[4.86404770300004,52.36453508800008],[4.864054839000062,52.36455562200007],[4.864076821000026,52.364618878000044],[4.864088741000046,52.36465318000006],[4.864147909000053,52.36482344500007],[4.864134087000025,52.36485032100006],[4.8638532290000285,52.365396444000055],[4.863816874000065,52.36542582700008],[4.863465631000054,52.365709707000065],[4.863342732000035,52.36580903600003],[4.863161985000033,52.36592261100003],[4.8631435970000325,52.365934165000056],[4.861738354000067,52.36681717100004],[4.861691042000075,52.36684690100003],[4.861680040000067,52.36685381400008],[4.860396033000029,52.36657523700006],[4.860078394000027,52.36650632200008],[4.858424005000074,52.36614738800006],[4.858278910000024,52.36611590800004],[4.8582076740000275,52.36610045300006],[4.858137022000051,52.36608512400005],[4.858085990000063,52.36569830700006],[4.858059998000044,52.36550129300008],[4.8578865560000395,52.36418663100005],[4.857873174000076,52.364085198000055],[4.857793318000063,52.36347990300004],[4.8577794780000545,52.36337499700005],[4.858390099000076,52.36284216800004],[4.858451898000055,52.36278824200008],[4.8586816260000205,52.36258778100006],[4.859119473000021,52.36220571500007],[4.859243888000037,52.36209715000007],[4.859347156000069,52.36200703800006],[4.8594112700000665,52.36195109200003],[4.859826604000034,52.36158867100005],[4.860242841000058,52.36122546100006],[4.860444597000026,52.36104940800004],[4.860540593000053,52.36096564200005],[4.860923159000038,52.360631814000044],[4.860945584000035,52.36061224600007],[4.861116627000058,52.36081639500003]]]}},{"type":"Feature","properties":{"service_id":36,"population_total":307.61,"thiessen_area_km2":0.0636},"geometry":{"type":"Polygon","coordinates":[[[4.86301652100002,52.35765057900005],[4.863036506000071,52.35779503600003],[4.863250906000076,52.35934477100005],[4.863268595000022,52.35947263400004],[4.863317121000023,52.359823394000045],[4.863325666000037,52.35988516300006],[4.863328400000057,52.359904924000034],[4.863455441000042,52.36082320600008],[4.8634731000000215,52.36095085100004],[4.863522354000054,52.361306873000046],[4.8635259310000265,52.36133273000007],[4.86360219900007,52.36188401100003],[4.863622406000047,52.36203007300003],[4.863653330000034,52.36225359800005],[4.863705511000035,52.36263077400008],[4.863709971000048,52.36266300900007],[4.8638223950000565,52.36347564300007],[4.863902144000065,52.36405208900004],[4.863916884000048,52.36415863600007],[4.863752345000023,52.36396225100003],[4.862620722000031,52.36261160600003],[4.862391736000063,52.36233830000003],[4.86217313800006,52.36207739300005],[4.862157047000039,52.36205818700006],[4.8621495630000595,52.362049255000045],[4.86214586400007,52.36204484000007],[4.861418761000039,52.36117700700004],[4.861128390000033,52.36083043500008],[4.861116627000058,52.36081639500003],[4.860945584000035,52.36061224600007],[4.86118992300004,52.360223449000046],[4.861559959000033,52.35963464100007],[4.861936566000054,52.359035377000055],[4.862215485000036,52.35859155500003],[4.86243313500006,52.358245226000065],[4.862822477000066,52.35762569700006],[4.86301652100002,52.35765057900005]]]}},{"type":"Feature","properties":{"service_id":37,"population_total":571.28,"thiessen_area_km2":0.1248},"geometry":{"type":"Polygon","coordinates":[[[4.864352988000064,52.357484234000026],[4.864925281000069,52.35779442900008],[4.865465568000047,52.35808727600005],[4.865470185000049,52.35808977800008],[4.865641022000034,52.35818237500007],[4.865658498000073,52.35819184800005],[4.866356177000057,52.35857000500005],[4.866511271000036,52.35865406900007],[4.866792844000031,52.358806687000026],[4.867006368000034,52.358922422000035],[4.867054210000049,52.35894835300007],[4.867089710000073,52.35896759500008],[4.867077771000027,52.358994480000035],[4.867008016000057,52.359151559000054],[4.866879766000068,52.359440359000075],[4.866717708000067,52.359805289000064],[4.866638910000063,52.35998272900008],[4.866541633000054,52.36020178100006],[4.8665214230000515,52.360247291000064],[4.866476281000075,52.360348943000076],[4.866305062000038,52.36073450100008],[4.866262310000025,52.36083077300003],[4.8661318900000765,52.36112445800006],[4.866008428000043,52.361402474000045],[4.865786504000027,52.361902212000075],[4.865584389000048,52.36235734400003],[4.865496872000051,52.36255441900005],[4.865483563000055,52.36258438800007],[4.865463311000042,52.36262999200005],[4.865413695000029,52.36274171900004],[4.865381896000031,52.36281332600004],[4.865313449000041,52.36296745800007],[4.865144644000054,52.363347582000074],[4.864770700000065,52.36418964500007],[4.864753621000034,52.36422810500005],[4.864717358000064,52.36430976500003],[4.864660148000041,52.364438593000045],[4.8646544920000565,52.364442842000074],[4.864630446000035,52.36446090800007],[4.864513070000044,52.36454909500003],[4.86447916000003,52.36457457200004],[4.864338438000061,52.36468029800005],[4.864224352000065,52.364766012000075],[4.864147909000053,52.36482344500007],[4.864088741000046,52.36465318000006],[4.864076821000026,52.364618878000044],[4.864054839000062,52.36455562200007],[4.86404770300004,52.36453508800008],[4.863985570000068,52.36435629200008],[4.86394402600007,52.36423674200006],[4.863929309000071,52.36419439100007],[4.863916884000048,52.36415863600007],[4.863902144000065,52.36405208900004],[4.8638223950000565,52.36347564300007],[4.863709971000048,52.36266300900007],[4.863705511000035,52.36263077400008],[4.863653330000034,52.36225359800005],[4.863622406000047,52.36203007300003],[4.86360219900007,52.36188401100003],[4.8635259310000265,52.36133273000007],[4.863522354000054,52.361306873000046],[4.8634731000000215,52.36095085100004],[4.863455441000042,52.36082320600008],[4.863328400000057,52.359904924000034],[4.863325666000037,52.35988516300006],[4.863317121000023,52.359823394000045],[4.863268595000022,52.35947263400004],[4.863250906000076,52.35934477100005],[4.863036506000071,52.35779503600003],[4.86301652100002,52.35765057900005],[4.863249063000069,52.357621590000065],[4.8635693810000475,52.35758165900006],[4.864108201000022,52.35751448900004],[4.86435259700005,52.35748402200005],[4.864352988000064,52.357484234000026]]]}},{"type":"Feature","properties":{"service_id":38,"population_total":791.0,"thiessen_area_km2":0.139},"geometry":{"type":"Polygon","coordinates":[[[4.868354858000032,52.35910297800007],[4.8684785760000295,52.35917388300004],[4.868610541000066,52.359249514000055],[4.86880721700004,52.35936223300007],[4.868967331000022,52.35945399700006],[4.869129870000052,52.35954715100007],[4.869271842000046,52.35962851800008],[4.869398356000033,52.35970102500005],[4.869420120000029,52.359787020000056],[4.869427284000039,52.35981532900007],[4.8694400590000555,52.35986580400004],[4.86949615900005,52.36008747300008],[4.869503317000067,52.36011575500004],[4.8698464280000735,52.36147150000005],[4.86986851000006,52.36155875400004],[4.869917392000048,52.36175190400007],[4.869957746000068,52.361911355000075],[4.869979196000031,52.361996110000064],[4.8700318790000665,52.362204278000036],[4.870158487000026,52.36270454800007],[4.870180661000063,52.36279216500003],[4.870198421000055,52.36286234100004],[4.8703209440000705,52.36334646500006],[4.869949238000061,52.363418178000074],[4.869774085000074,52.36345197000003],[4.869427952000024,52.363518749000036],[4.869287291000035,52.363545886000054],[4.86911176600006,52.36357975000004],[4.8685683760000416,52.363684585000044],[4.868540560000042,52.36368995200007],[4.86840236300003,52.363716614000055],[4.868278284000041,52.36374055200008],[4.867546359000073,52.36388176100007],[4.867324450000069,52.363924574000066],[4.867242311000041,52.36394042100005],[4.867013707000069,52.363984525000035],[4.866956824000056,52.363995499000055],[4.866679210000029,52.36404905900008],[4.865750217000027,52.36422828700006],[4.86568771900005,52.36424034500004],[4.865636665000068,52.36425019600006],[4.865591755000025,52.364258860000064],[4.865536341000052,52.36426955100006],[4.865139424000063,52.36434612700003],[4.865093493000074,52.36435498800006],[4.864660148000041,52.364438593000045],[4.864717358000064,52.36430976500003],[4.864753621000034,52.36422810500005],[4.864770700000065,52.36418964500007],[4.865144644000054,52.363347582000074],[4.865313449000041,52.36296745800007],[4.865381896000031,52.36281332600004],[4.865413695000029,52.36274171900004],[4.865463311000042,52.36262999200005],[4.865483563000055,52.36258438800007],[4.865496872000051,52.36255441900005],[4.865584389000048,52.36235734400003],[4.865786504000027,52.361902212000075],[4.866008428000043,52.361402474000045],[4.8661318900000765,52.36112445800006],[4.866262310000025,52.36083077300003],[4.866305062000038,52.36073450100008],[4.866476281000075,52.360348943000076],[4.8665214230000515,52.360247291000064],[4.866541633000054,52.36020178100006],[4.866638910000063,52.35998272900008],[4.866717708000067,52.359805289000064],[4.866879766000068,52.359440359000075],[4.867008016000057,52.359151559000054],[4.867077771000027,52.358994480000035],[4.867089710000073,52.35896759500008],[4.868354858000032,52.35910297800007]]]}},{"type":"Feature","properties":{"service_id":39,"population_total":1032.69,"thiessen_area_km2":0.1456},"geometry":{"type":"Polygon","coordinates":[[[4.87072839800004,52.36383648600008],[4.871085051000023,52.364265411000076],[4.871171440000069,52.36436930600007],[4.871194984000056,52.36439762100008],[4.871406602000036,52.36465212200005],[4.871353204000059,52.364743273000045],[4.871306709000066,52.36482264000006],[4.871190712000043,52.36502064700005],[4.871106250000025,52.36516482400003],[4.871084569000061,52.36520183400006],[4.871001473000035,52.36534368000008],[4.870955112000047,52.36542281900006],[4.870668549000072,52.365911984000036],[4.870625339000071,52.36598574400006],[4.870446260000051,52.36629143400006],[4.870429149000074,52.36632064200006],[4.87042609100007,52.36632586200005],[4.870063370000025,52.36694502800003],[4.870021533000056,52.36701644400006],[4.869976185000041,52.367093854000075],[4.86951169200006,52.36788674600007],[4.8692793180000535,52.36778447800003],[4.869062395000071,52.36768900900006],[4.868151634000071,52.36728818100005],[4.867883707000033,52.36717026600007],[4.86758097400002,52.36703703300003],[4.867399058000046,52.366956971000036],[4.86727376500005,52.36690182900003],[4.867150437000021,52.36684755200008],[4.866567001000021,52.36659078100007],[4.866387771000063,52.36651190200007],[4.865778879000061,52.36624392700003],[4.865321111000071,52.36604246200005],[4.865227110000035,52.36600109200003],[4.864765892000037,52.36579810900008],[4.864629886000046,52.365738253000075],[4.864379103000033,52.36562788200007],[4.864322614000059,52.36560302100003],[4.864221333000046,52.36555844700007],[4.864081593000037,52.36549694800004],[4.863940040000045,52.365434650000054],[4.8638532290000285,52.365396444000055],[4.864134087000025,52.36485032100006],[4.864147909000053,52.36482344500007],[4.864224352000065,52.364766012000075],[4.864338438000061,52.36468029800005],[4.86447916000003,52.36457457200004],[4.864513070000044,52.36454909500003],[4.864630446000035,52.36446090800007],[4.8646544920000565,52.364442842000074],[4.864660148000041,52.364438593000045],[4.865093493000074,52.36435498800006],[4.865139424000063,52.36434612700003],[4.865536341000052,52.36426955100006],[4.865591755000025,52.364258860000064],[4.865636665000068,52.36425019600006],[4.86568771900005,52.36424034500004],[4.865750217000027,52.36422828700006],[4.866679210000029,52.36404905900008],[4.866956824000056,52.363995499000055],[4.867013707000069,52.363984525000035],[4.867242311000041,52.36394042100005],[4.867324450000069,52.363924574000066],[4.867546359000073,52.36388176100007],[4.868278284000041,52.36374055200008],[4.86840236300003,52.363716614000055],[4.868540560000042,52.36368995200007],[4.8685683760000416,52.363684585000044],[4.86911176600006,52.36357975000004],[4.869287291000035,52.363545886000054],[4.869427952000024,52.363518749000036],[4.869774085000074,52.36345197000003],[4.869949238000061,52.363418178000074],[4.8703209440000705,52.36334646500006],[4.87072839800004,52.36383648600008]]]}},{"type":"Feature","properties":{"service_id":40,"population_total":637.19,"thiessen_area_km2":0.1735},"geometry":{"type":"Polygon","coordinates":[[[4.859641700000054,52.35635587300004],[4.860190173000035,52.35643797100005],[4.861009111000044,52.356560553000065],[4.861386696000068,52.35661707100007],[4.861426264000045,52.35662299400008],[4.8615343810000695,52.35670063900005],[4.862039078000066,52.35706309200003],[4.86267050500004,52.357516557000054],[4.862822477000066,52.35762569700006],[4.86243313500006,52.358245226000065],[4.862215485000036,52.35859155500003],[4.861936566000054,52.359035377000055],[4.861559959000033,52.35963464100007],[4.86118992300004,52.360223449000046],[4.860945584000035,52.36061224600007],[4.860923159000038,52.360631814000044],[4.860540593000053,52.36096564200005],[4.860444597000026,52.36104940800004],[4.860242841000058,52.36122546100006],[4.859826604000034,52.36158867100005],[4.8594112700000665,52.36195109200003],[4.859347156000069,52.36200703800006],[4.859243888000037,52.36209715000007],[4.859119473000021,52.36220571500007],[4.8586816260000205,52.36258778100006],[4.858451898000055,52.36278824200008],[4.858390099000076,52.36284216800004],[4.8577794780000545,52.36337499700005],[4.857500464000054,52.36296814200006],[4.857426651000026,52.36286050800004],[4.856923879000021,52.36212737000005],[4.856789866000042,52.36193195300007],[4.8567586250000545,52.36188639800008],[4.85673747200002,52.361855553000055],[4.856638000000032,52.36171050300004],[4.85650516000004,52.361516797000036],[4.856478450000054,52.36147784900004],[4.856455459000074,52.36144432300006],[4.856373713000039,52.36120317400008],[4.856331626000042,52.361079017000066],[4.856400762000021,52.360975652000036],[4.85656526300005,52.360729708000065],[4.85673715300004,52.36047271500007],[4.85706964600007,52.359975605000045],[4.857151894000026,52.35985263600003],[4.857883034000054,52.35875951000003],[4.858015860000023,52.35856092200004],[4.858402554000065,52.357982777000075],[4.858908911000071,52.357225723000056],[4.858924296000055,52.35720272100008],[4.858959175000052,52.35715057400006],[4.859138683000026,52.35688219200006],[4.859459801000071,52.35640208900003],[4.859616557000038,52.356352110000046],[4.859641700000054,52.35635587300004]]]}},{"type":"Feature","properties":{"service_id":41,"population_total":296.62,"thiessen_area_km2":0.0855},"geometry":{"type":"Polygon","coordinates":[[[4.857085056000074,52.35584757700008],[4.857384714000034,52.355917548000036],[4.858557948000055,52.35619150300005],[4.858764677000067,52.35623977500006],[4.858830361000059,52.35625511200004],[4.859459801000071,52.35640208900003],[4.859138683000026,52.35688219200006],[4.858959175000052,52.35715057400006],[4.858924296000055,52.35720272100008],[4.858908911000071,52.357225723000056],[4.858402554000065,52.357982777000075],[4.858015860000023,52.35856092200004],[4.857883034000054,52.35875951000003],[4.857151894000026,52.35985263600003],[4.85706964600007,52.359975605000045],[4.85673715300004,52.36047271500007],[4.85656526300005,52.360729708000065],[4.856400762000021,52.360975652000036],[4.856331626000042,52.361079017000066],[4.85617546900005,52.36094196500005],[4.856058802000064,52.36083957200003],[4.855726606000076,52.36054801900008],[4.855450862000055,52.360306011000034],[4.855256664000024,52.360135573000036],[4.854958263000071,52.35987368000008],[4.8553470350000225,52.35897067600007],[4.856026237000037,52.35739308700005],[4.856063576000054,52.35730636000005],[4.856065306000062,52.35730234200008],[4.856557805000023,52.356158410000035],[4.856607827000062,52.35604222300003],[4.856727567000064,52.35576410200008],[4.857085056000074,52.35584757700008]]]}},{"type":"Feature","properties":{"service_id":42,"population_total":1933.55,"thiessen_area_km2":0.1709},"geometry":{"type":"Polygon","coordinates":[[[4.850073160000022,52.35832244800008],[4.850322773000073,52.35832393600003],[4.850754478000056,52.35832651000004],[4.851059597000074,52.358328329000074],[4.851625590000026,52.35833170300003],[4.851972918000058,52.35833377400007],[4.853135800000075,52.35893361400008],[4.853408238000043,52.35907414300004],[4.854850222000039,52.359817950000036],[4.854958263000071,52.35987368000008],[4.855256664000024,52.360135573000036],[4.855450862000055,52.360306011000034],[4.855726606000076,52.36054801900008],[4.856058802000064,52.36083957200003],[4.85617546900005,52.36094196500005],[4.856331626000042,52.361079017000066],[4.856373713000039,52.36120317400008],[4.856455459000074,52.36144432300006],[4.856377971000029,52.361473200000034],[4.8557906760000265,52.36169206400007],[4.854767112000047,52.36207350900003],[4.854640754000059,52.36212059800005],[4.85366448000002,52.362484420000044],[4.853535625000063,52.36253244000005],[4.852336270000023,52.36297939600007],[4.852069048000033,52.36307898000007],[4.8507033960000285,52.36193439500005],[4.850540580000029,52.36179793500003],[4.850491910000073,52.36175714400008],[4.849894545000041,52.36125647800003],[4.849875301000054,52.36124034900007],[4.849851236000063,52.36122018000003],[4.848621797000021,52.360189759000036],[4.8487091530000725,52.35982599500005],[4.848709240000062,52.35982563200008],[4.84889744700007,52.35904190400004],[4.8489797940000585,52.35887845800005],[4.848997189000045,52.35884393100008],[4.849167765000061,52.35850536500004],[4.849207203000049,52.35842708600006],[4.84924524500002,52.358351578000054],[4.849262357000043,52.35831761400004],[4.850073160000022,52.35832244800008]]]}},{"type":"Feature","properties":{"service_id":43,"population_total":1834.67,"thiessen_area_km2":0.1973},"geometry":{"type":"Polygon","coordinates":[[[4.856478450000054,52.36147784900004],[4.85650516000004,52.361516797000036],[4.856638000000032,52.36171050300004],[4.85673747200002,52.361855553000055],[4.8567586250000545,52.36188639800008],[4.856789866000042,52.36193195300007],[4.856923879000021,52.36212737000005],[4.857426651000026,52.36286050800004],[4.857500464000054,52.36296814200006],[4.8577794780000545,52.36337499700005],[4.857793318000063,52.36347990300004],[4.857873174000076,52.364085198000055],[4.8578865560000395,52.36418663100005],[4.858059998000044,52.36550129300008],[4.858085990000063,52.36569830700006],[4.858137022000051,52.36608512400005],[4.858103805000042,52.366112232000035],[4.857312278000052,52.36675818500004],[4.857227710000075,52.366827199000056],[4.85582265000005,52.36797384700003],[4.85464489900005,52.367337665000036],[4.854303808000054,52.36715341900003],[4.8531589380000355,52.366534999000066],[4.853156342000034,52.36652676500006],[4.853154681000035,52.366521499000044],[4.853038365000032,52.366152664000026],[4.852880884000058,52.36565329800004],[4.852787616000057,52.36535754800008],[4.85265475500006,52.36493624800005],[4.852645426000038,52.36490666700007],[4.8525945440000555,52.364745320000054],[4.8525698590000275,52.364667043000054],[4.852338173000021,52.36393237200008],[4.8523146350000275,52.36385773200004],[4.85213486400005,52.36328768000004],[4.852069048000033,52.36307898000007],[4.852336270000023,52.36297939600007],[4.853535625000063,52.36253244000005],[4.85366448000002,52.362484420000044],[4.854640754000059,52.36212059800005],[4.854767112000047,52.36207350900003],[4.8557906760000265,52.36169206400007],[4.856377971000029,52.361473200000034],[4.856455459000074,52.36144432300006],[4.856478450000054,52.36147784900004]]]}},{"type":"Feature","properties":{"service_id":44,"population_total":999.73,"thiessen_area_km2":0.2132},"geometry":{"type":"Polygon","coordinates":[[[4.849851236000063,52.36122018000003],[4.849875301000054,52.36124034900007],[4.849894545000041,52.36125647800003],[4.850491910000073,52.36175714400008],[4.850540580000029,52.36179793500003],[4.8507033960000285,52.36193439500005],[4.852069048000033,52.36307898000007],[4.85213486400005,52.36328768000004],[4.8523146350000275,52.36385773200004],[4.852338173000021,52.36393237200008],[4.8525698590000275,52.364667043000054],[4.8525945440000555,52.364745320000054],[4.852645426000038,52.36490666700007],[4.85265475500006,52.36493624800005],[4.852787616000057,52.36535754800008],[4.852880884000058,52.36565329800004],[4.853038365000032,52.366152664000026],[4.853154681000035,52.366521499000044],[4.853156342000034,52.36652676500006],[4.8531589380000355,52.366534999000066],[4.853128296000023,52.36653477600004],[4.8529934760000515,52.36653379300003],[4.852505759000053,52.36653023700006],[4.851903908000054,52.36652584900003],[4.851505700000075,52.36652294600003],[4.850192045000028,52.36651336800003],[4.849872975000039,52.36651104200007],[4.848913444000061,52.366504046000045],[4.8486585670000295,52.36650218800003],[4.847578431000045,52.36649431200004],[4.847392953000053,52.36617864100003],[4.847318770000072,52.366052386000035],[4.846947567000029,52.365420622000045],[4.846766090000074,52.36511175900006],[4.846664158000067,52.36493827700008],[4.84665646600007,52.36492518500006],[4.846318179000036,52.36434944200005],[4.846207395000022,52.364160894000065],[4.846203083000034,52.364153556000076],[4.846059989000025,52.36391001900006],[4.846209335000026,52.36369313800003],[4.846668274000024,52.36302666600005],[4.847027930000024,52.362504373000036],[4.847459762000028,52.36187726700007],[4.847797893000063,52.361386234000065],[4.8478945590000535,52.36124585500005],[4.848020865000024,52.36106243300003],[4.848178262000033,52.36083386100006],[4.848621797000021,52.360189759000036],[4.849851236000063,52.36122018000003]]]}},{"type":"Feature","properties":{"service_id":45,"population_total":4218.65,"thiessen_area_km2":0.5823},"geometry":{"type":"Polygon","coordinates":[[[4.846203083000034,52.364153556000076],[4.846207395000022,52.364160894000065],[4.846318179000036,52.36434944200005],[4.84665646600007,52.36492518500006],[4.846664158000067,52.36493827700008],[4.846766090000074,52.36511175900006],[4.846947567000029,52.365420622000045],[4.847318770000072,52.366052386000035],[4.847392953000053,52.36617864100003],[4.847578431000045,52.36649431200004],[4.847529113000064,52.36742088500006],[4.847509733000038,52.36778498500007],[4.8474852390000365,52.368245168000044],[4.847408401000052,52.36968879800003],[4.847391670000036,52.37000314000005],[4.84738294400006,52.37016709200003],[4.847059262000073,52.37040531700006],[4.846737703000031,52.37064198000007],[4.84642128400003,52.37087486000007],[4.846099919000039,52.37111138000006],[4.845230006000065,52.37175162300008],[4.844385560000035,52.372373123000045],[4.844332727000051,52.37241200700004],[4.842415072000051,52.37382337400004],[4.842078546000039,52.373776915000064],[4.839065704000063,52.373360982000065],[4.838197668000021,52.373241147000044],[4.838187178000055,52.37323969900007],[4.838187623000067,52.37323025900008],[4.838264904000027,52.37159127000007],[4.838266469000075,52.37155808300008],[4.838269567000054,52.37149238300003],[4.838296064000076,52.37093041900005],[4.838319468000066,52.37043404900004],[4.838386596000021,52.36901038800005],[4.838426642000059,52.36816109000006],[4.838441039000031,52.367855751000036],[4.838476244000049,52.36710910900007],[4.83849904300007,52.366625578000026],[4.838549881000063,52.36554739400003],[4.838575849000051,52.364996649000034],[4.839121113000033,52.364477272000045],[4.839146627000048,52.36445296900007],[4.839626800000076,52.36399559300003],[4.841691765000064,52.36396812500004],[4.842672169000025,52.363955084000054],[4.84449322200004,52.36393086000004],[4.845485390000022,52.36391766200006],[4.84581466100002,52.363913282000055],[4.846018696000044,52.36391056800005],[4.846059989000025,52.36391001900006],[4.846203083000034,52.364153556000076]]]}},{"type":"Feature","properties":{"service_id":46,"population_total":2065.38,"thiessen_area_km2":0.3401},"geometry":{"type":"Polygon","coordinates":[[[4.839793709000048,52.357815935000076],[4.839866842000049,52.35782578300007],[4.840169136000043,52.35786649200003],[4.840605734000064,52.35792528700006],[4.840745601000037,52.35794412200005],[4.841235476000065,52.35801009200003],[4.84188130900003,52.35809706400005],[4.841917608000074,52.35810195200003],[4.844734987000038,52.35848135900005],[4.844834108000043,52.358494707000034],[4.844881149000059,52.35850104200006],[4.845300849000068,52.358557562000044],[4.8481468220000465,52.35894082000004],[4.848544359000073,52.35899435500005],[4.848547052000072,52.358994718000076],[4.84889744700007,52.35904190400004],[4.848709240000062,52.35982563200008],[4.8487091530000725,52.35982599500005],[4.848621797000021,52.360189759000036],[4.848178262000033,52.36083386100006],[4.848020865000024,52.36106243300003],[4.8478945590000535,52.36124585500005],[4.847797893000063,52.361386234000065],[4.847459762000028,52.36187726700007],[4.847027930000024,52.362504373000036],[4.846668274000024,52.36302666600005],[4.846209335000026,52.36369313800003],[4.846059989000025,52.36391001900006],[4.846018696000044,52.36391056800005],[4.84581466100002,52.363913282000055],[4.845485390000022,52.36391766200006],[4.84449322200004,52.36393086000004],[4.842672169000025,52.363955084000054],[4.841691765000064,52.36396812500004],[4.839626800000076,52.36399559300003],[4.839648140000065,52.36292741700004],[4.839690012000062,52.36083151100007],[4.839690340000061,52.360815073000026],[4.839700674000028,52.36029781600007],[4.83970314000004,52.36017439500006],[4.839708037000037,52.35992926000006],[4.839708822000034,52.35988998200003],[4.839711277000049,52.359767102000035],[4.839734065000073,52.35862644600007],[4.83973663200004,52.35849795400003],[4.839746974000036,52.357980276000035],[4.839750374000062,52.35781009900006],[4.839793709000048,52.357815935000076]]]}},{"type":"Feature","properties":{"service_id":47,"population_total":2285.1,"thiessen_area_km2":0.2438},"geometry":{"type":"Polygon","coordinates":[[[4.845041241000047,52.35413339400003],[4.845100424000066,52.35418461800003],[4.845194034000031,52.35426563900006],[4.845767663000061,52.35476212700007],[4.845854835000068,52.35483757700007],[4.846409270000038,52.355317451000076],[4.8466816450000465,52.35555319700006],[4.846741916000042,52.35560536300005],[4.846840548000046,52.35569073100004],[4.847392039000056,52.35616805700005],[4.848130355000023,52.35680708500007],[4.8483715910000456,52.35701587900007],[4.849084677000064,52.35763307000008],[4.849117677000038,52.35776020800006],[4.849174245000029,52.35797814800003],[4.849262357000043,52.35831761400004],[4.84924524500002,52.358351578000054],[4.849207203000049,52.35842708600006],[4.849167765000061,52.35850536500004],[4.848997189000045,52.35884393100008],[4.8489797940000585,52.35887845800005],[4.84889744700007,52.35904190400004],[4.848547052000072,52.358994718000076],[4.848544359000073,52.35899435500005],[4.8481468220000465,52.35894082000004],[4.845300849000068,52.358557562000044],[4.844881149000059,52.35850104200006],[4.844834108000043,52.358494707000034],[4.844734987000038,52.35848135900005],[4.841917608000074,52.35810195200003],[4.84188130900003,52.35809706400005],[4.841235476000065,52.35801009200003],[4.840745601000037,52.35794412200005],[4.840605734000064,52.35792528700006],[4.840169136000043,52.35786649200003],[4.839866842000049,52.35782578300007],[4.839793709000048,52.357815935000076],[4.839750374000062,52.35781009900006],[4.839741905000039,52.357774636000045],[4.839698422000026,52.35759255600004],[4.839544200000034,52.35694676400004],[4.83943289900003,52.356480704000035],[4.8394321940000395,52.356477752000046],[4.83938358100005,52.35627419200006],[4.839260988000035,52.355760848000045],[4.839333948000046,52.35566266600006],[4.839384267000071,52.355594953000036],[4.8394296400000485,52.35557678400005],[4.839656327000057,52.35548601200003],[4.840014642000028,52.355342532000066],[4.840799141000048,52.35502839600008],[4.841257018000022,52.35484504900006],[4.841991351000047,52.35455100100006],[4.842531390000033,52.354334754000035],[4.842797946000076,52.35422801700008],[4.843181069000025,52.35407460300007],[4.844308814000044,52.35362302100003],[4.844360616000074,52.35360227800004],[4.844406415000037,52.35358393900003],[4.845041241000047,52.35413339400003]]]}},{"type":"Feature","properties":{"service_id":48,"population_total":2065.38,"thiessen_area_km2":0.1865},"geometry":{"type":"Polygon","coordinates":[[[4.846116813000037,52.350747127000034],[4.84651754500004,52.35082941100006],[4.847044020000055,52.350937514000066],[4.848139743000047,52.35116250200008],[4.8493691500000295,52.35141494000004],[4.8495146030000456,52.351444806000075],[4.8496630950000394,52.35230887800003],[4.849746693000043,52.35279533100004],[4.8497764670000265,52.35296858400005],[4.8498187640000765,52.35321470800005],[4.85000330500003,52.35428854500003],[4.850004034000051,52.35429278600003],[4.850067883000065,52.354664324000055],[4.850079446000052,52.354731609000055],[4.850132117000044,52.35503810100005],[4.850004143000035,52.35535514900005],[4.8497709270000655,52.355932927000026],[4.849607074000062,52.35633886200003],[4.849596801000075,52.35636431300003],[4.849484541000038,52.35664243100007],[4.849362771000074,52.35694410800005],[4.849084677000064,52.35763307000008],[4.8483715910000456,52.35701587900007],[4.848130355000023,52.35680708500007],[4.847392039000056,52.35616805700005],[4.846840548000046,52.35569073100004],[4.846741916000042,52.35560536300005],[4.8466816450000465,52.35555319700006],[4.846409270000038,52.355317451000076],[4.845854835000068,52.35483757700007],[4.845767663000061,52.35476212700007],[4.845194034000031,52.35426563900006],[4.845100424000066,52.35418461800003],[4.845041241000047,52.35413339400003],[4.844406415000037,52.35358393900003],[4.844424007000043,52.35352482600007],[4.844745678000038,52.35244392200008],[4.844762074000073,52.35238882600004],[4.845043073000056,52.351444592000064],[4.845047728000054,52.351428948000034],[4.845091532000026,52.35128175600005],[4.845202810000046,52.35090783100003],[4.8453478340000515,52.35088181200007],[4.846108288000039,52.35074537700007],[4.846116813000037,52.350747127000034]]]}},{"type":"Feature","properties":{"service_id":49,"population_total":1197.48,"thiessen_area_km2":0.0892},"geometry":{"type":"Polygon","coordinates":[[[4.851876892000064,52.34956055400005],[4.851904403000049,52.34959891300008],[4.852228814000057,52.35005124500003],[4.852400854000052,52.350291123000034],[4.853024627000025,52.35116086000005],[4.853044620000048,52.35118873700003],[4.85291869100007,52.35152622600003],[4.852635960000043,52.35228394600006],[4.852545762000034,52.35252567800006],[4.852464436000048,52.35274363100007],[4.852141276000054,52.35360969900006],[4.8520861870000545,52.353757339000026],[4.850848455000062,52.35456859000004],[4.85074435100006,52.35463682300008],[4.850132117000044,52.35503810100005],[4.850079446000052,52.354731609000055],[4.850067883000065,52.354664324000055],[4.850004034000051,52.35429278600003],[4.85000330500003,52.35428854500003],[4.8498187640000765,52.35321470800005],[4.8497764670000265,52.35296858400005],[4.849746693000043,52.35279533100004],[4.8496630950000394,52.35230887800003],[4.8495146030000456,52.351444806000075],[4.84970661400007,52.351260558000035],[4.850114551000047,52.350869114000034],[4.850883472000021,52.35013128000003],[4.850901287000056,52.35011418500005],[4.851442488000032,52.34959486500003],[4.851566238000032,52.34947611800004],[4.851714382000068,52.34933396300005],[4.851876892000064,52.34956055400005]]]}},{"type":"Feature","properties":{"service_id":50,"population_total":1120.58,"thiessen_area_km2":0.1234},"geometry":{"type":"Polygon","coordinates":[[[4.85081494700006,52.345862476000036],[4.85097477000005,52.34607058200004],[4.851034026000036,52.34614774000005],[4.851880512000037,52.34724995300007],[4.851799364000044,52.348267915000065],[4.851797368000064,52.34829294900004],[4.851775143000054,52.34857174700005],[4.851717163000046,52.34929908000004],[4.851714382000068,52.34933396300005],[4.851566238000032,52.34947611800004],[4.851442488000032,52.34959486500003],[4.850901287000056,52.35011418500005],[4.850883472000021,52.35013128000003],[4.850114551000047,52.350869114000034],[4.84970661400007,52.351260558000035],[4.8495146030000456,52.351444806000075],[4.8493691500000295,52.35141494000004],[4.848139743000047,52.35116250200008],[4.847044020000055,52.350937514000066],[4.84651754500004,52.35082941100006],[4.846116813000037,52.350747127000034],[4.846108288000039,52.35074537700007],[4.846126637000054,52.35072579800004],[4.846202197000025,52.35064517700005],[4.8468225740000435,52.349983243000054],[4.846845556000062,52.34995872200005],[4.847260059000064,52.349516453000035],[4.847846065000056,52.34889119300004],[4.848121302000038,52.348597519000066],[4.84843135400007,52.34826669800003],[4.849382071000036,52.34725229700007],[4.8497392150000564,52.346871229000044],[4.850438465000025,52.34612513900004],[4.850629318000074,52.34592150200007],[4.850756259000036,52.345786058000044],[4.85081494700006,52.345862476000036]]]}},{"type":"Feature","properties":{"service_id":51,"population_total":747.05,"thiessen_area_km2":0.0951},"geometry":{"type":"Polygon","coordinates":[[[4.850451123000028,52.345066012000075],[4.85054767500003,52.345293851000065],[4.850756259000036,52.345786058000044],[4.850629318000074,52.34592150200007],[4.850438465000025,52.34612513900004],[4.8497392150000564,52.346871229000044],[4.849382071000036,52.34725229700007],[4.84843135400007,52.34826669800003],[4.848121302000038,52.348597519000066],[4.847846065000056,52.34889119300004],[4.847260059000064,52.349516453000035],[4.846845556000062,52.34995872200005],[4.8468225740000435,52.349983243000054],[4.846202197000025,52.35064517700005],[4.846126637000054,52.35072579800004],[4.846108288000039,52.35074537700007],[4.8453478340000515,52.35088181200007],[4.845202810000046,52.35090783100003],[4.8451619050000545,52.35083333400007],[4.845013039000037,52.35056221800005],[4.844623087000059,52.34985203200006],[4.845230205000064,52.349205676000054],[4.845483176000073,52.34893635600008],[4.846037444000046,52.34834626500003],[4.846376243000066,52.34798557000005],[4.846980546000054,52.34734221100007],[4.847354675000076,52.34694390200008],[4.847657679000065,52.34662131400006],[4.848173261000056,52.34607241000003],[4.849452625000026,52.34471036100007],[4.850451123000028,52.345066012000075]]]}},{"type":"Feature","properties":{"service_id":52,"population_total":2318.06,"thiessen_area_km2":0.2295},"geometry":{"type":"Polygon","coordinates":[[[4.843748355000059,52.348821172000044],[4.843784508000056,52.348863778000066],[4.844391494000035,52.34957910300005],[4.844479730000046,52.34968308800006],[4.844623087000059,52.34985203200006],[4.845013039000037,52.35056221800005],[4.8451619050000545,52.35083333400007],[4.845202810000046,52.35090783100003],[4.845091532000026,52.35128175600005],[4.845047728000054,52.351428948000034],[4.845043073000056,52.351444592000064],[4.844762074000073,52.35238882600004],[4.844745678000038,52.35244392200008],[4.844424007000043,52.35352482600007],[4.844406415000037,52.35358393900003],[4.844360616000074,52.35360227800004],[4.844308814000044,52.35362302100003],[4.843181069000025,52.35407460300007],[4.842797946000076,52.35422801700008],[4.842531390000033,52.354334754000035],[4.841991351000047,52.35455100100006],[4.841257018000022,52.35484504900006],[4.840799141000048,52.35502839600008],[4.840014642000028,52.355342532000066],[4.839656327000057,52.35548601200003],[4.8394296400000485,52.35557678400005],[4.839384267000071,52.355594953000036],[4.83937377500007,52.355450907000034],[4.839351057000044,52.35513901200005],[4.839347553000039,52.35509091200004],[4.839257451000037,52.353853910000055],[4.839243525000029,52.35366271700008],[4.839140611000062,52.35224980900006],[4.839128105000043,52.352078121000034],[4.839090804000023,52.35156601800003],[4.839053378000074,52.35105220300005],[4.839022869000075,52.35063334900008],[4.8389988750000725,52.35030394300003],[4.838982878000024,52.35008432600006],[4.839974152000025,52.349695702000076],[4.839978547000044,52.34969397900005],[4.841607838000073,52.34905522300005],[4.841888076000032,52.34894535700005],[4.842588871000032,52.34867061300008],[4.84275662400006,52.34860484600006],[4.842832067000074,52.34857526900004],[4.843016096000042,52.34850312100008],[4.8433630530000755,52.34836709800004],[4.843748355000059,52.348821172000044]]]}},{"type":"Feature","properties":{"service_id":53,"population_total":2658.63,"thiessen_area_km2":0.2616},"geometry":{"type":"Polygon","coordinates":[[[4.83527564000002,52.34592306900004],[4.8352912830000605,52.34596897500006],[4.835846402000072,52.347597981000035],[4.83592141400004,52.347818104000055],[4.8359411000000705,52.34787587400007],[4.835329758000057,52.34867316400005],[4.834973209000054,52.34913816200003],[4.8349336740000695,52.34918972200006],[4.834097821000057,52.350279810000075],[4.833992886000033,52.35041666200004],[4.833915101000059,52.35051810700003],[4.833824320000076,52.350636500000064],[4.833401778000052,52.35118756300005],[4.833364680000045,52.35123594500004],[4.833254921000048,52.351379089000034],[4.833095704000073,52.35158673400008],[4.833037182000055,52.35166305600006],[4.833026695000058,52.35167673300003],[4.832265736000068,52.35266914600004],[4.831412703000069,52.35378164000008],[4.831391794000069,52.353808908000076],[4.830785457000047,52.35368592900005],[4.8301765140000725,52.35356242200004],[4.829594744000076,52.35298167000008],[4.828543361000072,52.351932127000055],[4.828176185000075,52.35156559400008],[4.827992031000065,52.351381762000074],[4.8279237240000725,52.35131357500006],[4.827962619000061,52.35127170700008],[4.82879250700006,52.350378385000056],[4.828901121000058,52.35026146900003],[4.829305173000023,52.349826532000066],[4.829503061000025,52.34961351900006],[4.830720971000062,52.34830251600005],[4.831295343000022,52.34768424100008],[4.831581468000024,52.34737624500008],[4.832558196000036,52.34632485900005],[4.832823290000022,52.34603950200005],[4.83288692800005,52.34597100000008],[4.833911196000031,52.34486844000003],[4.834646522000071,52.344076908000034],[4.83527564000002,52.34592306900004]]]}},{"type":"Feature","properties":{"service_id":54,"population_total":2394.96,"thiessen_area_km2":0.3066},"geometry":{"type":"Polygon","coordinates":[[[4.837111486000026,52.348462289000054],[4.83766330900005,52.34873877700005],[4.837826990000053,52.348905681000076],[4.8380392330000745,52.34912210200008],[4.838768497000046,52.34986572400004],[4.838982878000024,52.35008432600006],[4.8389988750000725,52.35030394300003],[4.839022869000075,52.35063334900008],[4.839053378000074,52.35105220300005],[4.839090804000023,52.35156601800003],[4.839128105000043,52.352078121000034],[4.839140611000062,52.35224980900006],[4.839243525000029,52.35366271700008],[4.839257451000037,52.353853910000055],[4.839347553000039,52.35509091200004],[4.839351057000044,52.35513901200005],[4.83937377500007,52.355450907000034],[4.839384267000071,52.355594953000036],[4.839333948000046,52.35566266600006],[4.839260988000035,52.355760848000045],[4.8385030600000505,52.35567593400003],[4.837926688000039,52.35561136000007],[4.8377340300000355,52.355589775000055],[4.836012215000039,52.35539687100004],[4.83468627700006,52.355248319000054],[4.8338201940000545,52.35515128700007],[4.833463762000065,52.35511135400003],[4.832963631000041,52.355055322000055],[4.832063159000029,52.35434127900004],[4.832006171000046,52.35429608900006],[4.831940086000031,52.35424368500003],[4.831417983000051,52.35382967500004],[4.831391794000069,52.353808908000076],[4.831412703000069,52.35378164000008],[4.832265736000068,52.35266914600004],[4.833026695000058,52.35167673300003],[4.833037182000055,52.35166305600006],[4.833095704000073,52.35158673400008],[4.833254921000048,52.351379089000034],[4.833364680000045,52.35123594500004],[4.833401778000052,52.35118756300005],[4.833824320000076,52.350636500000064],[4.833915101000059,52.35051810700003],[4.833992886000033,52.35041666200004],[4.834097821000057,52.350279810000075],[4.8349336740000695,52.34918972200006],[4.834973209000054,52.34913816200003],[4.835329758000057,52.34867316400005],[4.8359411000000705,52.34787587400007],[4.837111486000026,52.348462289000054]]]}},{"type":"Feature","properties":{"service_id":55,"population_total":4394.43,"thiessen_area_km2":0.3551},"geometry":{"type":"Polygon","coordinates":[[[4.823705519000043,52.34684641000007],[4.823732032000066,52.34686717400007],[4.824550827000053,52.34750841300007],[4.8247214570000665,52.347642042000075],[4.824887720000049,52.34843585200008],[4.824901304000036,52.34850070700003],[4.824927639000066,52.34862643900004],[4.825098525000044,52.34944232000004],[4.825137719000054,52.349629451000055],[4.824634648000028,52.35007597100008],[4.823935628000072,52.35069641300004],[4.823909956000023,52.35071919900008],[4.823404700000026,52.351167658000065],[4.823262550000038,52.35129382900004],[4.8226541230000635,52.35183386300008],[4.822118622000062,52.35230916800003],[4.821755801000052,52.35215512500008],[4.821490804000064,52.35204261500007],[4.8214207070000725,52.352012854000066],[4.819854390000046,52.35134784200005],[4.81820893400004,52.350649230000045],[4.8170275910000555,52.350147666000055],[4.81557394500004,52.34953049000006],[4.815169347000051,52.34935871000005],[4.8150502290000645,52.349185369000054],[4.815039240000033,52.349169378000056],[4.814543959000048,52.348448648000044],[4.814297573000033,52.348090107000075],[4.8142815350000205,52.34806676900007],[4.814163258000065,52.347894653000026],[4.813598647000049,52.34707303300007],[4.815248989000054,52.34677202700004],[4.8156053910000765,52.34670702300008],[4.815857139000059,52.346661107000045],[4.81599152900003,52.34663659600005],[4.816875941000035,52.34647528800008],[4.817480504000059,52.34636502200004],[4.817715029000055,52.346322247000046],[4.81814620800003,52.34624360400005],[4.819355692000045,52.34602300600005],[4.8204470230000425,52.34582395800004],[4.8220310490000315,52.345535048000045],[4.823705519000043,52.34684641000007]]]}},{"type":"Feature","properties":{"service_id":56,"population_total":1801.72,"thiessen_area_km2":0.1803},"geometry":{"type":"Polygon","coordinates":[[[4.813598647000049,52.34707303300007],[4.814163258000065,52.347894653000026],[4.8142815350000205,52.34806676900007],[4.814297573000033,52.348090107000075],[4.814543959000048,52.348448648000044],[4.815039240000033,52.349169378000056],[4.8150502290000645,52.349185369000054],[4.815169347000051,52.34935871000005],[4.8152137010000615,52.34972963200005],[4.815322814000069,52.35064211500003],[4.815507083000057,52.35218311500006],[4.815669734000039,52.35354332500003],[4.815676864000068,52.35360294900005],[4.815730493000046,52.354051438000056],[4.815906716000029,52.35552514900007],[4.815986126000041,52.356189233000066],[4.814421932000073,52.35500538500003],[4.813681577000068,52.35444505300006],[4.813241321000021,52.35411184900005],[4.812022672000069,52.35318952400007],[4.811323533000063,52.35266038600008],[4.811387060000072,52.35242297700006],[4.811574394000047,52.35172287700004],[4.811650709000048,52.35143767400007],[4.81166378100005,52.35138882200005],[4.81173757800002,52.35111303000008],[4.811910545000046,52.350466622000056],[4.812149029000068,52.34957536500008],[4.812155807000067,52.34955003400006],[4.812530159000062,52.34815101600003],[4.812740258000076,52.34736583800003],[4.812832791000062,52.347020024000074],[4.812905434000072,52.34674854600007],[4.813598647000049,52.34707303300007]]]}},{"type":"Feature","properties":{"service_id":57,"population_total":999.73,"thiessen_area_km2":0.213},"geometry":{"type":"Polygon","coordinates":[[[4.81557394500004,52.34953049000006],[4.8170275910000555,52.350147666000055],[4.81820893400004,52.350649230000045],[4.819854390000046,52.35134784200005],[4.8214207070000725,52.352012854000066],[4.821490804000064,52.35204261500007],[4.821755801000052,52.35215512500008],[4.822118622000062,52.35230916800003],[4.822061657000063,52.352430440000035],[4.821883322000076,52.35281009100004],[4.821824148000076,52.35293606300007],[4.821115335000059,52.353522876000056],[4.820746224000061,52.35382845700008],[4.8201052940000295,52.35435907100003],[4.818816391000041,52.35542613100006],[4.818595192000032,52.355609257000026],[4.8183099240000615,52.35584542500004],[4.81768592100002,52.356362026000056],[4.8164887740000495,52.35735312300005],[4.81616219700004,52.356596929000034],[4.815986126000041,52.356189233000066],[4.815906716000029,52.35552514900007],[4.815730493000046,52.354051438000056],[4.815676864000068,52.35360294900005],[4.815669734000039,52.35354332500003],[4.815507083000057,52.35218311500006],[4.815322814000069,52.35064211500003],[4.8152137010000615,52.34972963200005],[4.815169347000051,52.34935871000005],[4.81557394500004,52.34953049000006]]]}},{"type":"Feature","properties":{"service_id":58,"population_total":1691.86,"thiessen_area_km2":0.2825},"geometry":{"type":"Polygon","coordinates":[[[4.822296846000029,52.35406885000003],[4.822676060000049,52.35497761000005],[4.822741023000049,52.355133290000026],[4.822808768000073,52.35529563600005],[4.8231951500000605,52.35622157300003],[4.823489302000041,52.35692648600008],[4.823748493000039,52.35754761900006],[4.8242229440000415,52.35868460700004],[4.822679041000072,52.35917890600007],[4.821425632000057,52.35958020000004],[4.820947351000029,52.35973332700007],[4.820830605000026,52.359770705000074],[4.819794683000055,52.36010236800007],[4.816147659000023,52.36127000500005],[4.815942162000056,52.36133579700004],[4.815929166000046,52.36133995800003],[4.815833997000027,52.36137042800004],[4.8157880630000705,52.36124538100006],[4.815607232000048,52.36075310600006],[4.815675616000021,52.36048935900004],[4.8158044310000605,52.35999253600005],[4.815864611000052,52.35976043100004],[4.816350899000042,52.35788488700007],[4.816385995000076,52.35774952700007],[4.8164887740000495,52.35735312300005],[4.81768592100002,52.356362026000056],[4.8183099240000615,52.35584542500004],[4.818595192000032,52.355609257000026],[4.818816391000041,52.35542613100006],[4.8201052940000295,52.35435907100003],[4.820746224000061,52.35382845700008],[4.821115335000059,52.353522876000056],[4.821824148000076,52.35293606300007],[4.822296846000029,52.35406885000003]]]}},{"type":"Feature","properties":{"service_id":59,"population_total":3889.07,"thiessen_area_km2":0.3604},"geometry":{"type":"Polygon","coordinates":[[[4.825884342000052,52.35008078000004],[4.826507152000033,52.350457265000045],[4.826583912000046,52.350503666000066],[4.826664047000065,52.350552107000055],[4.826809818000072,52.35064022500006],[4.827080265000063,52.35080370900005],[4.8279237240000725,52.35131357500006],[4.827992031000065,52.351381762000074],[4.828176185000075,52.35156559400008],[4.828543361000072,52.351932127000055],[4.829594744000076,52.35298167000008],[4.8301765140000725,52.35356242200004],[4.830173506000051,52.353567018000035],[4.829982921000067,52.35385819800007],[4.829061440000032,52.355266062000055],[4.828954305000025,52.35542974600003],[4.828869676000068,52.355559044000074],[4.828732200000047,52.35576908400003],[4.828160914000023,52.356641910000064],[4.827968191000025,52.35693635700005],[4.827041640000061,52.35835196600004],[4.82632919100007,52.359440465000034],[4.825002493000056,52.35896436000007],[4.824488465000059,52.358779893000076],[4.8242229440000415,52.35868460700004],[4.823748493000039,52.35754761900006],[4.823489302000041,52.35692648600008],[4.8231951500000605,52.35622157300003],[4.822808768000073,52.35529563600005],[4.822741023000049,52.355133290000026],[4.822676060000049,52.35497761000005],[4.822296846000029,52.35406885000003],[4.821824148000076,52.35293606300007],[4.821883322000076,52.35281009100004],[4.822061657000063,52.352430440000035],[4.822118622000062,52.35230916800003],[4.8226541230000635,52.35183386300008],[4.823262550000038,52.35129382900004],[4.823404700000026,52.351167658000065],[4.823909956000023,52.35071919900008],[4.823935628000072,52.35069641300004],[4.824634648000028,52.35007597100008],[4.825137719000054,52.349629451000055],[4.825884342000052,52.35008078000004]]]}},{"type":"Feature","properties":{"service_id":60,"population_total":1878.62,"thiessen_area_km2":0.5101},"geometry":{"type":"Polygon","coordinates":[[[4.824488465000059,52.358779893000076],[4.825002493000056,52.35896436000007],[4.82632919100007,52.359440465000034],[4.82635904600005,52.359539108000035],[4.826416118000054,52.35972767700008],[4.82695050500007,52.36149332800005],[4.826842971000076,52.36175237800006],[4.823885847000042,52.36475864700003],[4.823832003000064,52.36481338600004],[4.822498685000028,52.36616886200005],[4.8223168620000365,52.36635370700003],[4.822008083000071,52.366667618000065],[4.819866707000074,52.368844582000065],[4.8198613000000705,52.36884018000006],[4.819501507000041,52.368547213000056],[4.819151813000076,52.36826246900006],[4.818133894000027,52.36743361300006],[4.816090762000044,52.36576996100007],[4.815999236000039,52.36569543500008],[4.815991564000058,52.36549463400007],[4.815964261000033,52.36478000800008],[4.8159563470000535,52.36457285500006],[4.815911171000039,52.363390423000055],[4.815890513000056,52.36284970600008],[4.815871979000065,52.362364581000065],[4.815846171000032,52.36168907500007],[4.81583918900003,52.361506321000036],[4.815833997000027,52.36137042800004],[4.815929166000046,52.36133995800003],[4.815942162000056,52.36133579700004],[4.816147659000023,52.36127000500005],[4.819794683000055,52.36010236800007],[4.820830605000026,52.359770705000074],[4.820947351000029,52.35973332700007],[4.821425632000057,52.35958020000004],[4.822679041000072,52.35917890600007],[4.8242229440000415,52.35868460700004],[4.824488465000059,52.358779893000076]]]}},{"type":"Feature","properties":{"service_id":61,"population_total":944.8,"thiessen_area_km2":0.4694},"geometry":{"type":"Polygon","coordinates":[[[4.82833848100006,52.364547051000045],[4.828632466000045,52.36509642300007],[4.82958091200004,52.36686879300004],[4.8298033310000505,52.36728442900005],[4.829675187000021,52.36760596400006],[4.829443914000024,52.368186267000056],[4.829379571000061,52.36834771500003],[4.8288686390000635,52.36962973000004],[4.828504751000025,52.37054278800008],[4.827786890000027,52.37234402300004],[4.827481198000044,52.37311105600003],[4.827417122000043,52.373271834000036],[4.8268648500000495,52.37304203700006],[4.820792746000052,52.37051547200008],[4.8206578190000755,52.37027201800004],[4.820299592000026,52.36962565400006],[4.819866707000074,52.368844582000065],[4.822008083000071,52.366667618000065],[4.8223168620000365,52.36635370700003],[4.822498685000028,52.36616886200005],[4.823832003000064,52.36481338600004],[4.823885847000042,52.36475864700003],[4.826842971000076,52.36175237800006],[4.82833848100006,52.364547051000045]]]}},{"type":"Feature","properties":{"service_id":62,"population_total":5899.52,"thiessen_area_km2":0.7574},"geometry":{"type":"Polygon","coordinates":[[[4.836232515000063,52.364251127000045],[4.836795837000068,52.36443034600006],[4.837723683000036,52.36472553600004],[4.838575849000051,52.364996649000034],[4.838549881000063,52.36554739400003],[4.83849904300007,52.366625578000026],[4.838476244000049,52.36710910900007],[4.838441039000031,52.367855751000036],[4.838426642000059,52.36816109000006],[4.838386596000021,52.36901038800005],[4.838319468000066,52.37043404900004],[4.838296064000076,52.37093041900005],[4.838269567000054,52.37149238300003],[4.838266469000075,52.37155808300008],[4.838264904000027,52.37159127000007],[4.838187623000067,52.37323025900008],[4.838187178000055,52.37323969900007],[4.837823606000029,52.37354110900003],[4.83667216200007,52.37449568300008],[4.836264724000046,52.37483345900006],[4.835430230000043,52.375110481000036],[4.834795601000053,52.37532115500005],[4.834239783000044,52.37550566700003],[4.833742252000036,52.37567083000005],[4.831558820000055,52.37639565200004],[4.8307509090000735,52.37666385000006],[4.829915811000035,52.375814166000055],[4.829493918000026,52.37538490400004],[4.82927322300003,52.37516035500005],[4.828678156000024,52.37455489400003],[4.8278773180000485,52.373740068000075],[4.827417122000043,52.373271834000036],[4.827481198000044,52.37311105600003],[4.827786890000027,52.37234402300004],[4.828504751000025,52.37054278800008],[4.8288686390000635,52.36962973000004],[4.829379571000061,52.36834771500003],[4.829443914000024,52.368186267000056],[4.829675187000021,52.36760596400006],[4.8298033310000505,52.36728442900005],[4.832428805000063,52.365099530000066],[4.834064884000043,52.363737997000044],[4.83421831000004,52.36361031700005],[4.836232515000063,52.364251127000045]]]}},{"type":"Feature","properties":{"service_id":63,"population_total":2131.3,"thiessen_area_km2":0.1763},"geometry":{"type":"Polygon","coordinates":[[[4.829701423000074,52.361702328000035],[4.831621446000042,52.36184820100004],[4.832776297000066,52.36193594000008],[4.833132681000052,52.36234975200006],[4.833354190000023,52.36260695500005],[4.833713144000058,52.36302375000008],[4.83421831000004,52.36361031700005],[4.834064884000043,52.363737997000044],[4.832428805000063,52.365099530000066],[4.8298033310000505,52.36728442900005],[4.82958091200004,52.36686879300004],[4.828632466000045,52.36509642300007],[4.82833848100006,52.364547051000045],[4.826842971000076,52.36175237800006],[4.82695050500007,52.36149332800005],[4.829701423000074,52.361702328000035]]]}},{"type":"Feature","properties":{"service_id":64,"population_total":3076.1,"thiessen_area_km2":0.3023},"geometry":{"type":"Polygon","coordinates":[[[4.830785457000047,52.35368592900005],[4.831391794000069,52.353808908000076],[4.831417983000051,52.35382967500004],[4.831940086000031,52.35424368500003],[4.832006171000046,52.35429608900006],[4.832063159000029,52.35434127900004],[4.832963631000041,52.355055322000055],[4.832957902000032,52.35526573800007],[4.832952603000024,52.35546036800008],[4.832951708000053,52.35549325300008],[4.832902095000065,52.357315492000055],[4.832901127000071,52.35735106200008],[4.832878312000048,52.35818904000007],[4.832860774000039,52.35883318600003],[4.83282521700005,52.360139160000074],[4.832776297000066,52.36193594000008],[4.831621446000042,52.36184820100004],[4.829701423000074,52.361702328000035],[4.82695050500007,52.36149332800005],[4.826416118000054,52.35972767700008],[4.82635904600005,52.359539108000035],[4.82632919100007,52.359440465000034],[4.827041640000061,52.35835196600004],[4.827968191000025,52.35693635700005],[4.828160914000023,52.356641910000064],[4.828732200000047,52.35576908400003],[4.828869676000068,52.355559044000074],[4.828954305000025,52.35542974600003],[4.829061440000032,52.355266062000055],[4.829982921000067,52.35385819800007],[4.830173506000051,52.353567018000035],[4.8301765140000725,52.35356242200004],[4.830785457000047,52.35368592900005]]]}},{"type":"Feature","properties":{"service_id":65,"population_total":4075.83,"thiessen_area_km2":0.4424},"geometry":{"type":"Polygon","coordinates":[[[4.833463762000065,52.35511135400003],[4.8338201940000545,52.35515128700007],[4.83468627700006,52.355248319000054],[4.836012215000039,52.35539687100004],[4.8377340300000355,52.355589775000055],[4.837926688000039,52.35561136000007],[4.8385030600000505,52.35567593400003],[4.839260988000035,52.355760848000045],[4.83938358100005,52.35627419200006],[4.8394321940000395,52.356477752000046],[4.83943289900003,52.356480704000035],[4.839544200000034,52.35694676400004],[4.839698422000026,52.35759255600004],[4.839741905000039,52.357774636000045],[4.839750374000062,52.35781009900006],[4.839746974000036,52.357980276000035],[4.83973663200004,52.35849795400003],[4.839734065000073,52.35862644600007],[4.839711277000049,52.359767102000035],[4.839708822000034,52.35988998200003],[4.839708037000037,52.35992926000006],[4.83970314000004,52.36017439500006],[4.839700674000028,52.36029781600007],[4.839690340000061,52.360815073000026],[4.839690012000062,52.36083151100007],[4.839648140000065,52.36292741700004],[4.839626800000076,52.36399559300003],[4.839146627000048,52.36445296900007],[4.839121113000033,52.364477272000045],[4.838575849000051,52.364996649000034],[4.837723683000036,52.36472553600004],[4.836795837000068,52.36443034600006],[4.836232515000063,52.364251127000045],[4.83421831000004,52.36361031700005],[4.833713144000058,52.36302375000008],[4.833354190000023,52.36260695500005],[4.833132681000052,52.36234975200006],[4.832776297000066,52.36193594000008],[4.83282521700005,52.360139160000074],[4.832860774000039,52.35883318600003],[4.832878312000048,52.35818904000007],[4.832901127000071,52.35735106200008],[4.832902095000065,52.357315492000055],[4.832951708000053,52.35549325300008],[4.832952603000024,52.35546036800008],[4.832957902000032,52.35526573800007],[4.832963631000041,52.355055322000055],[4.833463762000065,52.35511135400003]]]}},{"type":"Feature","properties":{"service_id":66,"population_total":8657.03,"thiessen_area_km2":1.0777},"geometry":{"type":"Polygon","coordinates":[[[4.8268648500000495,52.37304203700006],[4.827417122000043,52.373271834000036],[4.8278773180000485,52.373740068000075],[4.828678156000024,52.37455489400003],[4.82927322300003,52.37516035500005],[4.829493918000026,52.37538490400004],[4.829915811000035,52.375814166000055],[4.8307509090000735,52.37666385000006],[4.830737637000027,52.376716747000046],[4.83027095500006,52.37857677300008],[4.830086173000041,52.37931324500005],[4.829607924000072,52.37974037400005],[4.828061382000044,52.38112160800006],[4.827882122000062,52.38128170700003],[4.826508790000048,52.382508245000054],[4.823046988000044,52.38326421200003],[4.82294175800007,52.38328719100008],[4.821725576000063,52.383552773000076],[4.815923121000026,52.38481987800003],[4.8157181380000225,52.384864641000036],[4.815430888000037,52.38396931700004],[4.814903709000021,52.38232616500005],[4.814521595000031,52.38113516100003],[4.814503340000044,52.38107826100003],[4.815715713000031,52.37904213200005],[4.816805693000049,52.37721155700007],[4.817077518000076,52.376755039000045],[4.819233160000067,52.37313472900007],[4.819866713000067,52.372070704000066],[4.820420151000064,52.371141229000045],[4.820792746000052,52.37051547200008],[4.8268648500000495,52.37304203700006]]]}},{"type":"Feature","properties":{"service_id":67,"population_total":4800.91,"thiessen_area_km2":0.7692},"geometry":{"type":"Polygon","coordinates":[[[4.826521602000071,52.382670990000065],[4.826678659000038,52.38466594100004],[4.826684037000064,52.384734251000054],[4.826826757000049,52.38654710600008],[4.826863281000044,52.38701104100005],[4.826884731000064,52.387283497000055],[4.826092072000051,52.38804505000007],[4.825543026000048,52.38857254900006],[4.823760444000072,52.39028517700007],[4.822076546000062,52.39190299400008],[4.819807208000043,52.39408327700005],[4.819478639000067,52.394398952000074],[4.819361540000045,52.39451145600003],[4.818275190000065,52.39555517400004],[4.81719259700003,52.394598751000046],[4.816006332000029,52.393550738000044],[4.813831148000077,52.391629058000035],[4.813936238000053,52.39125233400006],[4.815240336000045,52.38657744900007],[4.8157181380000225,52.384864641000036],[4.815923121000026,52.38481987800003],[4.821725576000063,52.383552773000076],[4.82294175800007,52.38328719100008],[4.823046988000044,52.38326421200003],[4.826508790000048,52.382508245000054],[4.826521602000071,52.382670990000065]]]}},{"type":"Feature","properties":{"service_id":68,"population_total":3933.01,"thiessen_area_km2":0.5182},"geometry":{"type":"Polygon","coordinates":[[[4.827123165000046,52.38763526900004],[4.828370308000046,52.38947523100006],[4.828621674000033,52.38984608100003],[4.828478025000038,52.39049425400003],[4.828236060000052,52.39158604600004],[4.827940690000048,52.39291881100007],[4.827444699000068,52.39515682000007],[4.82731775000002,52.395729638000034],[4.8272828180000715,52.39588725800007],[4.827171750000048,52.39638842000005],[4.827078677000031,52.39680838500004],[4.826972728000044,52.39728644500008],[4.8267797890000566,52.39815702400006],[4.825244779000059,52.39892269000006],[4.825216691000037,52.398936700000036],[4.825149260000046,52.39897033500006],[4.824787166000021,52.399150948000056],[4.824780628000042,52.39915066600008],[4.8244944780000765,52.39913334500005],[4.824368704000051,52.39912573200007],[4.823958092000055,52.399093708000066],[4.823709721000057,52.39906996900004],[4.82359819900006,52.39905931000004],[4.823549119000063,52.399054619000026],[4.82350128500002,52.399049199000046],[4.8231421090000595,52.39900849700007],[4.822737386000028,52.39895537900003],[4.822335271000043,52.39889530500005],[4.821936084000072,52.39882832400008],[4.821540141000071,52.398754490000044],[4.8211477570000625,52.39867386100008],[4.8207627930000285,52.39858729800005],[4.820624697000028,52.39841897400004],[4.819354929000042,52.39687126100006],[4.819054484000048,52.39650505100008],[4.818275190000065,52.39555517400004],[4.819361540000045,52.39451145600003],[4.819478639000067,52.394398952000074],[4.819807208000043,52.39408327700005],[4.822076546000062,52.39190299400008],[4.823760444000072,52.39028517700007],[4.825543026000048,52.38857254900006],[4.826092072000051,52.38804505000007],[4.826884731000064,52.387283497000055],[4.827123165000046,52.38763526900004]]]}},{"type":"Feature","properties":{"service_id":69,"population_total":3240.89,"thiessen_area_km2":0.4097},"geometry":{"type":"Polygon","coordinates":[[[4.830530059000068,52.379998785000055],[4.8308088070000395,52.38042928600004],[4.8308811770000375,52.38054105500004],[4.8315994900000305,52.381650422000064],[4.831780231000039,52.38192956000006],[4.831837818000054,52.382018498000036],[4.832023822000053,52.38230576300003],[4.832249541000067,52.382654366000054],[4.83275883400006,52.383613283000045],[4.8330539480000425,52.38416893600004],[4.833137072000056,52.38432544600005],[4.833234411000035,52.38450872000004],[4.834618143000057,52.38711406600004],[4.834650479000061,52.38717495000003],[4.834380822000071,52.38810089800006],[4.8338014240000575,52.388557440000056],[4.829675473000066,52.389583912000035],[4.8289683840000635,52.389759825000056],[4.828621674000033,52.38984608100003],[4.828370308000046,52.38947523100006],[4.827123165000046,52.38763526900004],[4.826884731000064,52.387283497000055],[4.826863281000044,52.38701104100005],[4.826826757000049,52.38654710600008],[4.826684037000064,52.384734251000054],[4.826678659000038,52.38466594100004],[4.826521602000071,52.382670990000065],[4.826508790000048,52.382508245000054],[4.827882122000062,52.38128170700003],[4.828061382000044,52.38112160800006],[4.829607924000072,52.37974037400005],[4.830086173000041,52.37931324500005],[4.830530059000068,52.379998785000055]]]}},{"type":"Feature","properties":{"service_id":70,"population_total":2515.81,"thiessen_area_km2":0.2197},"geometry":{"type":"Polygon","coordinates":[[[4.839187257000049,52.387468444000035],[4.839698091000059,52.38835710300003],[4.840210101000025,52.38924780800005],[4.840708795000069,52.39011534800005],[4.841203292000046,52.39097558800006],[4.841349055000023,52.39122916000008],[4.84151154400007,52.39151183100006],[4.841833536000024,52.39207197600007],[4.842114120000076,52.39256008800004],[4.842179075000047,52.39267308400008],[4.842193776000045,52.392698659000075],[4.842293582000025,52.39287228500007],[4.84190624200005,52.39367839400006],[4.84124065900005,52.39378792900004],[4.840844129000061,52.393560093000076],[4.839950401000067,52.39304658000003],[4.839613729000064,52.39285313700003],[4.838858970000047,52.39241947200003],[4.838856427000053,52.392418011000075],[4.838068724000038,52.39196541700005],[4.837422717000038,52.39159423800004],[4.837276570000029,52.39151026600007],[4.835791871000026,52.39065719600006],[4.835254242000076,52.389683210000044],[4.8350039830000355,52.38922983400005],[4.834860888000037,52.38897060000005],[4.834854888000052,52.38895973000007],[4.834380822000071,52.38810089800006],[4.834650479000061,52.38717495000003],[4.834745672000054,52.38716310500007],[4.835217725000064,52.38710436700006],[4.836286780000023,52.386971344000074],[4.836892029000069,52.38689603300003],[4.8373520170000575,52.38683879700005],[4.838466015000051,52.38670018200003],[4.838660912000023,52.38667593100007],[4.8387269670000705,52.386667712000076],[4.839187257000049,52.387468444000035]]]}},{"type":"Feature","properties":{"service_id":71,"population_total":1702.84,"thiessen_area_km2":0.197},"geometry":{"type":"Polygon","coordinates":[[[4.834328322000033,52.382785400000046],[4.834805570000071,52.38281548300006],[4.835150588000033,52.38283723100005],[4.835985942000036,52.38288988700003],[4.836232413000062,52.38290542300007],[4.838311799000053,52.383036495000056],[4.840772552000033,52.38319160700007],[4.840396404000046,52.38411271200005],[4.8403328020000345,52.38426846100003],[4.8402850690000605,52.38438534800008],[4.840245658000072,52.384481856000036],[4.840218935000053,52.38454729400007],[4.84009641800003,52.38484731200003],[4.839712901000041,52.38578646600007],[4.839207542000054,52.386238165000066],[4.838766190000058,52.38663265400004],[4.8387269670000705,52.386667712000076],[4.838660912000023,52.38667593100007],[4.838466015000051,52.38670018200003],[4.8373520170000575,52.38683879700005],[4.836892029000069,52.38689603300003],[4.836286780000023,52.386971344000074],[4.835217725000064,52.38710436700006],[4.834745672000054,52.38716310500007],[4.834650479000061,52.38717495000003],[4.834618143000057,52.38711406600004],[4.833234411000035,52.38450872000004],[4.833137072000056,52.38432544600005],[4.8330539480000425,52.38416893600004],[4.83275883400006,52.383613283000045],[4.832249541000067,52.382654366000054],[4.834328322000033,52.382785400000046]]]}},{"type":"Feature","properties":{"service_id":72,"population_total":2570.74,"thiessen_area_km2":0.446},"geometry":{"type":"Polygon","coordinates":[[[4.837160734000065,52.37628194800004],[4.8372260400000755,52.37638752100003],[4.837708539000062,52.37716752800003],[4.838697373000059,52.37876607700008],[4.839025363000076,52.37929630500008],[4.840153601000054,52.38112021300003],[4.8401537840000515,52.38112050900003],[4.840401148000069,52.38152039800008],[4.841097266000077,52.38264574100003],[4.840772552000033,52.38319160700007],[4.838311799000053,52.383036495000056],[4.836232413000062,52.38290542300007],[4.835985942000036,52.38288988700003],[4.835150588000033,52.38283723100005],[4.834805570000071,52.38281548300006],[4.834328322000033,52.382785400000046],[4.832249541000067,52.382654366000054],[4.832023822000053,52.38230576300003],[4.831837818000054,52.382018498000036],[4.831780231000039,52.38192956000006],[4.8315994900000305,52.381650422000064],[4.8308811770000375,52.38054105500004],[4.8308088070000395,52.38042928600004],[4.830530059000068,52.379998785000055],[4.830086173000041,52.37931324500005],[4.83027095500006,52.37857677300008],[4.830737637000027,52.376716747000046],[4.8307509090000735,52.37666385000006],[4.831558820000055,52.37639565200004],[4.833742252000036,52.37567083000005],[4.834239783000044,52.37550566700003],[4.834795601000053,52.37532115500005],[4.835430230000043,52.375110481000036],[4.836264724000046,52.37483345900006],[4.837160734000065,52.37628194800004]]]}},{"type":"Feature","properties":{"service_id":73,"population_total":3174.98,"thiessen_area_km2":0.3656},"geometry":{"type":"Polygon","coordinates":[[[4.838197668000021,52.373241147000044],[4.839065704000063,52.373360982000065],[4.842078546000039,52.373776915000064],[4.842415072000051,52.37382337400004],[4.842668151000055,52.37407452100007],[4.842923808000023,52.374328225000056],[4.843672886000036,52.37507158300008],[4.843687217000024,52.37527890500007],[4.8437770100000535,52.37657795500007],[4.84377835500004,52.37659741900006],[4.843780053000046,52.37662198500004],[4.843829324000069,52.377334801000075],[4.843930440000065,52.37879766400005],[4.843960650000042,52.37923471700003],[4.843980950000059,52.37952839800005],[4.843990425000072,52.37966548000003],[4.844016484000065,52.380042478000064],[4.844135308000034,52.381761521000044],[4.844185296000035,52.38248469800004],[4.843986415000074,52.38249507000006],[4.843961058000048,52.382496392000064],[4.843404860000021,52.38252539800004],[4.843223847000047,52.382534838000026],[4.842146036000031,52.38259104700006],[4.841525056000023,52.38262343100007],[4.841097266000077,52.38264574100003],[4.840401148000069,52.38152039800008],[4.8401537840000515,52.38112050900003],[4.840153601000054,52.38112021300003],[4.839025363000076,52.37929630500008],[4.838697373000059,52.37876607700008],[4.837708539000062,52.37716752800003],[4.8372260400000755,52.37638752100003],[4.837160734000065,52.37628194800004],[4.836264724000046,52.37483345900006],[4.83667216200007,52.37449568300008],[4.837823606000029,52.37354110900003],[4.838187178000055,52.37323969900007],[4.838197668000021,52.373241147000044]]]}},{"type":"Feature","properties":{"service_id":74,"population_total":1054.66,"thiessen_area_km2":0.2019},"geometry":{"type":"Polygon","coordinates":[[[4.844390387000033,52.38257005600008],[4.845130701000073,52.38287817200006],[4.845924928000045,52.38320872600008],[4.845925590000036,52.38321495800005],[4.845990228000062,52.383823188000065],[4.846130025000036,52.38513865700003],[4.846176952000064,52.38558023300004],[4.846274129000051,52.38649465900005],[4.846425560000057,52.387919605000036],[4.8464344090000395,52.38800286900005],[4.84639381900007,52.388044215000036],[4.8463583650000714,52.38808033000004],[4.846299540000075,52.38814025200003],[4.846205370000064,52.38823617700007],[4.846131078000042,52.38831185300006],[4.846049071000039,52.38839538900004],[4.845863039000051,52.38831879000003],[4.845829485000024,52.38830497400005],[4.8458071450000375,52.388295776000064],[4.84459200200007,52.38779544000005],[4.844296444000065,52.38767374400004],[4.842205027000034,52.38681260100003],[4.840380814000071,52.38606148000008],[4.839712901000041,52.38578646600007],[4.84009641800003,52.38484731200003],[4.840218935000053,52.38454729400007],[4.840245658000072,52.384481856000036],[4.8402850690000605,52.38438534800008],[4.8403328020000345,52.38426846100003],[4.840396404000046,52.38411271200005],[4.840772552000033,52.38319160700007],[4.841097266000077,52.38264574100003],[4.841525056000023,52.38262343100007],[4.842146036000031,52.38259104700006],[4.843223847000047,52.382534838000026],[4.843404860000021,52.38252539800004],[4.843961058000048,52.382496392000064],[4.843986415000074,52.38249507000006],[4.844185296000035,52.38248469800004],[4.844390387000033,52.38257005600008]]]}},{"type":"Feature","properties":{"service_id":75,"population_total":1933.55,"thiessen_area_km2":0.1927},"geometry":{"type":"Polygon","coordinates":[[[4.840380814000071,52.38606148000008],[4.842205027000034,52.38681260100003],[4.844296444000065,52.38767374400004],[4.84459200200007,52.38779544000005],[4.8458071450000375,52.388295776000064],[4.845829485000024,52.38830497400005],[4.845863039000051,52.38831879000003],[4.846049071000039,52.38839538900004],[4.8453400000000215,52.38986460400008],[4.84532047600004,52.38990505800007],[4.845294987000045,52.38995787200008],[4.845145832000071,52.39026692500005],[4.845007846000044,52.39055283600004],[4.843904071000054,52.39149605600005],[4.843745924000075,52.391631199000074],[4.842472548000046,52.39271935100004],[4.842410256000051,52.39277258200008],[4.842293582000025,52.39287228500007],[4.842193776000045,52.392698659000075],[4.842179075000047,52.39267308400008],[4.842114120000076,52.39256008800004],[4.841833536000024,52.39207197600007],[4.84151154400007,52.39151183100006],[4.841349055000023,52.39122916000008],[4.841203292000046,52.39097558800006],[4.840708795000069,52.39011534800005],[4.840210101000025,52.38924780800005],[4.839698091000059,52.38835710300003],[4.839187257000049,52.387468444000035],[4.8387269670000705,52.386667712000076],[4.838766190000058,52.38663265400004],[4.839207542000054,52.386238165000066],[4.839712901000041,52.38578646600007],[4.840380814000071,52.38606148000008]]]}},{"type":"Feature","properties":{"service_id":76,"population_total":2680.6,"thiessen_area_km2":0.351},"geometry":{"type":"Polygon","coordinates":[[[4.852183162000074,52.38066529400004],[4.852240148000021,52.381030603000056],[4.852328330000034,52.38159588800005],[4.852352373000031,52.38175001700006],[4.852374713000074,52.38189322800008],[4.852464001000044,52.38246560200008],[4.852524076000066,52.382850707000046],[4.852593698000021,52.383297018000064],[4.852915078000024,52.38535721400007],[4.8529155760000435,52.38536040900004],[4.852989809000064,52.38583627600008],[4.853003711000042,52.38592539900003],[4.853005559000053,52.38593724300006],[4.8531624150000425,52.38694275900008],[4.853167432000021,52.38697491900007],[4.8531766690000495,52.38703412900003],[4.853370050000024,52.388273791000074],[4.853415232000032,52.388563427000065],[4.853057965000062,52.38853473900008],[4.852999940000075,52.388530080000066],[4.852918415000033,52.38852353400006],[4.852165287000048,52.38846305700008],[4.850011106000068,52.38829007600003],[4.849301940000032,52.38823313000006],[4.849054411000054,52.38821325400005],[4.84872731300004,52.38818698800003],[4.848285417000056,52.388151504000064],[4.847164255000052,52.38806147500003],[4.846665929000039,52.38802146000006],[4.846511908000025,52.38800909200006],[4.8464344090000395,52.38800286900005],[4.846425560000057,52.387919605000036],[4.846274129000051,52.38649465900005],[4.846176952000064,52.38558023300004],[4.846130025000036,52.38513865700003],[4.845990228000062,52.383823188000065],[4.845925590000036,52.38321495800005],[4.845924928000045,52.38320872600008],[4.846476457000051,52.382809612000074],[4.846543631000031,52.38276100200005],[4.846653720000063,52.382681336000076],[4.8467300710000245,52.38262608500003],[4.84741174800007,52.38213279100006],[4.848650330000055,52.38123649400006],[4.849252981000063,52.38080038700008],[4.850136126000052,52.38072820900004],[4.851023268000063,52.38065570500004],[4.851141594000069,52.38064603400005],[4.85129304000003,52.38063365700003],[4.851550757000041,52.38061259400007],[4.85201660000007,52.380574522000074],[4.852065481000068,52.38057052700003],[4.852183162000074,52.38066529400004]]]}},{"type":"Feature","properties":{"service_id":77,"population_total":2307.08,"thiessen_area_km2":0.3694},"geometry":{"type":"Polygon","coordinates":[[[4.855295953000052,52.38083867200004],[4.8553644350000695,52.38093376300003],[4.8558022070000675,52.38154162700005],[4.8559080510000285,52.38168859600006],[4.8560231400000475,52.38184840200006],[4.856310840000049,52.38224788500003],[4.856428923000067,52.38241184800006],[4.856972901000063,52.38316718200008],[4.857446107000044,52.38382424800005],[4.8575274680000575,52.38395633600004],[4.85771582700005,52.384262136000075],[4.857806636000021,52.384409564000066],[4.858169968000027,52.38499943000005],[4.858573704000037,52.38565489100006],[4.85871978800003,52.38589205800008],[4.858834302000048,52.38607797100008],[4.858863100000065,52.38612472500006],[4.858873776000053,52.386142058000075],[4.859060345000046,52.386444950000055],[4.859193520000076,52.38666115800004],[4.859222149000061,52.386831278000045],[4.8593141750000655,52.387378126000044],[4.859389578000048,52.38782619600005],[4.859685596000077,52.38958523700006],[4.859637102000022,52.389629392000074],[4.858943423000028,52.39026101500008],[4.858398383000065,52.39075729600006],[4.856062954000038,52.39023673400004],[4.855519959000048,52.39011570100007],[4.854949966000049,52.38998865100007],[4.854927130000021,52.38996744500008],[4.853415232000032,52.388563427000065],[4.853370050000024,52.388273791000074],[4.8531766690000495,52.38703412900003],[4.853167432000021,52.38697491900007],[4.8531624150000425,52.38694275900008],[4.853005559000053,52.38593724300006],[4.853003711000042,52.38592539900003],[4.852989809000064,52.38583627600008],[4.8529155760000435,52.38536040900004],[4.852915078000024,52.38535721400007],[4.852593698000021,52.383297018000064],[4.852524076000066,52.382850707000046],[4.852464001000044,52.38246560200008],[4.852374713000074,52.38189322800008],[4.852352373000031,52.38175001700006],[4.852328330000034,52.38159588800005],[4.852240148000021,52.381030603000056],[4.852183162000074,52.38066529400004],[4.85299260000005,52.38062361200008],[4.854960288000029,52.380522287000076],[4.855064243000072,52.38051693400007],[4.855295953000052,52.38083867200004]]]}},{"type":"Feature","properties":{"service_id":78,"population_total":1735.8,"thiessen_area_km2":0.1913},"geometry":{"type":"Polygon","coordinates":[[[4.844765067000026,52.375611321000065],[4.8449517210000295,52.37570356200007],[4.845494127000052,52.37597161000008],[4.845515044000024,52.37598194700007],[4.845684530000028,52.376200425000036],[4.846180956000069,52.37684034900008],[4.8463160330000505,52.37701447100005],[4.846382577000043,52.37710025100006],[4.846423179000055,52.37715258900005],[4.846471089000033,52.37721434900004],[4.846534754000061,52.37729641700008],[4.847704059000023,52.37880372600006],[4.847958810000023,52.37913211700004],[4.848810144000026,52.38022954200005],[4.849252981000063,52.38080038700008],[4.848650330000055,52.38123649400006],[4.84741174800007,52.38213279100006],[4.8467300710000245,52.38262608500003],[4.846653720000063,52.382681336000076],[4.846543631000031,52.38276100200005],[4.846476457000051,52.382809612000074],[4.845924928000045,52.38320872600008],[4.845130701000073,52.38287817200006],[4.844390387000033,52.38257005600008],[4.844185296000035,52.38248469800004],[4.844135308000034,52.381761521000044],[4.844016484000065,52.380042478000064],[4.843990425000072,52.37966548000003],[4.843980950000059,52.37952839800005],[4.843960650000042,52.37923471700003],[4.843930440000065,52.37879766400005],[4.843829324000069,52.377334801000075],[4.843780053000046,52.37662198500004],[4.84377835500004,52.37659741900006],[4.8437770100000535,52.37657795500007],[4.843687217000024,52.37527890500007],[4.843672886000036,52.37507158300008],[4.844765067000026,52.375611321000065]]]}},{"type":"Feature","properties":{"service_id":79,"population_total":1351.29,"thiessen_area_km2":0.2055},"geometry":{"type":"Polygon","coordinates":[[[4.851659852000068,52.37528225600005],[4.852120730000024,52.37586040300005],[4.852163481000048,52.375914032000026],[4.852287354000055,52.376069424000036],[4.852297044000068,52.37608158000006],[4.852215523000041,52.37766189900003],[4.852182981000055,52.37829274000006],[4.852167615000042,52.37859062500007],[4.852164493000032,52.378651138000066],[4.852153728000076,52.37885981800008],[4.852133828000035,52.37924558600008],[4.852065481000068,52.38057052700003],[4.85201660000007,52.380574522000074],[4.851550757000041,52.38061259400007],[4.85129304000003,52.38063365700003],[4.851141594000069,52.38064603400005],[4.851023268000063,52.38065570500004],[4.850136126000052,52.38072820900004],[4.849252981000063,52.38080038700008],[4.848810144000026,52.38022954200005],[4.847958810000023,52.37913211700004],[4.847704059000023,52.37880372600006],[4.846534754000061,52.37729641700008],[4.846471089000033,52.37721434900004],[4.846423179000055,52.37715258900005],[4.846382577000043,52.37710025100006],[4.8463160330000505,52.37701447100005],[4.846180956000069,52.37684034900008],[4.845684530000028,52.376200425000036],[4.845515044000024,52.37598194700007],[4.845671583000069,52.375946113000055],[4.847082772000022,52.37562307600007],[4.847281568000028,52.37557756900003],[4.850023067000052,52.37495000900003],[4.850134199000024,52.374924570000076],[4.851131674000044,52.374696236000034],[4.851183281000033,52.374684423000076],[4.851659852000068,52.37528225600005]]]}},{"type":"Feature","properties":{"service_id":80,"population_total":2153.27,"thiessen_area_km2":0.2345},"geometry":{"type":"Polygon","coordinates":[[[4.847982956000067,52.37048643300005],[4.849397939000028,52.371239520000074],[4.850266107000039,52.371701579000046],[4.850647615000071,52.37190462700005],[4.850679266000043,52.37206887700006],[4.850710055000036,52.37222865400008],[4.850918573000058,52.37331074000008],[4.851157459000035,52.37455042000005],[4.851182416000029,52.37467993400003],[4.851183281000033,52.374684423000076],[4.851131674000044,52.374696236000034],[4.850134199000024,52.374924570000076],[4.850023067000052,52.37495000900003],[4.847281568000028,52.37557756900003],[4.847082772000022,52.37562307600007],[4.845671583000069,52.375946113000055],[4.845515044000024,52.37598194700007],[4.845494127000052,52.37597161000008],[4.8449517210000295,52.37570356200007],[4.844765067000026,52.375611321000065],[4.843672886000036,52.37507158300008],[4.842923808000023,52.374328225000056],[4.842668151000055,52.37407452100007],[4.842415072000051,52.37382337400004],[4.844332727000051,52.37241200700004],[4.844385560000035,52.372373123000045],[4.845230006000065,52.37175162300008],[4.846099919000039,52.37111138000006],[4.84642128400003,52.37087486000007],[4.846737703000031,52.37064198000007],[4.847059262000073,52.37040531700006],[4.84738294400006,52.37016709200003],[4.847982956000067,52.37048643300005]]]}},{"type":"Feature","properties":{"service_id":81,"population_total":1713.83,"thiessen_area_km2":0.2351},"geometry":{"type":"Polygon","coordinates":[[[4.8486585670000295,52.36650218800003],[4.848913444000061,52.366504046000045],[4.849872975000039,52.36651104200007],[4.850192045000028,52.36651336800003],[4.851505700000075,52.36652294600003],[4.851903908000054,52.36652584900003],[4.852505759000053,52.36653023700006],[4.8529934760000515,52.36653379300003],[4.853128296000023,52.36653477600004],[4.8531589380000355,52.366534999000066],[4.854303808000054,52.36715341900003],[4.85464489900005,52.367337665000036],[4.85582265000005,52.36797384700003],[4.85578917600003,52.36810910000003],[4.855752138000071,52.36825875300008],[4.855732634000049,52.36833756100003],[4.855721460000041,52.36838270800007],[4.855558046000056,52.36849613900006],[4.855290973000024,52.36868152300008],[4.854706068000041,52.369087524000065],[4.85454459400006,52.36919960800003],[4.854358637000075,52.36932868700006],[4.853581676000033,52.36986800100004],[4.8523862390000545,52.370697792000044],[4.852307672000052,52.37075232800004],[4.851664696000057,52.37119863800007],[4.851603239000042,52.37124129800003],[4.850647615000071,52.37190462700005],[4.850266107000039,52.371701579000046],[4.849397939000028,52.371239520000074],[4.847982956000067,52.37048643300005],[4.84738294400006,52.37016709200003],[4.847391670000036,52.37000314000005],[4.847408401000052,52.36968879800003],[4.8474852390000365,52.368245168000044],[4.847509733000038,52.36778498500007],[4.847529113000064,52.36742088500006],[4.847578431000045,52.36649431200004],[4.8486585670000295,52.36650218800003]]]}},{"type":"Feature","properties":{"service_id":82,"population_total":1472.13,"thiessen_area_km2":0.2144},"geometry":{"type":"Polygon","coordinates":[[[4.855788825000047,52.36860357000006],[4.85583525100003,52.36875578200005],[4.855863600000021,52.368848727000056],[4.855869063000057,52.36886663700005],[4.856139322000047,52.369752712000036],[4.8563621100000205,52.370483146000026],[4.8564482560000215,52.37076558700005],[4.856447875000072,52.37077383800005],[4.856425800000068,52.37125158500004],[4.856378577000044,52.37227356900007],[4.85636034700002,52.37266811100005],[4.856331938000039,52.37328293300004],[4.856330556000046,52.37331283200007],[4.856317422000075,52.37359707100006],[4.856314241000064,52.37366592200004],[4.856313137000029,52.37368981000003],[4.856288785000061,52.37421684600008],[4.855899113000021,52.37439888000006],[4.855860537000069,52.374416901000075],[4.855007536000073,52.37481537900004],[4.85491789200006,52.37485725600004],[4.8548388680000585,52.37489417200004],[4.854827598000043,52.37489943700007],[4.852470346000075,52.37600062200005],[4.8523156570000765,52.37607288500004],[4.852297044000068,52.37608158000006],[4.852287354000055,52.376069424000036],[4.852163481000048,52.375914032000026],[4.852120730000024,52.37586040300005],[4.851659852000068,52.37528225600005],[4.851183281000033,52.374684423000076],[4.851182416000029,52.37467993400003],[4.851157459000035,52.37455042000005],[4.850918573000058,52.37331074000008],[4.850710055000036,52.37222865400008],[4.850679266000043,52.37206887700006],[4.850647615000071,52.37190462700005],[4.851603239000042,52.37124129800003],[4.851664696000057,52.37119863800007],[4.852307672000052,52.37075232800004],[4.8523862390000545,52.370697792000044],[4.853581676000033,52.36986800100004],[4.854358637000075,52.36932868700006],[4.85454459400006,52.36919960800003],[4.854706068000041,52.369087524000065],[4.855290973000024,52.36868152300008],[4.855558046000056,52.36849613900006],[4.855721460000041,52.36838270800007],[4.855788825000047,52.36860357000006]]]}},{"type":"Feature","properties":{"service_id":83,"population_total":1395.23,"thiessen_area_km2":0.2226},"geometry":{"type":"Polygon","coordinates":[[[4.85658982700005,52.374458780000055],[4.857125850000045,52.37488955800006],[4.857220139000049,52.37496533400008],[4.857810642000061,52.37543989400007],[4.857999024000037,52.37559128800007],[4.857995999000025,52.375625005000074],[4.857974209000076,52.37586783900008],[4.857927569000026,52.37638761300008],[4.857908284000075,52.376602528000035],[4.8579065830000445,52.37662148700008],[4.85785734600006,52.37717020400004],[4.857827306000047,52.37750498300005],[4.85765032300003,52.37947733400006],[4.85719825700005,52.379659064000066],[4.856980798000052,52.37974648200003],[4.856204854000055,52.38005841000006],[4.856184597000038,52.38006655300006],[4.855609776000051,52.38029763000003],[4.855374596000047,52.38039217200003],[4.8552489590000505,52.380442679000055],[4.855064243000072,52.38051693400007],[4.854960288000029,52.380522287000076],[4.85299260000005,52.38062361200008],[4.852183162000074,52.38066529400004],[4.852065481000068,52.38057052700003],[4.852133828000035,52.37924558600008],[4.852153728000076,52.37885981800008],[4.852164493000032,52.378651138000066],[4.852167615000042,52.37859062500007],[4.852182981000055,52.37829274000006],[4.852215523000041,52.37766189900003],[4.852297044000068,52.37608158000006],[4.8523156570000765,52.37607288500004],[4.852470346000075,52.37600062200005],[4.854827598000043,52.37489943700007],[4.8548388680000585,52.37489417200004],[4.85491789200006,52.37485725600004],[4.855007536000073,52.37481537900004],[4.855860537000069,52.374416901000075],[4.855899113000021,52.37439888000006],[4.856288785000061,52.37421684600008],[4.85658982700005,52.374458780000055]]]}},{"type":"Feature","properties":{"service_id":84,"population_total":1702.84,"thiessen_area_km2":0.2031},"geometry":{"type":"Polygon","coordinates":[[[4.861698913000055,52.37478729900005],[4.86189846000002,52.375023758000054],[4.862496800000031,52.37573277800004],[4.862541924000027,52.37578624900004],[4.8626021100000685,52.37585756800007],[4.863465577000056,52.37688075900007],[4.863521657000035,52.37694721300005],[4.864145965000034,52.37768700400005],[4.864153733000023,52.37770598600008],[4.864210466000031,52.377844623000044],[4.86432293200005,52.37811945400006],[4.863017712000044,52.37968007900008],[4.862733553000055,52.37974475000004],[4.862603032000038,52.379774455000074],[4.861742831000072,52.37997022500008],[4.860872061000066,52.38016840000006],[4.860546394000039,52.380242517000056],[4.860021793000044,52.380361909000044],[4.859947233000071,52.380378878000045],[4.859102632000031,52.380069597000045],[4.8589009230000215,52.379987338000035],[4.8586620820000235,52.37988993700003],[4.85765032300003,52.37947733400006],[4.857827306000047,52.37750498300005],[4.85785734600006,52.37717020400004],[4.8579065830000445,52.37662148700008],[4.857908284000075,52.376602528000035],[4.857927569000026,52.37638761300008],[4.857974209000076,52.37586783900008],[4.857995999000025,52.375625005000074],[4.857999024000037,52.37559128800007],[4.858047129000056,52.37558051600007],[4.8581090720000475,52.37556664500005],[4.858558013000049,52.37546611400006],[4.858666532000029,52.375441814000055],[4.859345095000037,52.37528986500007],[4.859869290000063,52.37517248300003],[4.8616815100000395,52.37476667700008],[4.861698913000055,52.37478729900005]]]}},{"type":"Feature","properties":{"service_id":85,"population_total":1318.33,"thiessen_area_km2":0.133},"geometry":{"type":"Polygon","coordinates":[[[4.8564926770000625,52.370783919000075],[4.857891771000027,52.37136130200008],[4.858288496000057,52.37152502400005],[4.859005649000039,52.37182098100004],[4.859006597000075,52.371821372000056],[4.859120957000073,52.371868567000035],[4.859770143000048,52.37213647500005],[4.860638911000024,52.37249500100006],[4.861448231000054,52.37282899400003],[4.86183507100003,52.37298863600006],[4.861806304000027,52.373321719000046],[4.861779302000059,52.37363436800007],[4.8617777630000205,52.373652184000036],[4.861776733000056,52.37366411000005],[4.861763196000027,52.37382085400003],[4.861759977000077,52.37385812900004],[4.8617556170000285,52.37390861700004],[4.861747244000071,52.37400556600005],[4.8617154800000435,52.374373355000046],[4.861707895000052,52.37446117700006],[4.8616815100000395,52.37476667700008],[4.859869290000063,52.37517248300003],[4.859345095000037,52.37528986500007],[4.858666532000029,52.375441814000055],[4.858558013000049,52.37546611400006],[4.8581090720000475,52.37556664500005],[4.858047129000056,52.37558051600007],[4.857999024000037,52.37559128800007],[4.857810642000061,52.37543989400007],[4.857220139000049,52.37496533400008],[4.857125850000045,52.37488955800006],[4.85658982700005,52.374458780000055],[4.856288785000061,52.37421684600008],[4.856313137000029,52.37368981000003],[4.856314241000064,52.37366592200004],[4.856317422000075,52.37359707100006],[4.856330556000046,52.37331283200007],[4.856331938000039,52.37328293300004],[4.85636034700002,52.37266811100005],[4.856378577000044,52.37227356900007],[4.856425800000068,52.37125158500004],[4.856447875000072,52.37077383800005],[4.8564482560000215,52.37076558700005],[4.8564926770000625,52.370783919000075]]]}},{"type":"Feature","properties":{"service_id":86,"population_total":2636.66,"thiessen_area_km2":0.2532},"geometry":{"type":"Polygon","coordinates":[[[4.8582076740000275,52.36610045300006],[4.858278910000024,52.36611590800004],[4.858424005000074,52.36614738800006],[4.860078394000027,52.36650632200008],[4.860396033000029,52.36657523700006],[4.861680040000067,52.36685381400008],[4.861689639000076,52.36687987100004],[4.862110077000068,52.368021199000054],[4.862223915000072,52.36833022500008],[4.862257421000038,52.36842118000004],[4.862325589000022,52.36860623100006],[4.862357354000039,52.36869246200007],[4.8624960430000215,52.36906895000004],[4.862518228000056,52.36912917400008],[4.862550074000069,52.36921562300006],[4.862651290000031,52.36949038600005],[4.862716181000053,52.369666540000026],[4.86295962600002,52.370327401000054],[4.862989539000068,52.37040860400003],[4.863078615000063,52.37065041100004],[4.863089370000068,52.37067960600007],[4.862860370000021,52.37110117100008],[4.862726769000062,52.37134711700003],[4.8626747050000745,52.37144296100007],[4.862441051000076,52.37187309300003],[4.8623916330000725,52.37196406600003],[4.861956134000025,52.37276577200004],[4.86183507100003,52.37298863600006],[4.861448231000054,52.37282899400003],[4.860638911000024,52.37249500100006],[4.859770143000048,52.37213647500005],[4.859120957000073,52.371868567000035],[4.859006597000075,52.371821372000056],[4.859005649000039,52.37182098100004],[4.858288496000057,52.37152502400005],[4.857891771000027,52.37136130200008],[4.8564926770000625,52.370783919000075],[4.8564482560000215,52.37076558700005],[4.8563621100000205,52.370483146000026],[4.856139322000047,52.369752712000036],[4.855869063000057,52.36886663700005],[4.855863600000021,52.368848727000056],[4.85583525100003,52.36875578200005],[4.855788825000047,52.36860357000006],[4.855721460000041,52.36838270800007],[4.855732634000049,52.36833756100003],[4.855752138000071,52.36825875300008],[4.85578917600003,52.36810910000003],[4.85582265000005,52.36797384700003],[4.857227710000075,52.366827199000056],[4.857312278000052,52.36675818500004],[4.858103805000042,52.366112232000035],[4.858137022000051,52.36608512400005],[4.8582076740000275,52.36610045300006]]]}},{"type":"Feature","properties":{"service_id":87,"population_total":1120.58,"thiessen_area_km2":0.1474},"geometry":{"type":"Polygon","coordinates":[[[4.863424794000025,52.36588956400004],[4.863490197000033,52.36595374400008],[4.863682367000024,52.36614232200003],[4.8637200100000655,52.36617926100007],[4.863832349000063,52.36628950000005],[4.863835786000038,52.36629287300008],[4.864746037000032,52.367186110000034],[4.864799171000072,52.36723825100006],[4.865371583000069,52.36779996300004],[4.865505004000056,52.36793089000008],[4.865535394000062,52.36796071200007],[4.865544829000044,52.367969971000036],[4.865614146000041,52.36803799200004],[4.865915197000049,52.36833341700003],[4.8659756170000605,52.368392707000055],[4.866784498000072,52.369186469000056],[4.86700148500006,52.36939940000008],[4.867006208000021,52.36940403500006],[4.867186342000025,52.36958080200003],[4.867295118000072,52.36968754500003],[4.867507407000062,52.369895866000036],[4.867701172000068,52.37008601000008],[4.86772497000004,52.37010936300004],[4.8677772580000465,52.37016067400003],[4.868096033000029,52.37047349100004],[4.868349311000031,52.37072203400004],[4.868798032000029,52.37116236800006],[4.868354343000021,52.371257900000046],[4.8681918170000245,52.37129289400008],[4.868188738000072,52.37129355700006],[4.867971068000031,52.37134042400004],[4.8677322910000385,52.37139183600004],[4.867410584000027,52.37146110400005],[4.867216574000054,52.37150287700007],[4.867214145000048,52.37150340000005],[4.8669641970000725,52.37155721700003],[4.8665355050000585,52.37146012200003],[4.866220293000026,52.371388730000035],[4.865074642000025,52.37112925100007],[4.8650257480000505,52.37111817700003],[4.863089370000068,52.37067960600007],[4.863078615000063,52.37065041100004],[4.862989539000068,52.37040860400003],[4.86295962600002,52.370327401000054],[4.862716181000053,52.369666540000026],[4.862651290000031,52.36949038600005],[4.862550074000069,52.36921562300006],[4.862518228000056,52.36912917400008],[4.8624960430000215,52.36906895000004],[4.862357354000039,52.36869246200007],[4.862325589000022,52.36860623100006],[4.862257421000038,52.36842118000004],[4.862223915000072,52.36833022500008],[4.862110077000068,52.368021199000054],[4.861689639000076,52.36687987100004],[4.861680040000067,52.36685381400008],[4.861691042000075,52.36684690100003],[4.861738354000067,52.36681717100004],[4.8631435970000325,52.365934165000056],[4.863161985000033,52.36592261100003],[4.863342732000035,52.36580903600003],[4.863424794000025,52.36588956400004]]]}},{"type":"Feature","properties":{"service_id":88,"population_total":812.97,"thiessen_area_km2":0.103},"geometry":{"type":"Polygon","coordinates":[[[4.863940040000045,52.365434650000054],[4.864081593000037,52.36549694800004],[4.864221333000046,52.36555844700007],[4.864322614000059,52.36560302100003],[4.864379103000033,52.36562788200007],[4.864629886000046,52.365738253000075],[4.864765892000037,52.36579810900008],[4.865227110000035,52.36600109200003],[4.865321111000071,52.36604246200005],[4.865778879000061,52.36624392700003],[4.866387771000063,52.36651190200007],[4.866567001000021,52.36659078100007],[4.867150437000021,52.36684755200008],[4.86727376500005,52.36690182900003],[4.867399058000046,52.366956971000036],[4.86758097400002,52.36703703300003],[4.867883707000033,52.36717026600007],[4.868151634000071,52.36728818100005],[4.869062395000071,52.36768900900006],[4.8692793180000535,52.36778447800003],[4.86951169200006,52.36788674600007],[4.8695077330000345,52.36798848900003],[4.869495457000028,52.36830400400004],[4.869493676000047,52.368349770000066],[4.869480727000052,52.368682584000055],[4.86944483700006,52.36960504600006],[4.869439539000041,52.369741228000066],[4.869434573000035,52.36986886400007],[4.869428511000024,52.37002466300004],[4.869406449000053,52.370591700000034],[4.869387902000028,52.37106839300003],[4.869386461000033,52.371105432000036],[4.868798032000029,52.37116236800006],[4.868349311000031,52.37072203400004],[4.868096033000029,52.37047349100004],[4.8677772580000465,52.37016067400003],[4.86772497000004,52.37010936300004],[4.867701172000068,52.37008601000008],[4.867507407000062,52.369895866000036],[4.867295118000072,52.36968754500003],[4.867186342000025,52.36958080200003],[4.867006208000021,52.36940403500006],[4.86700148500006,52.36939940000008],[4.866784498000072,52.369186469000056],[4.8659756170000605,52.368392707000055],[4.865915197000049,52.36833341700003],[4.865614146000041,52.36803799200004],[4.865544829000044,52.367969971000036],[4.865535394000062,52.36796071200007],[4.865505004000056,52.36793089000008],[4.865371583000069,52.36779996300004],[4.864799171000072,52.36723825100006],[4.864746037000032,52.367186110000034],[4.863835786000038,52.36629287300008],[4.863832349000063,52.36628950000005],[4.8637200100000655,52.36617926100007],[4.863682367000024,52.36614232200003],[4.863490197000033,52.36595374400008],[4.863424794000025,52.36588956400004],[4.863342732000035,52.36580903600003],[4.863465631000054,52.365709707000065],[4.863816874000065,52.36542582700008],[4.8638532290000285,52.365396444000055],[4.863940040000045,52.365434650000054]]]}},{"type":"Feature","properties":{"service_id":89,"population_total":1241.43,"thiessen_area_km2":0.1859},"geometry":{"type":"Polygon","coordinates":[[[4.869620953000037,52.371318675000055],[4.870120667000037,52.371773106000035],[4.870249326000021,52.37189010600008],[4.870272416000034,52.37191110400005],[4.870319184000039,52.37195363400008],[4.870625449000045,52.372232145000055],[4.8706140290000235,52.37229654200007],[4.87048896400006,52.373001748000036],[4.870443647000059,52.37325727600006],[4.870442574000037,52.37326332400005],[4.870435998000062,52.373300406000055],[4.870158831000026,52.37365176600008],[4.870109932000048,52.37371375400005],[4.869979828000055,52.37387868400003],[4.869953706000047,52.37391179900004],[4.869927496000059,52.37394502500007],[4.869666406000022,52.37427600400008],[4.869659668000054,52.37428454500008],[4.869520162000072,52.374461394000036],[4.868921133000072,52.37522077400007],[4.868852781000044,52.37530742300004],[4.868541181000069,52.37570243300007],[4.868222532000061,52.37610637900008],[4.868208223000067,52.37612451800004],[4.867895817000033,52.376520550000066],[4.867787086000021,52.37665838700008],[4.8677173040000525,52.37674684900003],[4.867655651000064,52.37682500600005],[4.867562369000041,52.37694325800004],[4.867446745000052,52.37708983200008],[4.867371478000052,52.37718524700006],[4.866944668000031,52.377726307000046],[4.866900291000036,52.37778256300004],[4.866682466000043,52.37805869700003],[4.866625734000024,52.37813061500003],[4.866371546000039,52.37845284400004],[4.865488479000021,52.37830913400006],[4.865350522000028,52.378286683000056],[4.86432293200005,52.37811945400006],[4.864210466000031,52.377844623000044],[4.864153733000023,52.37770598600008],[4.864145965000034,52.37768700400005],[4.864443903000051,52.37703897500006],[4.864494425000032,52.376929086000075],[4.864528471000028,52.37685503400007],[4.8646618680000415,52.376564889000065],[4.864915422000024,52.376013398000055],[4.865100771000073,52.375610255000026],[4.865163253000048,52.37547435400006],[4.865300577000028,52.37517566900004],[4.865445062000049,52.37486140800007],[4.865456606000066,52.37483629900004],[4.865462189000027,52.374824155000056],[4.865649018000056,52.37441779300008],[4.865700865000065,52.37430502400008],[4.8659261440000705,52.37381503200004],[4.866159251000056,52.37330801300004],[4.866632196000069,52.37227933500003],[4.866760089000024,52.37200116100007],[4.8669641970000725,52.37155721700003],[4.867214145000048,52.37150340000005],[4.867216574000054,52.37150287700007],[4.867410584000027,52.37146110400005],[4.8677322910000385,52.37139183600004],[4.867971068000031,52.37134042400004],[4.868188738000072,52.37129355700006],[4.8681918170000245,52.37129289400008],[4.868354343000021,52.371257900000046],[4.868798032000029,52.37116236800006],[4.869386461000033,52.371105432000036],[4.869620953000037,52.371318675000055]]]}},{"type":"Feature","properties":{"service_id":90,"population_total":1362.27,"thiessen_area_km2":0.1602},"geometry":{"type":"Polygon","coordinates":[[[4.8650257480000505,52.37111817700003],[4.865074642000025,52.37112925100007],[4.866220293000026,52.371388730000035],[4.8665355050000585,52.37146012200003],[4.8669641970000725,52.37155721700003],[4.866760089000024,52.37200116100007],[4.866632196000069,52.37227933500003],[4.866159251000056,52.37330801300004],[4.8659261440000705,52.37381503200004],[4.865700865000065,52.37430502400008],[4.865649018000056,52.37441779300008],[4.865462189000027,52.374824155000056],[4.865456606000066,52.37483629900004],[4.865445062000049,52.37486140800007],[4.865300577000028,52.37517566900004],[4.865163253000048,52.37547435400006],[4.865100771000073,52.375610255000026],[4.864915422000024,52.376013398000055],[4.8646618680000415,52.376564889000065],[4.864528471000028,52.37685503400007],[4.864494425000032,52.376929086000075],[4.864443903000051,52.37703897500006],[4.864145965000034,52.37768700400005],[4.863521657000035,52.37694721300005],[4.863465577000056,52.37688075900007],[4.8626021100000685,52.37585756800007],[4.862541924000027,52.37578624900004],[4.862496800000031,52.37573277800004],[4.86189846000002,52.375023758000054],[4.861698913000055,52.37478729900005],[4.8616815100000395,52.37476667700008],[4.861707895000052,52.37446117700006],[4.8617154800000435,52.374373355000046],[4.861747244000071,52.37400556600005],[4.8617556170000285,52.37390861700004],[4.861759977000077,52.37385812900004],[4.861763196000027,52.37382085400003],[4.861776733000056,52.37366411000005],[4.8617777630000205,52.373652184000036],[4.861779302000059,52.37363436800007],[4.861806304000027,52.373321719000046],[4.86183507100003,52.37298863600006],[4.861956134000025,52.37276577200004],[4.8623916330000725,52.37196406600003],[4.862441051000076,52.37187309300003],[4.8626747050000745,52.37144296100007],[4.862726769000062,52.37134711700003],[4.862860370000021,52.37110117100008],[4.863089370000068,52.37067960600007],[4.8650257480000505,52.37111817700003]]]}},{"type":"Feature","properties":{"service_id":91,"population_total":791.0,"thiessen_area_km2":0.0939},"geometry":{"type":"Polygon","coordinates":[[[4.870713153000054,52.379193188000045],[4.870703754000033,52.37924872600007],[4.870652837000023,52.37954959900003],[4.870601516000022,52.37985285800005],[4.870300677000046,52.38163054700004],[4.870265922000044,52.381835918000036],[4.8700008550000575,52.383402224000065],[4.869950837000033,52.38369778200007],[4.869881719000034,52.38410620600007],[4.869848768000054,52.38430091600003],[4.869839687000024,52.384354579000046],[4.869808585000044,52.38438012300003],[4.869658731000072,52.38422833700008],[4.869114533000072,52.38367712400003],[4.868952879000062,52.38351338600006],[4.868627389000039,52.383183700000075],[4.868388730000049,52.382941964000054],[4.868147375000035,52.382260777000056],[4.8680480710000325,52.38198050900007],[4.86747867400004,52.38037347800008],[4.866989986000021,52.37899423400006],[4.866966206000029,52.378927118000036],[4.8671103300000595,52.378924151000035],[4.868323386000043,52.37889917900003],[4.868431065000038,52.378896962000056],[4.869097471000032,52.378883243000075],[4.86912508100005,52.37888267500006],[4.8701207910000335,52.37886217800008],[4.870172134000029,52.37886112100006],[4.870567620000031,52.37885298000003],[4.87077143700003,52.37884878400007],[4.870713153000054,52.379193188000045]]]}},{"type":"Feature","properties":{"service_id":92,"population_total":977.76,"thiessen_area_km2":0.1047},"geometry":{"type":"Polygon","coordinates":[[[4.8636003060000235,52.382035994000034],[4.864372102000061,52.38251947300006],[4.865858420000052,52.383450552000056],[4.865841746000058,52.38348298400007],[4.865798859000051,52.38356640100005],[4.865750728000023,52.38366001800006],[4.86562267000005,52.38390909800006],[4.865199190000055,52.384732789000054],[4.86485908100002,52.38539431800007],[4.864539440000044,52.38601603700005],[4.864174234000075,52.386726381000074],[4.863300878000075,52.38842510300003],[4.863222115000042,52.38857830100005],[4.863161547000061,52.38869610900008],[4.863091122000071,52.38883309000005],[4.862911164000025,52.388838530000044],[4.862722247000022,52.388844240000026],[4.862632433000044,52.388846955000076],[4.862232937000044,52.38885903100004],[4.861672584000075,52.38887597000007],[4.861730650000027,52.38863517200008],[4.861833463000039,52.38820881400005],[4.861879762000058,52.38801681500007],[4.8619368280000685,52.38778016500004],[4.862006929000074,52.387489462000076],[4.862281730000063,52.38634988200005],[4.862485316000061,52.38550562300003],[4.862598691000073,52.38503546600003],[4.862642256000072,52.38485480500003],[4.862663903000055,52.38476503700008],[4.86272285900003,52.384520552000026],[4.863025930000049,52.38326373900003],[4.8630458220000605,52.38318124700004],[4.863127759000065,52.38284145800003],[4.863215283000045,52.38247850000005],[4.8632557400000564,52.38231072900004],[4.863338635000048,52.381966970000065],[4.863358515000073,52.38188452800006],[4.8636003060000235,52.382035994000034]]]}},{"type":"Feature","properties":{"service_id":93,"population_total":999.73,"thiessen_area_km2":0.1471},"geometry":{"type":"Polygon","coordinates":[[[4.865350522000028,52.378286683000056],[4.865488479000021,52.37830913400006],[4.866371546000039,52.37845284400004],[4.866847786000051,52.378832672000044],[4.866966206000029,52.378927118000036],[4.866989986000021,52.37899423400006],[4.86747867400004,52.38037347800008],[4.8680480710000325,52.38198050900007],[4.868147375000035,52.382260777000056],[4.868388730000049,52.382941964000054],[4.86622365900007,52.38337714000005],[4.865858420000052,52.383450552000056],[4.864372102000061,52.38251947300006],[4.8636003060000235,52.382035994000034],[4.863358515000073,52.38188452800006],[4.8633192040000495,52.381630244000064],[4.863310514000034,52.381574036000075],[4.8630287810000254,52.37975168000003],[4.863021857000035,52.37970689300005],[4.863017712000044,52.37968007900008],[4.86432293200005,52.37811945400006],[4.865350522000028,52.378286683000056]]]}},{"type":"Feature","properties":{"service_id":94,"population_total":296.62,"thiessen_area_km2":0.0662},"geometry":{"type":"Polygon","coordinates":[[[4.8586620820000235,52.37988993700003],[4.8589009230000215,52.379987338000035],[4.859102632000031,52.380069597000045],[4.858566015000065,52.38128588400008],[4.858397291000074,52.381668312000045],[4.858311161000074,52.38186353200007],[4.8582417450000435,52.38202086800004],[4.858126205000076,52.38228274900007],[4.857446107000044,52.38382424800005],[4.856972901000063,52.38316718200008],[4.856428923000067,52.38241184800006],[4.856310840000049,52.38224788500003],[4.8560231400000475,52.38184840200006],[4.8559080510000285,52.38168859600006],[4.8558022070000675,52.38154162700005],[4.8553644350000695,52.38093376300003],[4.855295953000052,52.38083867200004],[4.855064243000072,52.38051693400007],[4.8552489590000505,52.380442679000055],[4.855374596000047,52.38039217200003],[4.855609776000051,52.38029763000003],[4.856184597000038,52.38006655300006],[4.856204854000055,52.38005841000006],[4.856980798000052,52.37974648200003],[4.85719825700005,52.379659064000066],[4.85765032300003,52.37947733400006],[4.8586620820000235,52.37988993700003]]]}},{"type":"Feature","properties":{"service_id":95,"population_total":439.44,"thiessen_area_km2":0.0636},"geometry":{"type":"Polygon","coordinates":[[[4.859947233000071,52.380378878000045],[4.859878475000073,52.380951982000056],[4.859877471000061,52.380960351000056],[4.85981980400004,52.381441014000075],[4.859751651000067,52.38200907400005],[4.859750348000034,52.38201993400003],[4.859702931000072,52.38241516100004],[4.859659829000066,52.38277442200007],[4.85959328000007,52.38332911400005],[4.859363244000065,52.38524648900005],[4.859339921000071,52.38544088800006],[4.859317687000043,52.385626210000055],[4.859295489000033,52.38581123300003],[4.8592861320000225,52.385889227000064],[4.859224877000031,52.38639979100003],[4.85921879600005,52.38645047700004],[4.859193520000076,52.38666115800004],[4.859060345000046,52.386444950000055],[4.858873776000053,52.386142058000075],[4.858863100000065,52.38612472500006],[4.858834302000048,52.38607797100008],[4.85871978800003,52.38589205800008],[4.858573704000037,52.38565489100006],[4.858169968000027,52.38499943000005],[4.857806636000021,52.384409564000066],[4.85771582700005,52.384262136000075],[4.8575274680000575,52.38395633600004],[4.857446107000044,52.38382424800005],[4.858126205000076,52.38228274900007],[4.8582417450000435,52.38202086800004],[4.858311161000074,52.38186353200007],[4.858397291000074,52.381668312000045],[4.858566015000065,52.38128588400008],[4.859102632000031,52.380069597000045],[4.859947233000071,52.380378878000045]]]}},{"type":"Feature","properties":{"service_id":96,"population_total":900.86,"thiessen_area_km2":0.2152},"geometry":{"type":"Polygon","coordinates":[[[4.863021857000035,52.37970689300005],[4.8630287810000254,52.37975168000003],[4.863310514000034,52.381574036000075],[4.8633192040000495,52.381630244000064],[4.863358515000073,52.38188452800006],[4.863338635000048,52.381966970000065],[4.8632557400000564,52.38231072900004],[4.863215283000045,52.38247850000005],[4.863127759000065,52.38284145800003],[4.8630458220000605,52.38318124700004],[4.863025930000049,52.38326373900003],[4.86272285900003,52.384520552000026],[4.862663903000055,52.38476503700008],[4.862642256000072,52.38485480500003],[4.862598691000073,52.38503546600003],[4.862485316000061,52.38550562300003],[4.862281730000063,52.38634988200005],[4.862006929000074,52.387489462000076],[4.8619368280000685,52.38778016500004],[4.861879762000058,52.38801681500007],[4.861833463000039,52.38820881400005],[4.861730650000027,52.38863517200008],[4.861672584000075,52.38887597000007],[4.8606074770000305,52.38925616600005],[4.859685596000077,52.38958523700006],[4.859389578000048,52.38782619600005],[4.8593141750000655,52.387378126000044],[4.859222149000061,52.386831278000045],[4.859193520000076,52.38666115800004],[4.85921879600005,52.38645047700004],[4.859224877000031,52.38639979100003],[4.8592861320000225,52.385889227000064],[4.859295489000033,52.38581123300003],[4.859317687000043,52.385626210000055],[4.859339921000071,52.38544088800006],[4.859363244000065,52.38524648900005],[4.85959328000007,52.38332911400005],[4.859659829000066,52.38277442200007],[4.859702931000072,52.38241516100004],[4.859750348000034,52.38201993400003],[4.859751651000067,52.38200907400005],[4.85981980400004,52.381441014000075],[4.859877471000061,52.380960351000056],[4.859878475000073,52.380951982000056],[4.859947233000071,52.380378878000045],[4.860021793000044,52.380361909000044],[4.860546394000039,52.380242517000056],[4.860872061000066,52.38016840000006],[4.861742831000072,52.37997022500008],[4.862603032000038,52.379774455000074],[4.862733553000055,52.37974475000004],[4.863017712000044,52.37968007900008],[4.863021857000035,52.37970689300005]]]}},{"type":"Feature","properties":{"service_id":97,"population_total":1340.3,"thiessen_area_km2":0.2127},"geometry":{"type":"Polygon","coordinates":[[[4.868627389000039,52.383183700000075],[4.868952879000062,52.38351338600006],[4.869114533000072,52.38367712400003],[4.869658731000072,52.38422833700008],[4.869808585000044,52.38438012300003],[4.869805648000067,52.38445646000008],[4.869776687000069,52.38520924000005],[4.869748000000072,52.38595487200007],[4.869700003000048,52.387202441000056],[4.8696970050000346,52.38728035300005],[4.869673209000041,52.387898875000076],[4.868986224000025,52.38813268800004],[4.866423002000033,52.38900507100004],[4.865906636000034,52.38918081400004],[4.864540518000069,52.389012094000066],[4.863980513000058,52.38894293200008],[4.8635924980000595,52.388895011000045],[4.863091122000071,52.38883309000005],[4.863161547000061,52.38869610900008],[4.863222115000042,52.38857830100005],[4.863300878000075,52.38842510300003],[4.864174234000075,52.386726381000074],[4.864539440000044,52.38601603700005],[4.86485908100002,52.38539431800007],[4.865199190000055,52.384732789000054],[4.86562267000005,52.38390909800006],[4.865750728000023,52.38366001800006],[4.865798859000051,52.38356640100005],[4.865841746000058,52.38348298400007],[4.865858420000052,52.383450552000056],[4.86622365900007,52.38337714000005],[4.868388730000049,52.382941964000054],[4.868627389000039,52.383183700000075]]]}},{"type":"Feature","properties":{"service_id":98,"population_total":1351.29,"thiessen_area_km2":0.3582},"geometry":{"type":"Polygon","coordinates":[[[4.869681353000033,52.38790353300004],[4.869845165000072,52.38799722400006],[4.870678544000043,52.38847387000004],[4.8711153740000555,52.38872371300005],[4.871131492000075,52.38873293200004],[4.871887356000059,52.389165244000026],[4.872448372000065,52.38948611400008],[4.872651866000069,52.38960250100007],[4.872964859000035,52.38978151500004],[4.873316654000064,52.38998272200007],[4.874393189000045,52.390598440000076],[4.874405239000055,52.390612231000034],[4.874976854000067,52.39126646100004],[4.875157220000062,52.39147289600004],[4.8752887910000595,52.391623483000046],[4.875772251000058,52.39217681800005],[4.875965737000058,52.39239826800008],[4.874021782000057,52.39332964100004],[4.872971908000068,52.39383264800006],[4.872601401000054,52.39401016200003],[4.868047661000048,52.39619191400004],[4.86783966400003,52.39629156800004],[4.867091984000069,52.39354118600005],[4.866921067000021,52.39291245600003],[4.86687160300005,52.39273050000003],[4.866768329000024,52.39235060000004],[4.866592371000024,52.39170333000004],[4.866502365000031,52.39137223700004],[4.866473098000029,52.39126457800006],[4.866223735000062,52.39034728400003],[4.866161200000022,52.390117245000056],[4.866123753000068,52.389979493000055],[4.865963909000072,52.389391498000066],[4.86595793500004,52.38936952200004],[4.865953320000074,52.389352544000076],[4.865906636000034,52.38918081400004],[4.866423002000033,52.38900507100004],[4.868986224000025,52.38813268800004],[4.869673209000041,52.387898875000076],[4.869681353000033,52.38790353300004]]]}},{"type":"Feature","properties":{"service_id":99,"population_total":4152.74,"thiessen_area_km2":1.3145},"geometry":{"type":"Polygon","coordinates":[[[4.877682278000066,52.39321383200007],[4.878030196000054,52.39337913500003],[4.879371383000034,52.39401636000008],[4.8795870700000705,52.394333937000056],[4.879690298000071,52.39448592900004],[4.880420913000023,52.395561685000075],[4.8810110170000485,52.39643055300007],[4.881568424000022,52.397251279000045],[4.8820231870000725,52.39792087100005],[4.881634520000034,52.398445165000055],[4.8808466700000395,52.399507940000035],[4.875835426000037,52.40626788800006],[4.875473417000023,52.406335383000055],[4.875441610000053,52.40634131300004],[4.875042355000062,52.40640829400007],[4.874640172000056,52.40646836700006],[4.874235380000073,52.40652148600003],[4.87382830100006,52.406567608000046],[4.8734192580000695,52.40660669600004],[4.873008577000064,52.406638720000046],[4.872596582000028,52.406663654000056],[4.872183603000053,52.40668147800005],[4.871769966000045,52.40669217800007],[4.871356000000048,52.40669574600008],[4.870942034000052,52.40669217800007],[4.870806923000032,52.40668868300003],[4.870528397000044,52.40668147800005],[4.8701154180000685,52.406663654000056],[4.869703423000033,52.406638720000046],[4.869292742000027,52.40660669600004],[4.868883699000037,52.406567608000046],[4.868476620000024,52.40652148600003],[4.868071828000041,52.40646836700006],[4.867669645000035,52.40640829400007],[4.867270390000044,52.40634131300004],[4.8668743790000235,52.406267479000064],[4.866481929000031,52.40618685000004],[4.866093350000028,52.40609948900004],[4.865708951000045,52.40600546700006],[4.865329037000038,52.40590485800004],[4.864953910000054,52.40579774200006],[4.864583868000068,52.40568420400007],[4.864219204000051,52.405564334000076],[4.863860209000052,52.40543822700005],[4.863507168000069,52.40530598400005],[4.863160360000052,52.40516770900007],[4.862820061000036,52.40502351200007],[4.862486542000056,52.404873509000026],[4.86242373500005,52.40484355700005],[4.863798742000029,52.40267236200003],[4.864149529000031,52.40211845400006],[4.864690083000028,52.401264895000054],[4.86783966400003,52.39629156800004],[4.868047661000048,52.39619191400004],[4.872601401000054,52.39401016200003],[4.872971908000068,52.39383264800006],[4.874021782000057,52.39332964100004],[4.875965737000058,52.39239826800008],[4.877682278000066,52.39321383200007]]]}},{"type":"Feature","properties":{"service_id":100,"population_total":1461.15,"thiessen_area_km2":0.7026},"geometry":{"type":"Polygon","coordinates":[[[4.8635924980000595,52.388895011000045],[4.863980513000058,52.38894293200008],[4.864540518000069,52.389012094000066],[4.865906636000034,52.38918081400004],[4.865953320000074,52.389352544000076],[4.86595793500004,52.38936952200004],[4.865963909000072,52.389391498000066],[4.866123753000068,52.389979493000055],[4.866161200000022,52.390117245000056],[4.866223735000062,52.39034728400003],[4.866473098000029,52.39126457800006],[4.866502365000031,52.39137223700004],[4.866592371000024,52.39170333000004],[4.866768329000024,52.39235060000004],[4.86687160300005,52.39273050000003],[4.866921067000021,52.39291245600003],[4.867091984000069,52.39354118600005],[4.86783966400003,52.39629156800004],[4.864690083000028,52.401264895000054],[4.864149529000031,52.40211845400006],[4.863798742000029,52.40267236200003],[4.8634026570000515,52.402648389000035],[4.86329401100005,52.402639917000045],[4.862992012000063,52.402616366000075],[4.862583006000023,52.402577277000034],[4.862175964000073,52.40253115500008],[4.86177120900004,52.40247803600005],[4.861369061000062,52.40241796300006],[4.860969842000031,52.40235098200003],[4.860668719000046,52.40229483400003],[4.860194202000059,52.39988340300005],[4.859886473000074,52.39831956800003],[4.859834588000069,52.39805589700006],[4.859750266000049,52.39762738500008],[4.8588406050000685,52.39300461400006],[4.858777729000053,52.39268508600003],[4.858703048000052,52.39230556600006],[4.858644678000076,52.39200893800006],[4.858624030000044,52.391904010000076],[4.858609148000028,52.39182838000005],[4.85856257100005,52.39159168100008],[4.858546011000044,52.39150752300003],[4.858398383000065,52.39075729600006],[4.858943423000028,52.39026101500008],[4.859637102000022,52.389629392000074],[4.859685596000077,52.38958523700006],[4.8606074770000305,52.38925616600005],[4.861672584000075,52.38887597000007],[4.862232937000044,52.38885903100004],[4.862632433000044,52.388846955000076],[4.862722247000022,52.388844240000026],[4.862911164000025,52.388838530000044],[4.863091122000071,52.38883309000005],[4.8635924980000595,52.388895011000045]]]}},{"type":"Feature","properties":{"service_id":101,"population_total":2307.08,"thiessen_area_km2":0.2154},"geometry":{"type":"Polygon","coordinates":[[[4.846511908000025,52.38800909200006],[4.846665929000039,52.38802146000006],[4.847164255000052,52.38806147500003],[4.848285417000056,52.388151504000064],[4.84872731300004,52.38818698800003],[4.849054411000054,52.38821325400005],[4.849301940000032,52.38823313000006],[4.850011106000068,52.38829007600003],[4.852165287000048,52.38846305700008],[4.852918415000033,52.38852353400006],[4.852999940000075,52.388530080000066],[4.853057965000062,52.38853473900008],[4.853415232000032,52.388563427000065],[4.854927130000021,52.38996744500008],[4.854949966000049,52.38998865100007],[4.854881293000062,52.390057124000066],[4.854736754000044,52.39020124100006],[4.854605199000048,52.39033241200008],[4.854093483000042,52.39084263700005],[4.85380746200002,52.39112782400008],[4.853709740000056,52.39114099600005],[4.853568629000051,52.39116001700006],[4.853002094000033,52.391236383000034],[4.851005030000067,52.391505574000064],[4.850808474000075,52.39153206900005],[4.849820959000056,52.391665180000075],[4.849101198000028,52.39176219900003],[4.848500381000065,52.39184318500003],[4.8476290460000655,52.39196063600008],[4.846918901000038,52.39205635900004],[4.846543870000062,52.39176130300007],[4.8455911960000435,52.391011786000035],[4.845511035000072,52.39094872000004],[4.845007846000044,52.39055283600004],[4.845145832000071,52.39026692500005],[4.845294987000045,52.38995787200008],[4.84532047600004,52.38990505800007],[4.8453400000000215,52.38986460400008],[4.846049071000039,52.38839538900004],[4.846131078000042,52.38831185300006],[4.846205370000064,52.38823617700007],[4.846299540000075,52.38814025200003],[4.8463583650000714,52.38808033000004],[4.84639381900007,52.388044215000036],[4.8464344090000395,52.38800286900005],[4.846511908000025,52.38800909200006]]]}},{"type":"Feature","properties":{"service_id":102,"population_total":1197.48,"thiessen_area_km2":0.0926},"geometry":{"type":"Polygon","coordinates":[[[4.8537829150000675,52.39115464400004],[4.853746856000043,52.39119404300004],[4.85287667800003,52.39214482400007],[4.852594067000041,52.39245361300004],[4.852489666000054,52.39256768400003],[4.851934761000052,52.39317398900005],[4.851794571000028,52.39332716500007],[4.851366274000043,52.39379513400007],[4.851246581000055,52.39392591400008],[4.850468479000028,52.39477609100004],[4.850100262000069,52.39517841500003],[4.848758864000047,52.393862023000054],[4.848718015000031,52.39382193500006],[4.848459643000069,52.39356838000003],[4.846918901000038,52.39205635900004],[4.8476290460000655,52.39196063600008],[4.848500381000065,52.39184318500003],[4.849101198000028,52.39176219900003],[4.849820959000056,52.391665180000075],[4.850808474000075,52.39153206900005],[4.851005030000067,52.391505574000064],[4.853002094000033,52.391236383000034],[4.853568629000051,52.39116001700006],[4.853709740000056,52.39114099600005],[4.85380746200002,52.39112782400008],[4.8537829150000675,52.39115464400004]]]}},{"type":"Feature","properties":{"service_id":103,"population_total":2120.31,"thiessen_area_km2":0.3077},"geometry":{"type":"Polygon","coordinates":[[[4.845511035000072,52.39094872000004],[4.8455911960000435,52.391011786000035],[4.846543870000062,52.39176130300007],[4.846918901000038,52.39205635900004],[4.848459643000069,52.39356838000003],[4.848718015000031,52.39382193500006],[4.848758864000047,52.393862023000054],[4.850100262000069,52.39517841500003],[4.849981195000055,52.395581107000055],[4.8499713300000735,52.395614472000034],[4.849965996000037,52.39563251100003],[4.84934981400005,52.397716485000046],[4.848748536000073,52.39975005200006],[4.847743429000047,52.39910927200003],[4.845758791000037,52.39784401800006],[4.845751714000073,52.39783950700007],[4.844382696000025,52.39696672600007],[4.84347355400007,52.396387126000036],[4.84327236300004,52.39603941400003],[4.842423673000042,52.39457265200008],[4.84190624200005,52.39367839400006],[4.842293582000025,52.39287228500007],[4.842410256000051,52.39277258200008],[4.842472548000046,52.39271935100004],[4.843745924000075,52.391631199000074],[4.843904071000054,52.39149605600005],[4.845007846000044,52.39055283600004],[4.845511035000072,52.39094872000004]]]}},{"type":"Feature","properties":{"service_id":104,"population_total":5020.64,"thiessen_area_km2":0.9983},"geometry":{"type":"Polygon","coordinates":[[[4.855519959000048,52.39011570100007],[4.856062954000038,52.39023673400004],[4.858398383000065,52.39075729600006],[4.858546011000044,52.39150752300003],[4.85856257100005,52.39159168100008],[4.858609148000028,52.39182838000005],[4.858624030000044,52.391904010000076],[4.858644678000076,52.39200893800006],[4.858703048000052,52.39230556600006],[4.858777729000053,52.39268508600003],[4.8588406050000685,52.39300461400006],[4.859750266000049,52.39762738500008],[4.859834588000069,52.39805589700006],[4.859886473000074,52.39831956800003],[4.860194202000059,52.39988340300005],[4.860668719000046,52.40229483400003],[4.860948088000043,52.40371454800004],[4.860855504000028,52.40374922900003],[4.860608587000058,52.403835969000056],[4.860496523000052,52.403875336000056],[4.8601318740000465,52.40399520600005],[4.859761846000026,52.40410874400004],[4.859386733000065,52.40421586100007],[4.85900683400007,52.404316470000026],[4.858622449000052,52.40441049200007],[4.858233885000061,52.40449785200008],[4.857841449000034,52.40457848200003],[4.8574454540000715,52.40465231600007],[4.857046214000036,52.40471929600005],[4.856644046000042,52.40477937000003],[4.85623927000006,52.40483248900006],[4.855832206000059,52.40487861100007],[4.855635153000037,52.40489744200005],[4.85542317900007,52.404917699000066],[4.8550125130000765,52.40494972300007],[4.854600535000031,52.40497465700008],[4.854187571000068,52.40499248100008],[4.853773950000061,52.40500318100004],[4.853360000000066,52.40500674900005],[4.852946050000071,52.40500318100004],[4.852532429000064,52.40499248100008],[4.852189562000035,52.40497768200004],[4.852119465000044,52.40497465700008],[4.851707487000056,52.40494972300007],[4.851296821000062,52.404917699000066],[4.850918421000074,52.40488153800004],[4.850661464000041,52.404273870000054],[4.850074849000066,52.40288660400006],[4.849272840000026,52.40098996200004],[4.8490852260000565,52.40054627900008],[4.848748536000073,52.39975005200006],[4.84934981400005,52.397716485000046],[4.849965996000037,52.39563251100003],[4.8499713300000735,52.395614472000034],[4.849981195000055,52.395581107000055],[4.850100262000069,52.39517841500003],[4.850468479000028,52.39477609100004],[4.851246581000055,52.39392591400008],[4.851366274000043,52.39379513400007],[4.851794571000028,52.39332716500007],[4.851934761000052,52.39317398900005],[4.852489666000054,52.39256768400003],[4.852594067000041,52.39245361300004],[4.85287667800003,52.39214482400007],[4.853746856000043,52.39119404300004],[4.8537829150000675,52.39115464400004],[4.85380746200002,52.39112782400008],[4.854093483000042,52.39084263700005],[4.854605199000048,52.39033241200008],[4.854736754000044,52.39020124100006],[4.854881293000062,52.390057124000066],[4.854949966000049,52.38998865100007],[4.855519959000048,52.39011570100007]]]}},{"type":"Feature","properties":{"service_id":105,"population_total":4185.69,"thiessen_area_km2":1.06},"geometry":{"type":"Polygon","coordinates":[[[4.827901802000042,52.40940480800003],[4.8296816800000215,52.41037236400007],[4.832443776000048,52.41253667500007],[4.834169435000035,52.41388886000004],[4.8381031370000755,52.41697121300007],[4.8399755450000725,52.41843838700004],[4.839939144000027,52.41854592900006],[4.839843827000038,52.41879232900004],[4.839737193000076,52.41903699000005],[4.839629387000059,52.41925899700004],[4.837998695000067,52.419448343000056],[4.829781055000069,52.42040252700008],[4.8290400510000495,52.42052078200004],[4.826900118000026,52.420863455000074],[4.819504928000072,52.409641871000076],[4.819321010000067,52.409362791000035],[4.819014983000045,52.40889842000007],[4.8195073170000455,52.40842005500008],[4.819752098000038,52.40835274500006],[4.82013433700007,52.40825545700005],[4.820157892000054,52.40824993200005],[4.820520904000034,52.40816479100005],[4.820911494000029,52.408080820000066],[4.820991347000074,52.408065184000066],[4.8213057950000575,52.40800361000004],[4.821703494000076,52.40793322400003],[4.82210427800004,52.40786971500006],[4.822507826000049,52.40781313600007],[4.822913820000053,52.40776353000007],[4.822919189000061,52.40776297000008],[4.82332193700006,52.40772093800007],[4.823731854000073,52.407685393000065],[4.824143244000027,52.40765692300005],[4.824555782000061,52.407635550000066],[4.824641693000046,52.40763258700008],[4.827901802000042,52.40940480800003]]]}},{"type":"Feature","properties":{"service_id":106,"population_total":6295.02,"thiessen_area_km2":0.8803},"geometry":{"type":"Polygon","coordinates":[[[4.831110559000024,52.39783117200005],[4.833157934000042,52.39805087000008],[4.833755689000043,52.39811501300005],[4.833929835000049,52.39813370000007],[4.834181865000062,52.39822953500004],[4.83434021100004,52.39867399000008],[4.834390959000075,52.398816433000036],[4.834782933000042,52.39991665200006],[4.835351919000061,52.40151372000008],[4.835404593000021,52.401661568000065],[4.835055908000072,52.402192298000045],[4.832527265000067,52.40604112300008],[4.832151400000043,52.40661322400007],[4.8310686280000255,52.40826130200003],[4.830639310000038,52.40891476300004],[4.829982858000051,52.40991394300005],[4.8296816800000215,52.41037236400007],[4.827901802000042,52.40940480800003],[4.824641693000046,52.40763258700008],[4.823697497000069,52.407119314000056],[4.821869037000056,52.406125348000046],[4.822259574000043,52.400411716000065],[4.824297389000037,52.399395250000055],[4.824403071000063,52.39934253500007],[4.824410000000057,52.39933907900007],[4.824787166000021,52.399150948000056],[4.825149260000046,52.39897033500006],[4.825216691000037,52.398936700000036],[4.825244779000059,52.39892269000006],[4.8267797890000566,52.39815702400006],[4.82880129800003,52.397852399000044],[4.829844045000073,52.39769526600003],[4.831110559000024,52.39783117200005]]]}},{"type":"Feature","properties":{"service_id":107,"population_total":1571.01,"thiessen_area_km2":0.7141},"geometry":{"type":"Polygon","coordinates":[[[4.8359096230000205,52.402231982000046],[4.840317250000055,52.40721024700008],[4.842290668000032,52.409439156000076],[4.842816841000058,52.41003345000007],[4.84283202000006,52.41005059500003],[4.842870206000043,52.410093724000035],[4.843887357000028,52.41194745300004],[4.843620903000044,52.412074500000074],[4.84328732900002,52.41222450300006],[4.842946975000075,52.41236870000006],[4.842600111000024,52.41250697400005],[4.84224701100004,52.41263921700005],[4.841887958000029,52.41276532400008],[4.841523235000068,52.41288519400007],[4.841153133000034,52.41299873200006],[4.84077794500007,52.41310584800004],[4.840397969000037,52.41320645700006],[4.840013507000037,52.41330047900004],[4.839624865000076,52.41338783900005],[4.839349577000064,52.41344438800007],[4.839232350000032,52.413468469000065],[4.838836276000052,52.41354230300004],[4.83843695500002,52.41360928300003],[4.838034707000077,52.41366935700006],[4.837629849000052,52.41372247500004],[4.837222704000055,52.41376859700006],[4.836813594000034,52.41380768600004],[4.836535363000053,52.41382937800006],[4.836402846000055,52.41383970900006],[4.835990784000046,52.41386464300007],[4.83557773800004,52.413882467000064],[4.835164033000069,52.413893167000026],[4.834750000000042,52.41389673500004],[4.834335967000072,52.413893167000026],[4.834169435000035,52.41388886000004],[4.832443776000048,52.41253667500007],[4.8296816800000215,52.41037236400007],[4.829982858000051,52.40991394300005],[4.830639310000038,52.40891476300004],[4.8310686280000255,52.40826130200003],[4.832151400000043,52.40661322400007],[4.832527265000067,52.40604112300008],[4.835055908000072,52.402192298000045],[4.835404593000021,52.401661568000065],[4.8359096230000205,52.402231982000046]]]}},{"type":"Feature","properties":{"service_id":108,"population_total":1065.65,"thiessen_area_km2":0.2835},"geometry":{"type":"Polygon","coordinates":[[[4.836769726000057,52.39897309500003],[4.837572143000045,52.399246419000065],[4.840349723000031,52.40019253300005],[4.840638031000026,52.40029073800008],[4.84069243700003,52.40052967200006],[4.840704717000051,52.400583604000076],[4.840988811000045,52.40183125300007],[4.841111251000029,52.402368968000076],[4.842187557000045,52.40709575200003],[4.84272261600006,52.40944555800007],[4.842854867000028,52.410026361000064],[4.842816841000058,52.41003345000007],[4.842290668000032,52.409439156000076],[4.840317250000055,52.40721024700008],[4.8359096230000205,52.402231982000046],[4.835404593000021,52.401661568000065],[4.835351919000061,52.40151372000008],[4.834782933000042,52.39991665200006],[4.834390959000075,52.398816433000036],[4.83434021100004,52.39867399000008],[4.834181865000062,52.39822953500004],[4.834411911000075,52.39816996400003],[4.836769726000057,52.39897309500003]]]}},{"type":"Feature","properties":{"service_id":109,"population_total":659.16,"thiessen_area_km2":0.2266},"geometry":{"type":"Polygon","coordinates":[[[4.842423673000042,52.39457265200008],[4.84327236300004,52.39603941400003],[4.84347355400007,52.396387126000036],[4.842970870000045,52.39707916200007],[4.842941836000023,52.39711913200006],[4.842756078000036,52.39737486100006],[4.841716760000054,52.39880567100005],[4.84137643300005,52.39927419400004],[4.8411352710000415,52.399606197000026],[4.840638031000026,52.40029073800008],[4.840349723000031,52.40019253300005],[4.837572143000045,52.399246419000065],[4.836769726000057,52.39897309500003],[4.834411911000075,52.39816996400003],[4.83654871300007,52.39679876900004],[4.836796499000059,52.39663976400004],[4.8368733670000665,52.39659043800003],[4.837638370000036,52.39609953200005],[4.838703285000065,52.39541617200007],[4.838769611000032,52.39537361100008],[4.840234133000024,52.394433821000064],[4.84124065900005,52.39378792900004],[4.84190624200005,52.39367839400006],[4.842423673000042,52.39457265200008]]]}},{"type":"Feature","properties":{"service_id":110,"population_total":1373.26,"thiessen_area_km2":0.722},"geometry":{"type":"Polygon","coordinates":[[[4.844382696000025,52.39696672600007],[4.845751714000073,52.39783950700007],[4.845758791000037,52.39784401800006],[4.847743429000047,52.39910927200003],[4.848748536000073,52.39975005200006],[4.8490852260000565,52.40054627900008],[4.849272840000026,52.40098996200004],[4.850074849000066,52.40288660400006],[4.850661464000041,52.404273870000054],[4.850918421000074,52.40488153800004],[4.8513743270000305,52.40595969300006],[4.852019859000052,52.407486289000076],[4.85173001000004,52.40762450600005],[4.851396470000054,52.407774509000035],[4.8510561500000335,52.40791870500004],[4.850709321000068,52.408056980000026],[4.850356257000044,52.40818922300008],[4.84999724000005,52.40831533000005],[4.8496325540000385,52.40843520000004],[4.849262489000068,52.408548738000036],[4.848887338000054,52.408655854000074],[4.848507401000063,52.40875646300003],[4.848122978000049,52.40885048500007],[4.847917710000047,52.40889663100006],[4.8477343740000265,52.40893784600007],[4.847341899000071,52.40901847500004],[4.846945865000066,52.40909230900007],[4.846546584000066,52.40915929000005],[4.846144376000041,52.409219363000034],[4.845855431000075,52.40925727800004],[4.845739559000037,52.40927248200006],[4.845332455000062,52.40931860400008],[4.844923386000062,52.40935769200007],[4.844512679000047,52.40938971600008],[4.844100660000038,52.40941465000003],[4.843799521000051,52.40942764600004],[4.843687654000064,52.40943247400003],[4.843273992000036,52.409443174000046],[4.84286000000003,52.40944674200006],[4.84272261600006,52.40944555800007],[4.842187557000045,52.40709575200003],[4.841111251000029,52.402368968000076],[4.840988811000045,52.40183125300007],[4.840704717000051,52.400583604000076],[4.84069243700003,52.40052967200006],[4.840638031000026,52.40029073800008],[4.8411352710000415,52.399606197000026],[4.84137643300005,52.39927419400004],[4.841716760000054,52.39880567100005],[4.842756078000036,52.39737486100006],[4.842941836000023,52.39711913200006],[4.842970870000045,52.39707916200007],[4.84347355400007,52.396387126000036],[4.844382696000025,52.39696672600007]]]}},{"type":"Feature","properties":{"service_id":111,"population_total":922.83,"thiessen_area_km2":0.1854},"geometry":{"type":"Polygon","coordinates":[[[4.837276570000029,52.39151026600007],[4.837422717000038,52.39159423800004],[4.838068724000038,52.39196541700005],[4.838856427000053,52.392418011000075],[4.838858970000047,52.39241947200003],[4.839613729000064,52.39285313700003],[4.839950401000067,52.39304658000003],[4.840844129000061,52.393560093000076],[4.84124065900005,52.39378792900004],[4.840234133000024,52.394433821000064],[4.838769611000032,52.39537361100008],[4.838703285000065,52.39541617200007],[4.837638370000036,52.39609953200005],[4.8368733670000665,52.39659043800003],[4.836796499000059,52.39663976400004],[4.83654871300007,52.39679876900004],[4.834411911000075,52.39816996400003],[4.834181865000062,52.39822953500004],[4.833929835000049,52.39813370000007],[4.834030808000023,52.39772826800004],[4.834433944000068,52.39610958500003],[4.834479857000076,52.39592523300007],[4.834481858000061,52.395917197000074],[4.834795102000044,52.39465944800003],[4.834844167000028,52.394462442000076],[4.834897237000064,52.394249355000056],[4.8349678460000405,52.393965843000046],[4.835146814000041,52.39324724700003],[4.835266261000072,52.392767641000034],[4.83529169600007,52.39266551500003],[4.835372113000062,52.39234262300005],[4.835601177000058,52.39142287700008],[4.835791871000026,52.39065719600006],[4.837276570000029,52.39151026600007]]]}},{"type":"Feature","properties":{"service_id":112,"population_total":2175.24,"thiessen_area_km2":0.2272},"geometry":{"type":"Polygon","coordinates":[[[4.834854888000052,52.38895973000007],[4.834860888000037,52.38897060000005],[4.8350039830000355,52.38922983400005],[4.835254242000076,52.389683210000044],[4.835791871000026,52.39065719600006],[4.835601177000058,52.39142287700008],[4.835372113000062,52.39234262300005],[4.83529169600007,52.39266551500003],[4.835266261000072,52.392767641000034],[4.835146814000041,52.39324724700003],[4.8349678460000405,52.393965843000046],[4.834897237000064,52.394249355000056],[4.834844167000028,52.394462442000076],[4.834795102000044,52.39465944800003],[4.834481858000061,52.395917197000074],[4.834479857000076,52.39592523300007],[4.834433944000068,52.39610958500003],[4.834030808000023,52.39772826800004],[4.833929835000049,52.39813370000007],[4.833755689000043,52.39811501300005],[4.833157934000042,52.39805087000008],[4.831110559000024,52.39783117200005],[4.829844045000073,52.39769526600003],[4.829976901000066,52.39738849400004],[4.830343197000047,52.39654269400006],[4.8304401430000325,52.39631883900006],[4.830555321000077,52.396052886000064],[4.8309102790000225,52.39523326800003],[4.831178947000069,52.39461289900004],[4.831272950000027,52.39439584000007],[4.831650309000054,52.393524496000055],[4.832358255000031,52.39188980600005],[4.832373004000033,52.39185575000005],[4.832747632000064,52.39099071000004],[4.833073389000049,52.39023851700006],[4.8338014240000575,52.388557440000056],[4.834380822000071,52.38810089800006],[4.834854888000052,52.38895973000007]]]}},{"type":"Feature","properties":{"service_id":113,"population_total":2515.81,"thiessen_area_km2":0.2532},"geometry":{"type":"Polygon","coordinates":[[[4.833073389000049,52.39023851700006],[4.832747632000064,52.39099071000004],[4.832373004000033,52.39185575000005],[4.832358255000031,52.39188980600005],[4.831650309000054,52.393524496000055],[4.831272950000027,52.39439584000007],[4.831178947000069,52.39461289900004],[4.8309102790000225,52.39523326800003],[4.830555321000077,52.396052886000064],[4.8304401430000325,52.39631883900006],[4.830343197000047,52.39654269400006],[4.829976901000066,52.39738849400004],[4.829844045000073,52.39769526600003],[4.82880129800003,52.397852399000044],[4.8267797890000566,52.39815702400006],[4.826972728000044,52.39728644500008],[4.827078677000031,52.39680838500004],[4.827171750000048,52.39638842000005],[4.8272828180000715,52.39588725800007],[4.82731775000002,52.395729638000034],[4.827444699000068,52.39515682000007],[4.827940690000048,52.39291881100007],[4.828236060000052,52.39158604600004],[4.828478025000038,52.39049425400003],[4.828621674000033,52.38984608100003],[4.8289683840000635,52.389759825000056],[4.829675473000066,52.389583912000035],[4.8338014240000575,52.388557440000056],[4.833073389000049,52.39023851700006]]]}},{"type":"Feature","properties":{"service_id":114,"population_total":9074.5,"thiessen_area_km2":2.0336},"geometry":{"type":"Polygon","coordinates":[[[4.811712740000075,52.39311863900008],[4.81183685700006,52.39312077800008],[4.812126456000044,52.39312577000004],[4.812134686000036,52.39312605400005],[4.812539679000054,52.39314002800006],[4.812952082000038,52.393161400000054],[4.812994033000052,52.39316430400004],[4.813363338000045,52.39318987100006],[4.813773120000064,52.393225416000064],[4.814181103000067,52.39326800900005],[4.814586964000057,52.39331761400007],[4.81499038000004,52.393374194000046],[4.815391032000036,52.39343770200003],[4.815788602000055,52.39350808900008],[4.816006332000029,52.393550738000044],[4.81719259700003,52.394598751000046],[4.818275190000065,52.39555517400004],[4.819054484000048,52.39650505100008],[4.819354929000042,52.39687126100006],[4.820624697000028,52.39841897400004],[4.8207627930000285,52.39858729800005],[4.822154275000059,52.40028336800003],[4.822259574000043,52.400411716000065],[4.821869037000056,52.406125348000046],[4.820608203000063,52.40735040700008],[4.819927550000045,52.40801174600006],[4.8195073170000455,52.40842005500008],[4.819014983000045,52.40889842000007],[4.818041601000061,52.40963385800006],[4.816965473000039,52.41044692500003],[4.816768973000023,52.410494983000035],[4.816380356000025,52.410582343000044],[4.815987866000057,52.41066297300006],[4.8155918170000405,52.410736807000035],[4.815192522000075,52.41080378700008],[4.814790298000048,52.41086386100005],[4.814417706000029,52.41091275000008],[4.814385466000033,52.41091698000008],[4.8141737820000685,52.41094096100005],[4.813978347000045,52.41096310100005],[4.8135692630000335,52.41100219000003],[4.813158541000064,52.41103421400004],[4.812746506000053,52.41105914700006],[4.812333485000067,52.411076972000046],[4.811919807000038,52.411087672000065],[4.81150580000002,52.41109123900003],[4.81109179300006,52.411087672000065],[4.81067811500003,52.411076972000046],[4.810265094000044,52.41105914700006],[4.809853059000034,52.41103421400004],[4.809442337000064,52.41100219000003],[4.809033253000052,52.41096310100005],[4.808626134000065,52.41091698000008],[4.8082213020000495,52.41086386100005],[4.807819078000023,52.41080378700008],[4.807419783000057,52.410736807000035],[4.80702373400004,52.41066297300006],[4.806631244000073,52.410582343000044],[4.806242627000074,52.410494983000035],[4.805858189000048,52.41040096100005],[4.805478238000035,52.410300352000036],[4.805103073000055,52.410193236000055],[4.804732994000062,52.41007969800006],[4.804368295000074,52.40995982800007],[4.804009264000058,52.40983372100004],[4.803656188000048,52.409701478000045],[4.803309345000059,52.40956320300006],[4.802969013000052,52.409419007000054],[4.80283995800005,52.40936096900003],[4.802870934000055,52.40879638800004],[4.803047763000052,52.40557343000006],[4.8030754710000565,52.405068407000044],[4.807059398000035,52.396051088000036],[4.80825666100003,52.39334117300007],[4.808424636000041,52.39331761400007],[4.808830497000031,52.39326800900005],[4.809238480000033,52.393225416000064],[4.809648262000053,52.39318987100006],[4.81005951800006,52.393161400000054],[4.810471921000044,52.39314002800006],[4.8108851440000535,52.39312577000004],[4.811298860000022,52.39311863900008],[4.811712740000075,52.39311863900008]]]}},{"type":"Feature","properties":{"service_id":115,"population_total":4570.21,"thiessen_area_km2":1.0753},"geometry":{"type":"Polygon","coordinates":[[[4.807349267000063,52.39230114500003],[4.808448438000028,52.39290709900007],[4.80825666100003,52.39334117300007],[4.807059398000035,52.396051088000036],[4.8030754710000565,52.405068407000044],[4.800452250000035,52.40231883800004],[4.797556551000071,52.399283668000066],[4.794624217000035,52.39621009700005],[4.794860740000047,52.39221413700005],[4.795078980000028,52.388527063000026],[4.795083287000068,52.38845429400004],[4.795508702000063,52.38825707900003],[4.795680025000024,52.38817765700003],[4.795705230000067,52.388173194000046],[4.795934463000037,52.38813685300005],[4.796105834000059,52.388109686000064],[4.796509203000028,52.38805310600003],[4.79662139900006,52.38803939200005],[4.796915015000025,52.38800350100007],[4.797322950000023,52.38796090800008],[4.797732683000049,52.38792536300008],[4.798143890000063,52.38789689200007],[4.7985562440000535,52.38787552000008],[4.79896941800007,52.38786126200006],[4.799285653000027,52.387855811000065],[4.807349267000063,52.39230114500003]]]}},{"type":"Feature","properties":{"service_id":116,"population_total":9129.43,"thiessen_area_km2":1.1605},"geometry":{"type":"Polygon","coordinates":[[[4.797556551000071,52.399283668000066],[4.800452250000035,52.40231883800004],[4.8030754710000565,52.405068407000044],[4.803047763000052,52.40557343000006],[4.802870934000055,52.40879638800004],[4.802869452000039,52.408796979000044],[4.802516382000022,52.40892922200004],[4.802179076000073,52.40904770100008],[4.802157359000034,52.40905532900007],[4.801792667000029,52.40917519900006],[4.801422596000066,52.409288737000054],[4.801047439000058,52.409395853000035],[4.800667495000027,52.40949646200005],[4.80028306600002,52.409590484000034],[4.799894456000061,52.40967784500003],[4.799501974000066,52.40975847400006],[4.799105933000021,52.409832308000034],[4.798706646000028,52.409899289000066],[4.798304431000076,52.40995936200005],[4.7978996070000335,52.41001248100008],[4.797492496000075,52.41005860300004],[4.797083421000025,52.41009769100003],[4.7966727070000275,52.41012971500004],[4.796260680000046,52.41015464900005],[4.795847668000022,52.410172473000046],[4.795433998000021,52.410183173000064],[4.795020000000022,52.410186741000075],[4.794606002000023,52.410183173000064],[4.794192332000023,52.410172473000046],[4.793779320000056,52.41015464900005],[4.793367293000074,52.41012971500004],[4.7929565790000765,52.41009769100003],[4.7925475040000265,52.41005860300004],[4.792140393000068,52.41001248100008],[4.791735569000025,52.40995936200005],[4.7913333540000735,52.409899289000066],[4.790934067000023,52.409832308000034],[4.790538026000036,52.40975847400006],[4.7901455440000404,52.40967784500003],[4.789756934000025,52.409590484000034],[4.789372505000074,52.40949646200005],[4.788992561000043,52.409395853000035],[4.7886174040000355,52.409288737000054],[4.788247333000072,52.40917519900006],[4.787882641000067,52.40905532900007],[4.787523618000023,52.40892922200004],[4.787170548000063,52.408796979000044],[4.786823713000047,52.40865870400006],[4.7864833870000325,52.40851450800005],[4.786149842000043,52.408364505000065],[4.785823341000025,52.408208813000044],[4.785504144000072,52.40804755800008],[4.785192504000065,52.40788086600003],[4.784888669000054,52.40770887000008],[4.784592881000037,52.40753170700003],[4.784374684000056,52.40739343800004],[4.7865356970000335,52.405035541000075],[4.788588289000074,52.40279594300006],[4.794624217000035,52.39621009700005],[4.797556551000071,52.399283668000066]]]}},{"type":"Feature","properties":{"service_id":117,"population_total":1571.01,"thiessen_area_km2":1.1371},"geometry":{"type":"Polygon","coordinates":[[[4.819504928000072,52.409641871000076],[4.826900118000026,52.420863455000074],[4.814922177000028,52.422781514000064],[4.813508033000062,52.42300796500007],[4.81300783100005,52.423069000000055],[4.811588279000034,52.42324263800003],[4.811474229000055,52.42314635200006],[4.811240867000038,52.422937174000026],[4.811017239000023,52.42272405800003],[4.810803523000061,52.42250717500008],[4.8105998870000235,52.42228669700006],[4.810406494000063,52.42206279900006],[4.810223497000038,52.42183565900007],[4.810051041000065,52.421605457000055],[4.809889263000059,52.42137237500003],[4.80973829200002,52.42113660000007],[4.809598246000064,52.42089831700008],[4.809469236000041,52.42065771700004],[4.809351366000044,52.42041499000004],[4.809244729000056,52.42017032900003],[4.809149408000053,52.41992392800006],[4.809065480000072,52.41967598400004],[4.808993011000041,52.41942669200006],[4.808932058000039,52.41917625000008],[4.8088826700000595,52.41892485800008],[4.808844885000042,52.41867271600006],[4.8088187330000665,52.41842002200008],[4.808804235000025,52.418166978000045],[4.808801402000029,52.41791378500005],[4.808810237000046,52.41766064400008],[4.808830731000057,52.417407755000056],[4.808862869000052,52.41715532000006],[4.808906624000031,52.41690353800004],[4.808961963000058,52.41665261000003],[4.809015185000021,52.41645375300004],[4.811187098000062,52.41481276800005],[4.816965473000039,52.41044692500003],[4.818041601000061,52.40963385800006],[4.818043167000042,52.40963345900008],[4.818429746000049,52.40954279300007],[4.818820348000031,52.40945882200003],[4.819214661000046,52.40938161200006],[4.819321010000067,52.409362791000035],[4.819504928000072,52.409641871000076]]]}},{"type":"Feature","properties":{"service_id":118,"population_total":14457.67,"thiessen_area_km2":1.9459},"geometry":{"type":"Polygon","coordinates":[[[4.794573999000022,52.38839382900005],[4.794580327000062,52.38839458100006],[4.794981525000026,52.38844221200003],[4.795083287000068,52.38845429400004],[4.795078980000028,52.388527063000026],[4.794860740000047,52.39221413700005],[4.794624217000035,52.39621009700005],[4.788588289000074,52.40279594300006],[4.7865356970000335,52.405035541000075],[4.786334737000061,52.40500917000003],[4.785932567000032,52.40494909600005],[4.785533324000028,52.40488211600007],[4.7851373270000295,52.404808281000044],[4.78474489000007,52.404727652000076],[4.784356323000054,52.40464029200007],[4.783971937000047,52.404546269000036],[4.7835920350000265,52.40444566000008],[4.783216921000076,52.40433854400004],[4.7828468910000765,52.40422500600005],[4.782482240000036,52.404105136000055],[4.782123257000023,52.40397902900003],[4.781770227000038,52.40384678500004],[4.781423430000075,52.40370851100005],[4.781083143000046,52.40356431400005],[4.780788285000028,52.40343169500005],[4.780749635000063,52.40341431100006],[4.780423170000063,52.40325861900004],[4.78010400900007,52.403097364000075],[4.779792404000034,52.40293067200008],[4.779488603000061,52.402758676000076],[4.7791928480000365,52.40258151200004],[4.778905372000054,52.402399323000054],[4.778626404000022,52.40221225100004],[4.778356166000037,52.40202044600005],[4.778094871000064,52.40182406000008],[4.777842728000053,52.40162324900007],[4.777599937000048,52.401418172000035],[4.777366690000065,52.40120899200008],[4.777143171000034,52.40099587600008],[4.776929560000042,52.400778993000074],[4.776726024000027,52.40055851400007],[4.776532726000028,52.40033461500008],[4.776349819000075,52.40010747400004],[4.776177448000055,52.39987727100004],[4.7760157490000665,52.39964418800008],[4.775864852000041,52.39940841200007],[4.775724874000048,52.39917012800004],[4.775595929000076,52.398929527000064],[4.775478116000045,52.398686800000064],[4.775371531000076,52.398442138000064],[4.77527625700003,52.39819573600005],[4.77519237100006,52.397947791000036],[4.775119937000056,52.39769849800007],[4.775059014000021,52.39744805500004],[4.775009650000072,52.397196663000045],[4.774971883000035,52.396944519000044],[4.774945744000036,52.39669182400007],[4.774931253000034,52.39643878000004],[4.774928422000073,52.39618558600006],[4.774937252000029,52.39593244300005],[4.774957736000033,52.395679554000026],[4.774989858000026,52.39542711800004],[4.775033592000057,52.39517533500003],[4.775088903000039,52.39492440600003],[4.7751557480000315,52.39467453000003],[4.775234072000046,52.39442590500005],[4.775323813000057,52.39417872800004],[4.775424901000065,52.39393319700008],[4.775537254000028,52.393689504000065],[4.775660784000024,52.393447845000026],[4.775795391000031,52.39320841000006],[4.775940970000022,52.39297139000007],[4.776097403000051,52.39273697300007],[4.776264568000045,52.392505345000075],[4.776442331000055,52.392276690000074],[4.776630551000039,52.39205118900003],[4.776829078000048,52.391829021000035],[4.777037755000038,52.39161036300004],[4.777256416000057,52.391395387000046],[4.777484887000071,52.39118426500005],[4.777722987000061,52.39097716500004],[4.777970527000036,52.39077425000005],[4.778227309000044,52.39057568100003],[4.778493132000051,52.39038161600007],[4.778767782000045,52.390192210000066],[4.779051043000038,52.39000761200003],[4.779342689000032,52.38982796800008],[4.779642488000036,52.38965342200004],[4.779950204000045,52.38948411200005],[4.780265591000045,52.389320173000044],[4.780588399000067,52.38916173300004],[4.78091837300002,52.38900891900005],[4.781255250000072,52.38886185300004],[4.781598762000044,52.38872065100003],[4.781948638000074,52.38858542500003],[4.782304599000042,52.38845628100006],[4.782666363000033,52.38833332400003],[4.7830336440000565,52.38821665000006],[4.7834061490000295,52.38810635200008],[4.783783583000059,52.388002517000075],[4.784165646000076,52.38790522800008],[4.784552036000036,52.387814562000074],[4.78494244500007,52.38773059000005],[4.785188669000036,52.38768235400005],[4.785336565000023,52.387653381000064],[4.785734082000033,52.38758299400007],[4.786134681000021,52.38751948500004],[4.786538044000054,52.38746290600005],[4.786634052000068,52.38745117000008],[4.794573999000022,52.38839382900005]]]}},{"type":"Feature","properties":{"service_id":119,"population_total":8624.07,"thiessen_area_km2":1.3821},"geometry":{"type":"Polygon","coordinates":[[[4.808413746000042,52.37729506100004],[4.813946227000031,52.380732151000075],[4.814503340000044,52.38107826100003],[4.814521595000031,52.38113516100003],[4.814903709000021,52.38232616500005],[4.815430888000037,52.38396931700004],[4.8157181380000225,52.384864641000036],[4.815240336000045,52.38657744900007],[4.813936238000053,52.39125233400006],[4.813814930000035,52.39129222300005],[4.813445008000031,52.39140576200003],[4.813070003000064,52.39151287800007],[4.812690213000053,52.391613488000075],[4.8123059380000655,52.39170751000006],[4.811917486000027,52.39179487100006],[4.811777329000051,52.39182367500007],[4.811587453000072,52.39186269800007],[4.811525163000056,52.391875500000026],[4.811129281000035,52.39194933500005],[4.810771468000041,52.392009382000026],[4.810730156000034,52.392016315000035],[4.810328103000074,52.39207638900007],[4.809923443000059,52.39212950800004],[4.809516497000061,52.392175630000054],[4.809107587000028,52.39221471800005],[4.808697039000037,52.392246742000054],[4.808285179000052,52.392271676000064],[4.807872334000024,52.39228950000006],[4.807458831000076,52.39230020000008],[4.807349267000063,52.39230114500003],[4.799285653000027,52.387855811000065],[4.798618457000032,52.38748799700005],[4.797955764000051,52.38712266600004],[4.798767482000073,52.383752541000035],[4.799120043000073,52.382288766000045],[4.803278245000058,52.38002061000003],[4.806159710000031,52.37844887000006],[4.807232853000073,52.377863508000075],[4.808230988000048,52.37731906000005],[4.808348872000067,52.37725475800005],[4.808413746000042,52.37729506100004]]]}},{"type":"Feature","properties":{"service_id":120,"population_total":5042.61,"thiessen_area_km2":0.9162},"geometry":{"type":"Polygon","coordinates":[[[4.816090762000044,52.36576996100007],[4.818133894000027,52.36743361300006],[4.819151813000076,52.36826246900006],[4.819501507000041,52.368547213000056],[4.8198613000000705,52.36884018000006],[4.819866707000074,52.368844582000065],[4.820299592000026,52.36962565400006],[4.8206578190000755,52.37027201800004],[4.820792746000052,52.37051547200008],[4.820420151000064,52.371141229000045],[4.819866713000067,52.372070704000066],[4.819233160000067,52.37313472900007],[4.817077518000076,52.376755039000045],[4.816805693000049,52.37721155700007],[4.815715713000031,52.37904213200005],[4.814503340000044,52.38107826100003],[4.813946227000031,52.380732151000075],[4.808413746000042,52.37729506100004],[4.808348872000067,52.37725475800005],[4.808072388000028,52.37548883800008],[4.807893476000061,52.37434611500004],[4.807739629000025,52.37336348800005],[4.808550860000025,52.37202875300005],[4.809221845000025,52.370924768000066],[4.810977575000038,52.36803603000004],[4.811005514000044,52.36799006100006],[4.81128347300006,52.36784718700005],[4.8120958050000695,52.36742963800003],[4.812776927000073,52.36707953300004],[4.813764653000021,52.366571830000055],[4.8154034180000735,52.36592911200006],[4.815999236000039,52.36569543500008],[4.816090762000044,52.36576996100007]]]}},{"type":"Feature","properties":{"service_id":121,"population_total":6932.21,"thiessen_area_km2":0.8404},"geometry":{"type":"Polygon","coordinates":[[[4.796800138000037,52.368941532000065],[4.799574351000047,52.370062923000035],[4.803396865000025,52.37160805800005],[4.807739629000025,52.37336348800005],[4.807893476000061,52.37434611500004],[4.808072388000028,52.37548883800008],[4.808348872000067,52.37725475800005],[4.808230988000048,52.37731906000005],[4.807232853000073,52.377863508000075],[4.806159710000031,52.37844887000006],[4.803278245000058,52.38002061000003],[4.799120043000073,52.382288766000045],[4.796867235000036,52.37683962800003],[4.796408230000054,52.375729378000074],[4.794358001000035,52.37077024300004],[4.793257995000033,52.36810952600007],[4.793519919000062,52.36798090800005],[4.7938497350000375,52.36782809400006],[4.793943877000061,52.36778697500006],[4.796800138000037,52.368941532000065]]]}},{"type":"Feature","properties":{"service_id":122,"population_total":9140.41,"thiessen_area_km2":2.2864},"geometry":{"type":"Polygon","coordinates":[[[4.791802835000055,52.370610104000036],[4.792216340000039,52.370617236000044],[4.792629353000052,52.370631494000065],[4.79304154700003,52.37065286600006],[4.7934525930000405,52.370681337000065],[4.793862167000043,52.37071688200007],[4.794269943000074,52.37075947500006],[4.794358001000035,52.37077024300004],[4.796408230000054,52.375729378000074],[4.796867235000036,52.37683962800003],[4.799120043000073,52.382288766000045],[4.798767482000073,52.383752541000035],[4.797955764000051,52.38712266600004],[4.795832908000023,52.38810678300007],[4.795680025000024,52.38817765700003],[4.795508702000063,52.38825707900003],[4.795280846000026,52.388295321000044],[4.794883901000048,52.38835463600003],[4.794878827000048,52.38835539400003],[4.794580327000062,52.38839458100006],[4.794573999000022,52.38839382900005],[4.786634052000068,52.38745117000008],[4.783449835000056,52.387073128000054],[4.78340371500002,52.38705473200008],[4.783063555000069,52.38691053500003],[4.782730172000072,52.38676053100005],[4.782403831000067,52.38660483900003],[4.782084790000056,52.38644358300007],[4.781773302000033,52.38627689100008],[4.781469616000038,52.38610489400003],[4.781173971000044,52.38592773100004],[4.780886604000045,52.38574554000007],[4.78060774100004,52.385558468000056],[4.780337604000067,52.38536666200008],[4.78007640800007,52.38517027600005],[4.7798243600000205,52.38496946400005],[4.779581660000076,52.384764387000075],[4.779348500000026,52.38455520700006],[4.779125066000063,52.384342090000075],[4.77891153500002,52.38412520600008],[4.7787080760000435,52.38390472700007],[4.778514851000068,52.383680827000035],[4.778332012000021,52.38345368500006],[4.778159706000054,52.38322348100007],[4.777998068000045,52.38299039800006],[4.777847227000052,52.38275462100006],[4.7777073030000565,52.38251633700003],[4.7775784050000425,52.382275735000064],[4.777460637000047,52.382033007000075],[4.777354092000053,52.38178834400003],[4.777258854000024,52.38154194200007],[4.777174999000067,52.38129399600007],[4.7771025920000625,52.381044702000054],[4.7770416920000685,52.38079425900003],[4.776992347000032,52.38054286600004],[4.776954594000074,52.38029072100005],[4.776928465000026,52.38003802600008],[4.776913980000074,52.37978498100006],[4.776911149000057,52.37953178600003],[4.776919976000045,52.37927864300008],[4.776940452000076,52.379025753000064],[4.776972562000026,52.378773316000036],[4.777016280000055,52.378521532000036],[4.777071570000032,52.37827060300003],[4.777138389000072,52.378020726000045],[4.777216684000052,52.37777210000007],[4.777306392000071,52.37752492300007],[4.777407441000037,52.37727939000007],[4.777519752000046,52.37703569700005],[4.777643235000028,52.37679403700008],[4.777777792000052,52.376554602000056],[4.777923315000066,52.37631758100008],[4.778079690000027,52.37608316400008],[4.778246792000061,52.37585153500004],[4.7784244880000415,52.37562287900005],[4.7786126370000375,52.37539737700007],[4.778811090000033,52.375175209000076],[4.779019688000062,52.374956550000036],[4.779238267000039,52.37474157400004],[4.779466652000053,52.374530451000055],[4.779704662000029,52.374323350000054],[4.779952109000021,52.374120434000076],[4.780208795000021,52.37392186500006],[4.780474517000073,52.37372780000004],[4.7807490640000765,52.37353839300005],[4.781032218000064,52.37335379400008],[4.781323754000027,52.37317415000007],[4.781623441000022,52.37299960400003],[4.781931041000064,52.37283029300005],[4.782246309000072,52.37266635300006],[4.782568996000066,52.37250791300005],[4.782898846000023,52.37235509900006],[4.783235596000054,52.37220803200006],[4.783578979000026,52.37206683000005],[4.783928723000031,52.371931603000064],[4.784284550000052,52.37180245900004],[4.784646179000049,52.37167950200006],[4.785013321000065,52.37156282700005],[4.785385685000051,52.37145252900007],[4.785762977000047,52.37134869400006],[4.786144897000042,52.37125140400008],[4.786531142000058,52.37116073800007],[4.786921404000054,52.371076766000044],[4.787315376000038,52.37099955600007],[4.787712743000043,52.37092916900008],[4.788113191000036,52.37086566000005],[4.788516403000074,52.37080908100006],[4.788922057000036,52.37075947500006],[4.7893298330000675,52.37071688200007],[4.789732251000032,52.370681958000034],[4.78973940700007,52.370681337000065],[4.790150453000024,52.37065286600006],[4.790562647000058,52.370631494000065],[4.790912648000074,52.370619411000064],[4.790975660000072,52.370617236000044],[4.791389165000055,52.370610104000036],[4.791802835000055,52.370610104000036]]]}},{"type":"Feature","properties":{"service_id":123,"population_total":2438.91,"thiessen_area_km2":0.7107},"geometry":{"type":"Polygon","coordinates":[[[4.806055440000023,52.365552087000026],[4.80853257800004,52.36677210900007],[4.808977482000046,52.36699123000005],[4.811005514000044,52.36799006100006],[4.810977575000038,52.36803603000004],[4.809221845000025,52.370924768000066],[4.808550860000025,52.37202875300005],[4.807739629000025,52.37336348800005],[4.803396865000025,52.37160805800005],[4.799574351000047,52.370062923000035],[4.796800138000037,52.368941532000065],[4.793943877000061,52.36778697500006],[4.792960270000037,52.367389382000056],[4.792930686000034,52.36735304600006],[4.794036407000021,52.36602842100007],[4.794219509000072,52.36580907000007],[4.794903441000031,52.36498973700003],[4.795535944000051,52.36423201500003],[4.796224482000071,52.36422696900007],[4.803260225000031,52.36417540800005],[4.806055440000023,52.365552087000026]]]}},{"type":"Feature","properties":{"service_id":124,"population_total":988.75,"thiessen_area_km2":0.2276},"geometry":{"type":"Polygon","coordinates":[[[4.8084290760000385,52.36259422400008],[4.809768846000054,52.36359300600003],[4.811005842000043,52.36451517100005],[4.812581384000055,52.365689718000056],[4.812949951000064,52.36596448000006],[4.813764653000021,52.366571830000055],[4.812776927000073,52.36707953300004],[4.8120958050000695,52.36742963800003],[4.81128347300006,52.36784718700005],[4.811005514000044,52.36799006100006],[4.808977482000046,52.36699123000005],[4.80853257800004,52.36677210900007],[4.806055440000023,52.365552087000026],[4.803260225000031,52.36417540800005],[4.805090785000061,52.36262361900003],[4.806671283000071,52.36128381200007],[4.8084290760000385,52.36259422400008]]]}},{"type":"Feature","properties":{"service_id":125,"population_total":406.48,"thiessen_area_km2":0.34},"geometry":{"type":"Polygon","coordinates":[[[4.811067721000029,52.35864543100007],[4.812998935000053,52.359542085000044],[4.8143310790000555,52.360160594000035],[4.815143344000035,52.36053772500003],[4.815607232000048,52.36075310600006],[4.8157880630000705,52.36124538100006],[4.815833997000027,52.36137042800004],[4.81583918900003,52.361506321000036],[4.815846171000032,52.36168907500007],[4.815871979000065,52.362364581000065],[4.815890513000056,52.36284970600008],[4.815911171000039,52.363390423000055],[4.8159563470000535,52.36457285500006],[4.815964261000033,52.36478000800008],[4.815991564000058,52.36549463400007],[4.815999236000039,52.36569543500008],[4.8154034180000735,52.36592911200006],[4.813764653000021,52.366571830000055],[4.812949951000064,52.36596448000006],[4.812581384000055,52.365689718000056],[4.811005842000043,52.36451517100005],[4.809768846000054,52.36359300600003],[4.8084290760000385,52.36259422400008],[4.806671283000071,52.36128381200007],[4.806930292000061,52.36085148600006],[4.806931042000031,52.36085023500004],[4.8070897470000205,52.360585333000074],[4.807427745000041,52.360021163000056],[4.80764012700007,52.35991067600003],[4.808023780000042,52.359711090000076],[4.808585797000035,52.35941871500006],[4.808678892000046,52.35937028500007],[4.8105417030000694,52.35840120300003],[4.811067721000029,52.35864543100007]]]}},{"type":"Feature","properties":{"service_id":126,"population_total":3350.75,"thiessen_area_km2":0.4723},"geometry":{"type":"Polygon","coordinates":[[[4.80393848600005,52.35737258000006],[4.806664873000045,52.35944209200005],[4.806874814000025,52.35960145100006],[4.807427745000041,52.360021163000056],[4.8070897470000205,52.360585333000074],[4.806931042000031,52.36085023500004],[4.806930292000061,52.36085148600006],[4.806671283000071,52.36128381200007],[4.805090785000061,52.36262361900003],[4.803260225000031,52.36417540800005],[4.796224482000071,52.36422696900007],[4.795535944000051,52.36423201500003],[4.7956415170000355,52.36384989700008],[4.795690519000061,52.36367253600008],[4.796328225000025,52.361364378000076],[4.796539866000046,52.36059835200007],[4.79676577400005,52.35978068600008],[4.797198888000025,52.35945543400004],[4.798652797000045,52.358363602000054],[4.79902017400002,52.35808771500007],[4.800497703000076,52.356978146000074],[4.801966118000053,52.355875420000075],[4.80393848600005,52.35737258000006]]]}},{"type":"Feature","properties":{"service_id":127,"population_total":1131.57,"thiessen_area_km2":0.1907},"geometry":{"type":"Polygon","coordinates":[[[4.8075784260000205,52.35460918500007],[4.808635351000021,52.35508341100007],[4.808921093000038,52.35558071200006],[4.809912194000049,52.35730561200006],[4.810121503000062,52.35766989100006],[4.8105417030000694,52.35840120300003],[4.808678892000046,52.35937028500007],[4.808585797000035,52.35941871500006],[4.808023780000042,52.359711090000076],[4.80764012700007,52.35991067600003],[4.807427745000041,52.360021163000056],[4.806874814000025,52.35960145100006],[4.806664873000045,52.35944209200005],[4.80393848600005,52.35737258000006],[4.801966118000053,52.355875420000075],[4.802030971000022,52.355795820000026],[4.803800736000028,52.35538399700005],[4.804255337000029,52.35527821200003],[4.8073928160000605,52.35454812300003],[4.80742542400003,52.35454053500007],[4.8075784260000205,52.35460918500007]]]}},{"type":"Feature","properties":{"service_id":128,"population_total":1571.01,"thiessen_area_km2":0.2646},"geometry":{"type":"Polygon","coordinates":[[[4.812022672000069,52.35318952400007],[4.813241321000021,52.35411184900005],[4.813681577000068,52.35444505300006],[4.814421932000073,52.35500538500003],[4.815986126000041,52.356189233000066],[4.81616219700004,52.356596929000034],[4.8164887740000495,52.35735312300005],[4.816385995000076,52.35774952700007],[4.816350899000042,52.35788488700007],[4.815864611000052,52.35976043100004],[4.8158044310000605,52.35999253600005],[4.815675616000021,52.36048935900004],[4.815607232000048,52.36075310600006],[4.815143344000035,52.36053772500003],[4.8143310790000555,52.360160594000035],[4.812998935000053,52.359542085000044],[4.811067721000029,52.35864543100007],[4.8105417030000694,52.35840120300003],[4.810121503000062,52.35766989100006],[4.809912194000049,52.35730561200006],[4.808921093000038,52.35558071200006],[4.808635351000021,52.35508341100007],[4.809689118000051,52.354133585000056],[4.81088389100006,52.35305666200003],[4.811136622000049,52.352828860000045],[4.811323533000063,52.35266038600008],[4.812022672000069,52.35318952400007]]]}},{"type":"Feature","properties":{"service_id":129,"population_total":2109.33,"thiessen_area_km2":0.281},"geometry":{"type":"Polygon","coordinates":[[[4.811914021000064,52.34573206600004],[4.812905434000072,52.34674854600007],[4.812832791000062,52.347020024000074],[4.812740258000076,52.34736583800003],[4.812530159000062,52.34815101600003],[4.812155807000067,52.34955003400006],[4.812149029000068,52.34957536500008],[4.811910545000046,52.350466622000056],[4.81173757800002,52.35111303000008],[4.81166378100005,52.35138882200005],[4.811650709000048,52.35143767400007],[4.811574394000047,52.35172287700004],[4.811387060000072,52.35242297700006],[4.811323533000063,52.35266038600008],[4.811136622000049,52.352828860000045],[4.81088389100006,52.35305666200003],[4.809689118000051,52.354133585000056],[4.808635351000021,52.35508341100007],[4.8075784260000205,52.35460918500007],[4.80742542400003,52.35454053500007],[4.807400611000048,52.35407090400008],[4.807365266000033,52.35340192700005],[4.807343867000043,52.352996905000055],[4.807285175000061,52.35188605400003],[4.8072578720000365,52.35136928400004],[4.807233190000034,52.35090213700005],[4.807207230000074,52.35041079000007],[4.807154196000056,52.34940700700008],[4.807126602000039,52.34888474600007],[4.80706390000006,52.34769798900004],[4.807053943000028,52.347509536000075],[4.807803171000046,52.34718457100007],[4.808810048000055,52.34674785400006],[4.810323278000055,52.34609151600006],[4.810426170000028,52.346046888000046],[4.811108533000038,52.34575092400007],[4.811456551000049,52.34559997700006],[4.811687492000033,52.345499810000035],[4.811914021000064,52.34573206600004]]]}},{"type":"Feature","properties":{"service_id":130,"population_total":1889.6,"thiessen_area_km2":0.2816},"geometry":{"type":"Polygon","coordinates":[[[4.80489603500007,52.347424799000066],[4.805287691000046,52.347440179000046],[4.807053943000028,52.347509536000075],[4.80706390000006,52.34769798900004],[4.807126602000039,52.34888474600007],[4.807154196000056,52.34940700700008],[4.807207230000074,52.35041079000007],[4.807233190000034,52.35090213700005],[4.8072578720000365,52.35136928400004],[4.807285175000061,52.35188605400003],[4.807343867000043,52.352996905000055],[4.807365266000033,52.35340192700005],[4.807400611000048,52.35407090400008],[4.80742542400003,52.35454053500007],[4.8073928160000605,52.35454812300003],[4.804255337000029,52.35527821200003],[4.803800736000028,52.35538399700005],[4.802030971000022,52.355795820000026],[4.802059798000073,52.35480374300005],[4.802073569000072,52.35432979900003],[4.802085303000069,52.35392594900003],[4.802087072000063,52.353865076000034],[4.802144303000034,52.351895426000056],[4.802149927000073,52.35170186300007],[4.802170523000029,52.350993034000055],[4.802173727000024,52.35088277400007],[4.802176905000067,52.35077339900005],[4.802206262000027,52.34976303700006],[4.80222010500006,52.349286636000045],[4.802223534000063,52.34916862300008],[4.803047755000023,52.348607558000026],[4.8045094570000515,52.34761254700004],[4.804791306000027,52.34742068700007],[4.80489603500007,52.347424799000066]]]}},{"type":"Feature","properties":{"service_id":131,"population_total":3581.46,"thiessen_area_km2":0.5056},"geometry":{"type":"Polygon","coordinates":[[[4.79803660400006,52.34807060700007],[4.800458459000026,52.34870573500007],[4.800967890000038,52.34883933300006],[4.802223534000063,52.34916862300008],[4.80222010500006,52.349286636000045],[4.802206262000027,52.34976303700006],[4.802176905000067,52.35077339900005],[4.802173727000024,52.35088277400007],[4.802170523000029,52.350993034000055],[4.802149927000073,52.35170186300007],[4.802144303000034,52.351895426000056],[4.802087072000063,52.353865076000034],[4.802085303000069,52.35392594900003],[4.802073569000072,52.35432979900003],[4.802059798000073,52.35480374300005],[4.802030971000022,52.355795820000026],[4.801966118000053,52.355875420000075],[4.800497703000076,52.356978146000074],[4.79902017400002,52.35808771500007],[4.798652797000045,52.358363602000054],[4.797198888000025,52.35945543400004],[4.79676577400005,52.35978068600008],[4.796524355000031,52.359169645000065],[4.795981463000032,52.357795561000046],[4.7958920530000455,52.35756926100004],[4.795836844000064,52.35742952500004],[4.795103724000057,52.355573968000044],[4.794986684000037,52.35527773600006],[4.794533817000058,52.35413151100005],[4.794358798000076,52.353688530000056],[4.794260043000065,52.35343857700008],[4.7941324760000725,52.35311569900006],[4.793597811000041,52.35176244000007],[4.794771918000038,52.35069902500004],[4.79483300000004,52.35064370200007],[4.795051625000042,52.350445689000026],[4.795866773000057,52.34970739100004],[4.796712662000061,52.34894125100004],[4.7977248120000695,52.34802452400004],[4.797755365000057,52.34799685200005],[4.79803660400006,52.34807060700007]]]}},{"type":"Feature","properties":{"service_id":132,"population_total":5712.76,"thiessen_area_km2":0.9708},"geometry":{"type":"Polygon","coordinates":[[[4.793027023000036,52.35147879600004],[4.793597811000041,52.35176244000007],[4.7941324760000725,52.35311569900006],[4.794260043000065,52.35343857700008],[4.794358798000076,52.353688530000056],[4.794533817000058,52.35413151100005],[4.794986684000037,52.35527773600006],[4.795103724000057,52.355573968000044],[4.795836844000064,52.35742952500004],[4.7958920530000455,52.35756926100004],[4.795981463000032,52.357795561000046],[4.796524355000031,52.359169645000065],[4.79676577400005,52.35978068600008],[4.796539866000046,52.36059835200007],[4.796328225000025,52.361364378000076],[4.795690519000061,52.36367253600008],[4.795605218000048,52.36369691700003],[4.795473483000023,52.363731837000046],[4.795225667000068,52.36379752700003],[4.794841634000022,52.36389155000006],[4.794453425000029,52.36397891100006],[4.794418699000062,52.36398605200003],[4.79406134900006,52.364059541000074],[4.793665716000021,52.36413337600004],[4.793326375000049,52.36419035900008],[4.793266841000047,52.364200356000026],[4.792865041000027,52.36426043000006],[4.7924606350000545,52.36431355000008],[4.792439567000031,52.36431593900005],[4.792198258000042,52.36434330600008],[4.792053944000031,52.364359672000035],[4.791645291000066,52.36439876000003],[4.791235001000075,52.36443078500008],[4.790823400000022,52.364455719000034],[4.79041081400004,52.36447354300003],[4.789997571000072,52.36448424300005],[4.789584000000048,52.36448781100006],[4.789170429000023,52.36448424300005],[4.788757186000055,52.36447354300003],[4.788344600000073,52.364455719000034],[4.78793299900002,52.36443078500008],[4.787522709000029,52.36439876000003],[4.787271560000022,52.36437473700005],[4.787114056000064,52.364359672000035],[4.786707365000041,52.36431355000008],[4.786302959000068,52.36426043000006],[4.785901159000048,52.364200356000026],[4.785502284000074,52.36413337600004],[4.785239240000067,52.36408428500005],[4.784984239000039,52.36236091400008],[4.784730423000042,52.36064555300004],[4.78448379200006,52.35897874400007],[4.784379200000046,52.35827187800004],[4.78423398700005,52.35729048800005],[4.784307881000075,52.357194297000035],[4.785004124000068,52.35628796600008],[4.78567978500007,52.35540842900008],[4.786720459000037,52.35405373800006],[4.788615572000026,52.35158678500005],[4.788721991000045,52.351571929000045],[4.789875168000037,52.351410943000076],[4.789912041000036,52.35140579500006],[4.7902361960000235,52.351360542000066],[4.790567882000062,52.35131423800004],[4.792229174000056,52.35108231800007],[4.793027023000036,52.35147879600004]]]}},{"type":"Feature","properties":{"service_id":133,"population_total":1120.58,"thiessen_area_km2":0.2404},"geometry":{"type":"Polygon","coordinates":[[[4.7853856580000524,52.348523759000045],[4.786456394000027,52.34953917000007],[4.788615572000026,52.35158678500005],[4.786720459000037,52.35405373800006],[4.78567978500007,52.35540842900008],[4.785004124000068,52.35628796600008],[4.784307881000075,52.357194297000035],[4.78423398700005,52.35729048800005],[4.78420281800004,52.357256343000074],[4.783307854000043,52.35627592600008],[4.7831538940000655,52.35593178700003],[4.781598138000049,52.352454289000036],[4.782334631000026,52.35163147600008],[4.784724063000056,52.348961992000056],[4.785239979000039,52.34838560800006],[4.7853856580000524,52.348523759000045]]]}},{"type":"Feature","properties":{"service_id":134,"population_total":878.89,"thiessen_area_km2":0.4704},"geometry":{"type":"Polygon","coordinates":[[[4.7749870190000365,52.351095892000046],[4.771552437000025,52.35567325900007],[4.771504695000033,52.355736886000045],[4.768987097000036,52.35909216200008],[4.768923229000052,52.359136928000055],[4.7688549320000675,52.35912155700004],[4.768470941000032,52.35902753400006],[4.768091430000027,52.35892692400006],[4.76771670100004,52.35881980700003],[4.767347051000058,52.35870626800005],[4.766982775000031,52.35858639700007],[4.766624161000038,52.35846028900005],[4.766271493000033,52.358328045000064],[4.765925053000046,52.358189769000035],[4.765895063000073,52.35817704800007],[4.765585116000068,52.35804557100005],[4.765251950000049,52.35789556700007],[4.764925821000077,52.35773987400006],[4.7646069880000255,52.35757861700006],[4.764295703000073,52.357411924000075],[4.76399221500003,52.35723992700008],[4.763919087000033,52.357196077000026],[4.763696763000041,52.357062762000055],[4.7635114720000615,52.35694521100004],[4.763409582000065,52.35688057100003],[4.763130901000068,52.35669349800003],[4.762860941000042,52.35650169100006],[4.762599915000067,52.356305304000045],[4.762348031000045,52.35610449100005],[4.762105489000021,52.35589941300003],[4.7618724810000685,52.35569023200003],[4.761649193000039,52.35547711400005],[4.761435800000072,52.355260229000066],[4.761232474000053,52.35503974800008],[4.761231533000057,52.35503865800007],[4.761736198000051,52.35481261500007],[4.7643644480000376,52.353635403000055],[4.76542517200005,52.353160297000045],[4.768012470000031,52.35200142700006],[4.769933549000029,52.351140961000056],[4.770338059000039,52.35095977800006],[4.770553112000073,52.35089492800006],[4.774262523000061,52.34979332300003],[4.775960922000024,52.349288940000065],[4.776261807000026,52.34919738700006],[4.776487406000058,52.34909628200006],[4.7749870190000365,52.351095892000046]]]}},{"type":"Feature","properties":{"service_id":135,"population_total":582.26,"thiessen_area_km2":0.222},"geometry":{"type":"Polygon","coordinates":[[[4.778454092000061,52.349643352000044],[4.778849395000066,52.350694677000035],[4.777123989000074,52.35325188200005],[4.775800200000049,52.355213855000045],[4.7749116630000685,52.35571964800005],[4.7733271490000675,52.356621621000045],[4.772732804000043,52.356959947000064],[4.768987097000036,52.35909216200008],[4.771504695000033,52.355736886000045],[4.771552437000025,52.35567325900007],[4.7749870190000365,52.351095892000046],[4.776487406000058,52.34909628200006],[4.777994441000033,52.34842088800008],[4.778454092000061,52.349643352000044]]]}},{"type":"Feature","properties":{"service_id":136,"population_total":845.93,"thiessen_area_km2":0.1693},"geometry":{"type":"Polygon","coordinates":[[[4.781598138000049,52.352454289000036],[4.7831538940000655,52.35593178700003],[4.783307854000043,52.35627592600008],[4.775800200000049,52.355213855000045],[4.777123989000074,52.35325188200005],[4.778849395000066,52.350694677000035],[4.781598138000049,52.352454289000036]]]}},{"type":"Feature","properties":{"service_id":137,"population_total":2296.09,"thiessen_area_km2":1.1583},"geometry":{"type":"Polygon","coordinates":[[[4.783307854000043,52.35627592600008],[4.78420281800004,52.357256343000074],[4.78423398700005,52.35729048800005],[4.784379200000046,52.35827187800004],[4.78448379200006,52.35897874400007],[4.784730423000042,52.36064555300004],[4.784984239000039,52.36236091400008],[4.785239240000067,52.36408428500005],[4.785388522000062,52.36509317900004],[4.785360926000067,52.36510225900008],[4.78499122300002,52.365215798000065],[4.784616439000047,52.365322915000036],[4.784236874000044,52.36542352500004],[4.7838528270000324,52.36551754800007],[4.7834646040000735,52.36560490900007],[4.783072513000036,52.36568553800004],[4.782676866000031,52.36575937300006],[4.782277976000046,52.365826354000035],[4.78187616200006,52.36588642800007],[4.781471741000075,52.36593954700004],[4.78106503500004,52.365985669000054],[4.780656367000063,52.36602475800004],[4.78024606200006,52.366056782000044],[4.779834445000063,52.36608171600005],[4.779421844000069,52.36609954000005],[4.779008586000032,52.36611024000007],[4.7785950000000526,52.36611380800008],[4.778181414000073,52.36611024000007],[4.777768156000036,52.36609954000005],[4.777355555000042,52.36608171600005],[4.776943938000045,52.366056782000044],[4.776533633000042,52.36602475800004],[4.776124965000065,52.365985669000054],[4.77571825900003,52.36593954700004],[4.775313838000045,52.36588642800007],[4.774912024000059,52.365826354000035],[4.774513134000074,52.36575937300006],[4.774117487000069,52.36568553800004],[4.773725396000032,52.36560490900007],[4.773337173000073,52.36551754800007],[4.772953126000061,52.36542352500004],[4.772573561000058,52.365322915000036],[4.772198777000028,52.365215798000065],[4.771829074000038,52.36510225900008],[4.77146474500006,52.364982388000044],[4.771106079000049,52.36485628100007],[4.770753361000061,52.36472403600004],[4.770406871000034,52.36458576100006],[4.770066884000073,52.36444156300007],[4.76973367100004,52.36429155900004],[4.769407495000053,52.36413586700007],[4.769088615000044,52.36397461000007],[4.768777286000045,52.36380791700003],[4.768473753000023,52.363635920000036],[4.768178259000024,52.36345875500007],[4.767891037000027,52.363276564000046],[4.767612316000054,52.36308949100004],[4.767342316000054,52.362897685000064],[4.767081253000072,52.36270129800005],[4.766829332000043,52.362500485000055],[4.7665867550000485,52.36229540700003],[4.766353714000047,52.36208622600003],[4.766130393000026,52.361873109000044],[4.765916970000035,52.36165622400006],[4.765713614000049,52.36143574400006],[4.765687179000054,52.361405097000045],[4.767783699000063,52.35993563200003],[4.768241112000055,52.359615028000064],[4.768923229000052,52.359136928000055],[4.768987097000036,52.35909216200008],[4.772732804000043,52.356959947000064],[4.7733271490000675,52.356621621000045],[4.7749116630000685,52.35571964800005],[4.775800200000049,52.355213855000045],[4.783307854000043,52.35627592600008]]]}},{"type":"Feature","properties":{"service_id":138,"population_total":5196.41,"thiessen_area_km2":1.9224},"geometry":{"type":"Polygon","coordinates":[[[4.766888493000067,52.41745779100006],[4.768511878000027,52.41865545300004],[4.768276526000022,52.41882243400005],[4.767997454000067,52.419009505000076],[4.767709870000033,52.41919169400006],[4.767414003000056,52.41936885700005],[4.767110088000038,52.41954085200007],[4.766798366000046,52.41970754400006],[4.766479085000071,52.41986879900003],[4.766152498000054,52.42002449000006],[4.765818864000039,52.42017449300005],[4.765478449000057,52.420318689000055],[4.765131522000047,52.42045696400004],[4.764778360000037,52.420589207000035],[4.764419242000031,52.42071531300007],[4.764054454000075,52.420835183000065],[4.763684285000068,52.42094872100006],[4.763309029000027,52.42105583700004],[4.7629289850000305,52.421156446000055],[4.762544454000022,52.42125046800004],[4.762155742000061,52.42133782800005],[4.761763157000075,52.42141845700007],[4.761367011000061,52.42149229100005],[4.760967619000041,52.421559271000035],[4.760565297000028,52.42161934500007],[4.760160367000026,52.42167246300005],[4.7597531480000725,52.421718585000065],[4.759343965000028,52.42175767400005],[4.758933143000036,52.421789697000065],[4.758521008000059,52.421814631000075],[4.758107886000062,52.42183245500007],[4.7576941080000665,52.42184315500003],[4.757280000000037,52.421846723000044],[4.756865892000064,52.42184315500003],[4.756452114000069,52.42183245500007],[4.756038992000072,52.421814631000075],[4.755626857000038,52.421789697000065],[4.755216035000046,52.42175767400005],[4.754806852000058,52.421718585000065],[4.754399633000048,52.42167246300005],[4.753994703000046,52.42161934500007],[4.753592381000033,52.421559271000035],[4.75319298900007,52.42149229100005],[4.752796843000056,52.42141845700007],[4.75240425800007,52.42133782800005],[4.752015546000052,52.42125046800004],[4.751631015000044,52.421156446000055],[4.751250971000047,52.42105583700004],[4.750875715000063,52.42094872100006],[4.750505546000056,52.420835183000065],[4.750140758000043,52.42071531300007],[4.749781640000037,52.420589207000035],[4.749428478000027,52.42045696400004],[4.749081551000074,52.420318689000055],[4.748741136000035,52.42017449300005],[4.7484075020000205,52.42002449000006],[4.74808091500006,52.41986879900003],[4.747761634000028,52.41970754400006],[4.747449912000036,52.41954085200007],[4.747145997000075,52.41936885700005],[4.746850130000041,52.41919169400006],[4.746562546000064,52.419009505000076],[4.746283474000052,52.41882243400005],[4.746013134000066,52.41863062900006],[4.745751742000039,52.41843424400008],[4.745499504000065,52.41823343300007],[4.745256621000067,52.418028357000026],[4.745023286000048,52.41781917800006],[4.744799684000043,52.41760606200006],[4.744585993000044,52.417389179000054],[4.744382381000037,52.41716870100004],[4.7441890100000705,52.416944803000035],[4.744006034000051,52.41671766300004],[4.7438335980000375,52.41648746000004],[4.743671839000058,52.416254378000076],[4.743520885000066,52.416018602000065],[4.743380855000055,52.41578032000007],[4.743251861000033,52.41553971900004],[4.743134004000069,52.41529699200004],[4.743027379000068,52.41505233100003],[4.742932069000062,52.41480593000006],[4.742848151000032,52.414557985000044],[4.74277569000003,52.414308693000066],[4.742714744000068,52.41405825100003],[4.742665362000025,52.41380685900003],[4.742627581000022,52.41355471600008],[4.742601432000072,52.41330202300003],[4.742586936000066,52.41304897900005],[4.742584104000059,52.41279578500007],[4.74259293700004,52.41254264400004],[4.742613429000073,52.412289755000074],[4.742645563000053,52.412037319000035],[4.742689314000074,52.41178553700007],[4.742744646000062,52.41153460900006],[4.742811515000028,52.41128473400005],[4.7428898690000665,52.411036110000055],[4.742979644000059,52.41078893400004],[4.743080770000063,52.41054340300008],[4.7431931650000365,52.41029971100005],[4.743316741000058,52.41005805200007],[4.743451399000037,52.40981861800003],[4.743597032000025,52.409581599000035],[4.743753525000045,52.40934718300008],[4.7439207530000544,52.40911555500003],[4.744098582000049,52.40888690100007],[4.744286873000021,52.40866140000003],[4.744485475000033,52.40843923300008],[4.74469423000005,52.40822057500003],[4.744912973000055,52.40800560000008],[4.745141530000069,52.407794479000074],[4.745338928000024,52.40762284600004],[4.745379719000027,52.40758737900006],[4.745627352000042,52.407384465000064],[4.745884231000048,52.40718589700003],[4.7461501530000305,52.40699183300006],[4.746424907000062,52.40680242700006],[4.746708274000071,52.40661782900003],[4.7470000290000485,52.40643818600006],[4.747299942000041,52.406263641000066],[4.747607773000027,52.40609433100008],[4.74792327800003,52.40593039200007],[4.748246208000069,52.405771953000055],[4.748576306000075,52.405619140000056],[4.748913309000045,52.405472074000045],[4.749256950000074,52.405330872000036],[4.749606957000026,52.40519564600004],[4.749963052000055,52.40506650300006],[4.750051732000031,52.405036374000076],[4.766888493000067,52.41745779100006]]]}},{"type":"Feature","properties":{"service_id":139,"population_total":7217.85,"thiessen_area_km2":1.9226},"geometry":{"type":"Polygon","coordinates":[[[4.759866975000023,52.40064815000005],[4.760280761000047,52.40065528200006],[4.7606940550000445,52.40066954000008],[4.7611065280000275,52.40069091200007],[4.761517854000033,52.400719382000034],[4.761927706000051,52.400754928000026],[4.762335758000063,52.400797520000026],[4.762741688000062,52.40084712600003],[4.763145173000055,52.400903705000076],[4.763545893000071,52.40096721300006],[4.763943531000052,52.40103760000005],[4.764337770000054,52.40111481000008],[4.764728297000033,52.40119878100006],[4.7651148040000635,52.40128944700007],[4.765496983000048,52.40138673600006],[4.765874531000065,52.40149057000008],[4.766247149000037,52.40160086800006],[4.766614540000035,52.40171754200003],[4.766976414000055,52.40184049900006],[4.767332483000075,52.40196964200004],[4.767682465000064,52.40210486800004],[4.768026081000073,52.40224607000005],[4.76836306000007,52.40239313600006],[4.768693133000056,52.40254594900006],[4.769016039000064,52.402704388000075],[4.769331522000073,52.40286832800007],[4.769639330000075,52.40303763700007],[4.769939221000072,52.40321218300005],[4.770230955000045,52.403391826000075],[4.770514301000048,52.40357642300006],[4.770789035000064,52.403765829000065],[4.771054937000031,52.40395989400008],[4.771311798000056,52.404158462000055],[4.771559413000034,52.404361376000054],[4.7717975850000585,52.404568477000055],[4.772026125000025,52.40477959800006],[4.7722448520000285,52.40499457300007],[4.7724535920000335,52.40521323100006],[4.772652179000033,52.405435398000066],[4.77284045600004,52.405660899000054],[4.773018273000048,52.405889553000065],[4.773185488000024,52.40612118100006],[4.773341969000057,52.40635559700007],[4.773487592000038,52.40659261700006],[4.773622240000066,52.40683205100004],[4.7737458070000685,52.40707371000008],[4.77385819400007,52.40731740100006],[4.773959313000034,52.407562933000065],[4.774049081000044,52.40781010900008],[4.774127429000032,52.408058733000075],[4.77419429400004,52.40830860900007],[4.77424962200007,52.40855953700003],[4.77429336900002,52.40881131900005],[4.774325501000021,52.409063755000034],[4.774345992000065,52.40931664400006],[4.774354824000056,52.40956978500003],[4.7743519920000494,52.40982297900007],[4.774337497000033,52.410076023000045],[4.774311350000062,52.41032871700003],[4.774273572000027,52.41058086000004],[4.774224193000066,52.410832252000034],[4.774163251000061,52.41108269400007],[4.774090796000053,52.41133198600005],[4.774006884000073,52.41157993100006],[4.77391158100005,52.41182633200003],[4.773804964000021,52.41207099400003],[4.773687116000076,52.41231372100003],[4.7735581310000725,52.41255432100007],[4.773418111000069,52.41279260400006],[4.773267168000075,52.41302838000007],[4.773105421000025,52.41326146200004],[4.772932997000055,52.41349166500004],[4.772750035000058,52.41371880500003],[4.772556678000058,52.41394270400008],[4.7723530810000625,52.41416318200004],[4.772139405000075,52.414380065000046],[4.771915819000071,52.41459318100004],[4.771682501000043,52.41480236000007],[4.77160351200007,52.41486905800008],[4.771439636000025,52.41500743600005],[4.7711874170000215,52.415208247000066],[4.770926044000021,52.41540463200005],[4.770655724000051,52.41559643700003],[4.770376671000065,52.41578350800006],[4.7700891090000255,52.415965698000036],[4.769793263000054,52.416142861000026],[4.76948937100002,52.41631485600004],[4.769177672000069,52.416481548000036],[4.768858414000022,52.41664280300006],[4.768531850000045,52.416798494000034],[4.76819824100005,52.41694849800007],[4.767857851000031,52.417092694000075],[4.767510949000041,52.41723096800007],[4.76715781300004,52.417363211000065],[4.766888493000067,52.41745779100006],[4.750051732000031,52.405036374000076],[4.748429717000022,52.40383972300003],[4.748530965000043,52.403765829000065],[4.748805699000059,52.40357642300006],[4.749089045000062,52.403391826000075],[4.749380779000035,52.40321218300005],[4.749680670000032,52.40303763700007],[4.749988478000034,52.40286832800007],[4.750303961000043,52.402704388000075],[4.750626867000051,52.40254594900006],[4.750956940000037,52.40239313600006],[4.751293919000034,52.40224607000005],[4.751637535000043,52.40210486800004],[4.751987517000032,52.40196964200004],[4.752343586000052,52.40184049900006],[4.752705460000072,52.40171754200003],[4.75307285100007,52.40160086800006],[4.753445469000042,52.40149057000008],[4.753823017000059,52.40138673600006],[4.7542051960000435,52.40128944700007],[4.754591703000074,52.40119878100006],[4.754982230000053,52.40111481000008],[4.755376469000055,52.40103760000005],[4.755774107000036,52.40096721300006],[4.756174827000052,52.400903705000076],[4.756578312000045,52.40084712600003],[4.756984242000044,52.400797520000026],[4.757392294000056,52.400754928000026],[4.757802146000074,52.400719382000034],[4.758213472000023,52.40069091200007],[4.7586259450000625,52.40066954000008],[4.75903923900006,52.40065528200006],[4.7594530250000275,52.40064815000005],[4.759866975000023,52.40064815000005]]]}},{"type":"Feature","properties":{"service_id":140,"population_total":4943.73,"thiessen_area_km2":0.7236},"geometry":{"type":"Polygon","coordinates":[[[4.892925949000073,52.41457954500004],[4.892940919000068,52.41459426700004],[4.893777704000058,52.41541719200006],[4.898505624000052,52.42006680700007],[4.901664391000054,52.42317325700003],[4.902630756000065,52.42412361700008],[4.90205192600007,52.42435455300006],[4.901673794000033,52.424400330000026],[4.895243289000064,52.425148887000034],[4.894766815000025,52.42520435200004],[4.894660950000059,52.42521667500006],[4.889388537000059,52.42519078400005],[4.889363531000072,52.423799614000075],[4.889236418000053,52.416727783000056],[4.889200705000064,52.41474093700003],[4.88919121400005,52.41421293800005],[4.890623159000029,52.412985562000074],[4.8911284680000335,52.41281183500007],[4.892925949000073,52.41457954500004]]]}},{"type":"Feature","properties":{"service_id":141,"population_total":5405.15,"thiessen_area_km2":0.6812},"geometry":{"type":"Polygon","coordinates":[[[4.8996249670000225,52.41013653300007],[4.900139788000047,52.410629708000045],[4.901225175000036,52.41166945800006],[4.901372085000048,52.41181019000004],[4.9020836170000734,52.41249180500006],[4.90257699700004,52.41638646500007],[4.903488416000073,52.42358106700004],[4.903512578000061,52.42377179700003],[4.902630756000065,52.42412361700008],[4.901664391000054,52.42317325700003],[4.898505624000052,52.42006680700007],[4.893777704000058,52.41541719200006],[4.892940919000068,52.41459426700004],[4.892925949000073,52.41457954500004],[4.8911284680000335,52.41281183500007],[4.891223894000063,52.41274619700005],[4.892483303000063,52.411879929000065],[4.892632294000066,52.41177744700008],[4.894643601000041,52.41039399400006],[4.8950461980000455,52.410292420000076],[4.896095906000028,52.410027583000044],[4.898799254000039,52.40934553800008],[4.8996249670000225,52.41013653300007]]]}},{"type":"Feature","properties":{"service_id":142,"population_total":4513.57,"thiessen_area_km2":1.7763},"geometry":{"type":"Polygon","coordinates":[[[4.8777139080000325,52.427322384000036],[4.8774768020000465,52.427254712000035],[4.8771065800000315,52.42714117400004],[4.876741739000067,52.42702130500004],[4.8763825700000325,52.42689519800007],[4.87602935700005,52.42676295600006],[4.875682381000047,52.42662468100008],[4.875341917000071,52.42648048600006],[4.875008236000042,52.42633048300007],[4.8746816020000665,52.42617479200004],[4.874362276000056,52.426013537000074],[4.874050509000028,52.42584684500008],[4.8737465510000675,52.425674850000064],[4.873450642000023,52.425497687000075],[4.873163017000024,52.42531549800003],[4.872883905000037,52.42512842700006],[4.8726135270000555,52.424936623000065],[4.872352097000032,52.42474023800003],[4.872099823000042,52.42453942700007],[4.871856906000062,52.42433435100003],[4.871623538000051,52.42412517200006],[4.871399904000043,52.42391205700005],[4.871186181000041,52.423695174000045],[4.870982540000057,52.423474697000074],[4.870789142000035,52.42325079900007],[4.8706061400000635,52.423023658000034],[4.870433680000076,52.42279345600008],[4.870271898000055,52.42256037400006],[4.870120922000069,52.422324599000035],[4.869980872000042,52.42208631600005],[4.86985185900005,52.421845716000064],[4.869733986000028,52.421602989000064],[4.8696273460000725,52.42135832800005],[4.869532023000033,52.42111192800007],[4.869448092000027,52.42086398300006],[4.869375621000074,52.420614691000026],[4.869314667000026,52.420364250000034],[4.869265277000068,52.42011285800004],[4.869227491000061,52.41986071500003],[4.869201338000039,52.419608022000034],[4.869186840000054,52.41935497800006],[4.869184007000058,52.419101785000066],[4.869192842000075,52.418848644000036],[4.869213337000076,52.41859575500007],[4.869245475000071,52.418343320000076],[4.869289232000028,52.418091538000056],[4.8693445720000454,52.41784061000004],[4.869411451000076,52.41759073500003],[4.869489816000055,52.41734211100004],[4.869579604000023,52.41709493600007],[4.86968074400005,52.41684940500005],[4.869793156000071,52.41660571300008],[4.869916749000026,52.41636405500003],[4.870051427000021,52.41612462100005],[4.870197081000072,52.415887602000055],[4.8703535960000295,52.41565318600004],[4.870520847000023,52.41542155900004],[4.870698702000027,52.415192905000026],[4.870887020000055,52.41496740500003],[4.871085650000055,52.41474523800008],[4.8712944350000384,52.41452658000003],[4.871513209000057,52.41431160600007],[4.871741799000063,52.41410048500006],[4.871980022000059,52.41389338500005],[4.872227690000045,52.41369047000006],[4.872484606000057,52.41349190300008],[4.872750566000036,52.41329783900005],[4.873025359000053,52.41310843300005],[4.873105985000052,52.413055917000065],[4.8733087660000365,52.41292383600006],[4.873600563000025,52.41274419300004],[4.873900518000028,52.412569648000044],[4.87420839300006,52.412400338000054],[4.8744202510000605,52.412290271000074],[4.882078728000067,52.41328713900003],[4.883116763000032,52.41342225500006],[4.883380841000076,52.41345662900005],[4.88919121400005,52.41421293800005],[4.889200705000064,52.41474093700003],[4.889236418000053,52.416727783000056],[4.889363531000072,52.423799614000075],[4.889388537000059,52.42519078400005],[4.884023858000035,52.42516444100005],[4.879900932000055,52.42514419500003],[4.8777139080000325,52.427322384000036]]]}},{"type":"Feature","properties":{"service_id":143,"population_total":2065.38,"thiessen_area_km2":1.2},"geometry":{"type":"Polygon","coordinates":[[[4.884959812000034,52.40110289800003],[4.888715255000022,52.40898245600005],[4.889471100000037,52.41056834600005],[4.889626766000049,52.410894959000075],[4.890455822000035,52.41263446000005],[4.890623159000029,52.412985562000074],[4.88919121400005,52.41421293800005],[4.883380841000076,52.41345662900005],[4.883116763000032,52.41342225500006],[4.882078728000067,52.41328713900003],[4.8744202510000605,52.412290271000074],[4.872107288000052,52.411989203000076],[4.872054336000076,52.41192346200006],[4.871881918000042,52.41169325900006],[4.871848850000049,52.41164560500005],[4.875520756000071,52.40669236400004],[4.875835426000037,52.40626788800006],[4.8808466700000395,52.399507940000035],[4.881043483000042,52.39946939400005],[4.881441106000068,52.399399007000056],[4.881601526000054,52.39937358200007],[4.8818418120000615,52.399335499000074],[4.882245283000032,52.39927891900004],[4.882651199000065,52.39922931400008],[4.8830592370000545,52.399186721000035],[4.883469074000061,52.39915117600003],[4.8838803850000545,52.39912270600007],[4.884012772000062,52.39911584600003],[4.884959812000034,52.40110289800003]]]}},{"type":"Feature","properties":{"service_id":144,"population_total":1867.63,"thiessen_area_km2":0.6096},"geometry":{"type":"Polygon","coordinates":[[[4.891473595000036,52.38603554900004],[4.89151939900006,52.386069700000064],[4.891638459000035,52.386158471000044],[4.891797525000072,52.38627707100005],[4.891881537000074,52.38633971000007],[4.892095200000028,52.38649901700006],[4.893148178000047,52.38728411800008],[4.893243569000049,52.38735524200007],[4.893734531000064,52.387721303000035],[4.893934565000052,52.38787044900005],[4.894599457000027,52.38836619300008],[4.894626211000059,52.38838614100007],[4.894755168000074,52.38848229100006],[4.894938144000037,52.38861871800003],[4.8953172640000275,52.38890139000006],[4.895372837000025,52.38894282500007],[4.895489062000024,52.38902948200007],[4.8967105290000745,52.38994021000008],[4.896731125000031,52.38995556700007],[4.896674196000049,52.390124495000066],[4.896637822000059,52.390232430000026],[4.896338128000025,52.391121730000066],[4.89602626900006,52.39204712800006],[4.895590718000051,52.393339565000076],[4.89554256100007,52.393482465000034],[4.895485214000075,52.393652633000045],[4.895073277000051,52.394874997000045],[4.895038130000046,52.39497929200007],[4.894658552000067,52.39610563300005],[4.8944432140000345,52.396155272000044],[4.891528335000032,52.39682720500008],[4.8890883070000655,52.397389677000035],[4.888895177000052,52.39743419700005],[4.886064418000046,52.39731220400006],[4.886110826000049,52.39713129900008],[4.886167535000027,52.39691023900008],[4.886300375000076,52.396392407000064],[4.886995768000077,52.393681654000034],[4.887090702000023,52.39331158400006],[4.887162466000063,52.39303183800007],[4.887300783000057,52.39249265600006],[4.8873214170000665,52.392412223000065],[4.887456891000056,52.39188412200008],[4.887618364000048,52.39125467400004],[4.88768710100004,52.39098672500006],[4.88791470700005,52.39009947900007],[4.888021841000068,52.38968185200008],[4.888034044000051,52.38963428300008],[4.888258110000038,52.38876083900004],[4.8883895280000615,52.38824854900008],[4.888445035000075,52.388032175000035],[4.888476539000067,52.38790936600003],[4.888520086000028,52.387739612000075],[4.8886336790000655,52.38729680800003],[4.890121613000076,52.386552994000056],[4.890156802000035,52.38653540300004],[4.890881666000041,52.38617304500008],[4.890932808000059,52.386147479000044],[4.891107845000022,52.38605997900004],[4.891346411000029,52.385940720000065],[4.891473595000036,52.38603554900004]]]}},{"type":"Feature","properties":{"service_id":145,"population_total":3350.75,"thiessen_area_km2":0.8062},"geometry":{"type":"Polygon","coordinates":[[[4.895580998000071,52.396742852000045],[4.896657712000035,52.39748663700004],[4.89729245500007,52.39792511200005],[4.899483518000068,52.39943868100005],[4.901518772000031,52.400844618000065],[4.901175882000075,52.40191645400006],[4.899753493000048,52.40636268800006],[4.8994343580000645,52.40736027000003],[4.899387311000055,52.40750733500005],[4.898799254000039,52.40934553800008],[4.896095906000028,52.410027583000044],[4.8950461980000455,52.410292420000076],[4.894643601000041,52.41039399400006],[4.894462745000055,52.409986254000046],[4.893403551000063,52.40759830700006],[4.891953197000021,52.40432848900008],[4.889815759000044,52.39950964500008],[4.88921889300002,52.39816401300004],[4.888895177000052,52.39743419700005],[4.8890883070000655,52.397389677000035],[4.891528335000032,52.39682720500008],[4.8944432140000345,52.396155272000044],[4.894658552000067,52.39610563300005],[4.895580998000071,52.396742852000045]]]}},{"type":"Feature","properties":{"service_id":146,"population_total":878.89,"thiessen_area_km2":0.5876},"geometry":{"type":"Polygon","coordinates":[[[4.888895177000052,52.39743419700005],[4.88921889300002,52.39816401300004],[4.889815759000044,52.39950964500008],[4.891953197000021,52.40432848900008],[4.893403551000063,52.40759830700006],[4.894462745000055,52.409986254000046],[4.894643601000041,52.41039399400006],[4.892632294000066,52.41177744700008],[4.892483303000063,52.411879929000065],[4.891223894000063,52.41274619700005],[4.8911284680000335,52.41281183500007],[4.890623159000029,52.412985562000074],[4.890455822000035,52.41263446000005],[4.889626766000049,52.410894959000075],[4.889471100000037,52.41056834600005],[4.888715255000022,52.40898245600005],[4.884959812000034,52.40110289800003],[4.884012772000062,52.39911584600003],[4.883457913000029,52.39795165800007],[4.885191887000076,52.39752626200004],[4.886032237000052,52.39732009900007],[4.886064418000046,52.39731220400006],[4.888895177000052,52.39743419700005]]]}},{"type":"Feature","properties":{"service_id":147,"population_total":3713.29,"thiessen_area_km2":1.0311},"geometry":{"type":"Polygon","coordinates":[[[4.907865768000022,52.40058753000005],[4.908587505000071,52.40092561200004],[4.9090471540000635,52.40114092500005],[4.911085984000067,52.40209597000006],[4.912000013000068,52.403375260000075],[4.913897605000045,52.406031161000044],[4.914390541000046,52.406983350000075],[4.914640822000024,52.40746680900003],[4.915287281000076,52.40871555500007],[4.915397530000064,52.40892851900003],[4.9088670760000355,52.41067630500004],[4.903937626000072,52.41199560500007],[4.9020836170000734,52.41249180500006],[4.901372085000048,52.41181019000004],[4.901225175000036,52.41166945800006],[4.900139788000047,52.410629708000045],[4.8996249670000225,52.41013653300007],[4.898799254000039,52.40934553800008],[4.899387311000055,52.40750733500005],[4.8994343580000645,52.40736027000003],[4.899753493000048,52.40636268800006],[4.901175882000075,52.40191645400006],[4.901518772000031,52.400844618000065],[4.901580157000069,52.40082874600006],[4.902222116000075,52.400662760000046],[4.903594727000041,52.40030785500005],[4.904080195000063,52.40018233100005],[4.905261096000061,52.39987699500006],[4.905962024000075,52.39969576200008],[4.907865768000022,52.40058753000005]]]}},{"type":"Feature","properties":{"service_id":148,"population_total":2329.05,"thiessen_area_km2":0.7349},"geometry":{"type":"Polygon","coordinates":[[[4.899126465000052,52.38811651600008],[4.899807897000073,52.388648371000045],[4.899916630000064,52.388733237000054],[4.90016438300006,52.38892660700003],[4.9003297140000655,52.38905564700008],[4.900666580000063,52.38931856900007],[4.902165743000069,52.39048865800004],[4.902410241000041,52.390679488000046],[4.903523458000052,52.39154834800007],[4.904602433000036,52.39239048200005],[4.906067768000071,52.39353416900008],[4.906262599000058,52.39368623400003],[4.90655184600007,52.394740074000026],[4.906597598000076,52.395322572000055],[4.906394416000069,52.39672060500004],[4.9062583560000235,52.39765679000004],[4.906193245000054,52.398104800000056],[4.906133539000052,52.39851562000007],[4.906118829000036,52.39861683300006],[4.9061130550000485,52.39865656300003],[4.905991706000066,52.39949152600008],[4.905962024000075,52.39969576200008],[4.905261096000061,52.39987699500006],[4.904080195000063,52.40018233100005],[4.903594727000041,52.40030785500005],[4.902222116000075,52.400662760000046],[4.901580157000069,52.40082874600006],[4.901518772000031,52.400844618000065],[4.899483518000068,52.39943868100005],[4.89729245500007,52.39792511200005],[4.896657712000035,52.39748663700004],[4.895580998000071,52.396742852000045],[4.894658552000067,52.39610563300005],[4.895038130000046,52.39497929200007],[4.895073277000051,52.394874997000045],[4.895485214000075,52.393652633000045],[4.89554256100007,52.393482465000034],[4.895590718000051,52.393339565000076],[4.89602626900006,52.39204712800006],[4.896338128000025,52.391121730000066],[4.896637822000059,52.390232430000026],[4.896674196000049,52.390124495000066],[4.896731125000031,52.38995556700007],[4.89782991200002,52.38897753500004],[4.898262338000052,52.38859263200004],[4.898435970000037,52.38843808200005],[4.898698299000046,52.38820458200007],[4.89895105100004,52.387979607000034],[4.899126465000052,52.38811651600008]]]}},{"type":"Feature","properties":{"service_id":149,"population_total":2548.77,"thiessen_area_km2":0.3394},"geometry":{"type":"Polygon","coordinates":[[[4.903016567000066,52.382782699000074],[4.903061495000031,52.38281956700007],[4.903582280000023,52.38324692000003],[4.903917783000054,52.38352223100003],[4.904599982000036,52.38408203900008],[4.90462952200005,52.38410627900004],[4.904643876000023,52.38411805800007],[4.904825076000066,52.38426675000005],[4.904970410000033,52.384817647000034],[4.9051499010000725,52.38549801800008],[4.905185018000054,52.385631130000036],[4.9052895100000455,52.38602721500007],[4.905366737000065,52.38631994700006],[4.90539553900004,52.38642912300003],[4.905533260000027,52.38695116200006],[4.906033800000046,52.38884849300007],[4.906278456000052,52.38977587800008],[4.906751971000062,52.391570768000065],[4.906735390000051,52.39164244400007],[4.906352906000052,52.39329585300004],[4.906262599000058,52.39368623400003],[4.906067768000071,52.39353416900008],[4.904602433000036,52.39239048200005],[4.903523458000052,52.39154834800007],[4.902410241000041,52.390679488000046],[4.902165743000069,52.39048865800004],[4.900666580000063,52.38931856900007],[4.9003297140000655,52.38905564700008],[4.90016438300006,52.38892660700003],[4.899916630000064,52.388733237000054],[4.899807897000073,52.388648371000045],[4.899126465000052,52.38811651600008],[4.89895105100004,52.387979607000034],[4.899192888000073,52.38749672000006],[4.8992868160000285,52.38730917000004],[4.89974608600005,52.38639212500004],[4.900034753000057,52.38581573100004],[4.900286747000052,52.38531256200008],[4.900604010000052,52.38467906800008],[4.9007194620000405,52.38444853900006],[4.90086731100007,52.38431917300005],[4.901076424000053,52.384136202000036],[4.901277308000033,52.38396043100005],[4.901965027000074,52.383358686000065],[4.902385600000059,52.38299069000004],[4.9024771350000265,52.38291059800008],[4.902763703000062,52.382715492000045],[4.902836190000073,52.38266614100007],[4.902857142000073,52.38265187600007],[4.903016567000066,52.382782699000074]]]}},{"type":"Feature","properties":{"service_id":150,"population_total":1285.37,"thiessen_area_km2":0.1737},"geometry":{"type":"Polygon","coordinates":[[[4.906253449000076,52.384807712000054],[4.90649514100005,52.38489924700008],[4.907104683000057,52.38513009600007],[4.907298817000026,52.38520362000003],[4.907892159000028,52.38542833400004],[4.90818082100003,52.38553765800003],[4.90845977500004,52.38564330500003],[4.908895389000065,52.385808283000074],[4.911682763000044,52.386863934000075],[4.911801079000043,52.38690874300005],[4.911398188000021,52.387280747000034],[4.908244366000076,52.39019278500007],[4.906751971000062,52.391570768000065],[4.906278456000052,52.38977587800008],[4.906033800000046,52.38884849300007],[4.905533260000027,52.38695116200006],[4.90539553900004,52.38642912300003],[4.905366737000065,52.38631994700006],[4.9052895100000455,52.38602721500007],[4.905185018000054,52.385631130000036],[4.9051499010000725,52.38549801800008],[4.904970410000033,52.384817647000034],[4.904825076000066,52.38426675000005],[4.906253449000076,52.384807712000054]]]}},{"type":"Feature","properties":{"service_id":151,"population_total":1076.64,"thiessen_area_km2":0.1638},"geometry":{"type":"Polygon","coordinates":[[[4.9127923440000245,52.386945952000076],[4.913540762000025,52.386974045000045],[4.913961710000024,52.38740279000007],[4.913896813000065,52.38779948700005],[4.913781906000054,52.38850188300006],[4.911107946000072,52.390809011000044],[4.910694198000044,52.391165998000076],[4.91046964800006,52.391359743000066],[4.909886234000055,52.39186312000004],[4.90655184600007,52.394740074000026],[4.906262599000058,52.39368623400003],[4.906352906000052,52.39329585300004],[4.906735390000051,52.39164244400007],[4.906751971000062,52.391570768000065],[4.908244366000076,52.39019278500007],[4.911398188000021,52.387280747000034],[4.911801079000043,52.38690874300005],[4.9127923440000245,52.386945952000076]]]}},{"type":"Feature","properties":{"service_id":152,"population_total":747.05,"thiessen_area_km2":0.1224},"geometry":{"type":"Polygon","coordinates":[[[4.913848091000034,52.39011738200003],[4.913906161000057,52.39153480600004],[4.913921361000064,52.39190583800007],[4.913925060000054,52.391996119000055],[4.913934544000028,52.39222761600007],[4.91117259400005,52.393392694000056],[4.908618109000031,52.394470256000034],[4.906597598000076,52.395322572000055],[4.90655184600007,52.394740074000026],[4.909886234000055,52.39186312000004],[4.91046964800006,52.391359743000066],[4.910694198000044,52.391165998000076],[4.911107946000072,52.390809011000044],[4.913781906000054,52.38850188300006],[4.913848091000034,52.39011738200003]]]}},{"type":"Feature","properties":{"service_id":153,"population_total":2856.38,"thiessen_area_km2":0.4293},"geometry":{"type":"Polygon","coordinates":[[[4.915488225000047,52.39552781800006],[4.9155571650000525,52.39567425400003],[4.914942440000061,52.39655715100008],[4.914713905000042,52.39688538400003],[4.913854420000064,52.398119816000076],[4.912847425000052,52.399566109000034],[4.91273398800007,52.39972903200004],[4.912206404000074,52.40048677100003],[4.911708867000073,52.40120135700005],[4.911085984000067,52.40209597000006],[4.9090471540000635,52.40114092500005],[4.908587505000071,52.40092561200004],[4.907865768000022,52.40058753000005],[4.905962024000075,52.39969576200008],[4.905991706000066,52.39949152600008],[4.9061130550000485,52.39865656300003],[4.906118829000036,52.39861683300006],[4.906133539000052,52.39851562000007],[4.906193245000054,52.398104800000056],[4.9062583560000235,52.39765679000004],[4.906394416000069,52.39672060500004],[4.906597598000076,52.395322572000055],[4.908618109000031,52.394470256000034],[4.91117259400005,52.393392694000056],[4.913934544000028,52.39222761600007],[4.915488225000047,52.39552781800006]]]}},{"type":"Feature","properties":{"service_id":154,"population_total":1439.18,"thiessen_area_km2":0.3963},"geometry":{"type":"Polygon","coordinates":[[[4.91881587000006,52.387670290000074],[4.920395175000067,52.38775732200003],[4.9206278930000735,52.389061756000046],[4.920776741000054,52.38989608300005],[4.92092129200006,52.39070632600004],[4.921014797000055,52.39123044100006],[4.921130082000047,52.39187664000008],[4.921178079000072,52.39214567300007],[4.921210930000029,52.392329810000035],[4.921629034000034,52.39467337700006],[4.917732732000047,52.39531563700007],[4.9158702600000765,52.39562264400007],[4.9155571650000525,52.39567425400003],[4.915488225000047,52.39552781800006],[4.913934544000028,52.39222761600007],[4.913925060000054,52.391996119000055],[4.913921361000064,52.39190583800007],[4.913906161000057,52.39153480600004],[4.913848091000034,52.39011738200003],[4.913781906000054,52.38850188300006],[4.913896813000065,52.38779948700005],[4.913961710000024,52.38740279000007],[4.91881587000006,52.387670290000074]]]}},{"type":"Feature","properties":{"service_id":155,"population_total":4669.08,"thiessen_area_km2":0.8849},"geometry":{"type":"Polygon","coordinates":[[[4.927210574000071,52.38202734200007],[4.928403270000047,52.38261688800003],[4.92897365400006,52.382898827000076],[4.929834610000057,52.383324395000045],[4.9302970270000515,52.38355296600008],[4.930300510000052,52.384022250000044],[4.93030072800002,52.38405160700006],[4.9303057130000525,52.38472329500007],[4.930326168000022,52.38747922300007],[4.930332151000073,52.388285332000066],[4.9303399030000605,52.38932981100004],[4.930345284000055,52.39005479300005],[4.930361570000059,52.39224893900007],[4.9303620260000685,52.39231036400008],[4.930372049000027,52.39366073800005],[4.930373308000071,52.39383029800007],[4.930373566000071,52.39386512300007],[4.930380479000064,52.39479652300008],[4.929249281000068,52.39563470100006],[4.926649764000047,52.397560852000026],[4.925822339000035,52.397120004000044],[4.92514085800002,52.396756914000036],[4.924371807000057,52.396347167000044],[4.924092184000074,52.39619818500006],[4.9223908710000615,52.39529173300008],[4.922281738000038,52.39523358800005],[4.922063653000066,52.39504640700005],[4.921629034000034,52.39467337700006],[4.921210930000029,52.392329810000035],[4.921178079000072,52.39214567300007],[4.921130082000047,52.39187664000008],[4.921014797000055,52.39123044100006],[4.92092129200006,52.39070632600004],[4.920776741000054,52.38989608300005],[4.9206278930000735,52.389061756000046],[4.920395175000067,52.38775732200003],[4.920839466000075,52.387293801000055],[4.9218560720000255,52.386233195000045],[4.9218688190000535,52.38621989600006],[4.921966834000045,52.38611763800003],[4.922089658000061,52.38598949800007],[4.922198656000035,52.38587578200003],[4.923925189000045,52.38407451900008],[4.924640813000053,52.383327921000046],[4.92507732200005,52.382872518000056],[4.925748355000053,52.38217244100008],[4.925761974000068,52.38215823200005],[4.925951961000067,52.38206896100007],[4.926492796000048,52.38181483200003],[4.926576493000027,52.381775504000075],[4.926688586000068,52.38176932500005],[4.927210574000071,52.38202734200007]]]}},{"type":"Feature","properties":{"service_id":156,"population_total":2307.08,"thiessen_area_km2":0.8943},"geometry":{"type":"Polygon","coordinates":[[[4.9223908710000615,52.39529173300008],[4.924092184000074,52.39619818500006],[4.924371807000057,52.396347167000044],[4.92514085800002,52.396756914000036],[4.925822339000035,52.397120004000044],[4.926649764000047,52.397560852000026],[4.926648954000029,52.39757247800003],[4.926605340000037,52.39819880400006],[4.926565496000023,52.39877099100005],[4.926516777000074,52.39947062500005],[4.92640147000003,52.40112650900005],[4.92604338600006,52.406268813000054],[4.925899259000062,52.40833856100005],[4.925894338000035,52.40840923600007],[4.925591367000038,52.40848946400007],[4.92520694600006,52.408583486000055],[4.9249463580000565,52.40864206800006],[4.924818345000062,52.408670846000064],[4.924425872000029,52.40875147600008],[4.92402984000006,52.408825310000054],[4.923630562000028,52.40889229000004],[4.923228356000038,52.40895236400007],[4.92282354200006,52.409005482000055],[4.922416440000063,52.40905160400007],[4.922007374000032,52.40909069300005],[4.921596669000053,52.40912271700006],[4.921184652000022,52.40914765000008],[4.9207716490000735,52.409165474000076],[4.920357989000024,52.40917617500003],[4.920104318000028,52.409178361000045],[4.919944000000044,52.40917974200005],[4.919530011000063,52.40917617500003],[4.919116351000071,52.409165474000076],[4.918830215000071,52.409153125000046],[4.918703348000065,52.40914765000008],[4.9182913310000345,52.40912271700006],[4.917880626000056,52.40909069300005],[4.917471560000024,52.40905160400007],[4.917064458000027,52.409005482000055],[4.916659644000049,52.40895236400007],[4.916257438000059,52.40889229000004],[4.9158581600000275,52.408825310000054],[4.915462128000058,52.40875147600008],[4.915287281000076,52.40871555500007],[4.914640822000024,52.40746680900003],[4.914390541000046,52.406983350000075],[4.913897605000045,52.406031161000044],[4.916288368000039,52.40295219700005],[4.917067168000074,52.40194921400007],[4.917842720000067,52.40095041300003],[4.918281294000053,52.40038559200008],[4.918697611000027,52.39984943500008],[4.919486846000041,52.39883301300006],[4.921772505000035,52.39588940800007],[4.922281738000038,52.39523358800005],[4.9223908710000615,52.39529173300008]]]}},{"type":"Feature","properties":{"service_id":157,"population_total":2834.41,"thiessen_area_km2":0.4113},"geometry":{"type":"Polygon","coordinates":[[[4.922063653000066,52.39504640700005],[4.922281738000038,52.39523358800005],[4.921772505000035,52.39588940800007],[4.919486846000041,52.39883301300006],[4.918697611000027,52.39984943500008],[4.918281294000053,52.40038559200008],[4.917842720000067,52.40095041300003],[4.917067168000074,52.40194921400007],[4.916288368000039,52.40295219700005],[4.913897605000045,52.406031161000044],[4.912000013000068,52.403375260000075],[4.911085984000067,52.40209597000006],[4.911708867000073,52.40120135700005],[4.912206404000074,52.40048677100003],[4.91273398800007,52.39972903200004],[4.912847425000052,52.399566109000034],[4.913854420000064,52.398119816000076],[4.914713905000042,52.39688538400003],[4.914942440000061,52.39655715100008],[4.9155571650000525,52.39567425400003],[4.9158702600000765,52.39562264400007],[4.917732732000047,52.39531563700007],[4.921629034000034,52.39467337700006],[4.922063653000066,52.39504640700005]]]}},{"type":"Feature","properties":{"service_id":158,"population_total":4016.76,"thiessen_area_km2":1.3453},"geometry":{"type":"Polygon","coordinates":[[[4.91095209100007,52.42080688400006],[4.910379886000044,52.42103195100003],[4.909346620000065,52.42144419300007],[4.908672042000035,52.421713329000056],[4.903840910000042,52.42364080300007],[4.903521796000064,52.42358728800008],[4.903488416000073,52.42358106700004],[4.90257699700004,52.41638646500007],[4.9020836170000734,52.41249180500006],[4.903937626000072,52.41199560500007],[4.9088670760000355,52.41067630500004],[4.915397530000064,52.40892851900003],[4.918714474000069,52.41170012900005],[4.9222987650000505,52.41469513200008],[4.922305593000033,52.41489078500007],[4.922302760000036,52.41514397900005],[4.922288263000041,52.415397022000036],[4.922262113000045,52.415649716000075],[4.922224331000052,52.41590185900003],[4.922174946000041,52.416153251000026],[4.922114868000051,52.416400112000076],[4.918364047000068,52.41814804100005],[4.9168891910000525,52.41814041200007],[4.91095209100007,52.42080688400006]]]}},{"type":"Feature","properties":{"service_id":159,"population_total":7888.0,"thiessen_area_km2":1.9387},"geometry":{"type":"Polygon","coordinates":[[[4.955180885000061,52.38139212100003],[4.955594491000056,52.38139925200005],[4.956007605000025,52.38141351000007],[4.956131790000029,52.38141994800003],[4.956246055000065,52.38142587100003],[4.957041765000042,52.38192654300008],[4.9624950300000705,52.38535781100006],[4.969636654000055,52.389851417000045],[4.969653600000072,52.39006064300003],[4.969662429000039,52.390313786000036],[4.969659598000021,52.390566980000074],[4.969645109000055,52.39082002500004],[4.969618973000024,52.39107272000007],[4.969581212000037,52.39132486400007],[4.969531854000024,52.391576257000054],[4.969470939000075,52.391826699000035],[4.969398515000023,52.39207599200006],[4.969314639000061,52.39232393800006],[4.969219378000048,52.39257034000008],[4.9691128070000445,52.39281500200008],[4.9689950100000715,52.393057730000066],[4.968866082000034,52.39329833200003],[4.968726123000067,52.39353661500007],[4.968575245000068,52.39377239200007],[4.968413568000074,52.39400547400004],[4.9682412200000385,52.39423567800003],[4.968058337000059,52.39446281900007],[4.967865064000023,52.39468671800006],[4.967661556000053,52.394907197000066],[4.9674479730000485,52.39512408100006],[4.967224484000042,52.39533719700006],[4.966991268000072,52.39554637700007],[4.96674850900007,52.39575145400005],[4.96649639900005,52.39595226500006],[4.966235139000048,52.39614865200008],[4.965964937000024,52.396340457000065],[4.965686006000055,52.39652752900008],[4.965398569000058,52.39670971900006],[4.9651028520000295,52.39688688200005],[4.964799092000021,52.39705887800005],[4.964487528000063,52.397225570000046],[4.964168409000024,52.39738682600006],[4.96384198800007,52.39754251800008],[4.963508524000076,52.39769252200006],[4.9631682820000265,52.397836718000065],[4.962821532000021,52.39797499300005],[4.962468548000061,52.398107236000044],[4.962109613000052,52.39823334300007],[4.961745010000072,52.39835321400005],[4.961375029000067,52.39846675200005],[4.960999965000042,52.39857386800003],[4.960620114000051,52.39867447800003],[4.9603021280000235,52.39875226800007],[4.960235778000026,52.398768500000074],[4.959847263000029,52.398855860000026],[4.959454878000031,52.39893649000004],[4.959058933000051,52.39901032400007],[4.958659744000045,52.39907730500005],[4.958257627000023,52.399137378000034],[4.9580500970000685,52.399164616000064],[4.9578529030000595,52.39919049700006],[4.95744589100002,52.39923661900008],[4.95703691600005,52.39927570800006],[4.956626303000064,52.39930773100008],[4.9562143770000375,52.39933266500003],[4.955801466000025,52.39935048900003],[4.955387897000037,52.399361190000036],[4.955157434000057,52.399363176000065],[4.953746994000028,52.39832772500006],[4.953513869000062,52.398156580000034],[4.9505466810000485,52.39597826900007],[4.9503194670000426,52.39561916700006],[4.95013313000004,52.39316848800007],[4.950049669000066,52.39207081500007],[4.9499318910000625,52.39052182000006],[4.949850522000077,52.38945167300005],[4.949741356000061,52.388015944000074],[4.949548612000058,52.38548100000003],[4.949404057000038,52.383579842000074],[4.949398906000056,52.383512102000054],[4.949509087000024,52.38340968600005],[4.950763969000036,52.38289565200006],[4.952513250000038,52.38217909900004],[4.954419839000025,52.38139810800004],[4.954767115000038,52.38139212100003],[4.955180885000061,52.38139212100003]]]}},{"type":"Feature","properties":{"service_id":160,"population_total":5009.65,"thiessen_area_km2":0.7349},"geometry":{"type":"Polygon","coordinates":[[[4.949404057000038,52.383579842000074],[4.949548612000058,52.38548100000003],[4.949741356000061,52.388015944000074],[4.949850522000077,52.38945167300005],[4.9499318910000625,52.39052182000006],[4.950049669000066,52.39207081500007],[4.95013313000004,52.39316848800007],[4.9503194670000426,52.39561916700006],[4.948110678000035,52.395160875000045],[4.942035759000021,52.393900417000054],[4.941589653000051,52.39341744400008],[4.940672049000057,52.392424007000045],[4.940182820000075,52.39189434800005],[4.940287498000032,52.390486112000076],[4.940363934000061,52.38945781100006],[4.940412258000038,52.38880769800005],[4.940500560000032,52.387619760000064],[4.9405971600000385,52.38632018700008],[4.940617931000077,52.38604075100005],[4.9406676640000455,52.38537168600004],[4.940713085000027,52.384760637000056],[4.944223090000037,52.38425609400008],[4.945865483000034,52.38402001000003],[4.946644222000032,52.383908071000064],[4.948438446000068,52.38365016200004],[4.94882861800005,52.383594077000055],[4.949398906000056,52.383512102000054],[4.949404057000038,52.383579842000074]]]}},{"type":"Feature","properties":{"service_id":161,"population_total":1505.09,"thiessen_area_km2":1.3649},"geometry":{"type":"Polygon","coordinates":[[[4.953513869000062,52.398156580000034],[4.953746994000028,52.39832772500006],[4.955157434000057,52.399363176000065],[4.957244622000076,52.400895450000064],[4.960946402000047,52.40361305000005],[4.96087436800002,52.403825934000054],[4.960779082000045,52.40407233500008],[4.9606724840000425,52.40431699700008],[4.960554656000056,52.40455972500007],[4.960425694000037,52.40480032600004],[4.960285699000053,52.40503860900003],[4.960134782000068,52.40527438500004],[4.959973063000064,52.405507467000064],[4.95980067000005,52.405737670000065],[4.959617739000066,52.40596481100005],[4.9594244170000366,52.40618871000004],[4.959220856000059,52.406409188000055],[4.959007217000021,52.40662607200005],[4.958783670000059,52.40683918700006],[4.958550393000053,52.40704836700007],[4.958307571000034,52.40725344300006],[4.95805539600002,52.40745425400007],[4.957794068000055,52.40765064000004],[4.957523796000032,52.40784244500003],[4.95724479200004,52.408029517000045],[4.95695728000004,52.40821170600003],[4.95666148600003,52.40838886900008],[4.956357647000061,52.40856086500003],[4.95604600300004,52.40872755700008],[4.955726801000026,52.40888881300003],[4.955400295000061,52.409044504000065],[4.955066744000021,52.40919450700005],[4.95472641300006,52.40933870300006],[4.95437957300004,52.40947697800004],[4.954026498000076,52.40960922100004],[4.953667469000038,52.40973532800007],[4.95330277100004,52.40985519800006],[4.952932694000026,52.40996873600005],[4.952557532000071,52.410075852000034],[4.952177582000047,52.41017646100005],[4.951793147000046,52.41027048300003],[4.951404531000037,52.41035784400003],[4.951012043000048,52.410438473000056],[4.950615996000067,52.41051230700003],[4.950216703000024,52.410579288000065],[4.949814482000022,52.41063936100005],[4.949409651000053,52.41069248000008],[4.949002534000044,52.41073860200004],[4.948593453000058,52.41077769000003],[4.948182732000021,52.41080971400004],[4.947770699000046,52.41083464800005],[4.947357681000028,52.410852472000045],[4.946982642000023,52.410862173000055],[4.946944005000034,52.41086317200006],[4.9465300000000525,52.410866740000074],[4.946115995000071,52.41086317200006],[4.94570231900002,52.410852472000045],[4.945289301000059,52.41083464800005],[4.9448772680000275,52.41080971400004],[4.944466547000047,52.41077769000003],[4.944120227000042,52.410744599000054],[4.9434196520000455,52.40738653100004],[4.943248219000054,52.40656480100006],[4.94296859800005,52.40522449100007],[4.942226662000053,52.40166816300007],[4.944483935000051,52.40012445900004],[4.946956380000074,52.39843360400005],[4.947449835000043,52.398096140000064],[4.948735403000057,52.39721696600003],[4.9505466810000485,52.39597826900007],[4.953513869000062,52.398156580000034]]]}},{"type":"Feature","properties":{"service_id":162,"population_total":406.48,"thiessen_area_km2":0.3053},"geometry":{"type":"Polygon","coordinates":[[[4.948110678000035,52.395160875000045],[4.9503194670000426,52.39561916700006],[4.9505466810000485,52.39597826900007],[4.948735403000057,52.39721696600003],[4.947449835000043,52.398096140000064],[4.946956380000074,52.39843360400005],[4.944483935000051,52.40012445900004],[4.942226662000053,52.40166816300007],[4.940607704000058,52.40025933000004],[4.940721624000048,52.39975206300005],[4.940930154000057,52.39882350900007],[4.9418228110000655,52.39484864500008],[4.941905371000075,52.39448101600004],[4.942006027000048,52.39403280800008],[4.942035759000021,52.393900417000054],[4.948110678000035,52.395160875000045]]]}},{"type":"Feature","properties":{"service_id":163,"population_total":955.79,"thiessen_area_km2":0.7998},"geometry":{"type":"Polygon","coordinates":[[[4.944339073000037,52.41179359600005],[4.944014800000048,52.41187945900003],[4.9436303490000455,52.411973481000075],[4.943241719000071,52.41206084100003],[4.94284921600007,52.41214147100004],[4.942453153000031,52.412215305000075],[4.942053845000032,52.41228228500006],[4.941651608000029,52.412342359000036],[4.941246762000048,52.412395477000075],[4.940839629000038,52.41244159900003],[4.940737395000042,52.41245136800006],[4.9346818920000715,52.411037445000034],[4.933922768000059,52.41126632700008],[4.9322687730000325,52.41175873200007],[4.931964059000052,52.41167173400004],[4.931593968000072,52.411558196000044],[4.931455490000076,52.41151268200008],[4.932114701000046,52.41006989600004],[4.933804451000071,52.406371612000044],[4.934392789000071,52.40508394300008],[4.9345783970000525,52.404677710000044],[4.936769530000049,52.39988207300007],[4.940607704000058,52.40025933000004],[4.942226662000053,52.40166816300007],[4.94296859800005,52.40522449100007],[4.943248219000054,52.40656480100006],[4.9434196520000455,52.40738653100004],[4.944120227000042,52.410744599000054],[4.944339073000037,52.41179359600005]]]}},{"type":"Feature","properties":{"service_id":164,"population_total":1691.86,"thiessen_area_km2":0.8938},"geometry":{"type":"Polygon","coordinates":[[[4.930831538000064,52.39490992300006],[4.9314753920000385,52.395071794000046],[4.931777839000063,52.39514783200008],[4.932221842000047,52.395259458000055],[4.9325281390000555,52.39533646400008],[4.93360889500002,52.39560817500006],[4.934459316000073,52.39675813800005],[4.93482797300004,52.39725664600007],[4.935342278000064,52.39795210300008],[4.936428948000071,52.39942152800006],[4.936769530000049,52.39988207300007],[4.9345783970000525,52.404677710000044],[4.934392789000071,52.40508394300008],[4.933804451000071,52.406371612000044],[4.932114701000046,52.41006989600004],[4.932098334000045,52.41006947300008],[4.9316853230000675,52.41005164900008],[4.931273297000075,52.41002671500007],[4.930862584000067,52.409994691000065],[4.9304535100000635,52.40995560300007],[4.9300464000000375,52.40990948100006],[4.929641577000041,52.40985636200003],[4.9292393620000325,52.40979628900004],[4.928840077000075,52.40972930800007],[4.92844403600003,52.40965547400003],[4.928051555000025,52.409574845000066],[4.927662947000044,52.40948748500006],[4.927278518000037,52.40939346300007],[4.9270885550000685,52.40934316000005],[4.9268985750000525,52.40929285300007],[4.926523419000034,52.40918573700003],[4.92615334900006,52.409072199000036],[4.925855001000059,52.40897413600004],[4.925894338000035,52.40840923600007],[4.925899259000062,52.40833856100005],[4.92604338600006,52.406268813000054],[4.92640147000003,52.40112650900005],[4.926516777000074,52.39947062500005],[4.926565496000023,52.39877099100005],[4.926605340000037,52.39819880400006],[4.926648954000029,52.39757247800003],[4.926649764000047,52.397560852000026],[4.929249281000068,52.39563470100006],[4.930380479000064,52.39479652300008],[4.930831538000064,52.39490992300006]]]}},{"type":"Feature","properties":{"service_id":165,"population_total":1010.72,"thiessen_area_km2":0.3273},"geometry":{"type":"Polygon","coordinates":[[[4.940672049000057,52.392424007000045],[4.941589653000051,52.39341744400008],[4.942035759000021,52.393900417000054],[4.942006027000048,52.39403280800008],[4.941905371000075,52.39448101600004],[4.9418228110000655,52.39484864500008],[4.940930154000057,52.39882350900007],[4.940721624000048,52.39975206300005],[4.940607704000058,52.40025933000004],[4.936769530000049,52.39988207300007],[4.936428948000071,52.39942152800006],[4.935342278000064,52.39795210300008],[4.93482797300004,52.39725664600007],[4.934459316000073,52.39675813800005],[4.93360889500002,52.39560817500006],[4.9349672800000235,52.39484077800006],[4.938575623000077,52.39280230600008],[4.939499905000048,52.392280149000044],[4.940182820000075,52.39189434800005],[4.940672049000057,52.392424007000045]]]}},{"type":"Feature","properties":{"service_id":166,"population_total":4064.85,"thiessen_area_km2":0.8063},"geometry":{"type":"Polygon","coordinates":[[[4.933335469000042,52.38308930200003],[4.936592995000069,52.38374188700004],[4.936866725000073,52.383796724000035],[4.940184072000022,52.384461292000026],[4.940713085000027,52.384760637000056],[4.9406676640000455,52.38537168600004],[4.940617931000077,52.38604075100005],[4.9405971600000385,52.38632018700008],[4.940500560000032,52.387619760000064],[4.940412258000038,52.38880769800005],[4.940363934000061,52.38945781100006],[4.940287498000032,52.390486112000076],[4.940182820000075,52.39189434800005],[4.939499905000048,52.392280149000044],[4.938575623000077,52.39280230600008],[4.9349672800000235,52.39484077800006],[4.93360889500002,52.39560817500006],[4.9325281390000555,52.39533646400008],[4.932221842000047,52.395259458000055],[4.931777839000063,52.39514783200008],[4.9314753920000385,52.395071794000046],[4.930831538000064,52.39490992300006],[4.930380479000064,52.39479652300008],[4.930373566000071,52.39386512300007],[4.930373308000071,52.39383029800007],[4.930372049000027,52.39366073800005],[4.9303620260000685,52.39231036400008],[4.930361570000059,52.39224893900007],[4.930345284000055,52.39005479300005],[4.9303399030000605,52.38932981100004],[4.930332151000073,52.388285332000066],[4.930326168000022,52.38747922300007],[4.9303057130000525,52.38472329500007],[4.93030072800002,52.38405160700006],[4.930300510000052,52.384022250000044],[4.9302970270000515,52.38355296600008],[4.931769401000054,52.383270838000044],[4.9321140450000485,52.383204799000055],[4.933033015000035,52.383028711000065],[4.933335469000042,52.38308930200003]]]}},{"type":"Feature","properties":{"service_id":167,"population_total":1219.45,"thiessen_area_km2":0.3698},"geometry":{"type":"Polygon","coordinates":[[[4.924742223000067,52.36969094500006],[4.925075389000028,52.36980919600006],[4.92522785500006,52.369863311000074],[4.926063928000076,52.37016005900006],[4.926216844000066,52.370214333000035],[4.927101375000063,52.37052828000003],[4.927273688000071,52.37058943900007],[4.927327927000022,52.37060869000004],[4.927645403000042,52.37072137200005],[4.927679650000073,52.37092394100006],[4.92768238900004,52.37094014000007],[4.927691444000061,52.37099370000004],[4.927725093000049,52.37119272900003],[4.92777895200004,52.371511300000066],[4.927940835000072,52.372468817000026],[4.928305730000034,52.374627116000056],[4.928309668000054,52.374650408000036],[4.9283040910000295,52.37467490100005],[4.928245305000075,52.37493305600003],[4.928241280000066,52.37495073200006],[4.928137247000052,52.37540758700004],[4.92811858400006,52.37548954400006],[4.927915573000064,52.37638105700006],[4.9278637270000445,52.37660873600004],[4.927813999000023,52.376827115000026],[4.927717778000044,52.37724966700006],[4.9270720050000705,52.38008555500005],[4.926990806000049,52.380442136000056],[4.92672785000002,52.381596897000065],[4.926688586000068,52.38176932500005],[4.926576493000027,52.381775504000075],[4.926422367000043,52.38157779000005],[4.925510933000055,52.38040860000007],[4.925169624000034,52.37997076800008],[4.9244258280000395,52.37901662500008],[4.924012491000042,52.37848639500004],[4.923644681000042,52.37801456700004],[4.923339740000074,52.377623388000075],[4.923033410000073,52.377230428000075],[4.9226718950000645,52.376766676000045],[4.92234587400003,52.37634845600007],[4.92234572600006,52.376348266000036],[4.921686383000065,52.375502459000074],[4.921496681000065,52.37525910900007],[4.921354436000058,52.375076636000074],[4.921409605000065,52.37498253000007],[4.9214174960000605,52.374969071000066],[4.921430998000062,52.374946039000065],[4.921568733000072,52.374711096000055],[4.921649752000064,52.374572896000075],[4.922731714000065,52.37272732500003],[4.923308661000021,52.371743190000075],[4.923461078000059,52.37148320300008],[4.923592479000035,52.37125906300008],[4.924042129000043,52.370492066000054],[4.924386304000052,52.36990498400007],[4.924549295000077,52.36962695900007],[4.924742223000067,52.36969094500006]]]}},{"type":"Feature","properties":{"service_id":168,"population_total":615.22,"thiessen_area_km2":0.1318},"geometry":{"type":"Polygon","coordinates":[[[4.9259758260000694,52.36317113900003],[4.926405401000068,52.363369231000036],[4.926717402000065,52.36351310600003],[4.927507224000067,52.363877321000075],[4.92765165000003,52.36394392100004],[4.927797299000076,52.36401108500007],[4.927671411000063,52.364245131000075],[4.92756748100004,52.36443835300008],[4.927548128000069,52.36447433300003],[4.927535741000042,52.364497362000066],[4.927128166000045,52.36525510800004],[4.926929091000034,52.36562522000003],[4.926899092000042,52.36568099200008],[4.926601284000071,52.36623466300006],[4.926547284000037,52.36633505800006],[4.926364423000052,52.36667502600005],[4.926339885000061,52.36672064500004],[4.926278525000043,52.36683472300007],[4.926110877000042,52.367146407000064],[4.926080281000054,52.36720329000008],[4.925369150000051,52.36852539200004],[4.925064740000039,52.369091336000054],[4.925024753000059,52.36916567800006],[4.924776475000044,52.36962726500008],[4.924742223000067,52.36969094500006],[4.924549295000077,52.36962695900007],[4.924410508000051,52.36950075300007],[4.923678912000071,52.368835475000026],[4.923667837000039,52.36882540400006],[4.923149369000043,52.36835393500007],[4.923145140000031,52.368350090000035],[4.9224551240000665,52.367722624000066],[4.922438107000062,52.36770714900007],[4.922239283000067,52.36752634900006],[4.922010963000048,52.367318726000065],[4.921982430000071,52.36729277900008],[4.921919775000049,52.367235804000074],[4.922023589000048,52.36713090200004],[4.922053457000061,52.36710072000005],[4.9223642470000755,52.36678667000007],[4.922478076000061,52.36667164800008],[4.923219832000029,52.36592211400006],[4.924251121000054,52.364880010000036],[4.924363362000065,52.36476659200008],[4.9245533250000335,52.36457463700003],[4.92486010600004,52.364264639000055],[4.924997183000073,52.36412612500004],[4.925101863000066,52.364020348000054],[4.925208307000048,52.36391278800005],[4.925230257000067,52.36389060700003],[4.925839289000066,52.363275188000046],[4.925947712000038,52.36316562800005],[4.92595277700002,52.36316051000006],[4.9259758260000694,52.36317113900003]]]}},{"type":"Feature","properties":{"service_id":169,"population_total":1274.38,"thiessen_area_km2":0.1683},"geometry":{"type":"Polygon","coordinates":[[[4.927894765000076,52.36405296000004],[4.928561066000043,52.36433922800006],[4.929056550000041,52.364552106000076],[4.929236887000059,52.36481218400007],[4.929242619000036,52.36482045100007],[4.929812850000076,52.365642828000034],[4.929971830000056,52.36587210700003],[4.930024650000064,52.36594828300008],[4.930227243000047,52.36624045900004],[4.93028137500005,52.36631852700003],[4.931036017000054,52.36740685900003],[4.930847609000068,52.36759103800006],[4.930693162000068,52.36774201800006],[4.930394862000071,52.36803362300003],[4.93028774000004,52.36813834000003],[4.930199274000074,52.36822482100007],[4.9292689220000625,52.36913429100008],[4.929235135000056,52.36916732000003],[4.92863765900006,52.369751386000075],[4.92807321500004,52.37030316200003],[4.928063123000072,52.370313027000066],[4.927645403000042,52.37072137200005],[4.927327927000022,52.37060869000004],[4.927273688000071,52.37058943900007],[4.927101375000063,52.37052828000003],[4.926216844000066,52.370214333000035],[4.926063928000076,52.37016005900006],[4.92522785500006,52.369863311000074],[4.925075389000028,52.36980919600006],[4.924742223000067,52.36969094500006],[4.924776475000044,52.36962726500008],[4.925024753000059,52.36916567800006],[4.925064740000039,52.369091336000054],[4.925369150000051,52.36852539200004],[4.926080281000054,52.36720329000008],[4.926110877000042,52.367146407000064],[4.926278525000043,52.36683472300007],[4.926339885000061,52.36672064500004],[4.926364423000052,52.36667502600005],[4.926547284000037,52.36633505800006],[4.926601284000071,52.36623466300006],[4.926899092000042,52.36568099200008],[4.926929091000034,52.36562522000003],[4.927128166000045,52.36525510800004],[4.927535741000042,52.364497362000066],[4.927548128000069,52.36447433300003],[4.92756748100004,52.36443835300008],[4.927671411000063,52.364245131000075],[4.927797299000076,52.36401108500007],[4.927894765000076,52.36405296000004]]]}},{"type":"Feature","properties":{"service_id":170,"population_total":1164.52,"thiessen_area_km2":0.2715},"geometry":{"type":"Polygon","coordinates":[[[4.9311108320000585,52.367407213000035],[4.9315868650000425,52.36740946900005],[4.932138251000026,52.367412081000055],[4.932541534000052,52.36786467700006],[4.932815695000045,52.36817236200005],[4.932982647000074,52.368359729000076],[4.933110088000035,52.368502754000076],[4.93329849600002,52.368714200000056],[4.933422495000059,52.36885336100005],[4.933647626000038,52.36910602000006],[4.934161327000027,52.36968253500004],[4.934527716000048,52.37009372600005],[4.934790190000058,52.370388295000055],[4.934987911000064,52.37111560400007],[4.93512759500004,52.37162942800006],[4.9353841580000335,52.37257318300004],[4.935414648000062,52.37268534100008],[4.934051640000064,52.37306231600007],[4.932226859000025,52.37356700700008],[4.930925220000063,52.373927009000056],[4.930864510000049,52.37394380000006],[4.930564582000045,52.37402675300007],[4.929133122000053,52.37442266000005],[4.928337968000051,52.374642581000046],[4.928309668000054,52.374650408000036],[4.928305730000034,52.374627116000056],[4.927940835000072,52.372468817000026],[4.92777895200004,52.371511300000066],[4.927725093000049,52.37119272900003],[4.927691444000061,52.37099370000004],[4.92768238900004,52.37094014000007],[4.927679650000073,52.37092394100006],[4.927645403000042,52.37072137200005],[4.928063123000072,52.370313027000066],[4.92807321500004,52.37030316200003],[4.92863765900006,52.369751386000075],[4.929235135000056,52.36916732000003],[4.9292689220000625,52.36913429100008],[4.930199274000074,52.36822482100007],[4.93028774000004,52.36813834000003],[4.930394862000071,52.36803362300003],[4.930693162000068,52.36774201800006],[4.930847609000068,52.36759103800006],[4.931036017000054,52.36740685900003],[4.9311108320000585,52.367407213000035]]]}},{"type":"Feature","properties":{"service_id":171,"population_total":1933.55,"thiessen_area_km2":0.5069},"geometry":{"type":"Polygon","coordinates":[[[4.935964799000033,52.37329323400007],[4.9360359700000345,52.37337187500003],[4.936051168000063,52.373388669000065],[4.936071259000073,52.373410868000065],[4.935345965000067,52.37652753800006],[4.935345515000051,52.37652880200005],[4.93487831300007,52.37784200100003],[4.934855583000058,52.37790588900003],[4.934497825000051,52.378911464000055],[4.934460164000029,52.37901732200004],[4.934315459000061,52.37942405500007],[4.934183219000033,52.379795752000064],[4.933808651000049,52.38084857600006],[4.933558895000033,52.381550583000035],[4.933052339000028,52.382974395000076],[4.933033015000035,52.383028711000065],[4.9321140450000485,52.383204799000055],[4.931769401000054,52.383270838000044],[4.9302970270000515,52.38355296600008],[4.929834610000057,52.383324395000045],[4.92897365400006,52.382898827000076],[4.928403270000047,52.38261688800003],[4.927210574000071,52.38202734200007],[4.926688586000068,52.38176932500005],[4.92672785000002,52.381596897000065],[4.926990806000049,52.380442136000056],[4.9270720050000705,52.38008555500005],[4.927717778000044,52.37724966700006],[4.927813999000023,52.376827115000026],[4.9278637270000445,52.37660873600004],[4.927915573000064,52.37638105700006],[4.92811858400006,52.37548954400006],[4.928137247000052,52.37540758700004],[4.928241280000066,52.37495073200006],[4.928245305000075,52.37493305600003],[4.9283040910000295,52.37467490100005],[4.928309668000054,52.374650408000036],[4.928337968000051,52.374642581000046],[4.929133122000053,52.37442266000005],[4.930564582000045,52.37402675300007],[4.930864510000049,52.37394380000006],[4.930925220000063,52.373927009000056],[4.932226859000025,52.37356700700008],[4.934051640000064,52.37306231600007],[4.935414648000062,52.37268534100008],[4.935964799000033,52.37329323400007]]]}},{"type":"Feature","properties":{"service_id":172,"population_total":1098.61,"thiessen_area_km2":0.1244},"geometry":{"type":"Polygon","coordinates":[[[4.941965676000052,52.37396636500006],[4.941304622000075,52.37429694400004],[4.941183851000062,52.37435733900003],[4.940471003000027,52.37416787800004],[4.938802058000022,52.37372430500005],[4.9374873280000315,52.37337487500008],[4.938268243000039,52.371940781000035],[4.938455157000021,52.37159752600007],[4.938531331000036,52.37145763700005],[4.9389221640000756,52.37073989900006],[4.939198174000069,52.37023302700004],[4.939731762000065,52.37022247900006],[4.939919691000057,52.37021876400007],[4.940299327000048,52.370211260000076],[4.943299550000063,52.37015195300006],[4.941965676000052,52.37396636500006]]]}},{"type":"Feature","properties":{"service_id":173,"population_total":1043.68,"thiessen_area_km2":0.1023},"geometry":{"type":"Polygon","coordinates":[[[4.938472696000076,52.36889470800003],[4.9386124900000254,52.369152592000034],[4.939198174000069,52.37023302700004],[4.9389221640000756,52.37073989900006],[4.938531331000036,52.37145763700005],[4.938455157000021,52.37159752600007],[4.938268243000039,52.371940781000035],[4.9374873280000315,52.37337487500008],[4.937353424000037,52.373378279000065],[4.936071259000073,52.373410868000065],[4.936051168000063,52.373388669000065],[4.9360359700000345,52.37337187500003],[4.935964799000033,52.37329323400007],[4.935414648000062,52.37268534100008],[4.9353841580000335,52.37257318300004],[4.93512759500004,52.37162942800006],[4.934987911000064,52.37111560400007],[4.934790190000058,52.370388295000055],[4.935911112000042,52.369754184000044],[4.936582352000073,52.369374460000074],[4.936648663000028,52.36933694800007],[4.937061620000065,52.36910333600008],[4.9371380990000375,52.36906007200008],[4.938228084000059,52.36844346300006],[4.938472696000076,52.36889470800003]]]}},{"type":"Feature","properties":{"service_id":174,"population_total":3021.17,"thiessen_area_km2":0.2392},"geometry":{"type":"Polygon","coordinates":[[[4.937211281000032,52.36376393100005],[4.937835695000047,52.36392420400006],[4.938910970000052,52.36420020300005],[4.939858323000067,52.36444336800008],[4.9400453130000415,52.36449136400006],[4.940053848000048,52.36452378400003],[4.9401040510000485,52.36471447000008],[4.940197235000028,52.36506841000005],[4.939023199000076,52.36708066400007],[4.938768018000076,52.367518035000046],[4.938587126000073,52.36782807800006],[4.938469295000061,52.36803003600005],[4.938445588000036,52.368070669000076],[4.938438395000048,52.368082998000034],[4.93837882400004,52.36818510000006],[4.938228084000059,52.36844346300006],[4.9371380990000375,52.36906007200008],[4.937061620000065,52.36910333600008],[4.936648663000028,52.36933694800007],[4.936582352000073,52.369374460000074],[4.935911112000042,52.369754184000044],[4.934790190000058,52.370388295000055],[4.934527716000048,52.37009372600005],[4.934161327000027,52.36968253500004],[4.933647626000038,52.36910602000006],[4.933422495000059,52.36885336100005],[4.93329849600002,52.368714200000056],[4.933110088000035,52.368502754000076],[4.932982647000074,52.368359729000076],[4.932815695000045,52.36817236200005],[4.932541534000052,52.36786467700006],[4.932138251000026,52.367412081000055],[4.93324031800006,52.366274469000075],[4.933297047000053,52.36621591100004],[4.933307100000036,52.36620553400007],[4.933962636000047,52.365528856000026],[4.935377843000026,52.36406800600008],[4.935978867000074,52.36344759800005],[4.937211281000032,52.36376393100005]]]}},{"type":"Feature","properties":{"service_id":175,"population_total":1450.16,"thiessen_area_km2":0.1224},"geometry":{"type":"Polygon","coordinates":[[[4.941049010000029,52.36612330600008],[4.94110304700007,52.36619022900004],[4.941186587000061,52.36629369100007],[4.941457226000068,52.36662886800008],[4.941521592000072,52.36670858300005],[4.941861476000042,52.36712951900006],[4.942465295000034,52.367877329000066],[4.942939891000037,52.36846510100003],[4.943082595000021,52.36864183500006],[4.943122841000047,52.36869167800006],[4.943137473000036,52.36870980000003],[4.9434182510000255,52.369057534000035],[4.943745579000051,52.36946291900006],[4.943299550000063,52.37015195300006],[4.940299327000048,52.370211260000076],[4.939919691000057,52.37021876400007],[4.939731762000065,52.37022247900006],[4.939198174000069,52.37023302700004],[4.9386124900000254,52.369152592000034],[4.938472696000076,52.36889470800003],[4.938228084000059,52.36844346300006],[4.93837882400004,52.36818510000006],[4.938438395000048,52.368082998000034],[4.938445588000036,52.368070669000076],[4.938469295000061,52.36803003600005],[4.938587126000073,52.36782807800006],[4.938768018000076,52.367518035000046],[4.939023199000076,52.36708066400007],[4.940197235000028,52.36506841000005],[4.941049010000029,52.36612330600008]]]}},{"type":"Feature","properties":{"service_id":176,"population_total":5921.49,"thiessen_area_km2":0.7074},"geometry":{"type":"Polygon","coordinates":[[[4.946020657000076,52.35852979600003],[4.94622522800006,52.35867839100007],[4.9465526870000645,52.35891624900006],[4.949206512000046,52.36084391600008],[4.949351042000046,52.36094889900005],[4.9496819670000605,52.361189274000026],[4.951379711000072,52.36242247000007],[4.95241771700006,52.363176450000026],[4.953372019000028,52.36386962900008],[4.953688815000021,52.364099741000075],[4.953640177000068,52.36435573400007],[4.953596927000035,52.36458336900006],[4.9534191720000535,52.365518947000055],[4.95333332000007,52.36597081300005],[4.953305760000035,52.366115870000044],[4.95311106500003,52.36714060400004],[4.953003613000021,52.367188198000065],[4.952193528000066,52.36754700700004],[4.951354433000063,52.36791866500005],[4.94959349800007,52.368698632000076],[4.947879517000047,52.36892263900006],[4.947699379000028,52.36894618200006],[4.947047047000069,52.369031438000036],[4.946629535000056,52.36908600400005],[4.945760699000061,52.36919955500008],[4.945247940000058,52.369266570000036],[4.943961217000037,52.36943473600007],[4.943745579000051,52.36946291900006],[4.9434182510000255,52.369057534000035],[4.943137473000036,52.36870980000003],[4.943122841000047,52.36869167800006],[4.943082595000021,52.36864183500006],[4.942939891000037,52.36846510100003],[4.942465295000034,52.367877329000066],[4.941861476000042,52.36712951900006],[4.941521592000072,52.36670858300005],[4.941457226000068,52.36662886800008],[4.941186587000061,52.36629369100007],[4.94110304700007,52.36619022900004],[4.941049010000029,52.36612330600008],[4.940197235000028,52.36506841000005],[4.9401040510000485,52.36471447000008],[4.940053848000048,52.36452378400003],[4.9400453130000415,52.36449136400006],[4.940402427000038,52.364097998000034],[4.940488690000052,52.36400297900008],[4.940552443000058,52.363932754000075],[4.941708375000076,52.362659482000026],[4.942115616000024,52.362210901000026],[4.942580522000071,52.361698802000035],[4.942626311000026,52.361648365000065],[4.943411652000066,52.36078330300006],[4.94348543600006,52.36070202900004],[4.943508003000034,52.36067717200007],[4.94423667600006,52.35987453100006],[4.944679047000022,52.35938725400007],[4.944795079000073,52.35925944300004],[4.9450520130000655,52.35897642700007],[4.94542924600006,52.35856090000004],[4.945470985000043,52.358514924000076],[4.945505535000052,52.35850256500004],[4.945825561000049,52.35838808400007],[4.946020657000076,52.35852979600003]]]}},{"type":"Feature","properties":{"service_id":177,"population_total":1691.86,"thiessen_area_km2":0.2385},"geometry":{"type":"Polygon","coordinates":[[[4.949270778000027,52.369337967000035],[4.948827726000047,52.370215690000066],[4.94855281100007,52.370760319000055],[4.947961912000039,52.37193093900004],[4.947275013000024,52.37329174200005],[4.9471268090000535,52.37358534700007],[4.946900302000074,52.374034075000054],[4.946711788000073,52.37440753700008],[4.945815026000048,52.37618409700008],[4.94507889700003,52.37575998900007],[4.944249053000021,52.37528189000005],[4.942809298000043,52.37445240200003],[4.941965676000052,52.37396636500006],[4.943299550000063,52.37015195300006],[4.943745579000051,52.36946291900006],[4.943961217000037,52.36943473600007],[4.945247940000058,52.369266570000036],[4.945760699000061,52.36919955500008],[4.946629535000056,52.36908600400005],[4.947047047000069,52.369031438000036],[4.947699379000028,52.36894618200006],[4.947879517000047,52.36892263900006],[4.94959349800007,52.368698632000076],[4.949270778000027,52.369337967000035]]]}},{"type":"Feature","properties":{"service_id":178,"population_total":1922.56,"thiessen_area_km2":0.8173},"geometry":{"type":"Polygon","coordinates":[[[4.953324619000057,52.36762599600007],[4.954190158000074,52.36959330700006],[4.954327368000065,52.36990517600003],[4.95438026000005,52.370025396000074],[4.954553348000047,52.37041881200008],[4.954693512000063,52.37108927400004],[4.954860167000049,52.371886448000055],[4.954937297000072,52.37225538900003],[4.955742901000065,52.37610891300005],[4.95594150200003,52.377058903000034],[4.955951996000067,52.37710909800006],[4.9556648540000765,52.379548767000074],[4.9556118810000385,52.37999884300007],[4.955499231000033,52.38095596000005],[4.954419839000025,52.38139810800004],[4.952513250000038,52.38217909900004],[4.950763969000036,52.38289565200006],[4.949509087000024,52.38340968600005],[4.949336654000035,52.38307240700004],[4.949100337000061,52.38261017000008],[4.949053332000062,52.38251822900003],[4.948890279000068,52.38219929600007],[4.9487082480000595,52.38184324400004],[4.9471743220000235,52.37884288200007],[4.9466837290000285,52.37788328100004],[4.946536918000049,52.37759611800004],[4.946418437000034,52.377364370000066],[4.945815026000048,52.37618409700008],[4.946711788000073,52.37440753700008],[4.946900302000074,52.374034075000054],[4.9471268090000535,52.37358534700007],[4.947275013000024,52.37329174200005],[4.947961912000039,52.37193093900004],[4.94855281100007,52.370760319000055],[4.948827726000047,52.370215690000066],[4.949270778000027,52.369337967000035],[4.94959349800007,52.368698632000076],[4.951354433000063,52.36791866500005],[4.952193528000066,52.36754700700004],[4.953003613000021,52.367188198000065],[4.95311106500003,52.36714060400004],[4.953324619000057,52.36762599600007]]]}},{"type":"Feature","properties":{"service_id":179,"population_total":1307.34,"thiessen_area_km2":0.4931},"geometry":{"type":"Polygon","coordinates":[[[4.942809298000043,52.37445240200003],[4.944249053000021,52.37528189000005],[4.94507889700003,52.37575998900007],[4.945815026000048,52.37618409700008],[4.946418437000034,52.377364370000066],[4.946536918000049,52.37759611800004],[4.9466837290000285,52.37788328100004],[4.9471743220000235,52.37884288200007],[4.9487082480000595,52.38184324400004],[4.948890279000068,52.38219929600007],[4.949053332000062,52.38251822900003],[4.949100337000061,52.38261017000008],[4.949336654000035,52.38307240700004],[4.949509087000024,52.38340968600005],[4.949398906000056,52.383512102000054],[4.94882861800005,52.383594077000055],[4.948438446000068,52.38365016200004],[4.946644222000032,52.383908071000064],[4.945865483000034,52.38402001000003],[4.944223090000037,52.38425609400008],[4.940713085000027,52.384760637000056],[4.940184072000022,52.384461292000026],[4.940278827000043,52.38287246200008],[4.940294232000042,52.38261415300008],[4.940326687000038,52.38206995500008],[4.940334333000067,52.38194174000006],[4.940360703000067,52.381499563000034],[4.940446646000055,52.38005849100006],[4.94049908300002,52.37917924000004],[4.940504836000059,52.37908277000008],[4.940549434000047,52.378334953000035],[4.940624384000046,52.377078193000045],[4.940803770000059,52.376205784000035],[4.941183851000062,52.37435733900003],[4.941304622000075,52.37429694400004],[4.941965676000052,52.37396636500006],[4.942809298000043,52.37445240200003]]]}},{"type":"Feature","properties":{"service_id":180,"population_total":823.96,"thiessen_area_km2":0.1243},"geometry":{"type":"Polygon","coordinates":[[[4.938802058000022,52.37372430500005],[4.940471003000027,52.37416787800004],[4.941183851000062,52.37435733900003],[4.940803770000059,52.376205784000035],[4.940624384000046,52.377078193000045],[4.9376447920000714,52.37676735600007],[4.9353754720000325,52.37653061600008],[4.935345965000067,52.37652753800006],[4.936071259000073,52.373410868000065],[4.937353424000037,52.373378279000065],[4.9374873280000315,52.37337487500008],[4.938802058000022,52.37372430500005]]]}},{"type":"Feature","properties":{"service_id":181,"population_total":648.18,"thiessen_area_km2":0.3372},"geometry":{"type":"Polygon","coordinates":[[[4.9353754720000325,52.37653061600008],[4.9376447920000714,52.37676735600007],[4.940624384000046,52.377078193000045],[4.940549434000047,52.378334953000035],[4.940504836000059,52.37908277000008],[4.94049908300002,52.37917924000004],[4.940446646000055,52.38005849100006],[4.940360703000067,52.381499563000034],[4.940334333000067,52.38194174000006],[4.940326687000038,52.38206995500008],[4.940294232000042,52.38261415300008],[4.940278827000043,52.38287246200008],[4.940184072000022,52.384461292000026],[4.936866725000073,52.383796724000035],[4.936592995000069,52.38374188700004],[4.933335469000042,52.38308930200003],[4.933033015000035,52.383028711000065],[4.933052339000028,52.382974395000076],[4.933558895000033,52.381550583000035],[4.933808651000049,52.38084857600006],[4.934183219000033,52.379795752000064],[4.934315459000061,52.37942405500007],[4.934460164000029,52.37901732200004],[4.934497825000051,52.378911464000055],[4.934855583000058,52.37790588900003],[4.93487831300007,52.37784200100003],[4.935345515000051,52.37652880200005],[4.935345965000067,52.37652753800006],[4.9353754720000325,52.37653061600008]]]}},{"type":"Feature","properties":{"service_id":182,"population_total":1351.29,"thiessen_area_km2":0.7286},"geometry":{"type":"Polygon","coordinates":[[[4.97293128900003,52.38342635200007],[4.972631188000037,52.38356953500005],[4.972297830000059,52.383719539000026],[4.9719576950000715,52.38386373600008],[4.97161105400005,52.384002011000064],[4.971258182000042,52.38413425500005],[4.970899360000033,52.38426036200008],[4.97053487200003,52.38438023300006],[4.970165008000038,52.38449377100005],[4.969790062000072,52.38460088800008],[4.969410331000063,52.38470149700004],[4.969026117000055,52.38479552000007],[4.968637725000065,52.38488288100007],[4.968245463000073,52.384963510000034],[4.967849643000022,52.38503734500006],[4.9674505800000475,52.38510432500004],[4.967048591000037,52.385164399000075],[4.966950853000071,52.38517723100006],[4.966643994000037,52.38521751800005],[4.966237111000055,52.38526364000006],[4.965828265000027,52.385302729000045],[4.965417781000042,52.38533475300005],[4.965005985000062,52.38535968700006],[4.964593204000039,52.38537751100006],[4.964179766000029,52.38538821100008],[4.963766000000021,52.38539177900003],[4.9633522340000695,52.38538821100008],[4.96293879600006,52.38537751100006],[4.962526015000037,52.38535968700006],[4.9624950300000705,52.38535781100006],[4.957041765000042,52.38192654300008],[4.956246055000065,52.38142587100003],[4.956167040000025,52.381376154000066],[4.955499231000033,52.38095596000005],[4.9556118810000385,52.37999884300007],[4.9556648540000765,52.379548767000074],[4.955951996000067,52.37710909800006],[4.956019410000067,52.37707954800004],[4.956399516000033,52.376912934000075],[4.957543112000053,52.37641165600007],[4.959616073000063,52.37550300400005],[4.963157564000028,52.37395064400005],[4.965407726000024,52.37296431900006],[4.967890616000034,52.37641694900003],[4.965630160000046,52.377460865000046],[4.964557170000035,52.377956390000065],[4.9619341780000354,52.38031440000003],[4.961574078000069,52.38063812200005],[4.961978038000041,52.38082494900004],[4.967446804000076,52.383354187000066],[4.971665691000055,52.38166645100006],[4.97293128900003,52.38342635200007]]]}},{"type":"Feature","properties":{"service_id":183,"population_total":736.07,"thiessen_area_km2":0.9068},"geometry":{"type":"MultiPolygon","coordinates":[[[[4.982173283000066,52.36830437200007],[4.982361402000038,52.368529874000046],[4.98253907000003,52.368758531000026],[4.982706145000066,52.36899016000007],[4.982862495000063,52.36922457800006],[4.982995510000023,52.36944126000003],[4.976820632000056,52.37229292100005],[4.97640919600002,52.37248292900006],[4.974258964000057,52.37347594200003],[4.967890616000034,52.37641694900003],[4.965407726000024,52.37296431900006],[4.96564864000004,52.37026557200005],[4.966726115000029,52.36809287700004],[4.969386660000055,52.36810369600005],[4.972036838000065,52.36811447200006],[4.972066699000038,52.365437403000044],[4.972066879000067,52.36542129500003],[4.975335167000026,52.36543483200006],[4.978282999000044,52.36544704200003],[4.978540193000072,52.36557334500003],[4.9788554110000405,52.36573728500008],[4.979162962000032,52.36590659600006],[4.979462601000023,52.36608114300003],[4.9797540900000286,52.366260787000044],[4.980037199000037,52.366445386000066],[4.980311702000051,52.36663479300006],[4.980577381000046,52.366828858000076],[4.980834027000071,52.36702742800003],[4.981081433000043,52.36723034400006],[4.981319406000068,52.367437445000064],[4.981547754000076,52.36764856800005],[4.981766298000025,52.367863544000045],[4.981974863000062,52.368082204000075],[4.982173283000066,52.36830437200007]]],[[[4.983774329000028,52.37354660400007],[4.983743976000028,52.373701261000065],[4.983683086000042,52.373951704000035],[4.983610691000024,52.37420099800005],[4.983526849000043,52.37444894500004],[4.983431626000026,52.374695347000056],[4.983325098000023,52.374940010000046],[4.983207349000054,52.37518273900008],[4.983078472000045,52.375423341000044],[4.982938570000044,52.37566162500008],[4.982787753000025,52.37589740300007],[4.982626141000026,52.37613048600008],[4.982453862000057,52.37636069000007],[4.982271053000034,52.37658783200004],[4.982077859000071,52.37681173200008],[4.98187443300003,52.377032212000074],[4.981660936000026,52.37724909600007],[4.9814375370000334,52.37746221300006],[4.981204415000036,52.37767139300007],[4.98096175400002,52.377876471000036],[4.980709746000059,52.37807728300004],[4.980448592000073,52.378273670000056],[4.980178499000033,52.37846547500004],[4.979899680000074,52.37865254800005],[4.979612359000043,52.37883473800008],[4.979316762000053,52.37901190200006],[4.979013124000062,52.379183899000054],[4.978701686000022,52.37935059200004],[4.97838269600004,52.37951184800005],[4.978056407000054,52.37966754000007],[4.977723077000064,52.37981754400005],[4.977382973000033,52.379961741000045],[4.977199487000064,52.38003494000003],[4.977036362000035,52.38010001600003],[4.97668352200003,52.38023226000007],[4.976324731000034,52.38035836700004],[4.975960276000023,52.38047823800008],[4.975590444000034,52.38059177700006],[4.97521553100006,52.380698893000044],[4.974835833000043,52.38079950300005],[4.974451653000074,52.38089352600008],[4.9740632950000645,52.38098088600003],[4.973671068000044,52.381061516000045],[4.973275283000021,52.38113535100007],[4.972876256000063,52.381202331000054],[4.972795813000062,52.381214354000065],[4.976334095000027,52.37979888900003],[4.977819919000069,52.37891006500007],[4.977903497000057,52.37883476800005],[4.983773232000033,52.373546600000054],[4.983774329000028,52.37354660400007]]]]}},{"type":"Feature","properties":{"service_id":184,"population_total":2658.63,"thiessen_area_km2":0.6137},"geometry":{"type":"Polygon","coordinates":[[[4.969738067000037,52.36126981600006],[4.970046808000063,52.36139680500003],[4.970004674000052,52.361481766000054],[4.969159126000022,52.36182022100007],[4.9657330440000464,52.36318830000005],[4.964716911000039,52.36359405500008],[4.963802434000058,52.36414415200005],[4.961903566000046,52.36528640200004],[4.961749077000036,52.36537933300008],[4.9617238430000725,52.367506449000075],[4.961717128000032,52.36807250900006],[4.966726115000029,52.36809287700004],[4.96564864000004,52.37026557200005],[4.9614188550000335,52.37032399100008],[4.959467492000044,52.37035094200007],[4.956836204000069,52.37038728300007],[4.954912114000024,52.370413857000074],[4.954553348000047,52.37041881200008],[4.95438026000005,52.370025396000074],[4.954327368000065,52.36990517600003],[4.954190158000074,52.36959330700006],[4.953324619000057,52.36762599600007],[4.95311106500003,52.36714060400004],[4.953305760000035,52.366115870000044],[4.95333332000007,52.36597081300005],[4.9534191720000535,52.365518947000055],[4.953596927000035,52.36458336900006],[4.953640177000068,52.36435573400007],[4.953688815000021,52.364099741000075],[4.954092469000045,52.363822936000076],[4.954343596000058,52.36365072600006],[4.958557948000021,52.362955241000066],[4.9589606100000765,52.362888791000046],[4.96944880500007,52.36115794700004],[4.969738067000037,52.36126981600006]]]}},{"type":"Feature","properties":{"service_id":185,"population_total":1329.31,"thiessen_area_km2":0.375},"geometry":{"type":"Polygon","coordinates":[[[4.965407726000024,52.37296431900006],[4.963157564000028,52.37395064400005],[4.959616073000063,52.37550300400005],[4.957543112000053,52.37641165600007],[4.956399516000033,52.376912934000075],[4.956019410000067,52.37707954800004],[4.955951996000067,52.37710909800006],[4.95594150200003,52.377058903000034],[4.955742901000065,52.37610891300005],[4.954937297000072,52.37225538900003],[4.954860167000049,52.371886448000055],[4.954693512000063,52.37108927400004],[4.954553348000047,52.37041881200008],[4.954912114000024,52.370413857000074],[4.956836204000069,52.37038728300007],[4.959467492000044,52.37035094200007],[4.9614188550000335,52.37032399100008],[4.96564864000004,52.37026557200005],[4.965407726000024,52.37296431900006]]]}},{"type":"Feature","properties":{"service_id":186,"population_total":1834.67,"thiessen_area_km2":1.0059},"geometry":{"type":"Polygon","coordinates":[[[4.955277882000075,52.346125044000075],[4.955680869000048,52.34618162400005],[4.956030768000062,52.34623714700007],[4.956081094000069,52.34624513300008],[4.956478240000024,52.346315520000076],[4.95687199200006,52.34639273100004],[4.957262037000021,52.346476703000064],[4.957648066000047,52.34656736900007],[4.957748066000022,52.346592857000076],[4.957564612000056,52.34751203900004],[4.957097759000021,52.349851175000026],[4.9551964850000445,52.35937738000007],[4.954904302000045,52.36084134600003],[4.954343596000058,52.36365072600006],[4.954092469000045,52.363822936000076],[4.953850979000038,52.363841785000034],[4.953439383000045,52.36386671900004],[4.953372019000028,52.36386962900008],[4.95241771700006,52.363176450000026],[4.951379711000072,52.36242247000007],[4.9496819670000605,52.361189274000026],[4.949351042000046,52.36094889900005],[4.949206512000046,52.36084391600008],[4.9465526870000645,52.35891624900006],[4.94622522800006,52.35867839100007],[4.946020657000076,52.35852979600003],[4.945825561000049,52.35838808400007],[4.945960645000071,52.35703915800008],[4.946005957000068,52.35658668600007],[4.94603092400007,52.356337376000056],[4.9463592200000335,52.35305908700008],[4.94638610800007,52.352790593000066],[4.946402959000068,52.352622318000044],[4.946434279000073,52.35257211900006],[4.946549603000051,52.35238728100006],[4.946980603000043,52.35169648600004],[4.948045946000036,52.34998898300006],[4.9484584530000575,52.349767744000076],[4.949028892000058,52.349461801000075],[4.949175007000065,52.34938343500005],[4.950419454000041,52.34871600300005],[4.951658618000067,52.348051404000046],[4.955255484000077,52.34612230300007],[4.955277882000075,52.346125044000075]]]}},{"type":"Feature","properties":{"service_id":187,"population_total":2528.66,"thiessen_area_km2":1.5476},"geometry":{"type":"Polygon","coordinates":[[[4.974293328000044,52.355581708000045],[4.97432542100006,52.35583414600006],[4.974345887000027,52.356087038000055],[4.9743547090000675,52.356340182000054],[4.974351880000029,52.35659337700008],[4.97433740200006,52.35684642400008],[4.974311286000045,52.35709912000004],[4.974273554000035,52.357351265000034],[4.974224234000076,52.357602660000055],[4.974163365000038,52.35785310400007],[4.974090997000076,52.35810239800003],[4.974007185000062,52.358350346000066],[4.973911997000073,52.35859674900007],[4.9738055070000655,52.35884141200006],[4.9737551540000595,52.358945249000044],[4.970229122000035,52.36102917300008],[4.96944880500007,52.36115794700004],[4.9589606100000765,52.362888791000046],[4.958557948000021,52.362955241000066],[4.954343596000058,52.36365072600006],[4.954904302000045,52.36084134600003],[4.9551964850000445,52.35937738000007],[4.957097759000021,52.349851175000026],[4.957564612000056,52.34751203900004],[4.957821924000029,52.34748969600008],[4.958232756000029,52.347461226000064],[4.9586447340000745,52.347439853000026],[4.959057531000042,52.34742559500006],[4.9594708200000355,52.34741846400004],[4.9596781690000284,52.34741846400004],[4.9598842720000675,52.34741846400004],[4.960297561000061,52.34742559500006],[4.960318314000062,52.34742631200004],[4.9607103580000285,52.347439853000026],[4.961122336000074,52.347461226000064],[4.961533168000074,52.34748969600008],[4.961942527000076,52.347525242000074],[4.96235008900004,52.34756783500006],[4.962755532000074,52.34761744100007],[4.963158532000023,52.347674021000046],[4.96355877000002,52.347737530000074],[4.963728780000054,52.347767660000045],[4.964402198000073,52.34849548300008],[4.969244957000058,52.35374069200003],[4.969612121000068,52.35396575900006],[4.97192812000003,52.355396271000075],[4.972174167000048,52.35554885800008],[4.974191061000056,52.35506660600004],[4.974194372000056,52.35507899300006],[4.974249633000056,52.355329924000046],[4.974293328000044,52.355581708000045]]]}},{"type":"Feature","properties":{"service_id":188,"population_total":4263.28,"thiessen_area_km2":1.268},"geometry":{"type":"Polygon","coordinates":[[[4.945614815000056,52.33628082300004],[4.945864200000074,52.336589813000046],[4.948048263000032,52.33713217700006],[4.953207016000022,52.33841323900003],[4.95618391000005,52.33937454200003],[4.95905113200007,52.342926025000054],[4.959376661000022,52.343263000000036],[4.9581520340000225,52.34456880100004],[4.9558379170000535,52.34580992800005],[4.955255484000077,52.34612230300007],[4.951658618000067,52.348051404000046],[4.950419454000041,52.34871600300005],[4.949175007000065,52.34938343500005],[4.949028892000058,52.349461801000075],[4.9484584530000575,52.349767744000076],[4.948045946000036,52.34998898300006],[4.945429255000022,52.34746977300006],[4.945019485000046,52.347075268000026],[4.94435437900006,52.34643494000005],[4.942715409000073,52.344857028000035],[4.942529522000029,52.34467806600003],[4.942263601000036,52.34442205100004],[4.941084790000048,52.34328715500004],[4.939291622000042,52.34156078900003],[4.940349209000033,52.33947911400003],[4.942571457000042,52.33510501000006],[4.942763003000039,52.33507460700008],[4.943165889000056,52.33501802700005],[4.943571216000066,52.33496842100004],[4.943978663000053,52.33492582800005],[4.944387906000031,52.33489028200006],[4.944488683000031,52.334883296000044],[4.945614815000056,52.33628082300004]]]}},{"type":"Feature","properties":{"service_id":189,"population_total":659.16,"thiessen_area_km2":0.509},"geometry":{"type":"Polygon","coordinates":[[[4.941084790000048,52.34328715500004],[4.942263601000036,52.34442205100004],[4.942529522000029,52.34467806600003],[4.942715409000073,52.344857028000035],[4.94435437900006,52.34643494000005],[4.945019485000046,52.347075268000026],[4.945429255000022,52.34746977300006],[4.948045946000036,52.34998898300006],[4.946980603000043,52.35169648600004],[4.946549603000051,52.35238728100006],[4.946434279000073,52.35257211900006],[4.946402959000068,52.352622318000044],[4.946371577000036,52.352613244000054],[4.944886913000062,52.35218396800008],[4.942595787000073,52.351521510000055],[4.941036223000026,52.35107057700003],[4.939575295000054,52.35064816300007],[4.939450353000041,52.350461677000055],[4.939412312000059,52.35040489800008],[4.937947812000061,52.348219020000045],[4.937043269000071,52.346868921000066],[4.936894209000059,52.34664643800005],[4.936704534000057,52.346363334000046],[4.9366509930000575,52.34628341900003],[4.93651124400003,52.346074833000046],[4.936495315000059,52.34605105800006],[4.93588545800003,52.345140799000035],[4.935436546000062,52.34447076300006],[4.935550421000073,52.34438480600005],[4.9358095880000405,52.34418917600004],[4.936131088000025,52.34394649400008],[4.936692862000029,52.34352244300004],[4.9375351750000505,52.34288662900008],[4.937954044000037,52.34257044900005],[4.939291622000042,52.34156078900003],[4.941084790000048,52.34328715500004]]]}},{"type":"Feature","properties":{"service_id":190,"population_total":571.28,"thiessen_area_km2":0.2978},"geometry":{"type":"Polygon","coordinates":[[[4.931707213000038,52.34503111200007],[4.932507559000044,52.345078828000055],[4.932671203000041,52.34602823700004],[4.932708840000032,52.346246594000036],[4.9328097190000335,52.346831861000055],[4.932941906000053,52.34759876800007],[4.933188004000044,52.349026554000034],[4.933310557000027,52.349737566000044],[4.933322456000042,52.34980660300005],[4.933382426000037,52.350154528000076],[4.933559163000041,52.35117990300006],[4.933596932000057,52.35139902600008],[4.933649496000044,52.35170398900004],[4.933812379000074,52.35264898500003],[4.933802609000054,52.35270740200008],[4.933773555000073,52.35288111800003],[4.933594407000044,52.35395224900003],[4.933556003000035,52.35418186800007],[4.933294358000069,52.355746245000034],[4.933192302000066,52.35635644000007],[4.9330344200000695,52.356433329000026],[4.932449668000061,52.35671810500003],[4.931416851000051,52.35652957600007],[4.931385725000041,52.35649687200004],[4.929937965000022,52.35497572200006],[4.929793626000048,52.35482406600005],[4.929460590000076,52.354474148000065],[4.929471886000044,52.35418856000007],[4.929479251000032,52.35400236600003],[4.929505832000075,52.35333037100003],[4.929514845000028,52.35310250500004],[4.92954445700002,52.35235388500007],[4.929577659000074,52.35151449400007],[4.929583863000062,52.35135765700005],[4.92958545700003,52.35131735500005],[4.929605809000066,52.35080282900003],[4.9296524620000355,52.34962337500008],[4.929656574000035,52.34951941200006],[4.929698047000045,52.34847091000006],[4.929723729000045,52.34782162100004],[4.929738150000048,52.34745703300007],[4.929752969000049,52.347082399000044],[4.929784027000039,52.346297220000054],[4.930073160000063,52.34602539700006],[4.930402791000063,52.34571550000004],[4.931165136000061,52.34499879300006],[4.931707213000038,52.34503111200007]]]}},{"type":"Feature","properties":{"service_id":191,"population_total":285.64,"thiessen_area_km2":0.0691},"geometry":{"type":"Polygon","coordinates":[[[4.933865722000064,52.35265991300008],[4.934957753000049,52.35288364000007],[4.936215488000073,52.35314131600006],[4.936347286000057,52.35316831800003],[4.936865596000075,52.353738871000076],[4.936822138000025,52.35380922000007],[4.936817948000055,52.35381600300008],[4.936487170000021,52.354351456000074],[4.935345391000055,52.356199728000036],[4.935019511000064,52.35622344700005],[4.934606682000037,52.35625349500003],[4.934602115000075,52.356253827000046],[4.933192302000066,52.35635644000007],[4.933294358000069,52.355746245000034],[4.933556003000035,52.35418186800007],[4.933594407000044,52.35395224900003],[4.933773555000073,52.35288111800003],[4.933802609000054,52.35270740200008],[4.933812379000074,52.35264898500003],[4.933865722000064,52.35265991300008]]]}},{"type":"Feature","properties":{"service_id":192,"population_total":252.68,"thiessen_area_km2":0.0863},"geometry":{"type":"Polygon","coordinates":[[[4.933324759000072,52.34579934700008],[4.933511941000063,52.34625570000003],[4.933673225000064,52.34664891400007],[4.93462243700003,52.34896310900007],[4.934820132000027,52.34944509200005],[4.934844578000025,52.34950469200004],[4.9350762550000695,52.35006952300006],[4.935496070000056,52.351093038000045],[4.935608432000038,52.35136698000008],[4.9357576850000555,52.35173086200007],[4.936347286000057,52.35316831800003],[4.936215488000073,52.35314131600006],[4.934957753000049,52.35288364000007],[4.933865722000064,52.35265991300008],[4.933812379000074,52.35264898500003],[4.933649496000044,52.35170398900004],[4.933596932000057,52.35139902600008],[4.933559163000041,52.35117990300006],[4.933382426000037,52.350154528000076],[4.933322456000042,52.34980660300005],[4.933310557000027,52.349737566000044],[4.933188004000044,52.349026554000034],[4.932941906000053,52.34759876800007],[4.9328097190000335,52.346831861000055],[4.932708840000032,52.346246594000036],[4.932671203000041,52.34602823700004],[4.932507559000044,52.345078828000055],[4.933004842000059,52.34501938400007],[4.933324759000072,52.34579934700008]]]}},{"type":"Feature","properties":{"service_id":193,"population_total":538.32,"thiessen_area_km2":0.2198},"geometry":{"type":"Polygon","coordinates":[[[4.93588545800003,52.345140799000035],[4.936495315000059,52.34605105800006],[4.93651124400003,52.346074833000046],[4.9366509930000575,52.34628341900003],[4.936704534000057,52.346363334000046],[4.936894209000059,52.34664643800005],[4.937043269000071,52.346868921000066],[4.937947812000061,52.348219020000045],[4.939412312000059,52.35040489800008],[4.939450353000041,52.350461677000055],[4.939575295000054,52.35064816300007],[4.939294928000038,52.35119020600007],[4.939063933000057,52.35163679600004],[4.93906144400006,52.35164160900007],[4.938602747000061,52.352528422000034],[4.938269154000068,52.35317336900005],[4.9378523990000645,52.35334128200003],[4.937736775000076,52.35338786800003],[4.936865596000075,52.353738871000076],[4.936347286000057,52.35316831800003],[4.9357576850000555,52.35173086200007],[4.935608432000038,52.35136698000008],[4.935496070000056,52.351093038000045],[4.9350762550000695,52.35006952300006],[4.934844578000025,52.34950469200004],[4.934820132000027,52.34944509200005],[4.93462243700003,52.34896310900007],[4.933673225000064,52.34664891400007],[4.933511941000063,52.34625570000003],[4.933324759000072,52.34579934700008],[4.933004842000059,52.34501938400007],[4.933741700000041,52.344853140000055],[4.934696960000053,52.34463762200005],[4.935436546000062,52.34447076300006],[4.93588545800003,52.345140799000035]]]}},{"type":"Feature","properties":{"service_id":194,"population_total":834.94,"thiessen_area_km2":0.3196},"geometry":{"type":"Polygon","coordinates":[[[4.941036223000026,52.35107057700003],[4.942595787000073,52.351521510000055],[4.944886913000062,52.35218396800008],[4.946371577000036,52.352613244000054],[4.946402959000068,52.352622318000044],[4.94638610800007,52.352790593000066],[4.9463592200000335,52.35305908700008],[4.94603092400007,52.356337376000056],[4.946005957000068,52.35658668600007],[4.945960645000071,52.35703915800008],[4.945825561000049,52.35838808400007],[4.945505535000052,52.35850256500004],[4.945470985000043,52.358514924000076],[4.945404832000065,52.35849770100003],[4.944400002000066,52.35823609400006],[4.944321528000046,52.35821566300007],[4.9424424560000375,52.35772644600007],[4.942153177000023,52.35765113200006],[4.941189357000042,52.357400201000075],[4.9411148630000525,52.35738080600004],[4.940746595000064,52.356836315000066],[4.940221196000039,52.35605950200005],[4.939760618000037,52.35537852900006],[4.939700692000031,52.35528992700006],[4.938269154000068,52.35317336900005],[4.938602747000061,52.352528422000034],[4.93906144400006,52.35164160900007],[4.939063933000057,52.35163679600004],[4.939294928000038,52.35119020600007],[4.939575295000054,52.35064816300007],[4.941036223000026,52.35107057700003]]]}},{"type":"Feature","properties":{"service_id":195,"population_total":2889.34,"thiessen_area_km2":0.3142},"geometry":{"type":"Polygon","coordinates":[[[4.941189357000042,52.357400201000075],[4.942153177000023,52.35765113200006],[4.9424424560000375,52.35772644600007],[4.944321528000046,52.35821566300007],[4.944400002000066,52.35823609400006],[4.945404832000065,52.35849770100003],[4.945470985000043,52.358514924000076],[4.94542924600006,52.35856090000004],[4.9450520130000655,52.35897642700007],[4.944795079000073,52.35925944300004],[4.944679047000022,52.35938725400007],[4.94423667600006,52.35987453100006],[4.943508003000034,52.36067717200007],[4.94348543600006,52.36070202900004],[4.943411652000066,52.36078330300006],[4.942626311000026,52.361648365000065],[4.942580522000071,52.361698802000035],[4.942115616000024,52.362210901000026],[4.941708375000076,52.362659482000026],[4.940552443000058,52.363932754000075],[4.940488690000052,52.36400297900008],[4.940402427000038,52.364097998000034],[4.9400453130000415,52.36449136400006],[4.939858323000067,52.36444336800008],[4.938910970000052,52.36420020300005],[4.937835695000047,52.36392420400006],[4.937211281000032,52.36376393100005],[4.935978867000074,52.36344759800005],[4.935931065000034,52.36332819100005],[4.93580700800004,52.36301830000008],[4.935857015000067,52.36287618500006],[4.936026854000033,52.36239352600006],[4.936049775000072,52.36232838700005],[4.936051205000069,52.36232432400004],[4.936304001000053,52.36160590900005],[4.936369573000036,52.36141956300003],[4.936415402000023,52.36128932300005],[4.936572467000076,52.360842966000064],[4.936667034000038,52.36057421900006],[4.936751990000062,52.360332784000036],[4.936811532000036,52.36016357500006],[4.936814531000039,52.36015505100005],[4.937261586000034,52.35888458100004],[4.937360573000035,52.35860327200004],[4.937653027000067,52.35777215600007],[4.938250640000035,52.357704598000055],[4.9383782240000755,52.35769017500007],[4.938878087000035,52.35763366700007],[4.940989162000051,52.357395016000055],[4.9411148630000525,52.35738080600004],[4.941189357000042,52.357400201000075]]]}},{"type":"Feature","properties":{"service_id":196,"population_total":977.76,"thiessen_area_km2":0.161},"geometry":{"type":"Polygon","coordinates":[[[4.935383207000029,52.356225496000036],[4.936074639000026,52.35669663900006],[4.93745629700004,52.357638104000046],[4.937653027000067,52.35777215600007],[4.937360573000035,52.35860327200004],[4.937261586000034,52.35888458100004],[4.936814531000039,52.36015505100005],[4.936811532000036,52.36016357500006],[4.936751990000062,52.360332784000036],[4.936667034000038,52.36057421900006],[4.936572467000076,52.360842966000064],[4.936415402000023,52.36128932300005],[4.936369573000036,52.36141956300003],[4.936304001000053,52.36160590900005],[4.936051205000069,52.36232432400004],[4.936049775000072,52.36232838700005],[4.936026854000033,52.36239352600006],[4.935857015000067,52.36287618500006],[4.93580700800004,52.36301830000008],[4.935754159000055,52.36296850900004],[4.935284879000051,52.36252637800004],[4.935098792000076,52.36235105700007],[4.934780910000029,52.36205156500006],[4.93468215200005,52.361958521000076],[4.934545812000067,52.361830068000074],[4.934249839000074,52.361551218000045],[4.934114313000066,52.36142353300005],[4.9338138150000646,52.36114042000003],[4.933634502000075,52.360971481000036],[4.933541121000076,52.36063625700007],[4.933538087000045,52.36062536700007],[4.933285993000027,52.35972038700004],[4.933050230000049,52.358874032000074],[4.932981950000055,52.35862891600004],[4.9329399800000715,52.358478250000076],[4.93293029900002,52.35844349700005],[4.932755428000064,52.357815738000056],[4.932449668000061,52.35671810500003],[4.9330344200000695,52.356433329000026],[4.933192302000066,52.35635644000007],[4.934602115000075,52.356253827000046],[4.934606682000037,52.35625349500003],[4.935019511000064,52.35622344700005],[4.935345391000055,52.356199728000036],[4.935383207000029,52.356225496000036]]]}},{"type":"Feature","properties":{"service_id":197,"population_total":351.55,"thiessen_area_km2":0.1132},"geometry":{"type":"Polygon","coordinates":[[[4.939700692000031,52.35528992700006],[4.939760618000037,52.35537852900006],[4.940221196000039,52.35605950200005],[4.940746595000064,52.356836315000066],[4.9411148630000525,52.35738080600004],[4.940989162000051,52.357395016000055],[4.938878087000035,52.35763366700007],[4.9383782240000755,52.35769017500007],[4.938250640000035,52.357704598000055],[4.937653027000067,52.35777215600007],[4.93745629700004,52.357638104000046],[4.936074639000026,52.35669663900006],[4.935383207000029,52.356225496000036],[4.935345391000055,52.356199728000036],[4.936487170000021,52.354351456000074],[4.936817948000055,52.35381600300008],[4.936822138000025,52.35380922000007],[4.936865596000075,52.353738871000076],[4.937736775000076,52.35338786800003],[4.9378523990000645,52.35334128200003],[4.938269154000068,52.35317336900005],[4.939700692000031,52.35528992700006]]]}},{"type":"Feature","properties":{"service_id":198,"population_total":1175.51,"thiessen_area_km2":0.1606},"geometry":{"type":"Polygon","coordinates":[[[4.929793626000048,52.35482406600005],[4.929937965000022,52.35497572200006],[4.931385725000041,52.35649687200004],[4.931416851000051,52.35652957600007],[4.9313252940000325,52.35663572100003],[4.930419924000034,52.35768534700003],[4.930299022000042,52.35782551300008],[4.930261546000054,52.357868961000065],[4.9295801780000374,52.35865889300004],[4.929478592000066,52.35877666500005],[4.92926071100004,52.359029262000035],[4.929176096000049,52.35912735900007],[4.9286979050000355,52.35924647200005],[4.928460117000043,52.359305703000075],[4.926633520000053,52.359760693000055],[4.92599989200005,52.35991852400008],[4.925960873000065,52.359571568000035],[4.9259459350000725,52.359438743000055],[4.925791305000075,52.35806377500006],[4.9257698930000515,52.35787338000006],[4.925737303000062,52.35758358700008],[4.925728839000044,52.35750832100007],[4.9256378320000636,52.356699082000034],[4.925630970000043,52.35663806500003],[4.9255620530000215,52.35602525300004],[4.925541808000048,52.35584523700004],[4.92549918900005,52.355466266000064],[4.925844221000034,52.355379854000034],[4.926279795000028,52.35527076600005],[4.926814231000037,52.355136919000074],[4.927778344000046,52.35489546000008],[4.928416624000022,52.35473560500003],[4.928846193000027,52.35462802100005],[4.929052529000046,52.354576345000055],[4.929460590000076,52.354474148000065],[4.929793626000048,52.35482406600005]]]}},{"type":"Feature","properties":{"service_id":199,"population_total":878.89,"thiessen_area_km2":0.1127},"geometry":{"type":"Polygon","coordinates":[[[4.932449668000061,52.35671810500003],[4.932755428000064,52.357815738000056],[4.93293029900002,52.35844349700005],[4.9329399800000715,52.358478250000076],[4.932981950000055,52.35862891600004],[4.933050230000049,52.358874032000074],[4.933285993000027,52.35972038700004],[4.933538087000045,52.36062536700007],[4.933541121000076,52.36063625700007],[4.933634502000075,52.360971481000036],[4.932465725000043,52.36129113100003],[4.932408071000054,52.361306899000056],[4.9317997770000375,52.36147326200006],[4.931272768000042,52.36161739400006],[4.9304601350000326,52.361839642000064],[4.930418548000034,52.36185101600006],[4.9304116330000625,52.36183585600003],[4.9303531830000225,52.36170772500003],[4.930219510000029,52.36141469300003],[4.929965865000042,52.360858661000066],[4.929951617000029,52.36082742800005],[4.929562151000027,52.35997365400004],[4.929490988000055,52.35981765300005],[4.929463206000037,52.35975675100008],[4.929424130000029,52.359671089000074],[4.929271753000023,52.35933705400004],[4.929176096000049,52.35912735900007],[4.92926071100004,52.359029262000035],[4.929478592000066,52.35877666500005],[4.9295801780000374,52.35865889300004],[4.930261546000054,52.357868961000065],[4.930299022000042,52.35782551300008],[4.930419924000034,52.35768534700003],[4.9313252940000325,52.35663572100003],[4.931416851000051,52.35652957600007],[4.932449668000061,52.35671810500003]]]}},{"type":"Feature","properties":{"service_id":200,"population_total":1900.59,"thiessen_area_km2":0.2052},"geometry":{"type":"Polygon","coordinates":[[[4.9338138150000646,52.36114042000003],[4.934114313000066,52.36142353300005],[4.934249839000074,52.361551218000045],[4.934545812000067,52.361830068000074],[4.93468215200005,52.361958521000076],[4.934780910000029,52.36205156500006],[4.935098792000076,52.36235105700007],[4.935284879000051,52.36252637800004],[4.935754159000055,52.36296850900004],[4.93580700800004,52.36301830000008],[4.935931065000034,52.36332819100005],[4.935978867000074,52.36344759800005],[4.935377843000026,52.36406800600008],[4.933962636000047,52.365528856000026],[4.933307100000036,52.36620553400007],[4.933297047000053,52.36621591100004],[4.93324031800006,52.366274469000075],[4.932138251000026,52.367412081000055],[4.9315868650000425,52.36740946900005],[4.9311108320000585,52.367407213000035],[4.931036017000054,52.36740685900003],[4.93028137500005,52.36631852700003],[4.930227243000047,52.36624045900004],[4.930024650000064,52.36594828300008],[4.929971830000056,52.36587210700003],[4.929812850000076,52.365642828000034],[4.929242619000036,52.36482045100007],[4.929236887000059,52.36481218400007],[4.929056550000041,52.364552106000076],[4.929151841000021,52.36436312600006],[4.929287755000075,52.364093584000045],[4.92981760400005,52.36304279700005],[4.929958344000056,52.36276368400007],[4.929970340000068,52.36273989400007],[4.93002987400007,52.362621828000044],[4.930396248000022,52.36189524200006],[4.930418548000034,52.36185101600006],[4.9304601350000326,52.361839642000064],[4.931272768000042,52.36161739400006],[4.9317997770000375,52.36147326200006],[4.932408071000054,52.361306899000056],[4.932465725000043,52.36129113100003],[4.933634502000075,52.360971481000036],[4.9338138150000646,52.36114042000003]]]}},{"type":"Feature","properties":{"service_id":201,"population_total":1032.69,"thiessen_area_km2":0.1376},"geometry":{"type":"Polygon","coordinates":[[[4.929271753000023,52.35933705400004],[4.929424130000029,52.359671089000074],[4.929463206000037,52.35975675100008],[4.929490988000055,52.35981765300005],[4.929562151000027,52.35997365400004],[4.929951617000029,52.36082742800005],[4.929965865000042,52.360858661000066],[4.930219510000029,52.36141469300003],[4.9303531830000225,52.36170772500003],[4.9304116330000625,52.36183585600003],[4.930418548000034,52.36185101600006],[4.930396248000022,52.36189524200006],[4.93002987400007,52.362621828000044],[4.929970340000068,52.36273989400007],[4.929958344000056,52.36276368400007],[4.92981760400005,52.36304279700005],[4.929287755000075,52.364093584000045],[4.929151841000021,52.36436312600006],[4.929056550000041,52.364552106000076],[4.928561066000043,52.36433922800006],[4.927894765000076,52.36405296000004],[4.927797299000076,52.36401108500007],[4.92765165000003,52.36394392100004],[4.927507224000067,52.363877321000075],[4.926717402000065,52.36351310600003],[4.926405401000068,52.363369231000036],[4.9259758260000694,52.36317113900003],[4.92595277700002,52.36316051000006],[4.925911025000062,52.36298257300007],[4.925767051000037,52.36236898400006],[4.925684127000068,52.36201557800007],[4.925606413000025,52.361684377000074],[4.925603024000054,52.361669934000076],[4.925589089000027,52.361610545000076],[4.925497992000032,52.36122230700005],[4.925403613000071,52.36082008500006],[4.925397066000073,52.36079218100008],[4.9254242190000355,52.360752829000035],[4.925721549000059,52.36032191800007],[4.925803977000044,52.36020245800006],[4.92599989200005,52.35991852400008],[4.926633520000053,52.359760693000055],[4.928460117000043,52.359305703000075],[4.9286979050000355,52.35924647200005],[4.929176096000049,52.35912735900007],[4.929271753000023,52.35933705400004]]]}},{"type":"Feature","properties":{"service_id":202,"population_total":801.98,"thiessen_area_km2":0.2038},"geometry":{"type":"Polygon","coordinates":[[[4.923570206000022,52.360391710000044],[4.9239188950000425,52.36046814700006],[4.925188862000027,52.36074654000004],[4.925397066000073,52.36079218100008],[4.925403613000071,52.36082008500006],[4.925497992000032,52.36122230700005],[4.925589089000027,52.361610545000076],[4.925603024000054,52.361669934000076],[4.925606413000025,52.361684377000074],[4.925684127000068,52.36201557800007],[4.925767051000037,52.36236898400006],[4.925911025000062,52.36298257300007],[4.92595277700002,52.36316051000006],[4.925947712000038,52.36316562800005],[4.925839289000066,52.363275188000046],[4.925230257000067,52.36389060700003],[4.925208307000048,52.36391278800005],[4.925101863000066,52.364020348000054],[4.924997183000073,52.36412612500004],[4.92486010600004,52.364264639000055],[4.9245533250000335,52.36457463700003],[4.924363362000065,52.36476659200008],[4.924251121000054,52.364880010000036],[4.923219832000029,52.36592211400006],[4.922478076000061,52.36667164800008],[4.9223642470000755,52.36678667000007],[4.922053457000061,52.36710072000005],[4.922023589000048,52.36713090200004],[4.921919775000049,52.367235804000074],[4.921850746000075,52.36722791100004],[4.921714292000047,52.367212307000045],[4.921370895000052,52.36717303900008],[4.9212982700000225,52.36693948800007],[4.921222374000024,52.36669541500004],[4.9209662940000385,52.365871895000055],[4.92078222400005,52.36527995000006],[4.920548146000044,52.36452718500004],[4.920492705000072,52.364348893000056],[4.920090275000064,52.363054728000066],[4.920070145000068,52.36298999300004],[4.920015488000047,52.362814222000054],[4.919987324000033,52.36272365100007],[4.919881943000064,52.362384761000044],[4.919876412000065,52.362366974000054],[4.919722706000073,52.36187267400004],[4.919659363000051,52.361668972000075],[4.9204444850000755,52.36133919300005],[4.921116845000029,52.361056778000034],[4.921143906000054,52.36104541100008],[4.921653801000048,52.36083123800006],[4.921912732000067,52.36072247800007],[4.922998551000035,52.36026639600004],[4.923570206000022,52.360391710000044]]]}},{"type":"Feature","properties":{"service_id":203,"population_total":362.54,"thiessen_area_km2":0.1374},"geometry":{"type":"Polygon","coordinates":[[[4.921666063000032,52.35638795400007],[4.922037011000043,52.35746766500006],[4.922092655000029,52.35762962600006],[4.922164389000045,52.357838419000075],[4.922177343000044,52.35787612400003],[4.922208066000053,52.357965550000074],[4.922784332000049,52.35964287400003],[4.9228083760000345,52.359712857000034],[4.922998551000035,52.36026639600004],[4.921912732000067,52.36072247800007],[4.921653801000048,52.36083123800006],[4.921143906000054,52.36104541100008],[4.921116845000029,52.361056778000034],[4.9204444850000755,52.36133919300005],[4.919659363000051,52.361668972000075],[4.91885723200005,52.36121306300004],[4.918834423000021,52.36107810400006],[4.918814801000053,52.360962003000054],[4.9186987850000605,52.36027555700008],[4.918689356000073,52.36021976600006],[4.918665399000076,52.36007802000006],[4.918627472000026,52.35985361000007],[4.918500799000071,52.35910410900004],[4.91849155400007,52.359049405000064],[4.918488583000055,52.359031826000034],[4.91846918300007,52.35891704200003],[4.91837638100003,52.358367946000044],[4.918186555000034,52.35724477300005],[4.918971528000043,52.35659198400003],[4.9190337170000475,52.35658478600004],[4.919388038000022,52.35654377800006],[4.921161715000039,52.356338495000045],[4.921451141000034,52.35630499700005],[4.921630433000075,52.35628424600003],[4.921666063000032,52.35638795400007]]]}},{"type":"Feature","properties":{"service_id":204,"population_total":823.96,"thiessen_area_km2":0.1432},"geometry":{"type":"Polygon","coordinates":[[[4.924703245000046,52.35501619300004],[4.92549918900005,52.355466266000064],[4.925541808000048,52.35584523700004],[4.9255620530000215,52.35602525300004],[4.925630970000043,52.35663806500003],[4.9256378320000636,52.356699082000034],[4.925728839000044,52.35750832100007],[4.925737303000062,52.35758358700008],[4.9257698930000515,52.35787338000006],[4.925791305000075,52.35806377500006],[4.9259459350000725,52.359438743000055],[4.925960873000065,52.359571568000035],[4.92599989200005,52.35991852400008],[4.925803977000044,52.36020245800006],[4.925721549000059,52.36032191800007],[4.9254242190000355,52.360752829000035],[4.925397066000073,52.36079218100008],[4.925188862000027,52.36074654000004],[4.9239188950000425,52.36046814700006],[4.923570206000022,52.360391710000044],[4.922998551000035,52.36026639600004],[4.9228083760000345,52.359712857000034],[4.922784332000049,52.35964287400003],[4.922208066000053,52.357965550000074],[4.922177343000044,52.35787612400003],[4.922164389000045,52.357838419000075],[4.922092655000029,52.35762962600006],[4.922037011000043,52.35746766500006],[4.921666063000032,52.35638795400007],[4.921630433000075,52.35628424600003],[4.921802532000072,52.35613574800004],[4.921898826000074,52.356052659000056],[4.921975444000054,52.35598654800003],[4.922312943000065,52.35569533200004],[4.922620062000021,52.35543033000005],[4.922991216000071,52.35511007400004],[4.923372710000024,52.35478089600008],[4.923734718000048,52.354468531000066],[4.924703245000046,52.35501619300004]]]}},{"type":"Feature","properties":{"service_id":205,"population_total":922.83,"thiessen_area_km2":0.1534},"geometry":{"type":"Polygon","coordinates":[[[4.920396504000053,52.350565602000074],[4.920738568000047,52.350919185000066],[4.920829107000031,52.351012773000036],[4.920841393000046,52.35102547200006],[4.920939806000035,52.351127199000075],[4.921944452000048,52.35216567500004],[4.921956445000035,52.35217807200007],[4.92200882700007,52.35223221800004],[4.922432359000027,52.35267001200003],[4.922661652000045,52.35290702700007],[4.922834159000047,52.35308534300003],[4.922849853000059,52.35310156500003],[4.923237826000047,52.35350260300004],[4.923521443000027,52.35379577000003],[4.923523497000076,52.353797893000035],[4.923538055000051,52.35381294100006],[4.923613743000033,52.353891178000026],[4.923734718000048,52.354468531000066],[4.923372710000024,52.35478089600008],[4.922991216000071,52.35511007400004],[4.922620062000021,52.35543033000005],[4.922312943000065,52.35569533200004],[4.921975444000054,52.35598654800003],[4.921898826000074,52.356052659000056],[4.921802532000072,52.35613574800004],[4.921630433000075,52.35628424600003],[4.921451141000034,52.35630499700005],[4.921161715000039,52.356338495000045],[4.919388038000022,52.35654377800006],[4.9190337170000475,52.35658478600004],[4.918971528000043,52.35659198400003],[4.918963537000025,52.35648521400003],[4.9189128830000755,52.35580842200005],[4.918912504000048,52.35580336400005],[4.918879638000021,52.355364243000054],[4.918874284000026,52.35529270300003],[4.918874042000027,52.35528947200004],[4.918838859000061,52.354819389000056],[4.91883060300006,52.35470908100007],[4.918810040000039,52.35443433300003],[4.918799739000065,52.354296703000045],[4.918784513000048,52.35409327500008],[4.918614532000049,52.35182214900004],[4.918612010000061,52.351788456000065],[4.91866206800006,52.35175174600005],[4.91980386900002,52.350914405000026],[4.919960893000052,52.35079925200006],[4.92034794500006,52.350515408000035],[4.920396504000053,52.350565602000074]]]}},{"type":"Feature","properties":{"service_id":206,"population_total":472.4,"thiessen_area_km2":0.1781},"geometry":{"type":"Polygon","coordinates":[[[4.9288861910000605,52.34667638800005],[4.927857103000065,52.34808458700007],[4.927631002000055,52.34839398300005],[4.9271589600000425,52.34903992300008],[4.927116472000023,52.34909806300004],[4.926933040000051,52.34934907000007],[4.926174683000056,52.35038680200006],[4.925608809000039,52.351161140000045],[4.924917299000072,52.35210739900003],[4.924873904000037,52.35216678000006],[4.924739921000025,52.35235012100003],[4.924632177000035,52.35249755800004],[4.924458711000057,52.352734928000075],[4.92425675100003,52.35301128900005],[4.923916631000054,52.35347670700003],[4.92367774500002,52.35380359800007],[4.923613743000033,52.353891178000026],[4.923538055000051,52.35381294100006],[4.923523497000076,52.353797893000035],[4.923521443000027,52.35379577000003],[4.923237826000047,52.35350260300004],[4.922849853000059,52.35310156500003],[4.922834159000047,52.35308534300003],[4.922661652000045,52.35290702700007],[4.922432359000027,52.35267001200003],[4.92200882700007,52.35223221800004],[4.921956445000035,52.35217807200007],[4.921944452000048,52.35216567500004],[4.920939806000035,52.351127199000075],[4.920841393000046,52.35102547200006],[4.920829107000031,52.351012773000036],[4.920738568000047,52.350919185000066],[4.920396504000053,52.350565602000074],[4.92034794500006,52.350515408000035],[4.920416003000071,52.35014817700005],[4.920452932000046,52.34994891100007],[4.920825538000031,52.349798072000056],[4.921276861000024,52.34961536700007],[4.921421404000057,52.34955685300008],[4.921856620000028,52.34938066900003],[4.922746373000052,52.34902047800006],[4.923147487000051,52.34885809800005],[4.923175596000021,52.34884671900005],[4.923205006000046,52.34883481300005],[4.9234960720000345,52.34871698300003],[4.925648003000049,52.347845835000044],[4.926710468000067,52.347415727000055],[4.927262749000022,52.34719215200005],[4.928717094000035,52.34660340200003],[4.9287224180000635,52.34660124700008],[4.928952691000063,52.34658538900004],[4.9288861910000605,52.34667638800005]]]}},{"type":"Feature","properties":{"service_id":207,"population_total":538.32,"thiessen_area_km2":0.2333},"geometry":{"type":"Polygon","coordinates":[[[4.929752969000049,52.347082399000044],[4.929738150000048,52.34745703300007],[4.929723729000045,52.34782162100004],[4.929698047000045,52.34847091000006],[4.929656574000035,52.34951941200006],[4.9296524620000355,52.34962337500008],[4.929605809000066,52.35080282900003],[4.92958545700003,52.35131735500005],[4.929583863000062,52.35135765700005],[4.929577659000074,52.35151449400007],[4.92954445700002,52.35235388500007],[4.929514845000028,52.35310250500004],[4.929505832000075,52.35333037100003],[4.929479251000032,52.35400236600003],[4.929471886000044,52.35418856000007],[4.929460590000076,52.354474148000065],[4.929052529000046,52.354576345000055],[4.928846193000027,52.35462802100005],[4.928416624000022,52.35473560500003],[4.927778344000046,52.35489546000008],[4.926814231000037,52.355136919000074],[4.926279795000028,52.35527076600005],[4.925844221000034,52.355379854000034],[4.92549918900005,52.355466266000064],[4.924703245000046,52.35501619300004],[4.923734718000048,52.354468531000066],[4.923613743000033,52.353891178000026],[4.92367774500002,52.35380359800007],[4.923916631000054,52.35347670700003],[4.92425675100003,52.35301128900005],[4.924458711000057,52.352734928000075],[4.924632177000035,52.35249755800004],[4.924739921000025,52.35235012100003],[4.924873904000037,52.35216678000006],[4.924917299000072,52.35210739900003],[4.925608809000039,52.351161140000045],[4.926174683000056,52.35038680200006],[4.926933040000051,52.34934907000007],[4.927116472000023,52.34909806300004],[4.9271589600000425,52.34903992300008],[4.927631002000055,52.34839398300005],[4.927857103000065,52.34808458700007],[4.9288861910000605,52.34667638800005],[4.928952691000063,52.34658538900004],[4.9293506680000405,52.34644743700005],[4.929784027000039,52.346297220000054],[4.929752969000049,52.347082399000044]]]}},{"type":"Feature","properties":{"service_id":208,"population_total":878.89,"thiessen_area_km2":0.2168},"geometry":{"type":"Polygon","coordinates":[[[4.9204281320000405,52.344553595000036],[4.921627363000027,52.344849655000075],[4.9217127230000415,52.344870728000046],[4.922814971000037,52.345142846000044],[4.923150303000057,52.34522563100006],[4.923655383000039,52.34535032300005],[4.924227676000044,52.34549160800003],[4.924268393000034,52.34550166000008],[4.925263577000067,52.34574734600005],[4.925388302000044,52.34577813700008],[4.925736928000049,52.345864204000065],[4.926488861000053,52.346049838000056],[4.926893173000053,52.346149652000065],[4.927535954000064,52.346308339000075],[4.927764061000062,52.34636465300008],[4.928696014000025,52.34659472900006],[4.9287224180000635,52.34660124700008],[4.928717094000035,52.34660340200003],[4.927262749000022,52.34719215200005],[4.926710468000067,52.347415727000055],[4.925648003000049,52.347845835000044],[4.9234960720000345,52.34871698300003],[4.923205006000046,52.34883481300005],[4.923175596000021,52.34884671900005],[4.923147487000051,52.34885809800005],[4.922746373000052,52.34902047800006],[4.921856620000028,52.34938066900003],[4.921421404000057,52.34955685300008],[4.921276861000024,52.34961536700007],[4.920825538000031,52.349798072000056],[4.920452932000046,52.34994891100007],[4.920389286000045,52.349804180000035],[4.920318463000058,52.349643127000036],[4.9203176630000485,52.34964130700007],[4.920092071000056,52.34912830800005],[4.919773945000031,52.34840488700007],[4.919619225000076,52.34805305200007],[4.919296061000068,52.347318174000065],[4.919160114000022,52.34700902900005],[4.919078425000066,52.34682326800004],[4.918968649000021,52.34657363600007],[4.918624167000075,52.345790280000074],[4.918678748000048,52.34530778000004],[4.918698247000066,52.345135404000075],[4.918704514000069,52.34507999900006],[4.918809269000064,52.344153938000034],[4.9204281320000405,52.344553595000036]]]}},{"type":"Feature","properties":{"service_id":209,"population_total":1252.41,"thiessen_area_km2":0.2226},"geometry":{"type":"Polygon","coordinates":[[[4.914453956000045,52.34192828700003],[4.91641932400006,52.34276935400004],[4.91656770000003,52.342832850000036],[4.916619996000065,52.342855230000055],[4.916645871000071,52.34286630300005],[4.917729286000053,52.34332994400006],[4.918663421000076,52.34372970100003],[4.918809269000064,52.344153938000034],[4.918704514000069,52.34507999900006],[4.918698247000066,52.345135404000075],[4.918678748000048,52.34530778000004],[4.918624167000075,52.345790280000074],[4.917738936000035,52.34643677000008],[4.917675520000046,52.34648308300007],[4.917311483000049,52.346748941000044],[4.9169302890000495,52.34702732900007],[4.916280567000058,52.34750182500005],[4.915902272000039,52.34777809600007],[4.91555293600004,52.34803321800007],[4.915316773000029,52.348205689000054],[4.915309673000024,52.348210874000074],[4.914313040000025,52.348938720000035],[4.914184783000053,52.34903238700008],[4.913817910000034,52.34930031700003],[4.913746936000052,52.349135009000065],[4.913529198000049,52.34862786600007],[4.9133446310000295,52.348197982000045],[4.913122687000055,52.34768104300008],[4.913066568000033,52.34755033300007],[4.91266643900002,52.34661837500005],[4.912574168000049,52.34640346200007],[4.912561119000031,52.34637306900004],[4.91242491600002,52.34605583100006],[4.912395285000059,52.34598681700004],[4.912302751000027,52.34577129000007],[4.912297932000058,52.345760065000036],[4.912228583000058,52.34559854100007],[4.912095667000074,52.34528896100005],[4.912058197000022,52.34520168800003],[4.9123257960000615,52.34479104800005],[4.913705108000045,52.342674446000046],[4.914149246000022,52.34199290000004],[4.9142097170000625,52.341900106000026],[4.914453956000045,52.34192828700003]]]}},{"type":"Feature","properties":{"service_id":210,"population_total":659.16,"thiessen_area_km2":0.2042},"geometry":{"type":"Polygon","coordinates":[[[4.918968649000021,52.34657363600007],[4.919078425000066,52.34682326800004],[4.919160114000022,52.34700902900005],[4.919296061000068,52.347318174000065],[4.919619225000076,52.34805305200007],[4.919773945000031,52.34840488700007],[4.920092071000056,52.34912830800005],[4.9203176630000485,52.34964130700007],[4.920318463000058,52.349643127000036],[4.920389286000045,52.349804180000035],[4.920452932000046,52.34994891100007],[4.920416003000071,52.35014817700005],[4.92034794500006,52.350515408000035],[4.919960893000052,52.35079925200006],[4.91980386900002,52.350914405000026],[4.91866206800006,52.35175174600005],[4.918612010000061,52.351788456000065],[4.91788639400005,52.351810027000056],[4.917787989000033,52.351812952000046],[4.91719663300006,52.351830532000065],[4.917165072000046,52.351831470000036],[4.916784345000053,52.351842789000045],[4.916195659000039,52.35186028900006],[4.914513136000039,52.351910307000026],[4.914407992000065,52.35191343300005],[4.914296964000073,52.35181168100007],[4.913698580000073,52.351263291000066],[4.913469276000058,52.35105314400005],[4.91337141300005,52.350963457000034],[4.913423714000032,52.35076864300004],[4.913550714000053,52.35029558800005],[4.913635315000022,52.349980462000076],[4.913672413000029,52.34984227600006],[4.913684688000046,52.34979655200004],[4.913817910000034,52.34930031700003],[4.914184783000053,52.34903238700008],[4.914313040000025,52.348938720000035],[4.915309673000024,52.348210874000074],[4.915316773000029,52.348205689000054],[4.91555293600004,52.34803321800007],[4.915902272000039,52.34777809600007],[4.916280567000058,52.34750182500005],[4.9169302890000495,52.34702732900007],[4.917311483000049,52.346748941000044],[4.917675520000046,52.34648308300007],[4.917738936000035,52.34643677000008],[4.918624167000075,52.345790280000074],[4.918968649000021,52.34657363600007]]]}},{"type":"Feature","properties":{"service_id":211,"population_total":681.14,"thiessen_area_km2":0.1573},"geometry":{"type":"Polygon","coordinates":[[[4.918614532000049,52.35182214900004],[4.918784513000048,52.35409327500008],[4.918799739000065,52.354296703000045],[4.918810040000039,52.35443433300003],[4.91883060300006,52.35470908100007],[4.918838859000061,52.354819389000056],[4.918874042000027,52.35528947200004],[4.918874284000026,52.35529270300003],[4.918879638000021,52.355364243000054],[4.918912504000048,52.35580336400005],[4.9189128830000755,52.35580842200005],[4.918963537000025,52.35648521400003],[4.918971528000043,52.35659198400003],[4.918186555000034,52.35724477300005],[4.917379801000038,52.357080015000065],[4.916561590000072,52.356912918000035],[4.916400644000021,52.35688004900004],[4.916320119000034,52.35686360400007],[4.916110695000043,52.35676952100005],[4.915732117000061,52.35659944500003],[4.915623162000031,52.35655049700006],[4.9155519410000466,52.35651850100004],[4.915259943000024,52.35638732100006],[4.914967779000051,52.35625606600007],[4.914833229000067,52.35619562000005],[4.914760902000069,52.35546727800005],[4.914734072000044,52.355197101000044],[4.914733339000065,52.35518972400007],[4.914733108000064,52.35518739300005],[4.914696079000066,52.354814505000036],[4.91468753700002,52.354728487000045],[4.9146872370000665,52.35472546300008],[4.914682034000066,52.35467307600004],[4.9145655990000705,52.353500559000054],[4.914562591000049,52.35347026800008],[4.914531122000028,52.35315336700006],[4.914439333000075,52.35222904300008],[4.914407992000065,52.35191343300005],[4.914513136000039,52.351910307000026],[4.916195659000039,52.35186028900006],[4.916784345000053,52.351842789000045],[4.917165072000046,52.351831470000036],[4.91719663300006,52.351830532000065],[4.917787989000033,52.351812952000046],[4.91788639400005,52.351810027000056],[4.918612010000061,52.351788456000065],[4.918614532000049,52.35182214900004]]]}},{"type":"Feature","properties":{"service_id":212,"population_total":1472.13,"thiessen_area_km2":0.2107},"geometry":{"type":"Polygon","coordinates":[[[4.913469276000058,52.35105314400005],[4.913698580000073,52.351263291000066],[4.914296964000073,52.35181168100007],[4.914407992000065,52.35191343300005],[4.914439333000075,52.35222904300008],[4.914531122000028,52.35315336700006],[4.914562591000049,52.35347026800008],[4.9145655990000705,52.353500559000054],[4.914682034000066,52.35467307600004],[4.9146872370000665,52.35472546300008],[4.91468753700002,52.354728487000045],[4.914696079000066,52.354814505000036],[4.914733108000064,52.35518739300005],[4.914733339000065,52.35518972400007],[4.914734072000044,52.355197101000044],[4.914760902000069,52.35546727800005],[4.914833229000067,52.35619562000005],[4.914425850000043,52.35644760400004],[4.914256644000034,52.35655226600005],[4.913650991000054,52.356926893000036],[4.913467509000043,52.35704038600005],[4.913101023000024,52.35726707600003],[4.912388240000041,52.35770796700007],[4.912104039000042,52.35788375900006],[4.911802229000045,52.35807044400008],[4.9114483300000416,52.35828934800003],[4.910812424000028,52.35817338700008],[4.910185673000058,52.358059096000034],[4.910183300000028,52.35799782600003],[4.9101585400000545,52.35735850400005],[4.91015760800002,52.357334441000035],[4.91015433900003,52.35725003200008],[4.910135555000068,52.35676500200003],[4.910129464000022,52.35660772800003],[4.910056694000048,52.35472872100007],[4.91004945100002,52.354541692000055],[4.9100385130000745,52.35425926000005],[4.910017066000023,52.35370548900005],[4.909985207000034,52.35288286700006],[4.909982505000073,52.35281310000005],[4.9099638190000405,52.35233059600006],[4.9101933240000335,52.35219221400007],[4.910197242000038,52.35218985200004],[4.910266658000069,52.35214799700003],[4.911082179000061,52.35165627300006],[4.911226696000028,52.351569135000034],[4.911249038000051,52.351555664000045],[4.911449050000044,52.35143506500003],[4.911786145000065,52.35123181100005],[4.912146168000049,52.351170866000075],[4.91337141300005,52.350963457000034],[4.913469276000058,52.35105314400005]]]}},{"type":"Feature","properties":{"service_id":213,"population_total":1263.4,"thiessen_area_km2":0.1875},"geometry":{"type":"Polygon","coordinates":[[[4.906667969000068,52.351816350000036],[4.908147342000063,52.35204717400006],[4.908869034000077,52.35215977800004],[4.909020116000022,52.352183351000065],[4.909383362000028,52.35224002800004],[4.9099638190000405,52.35233059600006],[4.909982505000073,52.35281310000005],[4.909985207000034,52.35288286700006],[4.910017066000023,52.35370548900005],[4.9100385130000745,52.35425926000005],[4.91004945100002,52.354541692000055],[4.910056694000048,52.35472872100007],[4.910129464000022,52.35660772800003],[4.910135555000068,52.35676500200003],[4.91015433900003,52.35725003200008],[4.91015760800002,52.357334441000035],[4.9101585400000545,52.35735850400005],[4.910183300000028,52.35799782600003],[4.910185673000058,52.358059096000034],[4.910073733000047,52.35810562900008],[4.909910069000034,52.35817366300006],[4.909770279000043,52.35823177300006],[4.90975768200002,52.35823701000004],[4.909068339000044,52.35852356600003],[4.909018029000038,52.358544480000035],[4.908929065000052,52.358581462000075],[4.908216238000023,52.35887778000006],[4.90788208400005,52.35835169400008],[4.907805541000073,52.35823118600007],[4.907805244000031,52.35823071800007],[4.907654301000036,52.35799307600007],[4.90760999400004,52.357923320000054],[4.90755776900005,52.35784109800005],[4.907529921000048,52.35779725400005],[4.906735529000059,52.356546578000064],[4.9066268840000475,52.35637552900005],[4.905949032000024,52.35530833000007],[4.905836874000045,52.355131750000055],[4.905168223000032,52.35407903600003],[4.905147847000023,52.35404695600005],[4.905368127000031,52.35351830600007],[4.9053982140000585,52.35344609900005],[4.905496837000044,52.35320941300006],[4.905592990000059,52.352978654000026],[4.905764837000049,52.35256623600003],[4.905943001000026,52.35213865900005],[4.905994025000041,52.35201620600003],[4.9060486200000355,52.35192955500003],[4.906141597000044,52.351859604000026],[4.906148872000074,52.35185413100004],[4.90627962800005,52.35175575800008],[4.906667969000068,52.351816350000036]]]}},{"type":"Feature","properties":{"service_id":214,"population_total":1252.41,"thiessen_area_km2":0.1517},"geometry":{"type":"Polygon","coordinates":[[[4.909517907000065,52.34796247300005],[4.909523731000036,52.34797086800006],[4.909623515000021,52.34811469200008],[4.909711698000024,52.34824179600008],[4.909936317000074,52.34856555200008],[4.910047575000021,52.348725915000045],[4.910653995000075,52.34959998100004],[4.910752067000033,52.34974133800006],[4.9113028820000295,52.35053525700005],[4.9116529050000395,52.35103976400006],[4.91167851900002,52.35107668300003],[4.911786145000065,52.35123181100005],[4.911449050000044,52.35143506500003],[4.911249038000051,52.351555664000045],[4.911226696000028,52.351569135000034],[4.911082179000061,52.35165627300006],[4.910266658000069,52.35214799700003],[4.910197242000038,52.35218985200004],[4.9101933240000335,52.35219221400007],[4.9099638190000405,52.35233059600006],[4.909383362000028,52.35224002800004],[4.909020116000022,52.352183351000065],[4.908869034000077,52.35215977800004],[4.908147342000063,52.35204717400006],[4.906667969000068,52.351816350000036],[4.90627962800005,52.35175575800008],[4.906279986000072,52.35155184400003],[4.906280437000021,52.35129482600007],[4.906280647000074,52.35117493100006],[4.906280691000063,52.35114973300006],[4.906282502000067,52.35011768000004],[4.906282919000034,52.34988001500005],[4.906283298000062,52.349664275000066],[4.906283492000057,52.34955343200005],[4.9062836530000595,52.34946180500003],[4.906284261000053,52.34911506900005],[4.906285430000025,52.348449035000044],[4.906285824000065,52.348224189000064],[4.906286162000072,52.34803124000007],[4.906286520000037,52.347827445000064],[4.906287060000068,52.34751954400008],[4.907699325000067,52.34738669700005],[4.907709948000047,52.34738569800004],[4.908552890000067,52.34730640500004],[4.909031498000047,52.347261384000035],[4.909517907000065,52.34796247300005]]]}},{"type":"Feature","properties":{"service_id":215,"population_total":791.0,"thiessen_area_km2":0.1279},"geometry":{"type":"Polygon","coordinates":[[[4.912095667000074,52.34528896100005],[4.912228583000058,52.34559854100007],[4.912297932000058,52.345760065000036],[4.912302751000027,52.34577129000007],[4.912395285000059,52.34598681700004],[4.91242491600002,52.34605583100006],[4.912561119000031,52.34637306900004],[4.912574168000049,52.34640346200007],[4.91266643900002,52.34661837500005],[4.913066568000033,52.34755033300007],[4.913122687000055,52.34768104300008],[4.9133446310000295,52.348197982000045],[4.913529198000049,52.34862786600007],[4.913746936000052,52.349135009000065],[4.913817910000034,52.34930031700003],[4.913684688000046,52.34979655200004],[4.913672413000029,52.34984227600006],[4.913635315000022,52.349980462000076],[4.913550714000053,52.35029558800005],[4.913423714000032,52.35076864300004],[4.91337141300005,52.350963457000034],[4.912146168000049,52.351170866000075],[4.911786145000065,52.35123181100005],[4.91167851900002,52.35107668300003],[4.9116529050000395,52.35103976400006],[4.9113028820000295,52.35053525700005],[4.910752067000033,52.34974133800006],[4.910653995000075,52.34959998100004],[4.910047575000021,52.348725915000045],[4.909936317000074,52.34856555200008],[4.909711698000024,52.34824179600008],[4.909623515000021,52.34811469200008],[4.909523731000036,52.34797086800006],[4.909517907000065,52.34796247300005],[4.909031498000047,52.347261384000035],[4.909636148000061,52.34664987600007],[4.909705820000056,52.346579414000075],[4.909808357000031,52.346475714000064],[4.910102392000056,52.346178345000055],[4.910133680000058,52.346146702000055],[4.910248688000024,52.34603039000007],[4.910456515000021,52.34582020600004],[4.910500159000037,52.34577606700003],[4.9108328520000555,52.345439601000066],[4.9108818520000455,52.34543008700007],[4.911164421000024,52.345375223000076],[4.911432656000045,52.34532314300003],[4.91156692800007,52.34529707300004],[4.911593844000038,52.345291847000055],[4.912058197000022,52.34520168800003],[4.912095667000074,52.34528896100005]]]}},{"type":"Feature","properties":{"service_id":216,"population_total":1252.41,"thiessen_area_km2":0.1356},"geometry":{"type":"Polygon","coordinates":[[[4.906904970000028,52.34291792600004],[4.906995636000033,52.34292274100005],[4.907051924000029,52.34292573000005],[4.907549286000062,52.34295214500003],[4.907711722000045,52.343075198000065],[4.9079482690000305,52.34325439300005],[4.908680564000065,52.343809141000065],[4.908694639000032,52.34381980300003],[4.910255311000071,52.34500208600008],[4.910555314000021,52.345229353000036],[4.9108328520000555,52.345439601000066],[4.910500159000037,52.34577606700003],[4.910456515000021,52.34582020600004],[4.910248688000024,52.34603039000007],[4.910133680000058,52.346146702000055],[4.910102392000056,52.346178345000055],[4.909808357000031,52.346475714000064],[4.909705820000056,52.346579414000075],[4.909636148000061,52.34664987600007],[4.909031498000047,52.347261384000035],[4.908552890000067,52.34730640500004],[4.907709948000047,52.34738569800004],[4.907699325000067,52.34738669700005],[4.906287060000068,52.34751954400008],[4.905610747000026,52.34670161000008],[4.905144249000045,52.34613742700003],[4.905108691000066,52.34609442300007],[4.9050923310000485,52.34607463700007],[4.9051073030000225,52.34598687000005],[4.905403404000026,52.34425111000007],[4.90543395800006,52.344072002000075],[4.905464678000044,52.34389192100008],[4.905472838000037,52.343844088000026],[4.905521259000068,52.34356024500005],[4.9061982400000375,52.34288039200004],[4.906904970000028,52.34291792600004]]]}},{"type":"Feature","properties":{"service_id":217,"population_total":1230.44,"thiessen_area_km2":0.1538},"geometry":{"type":"Polygon","coordinates":[[[4.905108691000066,52.34609442300007],[4.905144249000045,52.34613742700003],[4.905610747000026,52.34670161000008],[4.906287060000068,52.34751954400008],[4.906286520000037,52.347827445000064],[4.906286162000072,52.34803124000007],[4.906285824000065,52.348224189000064],[4.906285430000025,52.348449035000044],[4.906284261000053,52.34911506900005],[4.9062836530000595,52.34946180500003],[4.906283492000057,52.34955343200005],[4.906283298000062,52.349664275000066],[4.906282919000034,52.34988001500005],[4.906282502000067,52.35011768000004],[4.906280691000063,52.35114973300006],[4.906280647000074,52.35117493100006],[4.906280437000021,52.35129482600007],[4.906279986000072,52.35155184400003],[4.90627962800005,52.35175575800008],[4.906148872000074,52.35185413100004],[4.906141597000044,52.351859604000026],[4.9060486200000355,52.35192955500003],[4.905804180000075,52.35179920100006],[4.905596124000056,52.35168825000005],[4.90514521800003,52.35144779400008],[4.904978967000034,52.35135913700003],[4.9042088340000305,52.350948446000075],[4.9041865490000305,52.35093656200007],[4.904123131000063,52.35090274300006],[4.903706903000057,52.35068078000006],[4.902387916000066,52.34997739900007],[4.901818868000021,52.34967394100005],[4.901658781000037,52.34958857100003],[4.901623995000023,52.34950300300005],[4.901555317000032,52.34933406600004],[4.901454759000046,52.34908671200003],[4.901360141000055,52.348853966000036],[4.901296836000029,52.34869824700007],[4.901174604000062,52.34839757800006],[4.9011173550000535,52.34825675600007],[4.9011141410000505,52.34824885000006],[4.901104638000049,52.34822547400006],[4.90077980500007,52.34742644000005],[4.901265337000041,52.34727424500005],[4.902726671000039,52.34681617600006],[4.90278756400005,52.34679708800007],[4.903038737000031,52.34671835600005],[4.903574480000032,52.346550422000064],[4.904978321000044,52.346110374000034],[4.9050923310000485,52.34607463700007],[4.905108691000066,52.34609442300007]]]}},{"type":"Feature","properties":{"service_id":218,"population_total":1263.4,"thiessen_area_km2":0.1822},"geometry":{"type":"Polygon","coordinates":[[[4.895903583000063,52.35185754100007],[4.896010507000028,52.351898016000064],[4.896299917000022,52.35200757100006],[4.896404306000022,52.352047087000074],[4.897842365000031,52.352591457000074],[4.897896332000073,52.352611886000034],[4.89793172100002,52.352625282000076],[4.8979751360000705,52.35264171700004],[4.898818424000069,52.35296093900007],[4.898964698000043,52.353016310000044],[4.899090537000063,52.35306394600008],[4.899387937000029,52.35317652500004],[4.899836162000042,52.353346198000054],[4.90003334000005,52.35342083900008],[4.900116374000049,52.35355420600007],[4.900413590000028,52.354031586000076],[4.900437501000056,52.35406999200006],[4.900833363000061,52.354705815000045],[4.900303913000073,52.35515743900004],[4.899967934000074,52.35544403100005],[4.899689310000042,52.35568169900006],[4.899243744000046,52.356061769000064],[4.898834161000025,52.35641114500004],[4.898322993000022,52.35684717400005],[4.897999672000026,52.357122968000056],[4.897998767000047,52.35712374000008],[4.8976326280000535,52.357436059000065],[4.897452630000032,52.35758959800006],[4.897397003000037,52.35763704800007],[4.896895478000033,52.357214921000036],[4.896686356000032,52.35703890600007],[4.896464245000061,52.35685195800005],[4.896359181000037,52.356763527000055],[4.895819703000029,52.356309456000076],[4.895334986000023,52.35590147700003],[4.894406493000076,52.35511997800006],[4.894301946000041,52.35503198200007],[4.8939431460000264,52.35472998600005],[4.893913292000036,52.35470485900004],[4.893881592000071,52.35467817800003],[4.893619025000021,52.354457179000065],[4.893536723000068,52.354387906000056],[4.893562473000031,52.35434549000007],[4.89357665600005,52.354322127000046],[4.8938474040000415,52.353876150000076],[4.893863606000025,52.35384946200003],[4.893939992000071,52.353723638000076],[4.894466904000069,52.352855704000035],[4.894596780000029,52.35264177100004],[4.894732078000061,52.35241890600008],[4.8948539780000715,52.35221811100007],[4.8949239960000455,52.35210277700003],[4.894942367000056,52.35207251700007],[4.895032790000073,52.35192357100004],[4.895228107000037,52.351601843000026],[4.895903583000063,52.35185754100007]]]}},{"type":"Feature","properties":{"service_id":219,"population_total":1867.63,"thiessen_area_km2":0.2088},"geometry":{"type":"Polygon","coordinates":[[[4.899424251000028,52.34697210300004],[4.899786071000051,52.347093373000064],[4.899893472000031,52.34712937000006],[4.900100322000071,52.347198699000046],[4.900238737000052,52.34724509200004],[4.900272667000024,52.347256464000054],[4.90077980500007,52.34742644000005],[4.901104638000049,52.34822547400006],[4.9011141410000505,52.34824885000006],[4.9011173550000535,52.34825675600007],[4.901174604000062,52.34839757800006],[4.901296836000029,52.34869824700007],[4.901360141000055,52.348853966000036],[4.901454759000046,52.34908671200003],[4.901555317000032,52.34933406600004],[4.901623995000023,52.34950300300005],[4.901658781000037,52.34958857100003],[4.901628190000054,52.34970245900007],[4.9015065920000325,52.35015516200008],[4.901425117000031,52.35045848800007],[4.901366783000071,52.35067566400005],[4.901302766000072,52.35091399700008],[4.901132726000071,52.351547046000064],[4.901088496000057,52.35171171200005],[4.900987116000067,52.35208914300006],[4.900981557000023,52.35209690500005],[4.900446245000069,52.35284432700007],[4.900225424000041,52.35315264400003],[4.90003334000005,52.35342083900008],[4.899836162000042,52.353346198000054],[4.899387937000029,52.35317652500004],[4.899090537000063,52.35306394600008],[4.898964698000043,52.353016310000044],[4.898818424000069,52.35296093900007],[4.8979751360000705,52.35264171700004],[4.89793172100002,52.352625282000076],[4.897896332000073,52.352611886000034],[4.897842365000031,52.352591457000074],[4.896404306000022,52.352047087000074],[4.896299917000022,52.35200757100006],[4.896010507000028,52.351898016000064],[4.895903583000063,52.35185754100007],[4.895228107000037,52.351601843000026],[4.8952385650000565,52.350831636000066],[4.895239939000021,52.350730414000054],[4.895241980000037,52.35058013200006],[4.8952439940000545,52.35043183400006],[4.895248321000054,52.35011319300003],[4.895248405000075,52.350106975000074],[4.895251690000066,52.34986507200006],[4.895252219000042,52.34982613100004],[4.895252779000032,52.34978492500005],[4.895253589000049,52.349725299000056],[4.895520030000057,52.34953996200005],[4.895944067000073,52.34924500100004],[4.896013878000076,52.34919644100006],[4.896224291000067,52.34905007800006],[4.896416455000065,52.348916409000026],[4.89645764200003,52.348887759000036],[4.896920132000048,52.34856605200008],[4.897267587000044,52.34832436200003],[4.897700149000059,52.34802347200008],[4.897825456000021,52.347936308000044],[4.898758647000022,52.34728718000008],[4.89928074900007,52.34692400600005],[4.899424251000028,52.34697210300004]]]}},{"type":"Feature","properties":{"service_id":220,"population_total":692.12,"thiessen_area_km2":0.1063},"geometry":{"type":"Polygon","coordinates":[[[4.905943001000026,52.35213865900005],[4.905764837000049,52.35256623600003],[4.905592990000059,52.352978654000026],[4.905496837000044,52.35320941300006],[4.9053982140000585,52.35344609900005],[4.905368127000031,52.35351830600007],[4.905147847000023,52.35404695600005],[4.905103463000046,52.35406935100008],[4.904717339000058,52.354264181000076],[4.90468919500006,52.354278382000075],[4.903709395000021,52.35477276800003],[4.903475442000058,52.35489081600008],[4.902773105000051,52.35524520100006],[4.902608106000059,52.35532845600005],[4.902294483000048,52.35548670400004],[4.9019775880000225,52.35540163300004],[4.901764884000045,52.35527228500007],[4.901338129000067,52.35501277000003],[4.900833363000061,52.354705815000045],[4.900437501000056,52.35406999200006],[4.900413590000028,52.354031586000076],[4.900116374000049,52.35355420600007],[4.90003334000005,52.35342083900008],[4.900225424000041,52.35315264400003],[4.900446245000069,52.35284432700007],[4.900981557000023,52.35209690500005],[4.900987116000067,52.35208914300006],[4.9029429780000555,52.352060651000045],[4.9030062800000564,52.352059729000075],[4.903157135000072,52.35205753100007],[4.90354591800002,52.352051868000046],[4.904835133000063,52.35203308800004],[4.904920056000037,52.35203185100005],[4.905030496000052,52.35203024200007],[4.905994025000041,52.35201620600003],[4.905943001000026,52.35213865900005]]]}},{"type":"Feature","properties":{"service_id":221,"population_total":406.48,"thiessen_area_km2":0.0492},"geometry":{"type":"Polygon","coordinates":[[[4.901818868000021,52.34967394100005],[4.902387916000066,52.34997739900007],[4.903706903000057,52.35068078000006],[4.904123131000063,52.35090274300006],[4.9041865490000305,52.35093656200007],[4.9042088340000305,52.350948446000075],[4.904978967000034,52.35135913700003],[4.90514521800003,52.35144779400008],[4.905596124000056,52.35168825000005],[4.905804180000075,52.35179920100006],[4.9060486200000355,52.35192955500003],[4.905994025000041,52.35201620600003],[4.905030496000052,52.35203024200007],[4.904920056000037,52.35203185100005],[4.904835133000063,52.35203308800004],[4.90354591800002,52.352051868000046],[4.903157135000072,52.35205753100007],[4.9030062800000564,52.352059729000075],[4.9029429780000555,52.352060651000045],[4.900987116000067,52.35208914300006],[4.901088496000057,52.35171171200005],[4.901132726000071,52.351547046000064],[4.901302766000072,52.35091399700008],[4.901366783000071,52.35067566400005],[4.901425117000031,52.35045848800007],[4.9015065920000325,52.35015516200008],[4.901628190000054,52.34970245900007],[4.901658781000037,52.34958857100003],[4.901818868000021,52.34967394100005]]]}},{"type":"Feature","properties":{"service_id":222,"population_total":966.77,"thiessen_area_km2":0.1563},"geometry":{"type":"Polygon","coordinates":[[[4.905168223000032,52.35407903600003],[4.905836874000045,52.355131750000055],[4.905949032000024,52.35530833000007],[4.9066268840000475,52.35637552900005],[4.906735529000059,52.356546578000064],[4.907529921000048,52.35779725400005],[4.90755776900005,52.35784109800005],[4.90760999400004,52.357923320000054],[4.907654301000036,52.35799307600007],[4.907805244000031,52.35823071800007],[4.907805541000073,52.35823118600007],[4.90788208400005,52.35835169400008],[4.908216238000023,52.35887778000006],[4.908150858000056,52.35895977200005],[4.90773448300007,52.359481936000066],[4.907588816000043,52.359664613000064],[4.907546102000026,52.359718179000026],[4.907342844000027,52.35997308000003],[4.907105655000066,52.36027053300006],[4.906827872000065,52.36061889200005],[4.906757773000038,52.36070680200004],[4.906747602000053,52.36071955600005],[4.9067376160000435,52.36073208000005],[4.906723656000054,52.36072163500006],[4.906580599000051,52.360614604000034],[4.906038289000037,52.36020886100005],[4.905774817000065,52.360011737000036],[4.905258586000059,52.359625505000054],[4.905016734000071,52.359444557000074],[4.9047895380000455,52.35927457500003],[4.904396339000073,52.35898039300008],[4.903410969000049,52.358243162000065],[4.903132228000061,52.358034615000065],[4.902964361000045,52.357600485000034],[4.902921030000073,52.35748842300006],[4.902905460000056,52.35744815700008],[4.90283443800007,52.35726448200006],[4.90275120900003,52.35699045300004],[4.902722728000072,52.35689668200007],[4.9025080910000725,52.35618999800005],[4.902426383000034,52.35592097800003],[4.902294483000048,52.35548670400004],[4.902608106000059,52.35532845600005],[4.902773105000051,52.35524520100006],[4.903475442000058,52.35489081600008],[4.903709395000021,52.35477276800003],[4.90468919500006,52.354278382000075],[4.904717339000058,52.354264181000076],[4.905103463000046,52.35406935100008],[4.905147847000023,52.35404695600005],[4.905168223000032,52.35407903600003]]]}},{"type":"Feature","properties":{"service_id":223,"population_total":1351.29,"thiessen_area_km2":0.1811},"geometry":{"type":"Polygon","coordinates":[[[4.903410969000049,52.358243162000065],[4.904396339000073,52.35898039300008],[4.9047895380000455,52.35927457500003],[4.905016734000071,52.359444557000074],[4.905258586000059,52.359625505000054],[4.905774817000065,52.360011737000036],[4.906038289000037,52.36020886100005],[4.906580599000051,52.360614604000034],[4.906723656000054,52.36072163500006],[4.9067376160000435,52.36073208000005],[4.9066927830000395,52.36091940400007],[4.906675624000059,52.360991099000046],[4.906633630000044,52.361166559000026],[4.906604840000057,52.36128684900007],[4.906561362000048,52.361468513000034],[4.906419965000055,52.36205930500006],[4.9063195900000665,52.36247869600004],[4.906149825000057,52.36252112500006],[4.905370293000033,52.36271595000005],[4.905088718000059,52.36278632300008],[4.904327047000038,52.362976683000056],[4.90345338700007,52.36319503300007],[4.903255035000029,52.36324460600008],[4.903156453000065,52.36326924400004],[4.90295598900002,52.36324308600007],[4.902628800000059,52.36320039200007],[4.9023863670000765,52.36316875700004],[4.902292503000069,52.36315650900008],[4.901482510000051,52.36284010600008],[4.900652962000038,52.36251606400003],[4.900117669000053,52.36230696500007],[4.898881808000056,52.36182420600005],[4.898813276000055,52.361797436000074],[4.89875835600003,52.36177598300003],[4.898789992000047,52.36174892200006],[4.898993948000054,52.36157446000004],[4.899199117000023,52.36139896100008],[4.8997864920000325,52.36089652600003],[4.899837148000074,52.36085319500006],[4.900375969000038,52.360392293000075],[4.900397737000048,52.360373673000026],[4.900546354000028,52.36024654800008],[4.900817992000043,52.36001419100006],[4.901129860000026,52.359747422000055],[4.90115752600002,52.35972375700004],[4.901405277000038,52.359511833000056],[4.90223110900007,52.35880542400008],[4.902296510000042,52.358749481000075],[4.9029017130000625,52.35823179600004],[4.903132228000061,52.358034615000065],[4.903410969000049,52.358243162000065]]]}},{"type":"Feature","properties":{"service_id":224,"population_total":758.04,"thiessen_area_km2":0.08},"geometry":{"type":"Polygon","coordinates":[[[4.901338129000067,52.35501277000003],[4.901764884000045,52.35527228500007],[4.9019775880000225,52.35540163300004],[4.9013550200000395,52.35630478100006],[4.901026514000023,52.356781338000076],[4.900977429000022,52.35685254500004],[4.900836302000073,52.357057275000045],[4.900569166000025,52.35744480500006],[4.900537361000033,52.35749094400006],[4.9004350170000635,52.357639412000026],[4.900276857000051,52.35786885200008],[4.900253530000043,52.35790269100005],[4.900198474000035,52.35798256000004],[4.899687442000072,52.35872390600008],[4.899378938000041,52.35917144700005],[4.899361210000052,52.35919716500007],[4.898918398000035,52.35975356900008],[4.898780137000074,52.35992729600008],[4.898609370000031,52.36014186800003],[4.89854802800005,52.36021894600003],[4.89841515300003,52.36038590700008],[4.898335450000047,52.36017072100003],[4.898304801000052,52.36008797200003],[4.898273269000072,52.36000284000005],[4.898164449000035,52.35970904100003],[4.897856653000076,52.35887803400004],[4.897720624000044,52.35851077600006],[4.8977164830000675,52.35849959500007],[4.897715371000061,52.35849659400003],[4.897552425000072,52.35805666400006],[4.897458026000038,52.35780180000006],[4.897397003000037,52.35763704800007],[4.897452630000032,52.35758959800006],[4.8976326280000535,52.357436059000065],[4.897998767000047,52.35712374000008],[4.897999672000026,52.357122968000056],[4.898322993000022,52.35684717400005],[4.898834161000025,52.35641114500004],[4.899243744000046,52.356061769000064],[4.899689310000042,52.35568169900006],[4.899967934000074,52.35544403100005],[4.900303913000073,52.35515743900004],[4.900833363000061,52.354705815000045],[4.901338129000067,52.35501277000003]]]}},{"type":"Feature","properties":{"service_id":225,"population_total":252.68,"thiessen_area_km2":0.0328},"geometry":{"type":"Polygon","coordinates":[[[4.902294483000048,52.35548670400004],[4.902426383000034,52.35592097800003],[4.9025080910000725,52.35618999800005],[4.902722728000072,52.35689668200007],[4.90275120900003,52.35699045300004],[4.90283443800007,52.35726448200006],[4.902595685000051,52.357397336000076],[4.90253270200003,52.35743238300006],[4.902123738000057,52.35765995200006],[4.901668531000041,52.35791325300005],[4.901293561000045,52.358121905000075],[4.901104748000023,52.35822697000003],[4.9003524060000245,52.35864561200003],[4.900283185000035,52.35868413000003],[4.900244285000042,52.35870577600008],[4.899388600000066,52.35918192400004],[4.899361210000052,52.35919716500007],[4.899378938000041,52.35917144700005],[4.899687442000072,52.35872390600008],[4.900198474000035,52.35798256000004],[4.900253530000043,52.35790269100005],[4.900276857000051,52.35786885200008],[4.9004350170000635,52.357639412000026],[4.900537361000033,52.35749094400006],[4.900569166000025,52.35744480500006],[4.900836302000073,52.357057275000045],[4.900977429000022,52.35685254500004],[4.901026514000023,52.356781338000076],[4.9013550200000395,52.35630478100006],[4.9019775880000225,52.35540163300004],[4.902294483000048,52.35548670400004]]]}},{"type":"Feature","properties":{"service_id":226,"population_total":362.54,"thiessen_area_km2":0.0542},"geometry":{"type":"Polygon","coordinates":[[[4.902905460000056,52.35744815700008],[4.902921030000073,52.35748842300006],[4.902964361000045,52.357600485000034],[4.903132228000061,52.358034615000065],[4.9029017130000625,52.35823179600004],[4.902296510000042,52.358749481000075],[4.90223110900007,52.35880542400008],[4.901405277000038,52.359511833000056],[4.90115752600002,52.35972375700004],[4.901129860000026,52.359747422000055],[4.900817992000043,52.36001419100006],[4.900546354000028,52.36024654800008],[4.900397737000048,52.360373673000026],[4.900375969000038,52.360392293000075],[4.899837148000074,52.36085319500006],[4.8997864920000325,52.36089652600003],[4.899199117000023,52.36139896100008],[4.898993948000054,52.36157446000004],[4.898789992000047,52.36174892200006],[4.89875835600003,52.36177598300003],[4.898580739000067,52.36175269700004],[4.898536911000065,52.36174695100004],[4.898518344000024,52.36153939700006],[4.89849576000006,52.36128695000008],[4.898479962000067,52.36111035500005],[4.898445404000029,52.36072405400006],[4.898434756000029,52.360605031000034],[4.89841515300003,52.36038590700008],[4.89854802800005,52.36021894600003],[4.898609370000031,52.36014186800003],[4.898780137000074,52.35992729600008],[4.898918398000035,52.35975356900008],[4.899361210000052,52.35919716500007],[4.899388600000066,52.35918192400004],[4.900244285000042,52.35870577600008],[4.900283185000035,52.35868413000003],[4.9003524060000245,52.35864561200003],[4.901104748000023,52.35822697000003],[4.901293561000045,52.358121905000075],[4.901668531000041,52.35791325300005],[4.902123738000057,52.35765995200006],[4.90253270200003,52.35743238300006],[4.902595685000051,52.357397336000076],[4.90283443800007,52.35726448200006],[4.902905460000056,52.35744815700008]]]}},{"type":"Feature","properties":{"service_id":227,"population_total":1977.49,"thiessen_area_km2":0.1905},"geometry":{"type":"Polygon","coordinates":[[[4.893619025000021,52.354457179000065],[4.893881592000071,52.35467817800003],[4.893913292000036,52.35470485900004],[4.8939431460000264,52.35472998600005],[4.894301946000041,52.35503198200007],[4.894406493000076,52.35511997800006],[4.895334986000023,52.35590147700003],[4.895819703000029,52.356309456000076],[4.896359181000037,52.356763527000055],[4.896464245000061,52.35685195800005],[4.896686356000032,52.35703890600007],[4.896895478000033,52.357214921000036],[4.897397003000037,52.35763704800007],[4.897458026000038,52.35780180000006],[4.897552425000072,52.35805666400006],[4.897715371000061,52.35849659400003],[4.8977164830000675,52.35849959500007],[4.897720624000044,52.35851077600006],[4.897856653000076,52.35887803400004],[4.898164449000035,52.35970904100003],[4.898273269000072,52.36000284000005],[4.898304801000052,52.36008797200003],[4.898335450000047,52.36017072100003],[4.89841515300003,52.36038590700008],[4.898434756000029,52.360605031000034],[4.898445404000029,52.36072405400006],[4.898479962000067,52.36111035500005],[4.89849576000006,52.36128695000008],[4.898518344000024,52.36153939700006],[4.898536911000065,52.36174695100004],[4.8984994410000695,52.36177399500008],[4.898081773000058,52.36207545000008],[4.897876791000044,52.36222339700004],[4.897363722000023,52.36259370700003],[4.897125836000043,52.362765403000026],[4.896880994000071,52.362643365000054],[4.896195004000049,52.36230144400008],[4.8958336240000335,52.36212131900004],[4.8956862240000305,52.36204784900008],[4.8954599910000525,52.36193508700006],[4.894860177000055,52.361636118000035],[4.894697436000058,52.36112474000004],[4.894632586000057,52.36092096300007],[4.89452123500007,52.360571065000045],[4.894457877000036,52.36037197700006],[4.894375774000025,52.360113985000055],[4.8943157980000365,52.35992552500005],[4.894224866000059,52.359639790000074],[4.894139584000072,52.35937180900004],[4.894129283000041,52.35933944000004],[4.894122047000053,52.35931670400004],[4.894025094000028,52.35901205000005],[4.894024552000076,52.35901034800003],[4.893949522000071,52.358774581000034],[4.89394862100005,52.35877175000007],[4.893942881000044,52.358753712000066],[4.893807091000042,52.358327021000036],[4.893620266000028,52.357739964000075],[4.893506670000022,52.35738301200007],[4.893200532000037,52.356421038000065],[4.893144472000074,52.356244881000066],[4.893056480000041,52.35596838600003],[4.892840668000076,52.35529024200008],[4.892769715000043,52.355067287000054],[4.8927066680000735,52.354869174000044],[4.892929620000075,52.35473990600008],[4.893070747000024,52.354658080000036],[4.893306772000074,52.35452123200008],[4.893536723000068,52.354387906000056],[4.893619025000021,52.354457179000065]]]}},{"type":"Feature","properties":{"service_id":228,"population_total":1538.05,"thiessen_area_km2":0.1706},"geometry":{"type":"Polygon","coordinates":[[[4.898580739000067,52.36175269700004],[4.89875835600003,52.36177598300003],[4.898813276000055,52.361797436000074],[4.898881808000056,52.36182420600005],[4.900117669000053,52.36230696500007],[4.900652962000038,52.36251606400003],[4.901482510000051,52.36284010600008],[4.902292503000069,52.36315650900008],[4.902276963000077,52.36319115600003],[4.902251866000029,52.36324711300006],[4.902094521000038,52.36359792700006],[4.901932173000034,52.36395989600004],[4.901895771000056,52.364041057000065],[4.9018683860000465,52.36410211500004],[4.901860268000064,52.36412021400008],[4.9017437870000435,52.364379917000065],[4.901416967000046,52.365108590000034],[4.90115933900006,52.365682993000064],[4.901145132000067,52.365714669000056],[4.901142908000054,52.36571962800008],[4.901016471000048,52.36600153000006],[4.900957065000057,52.36613398000003],[4.900718320000067,52.36666628200004],[4.9007030840000425,52.36667024700006],[4.900266205000037,52.36678394900008],[4.899438522000025,52.36699936100007],[4.8989659080000365,52.36712236300008],[4.898845552000068,52.36715368700004],[4.898758968000038,52.36717622100008],[4.898656517000063,52.36720288500004],[4.89834017000004,52.367285217000074],[4.897989301000052,52.36737653400007],[4.89760760300004,52.367475874000036],[4.897255979000022,52.36696799400005],[4.8972275210000475,52.36692689000006],[4.897122325000055,52.36677494700007],[4.897079844000075,52.36671358800004],[4.896543389000044,52.365938742000026],[4.896449707000045,52.36580342900004],[4.896421928000052,52.36576330500003],[4.89631259600003,52.36560538800006],[4.8963652900000625,52.36542137100008],[4.896491377000075,52.36498105000004],[4.896624012000075,52.36451786500004],[4.89663917300004,52.36446491800007],[4.896647347000055,52.364436373000046],[4.896649130000071,52.364430147000064],[4.896693370000037,52.36427565200006],[4.896703956000067,52.36423868500003],[4.896905162000053,52.36353603800006],[4.896997817000056,52.36321246800003],[4.897125836000043,52.362765403000026],[4.897363722000023,52.36259370700003],[4.897876791000044,52.36222339700004],[4.898081773000058,52.36207545000008],[4.8984994410000695,52.36177399500008],[4.898536911000065,52.36174695100004],[4.898580739000067,52.36175269700004]]]}},{"type":"Feature","properties":{"service_id":229,"population_total":2702.57,"thiessen_area_km2":0.3299},"geometry":{"type":"Polygon","coordinates":[[[4.910812424000028,52.35817338700008],[4.9114483300000416,52.35828934800003],[4.911611117000064,52.35854353500008],[4.911775349000038,52.358799978000036],[4.911813337000069,52.35885929500006],[4.912179561000073,52.35943114300005],[4.9124323050000385,52.35982579600005],[4.912822465000033,52.36043502000007],[4.912834363000059,52.36045359900004],[4.9129431150000755,52.36062341300004],[4.9129985780000425,52.36071001600004],[4.913136252000072,52.36092499000006],[4.913212756000064,52.36104444800003],[4.913252201000034,52.36110604000004],[4.913322371000049,52.361215609000055],[4.913759367000068,52.361897965000026],[4.913839591000055,52.36202323200007],[4.913857072000042,52.362050527000065],[4.914028661000032,52.36231845800006],[4.914178643000071,52.362552650000055],[4.914194695000049,52.362577714000054],[4.914242644000069,52.362652585000035],[4.9144012040000575,52.36290017400006],[4.9143683540000325,52.36299574100008],[4.91435156600005,52.363044580000064],[4.914344695000068,52.36306457000006],[4.914311987000076,52.36315972400007],[4.914143728000056,52.36364919000005],[4.914077391000035,52.36384221000003],[4.914062498000021,52.363885538000034],[4.914056026000026,52.36390436600004],[4.914003592000029,52.364056909000055],[4.913851442000066,52.36449954500006],[4.913779163000072,52.36470981800005],[4.911936489000027,52.36571650500008],[4.911895480000055,52.36572502700005],[4.911750205000033,52.365755215000036],[4.911705901000062,52.36576442100005],[4.911073886000054,52.36589575200003],[4.910606001000076,52.365992977000076],[4.9104019100000755,52.365934268000046],[4.909596347000047,52.36570254000003],[4.909161377000032,52.365577416000065],[4.90906843700003,52.36555068100006],[4.909002634000046,52.36553175200004],[4.908463932000075,52.36513721800003],[4.907925282000065,52.364742722000074],[4.907878874000062,52.36467728700006],[4.907611644000042,52.36430049300003],[4.907536968000045,52.36419519900005],[4.9073622780000505,52.36394888700005],[4.907317019000061,52.36388507100003],[4.907277833000023,52.363829819000046],[4.906763396000031,52.36310446300007],[4.906624720000025,52.36290893000006],[4.906590883000035,52.36286122000007],[4.906516491000048,52.362756327000056],[4.9064637910000215,52.36268202000008],[4.9063195900000665,52.36247869600004],[4.906419965000055,52.36205930500006],[4.906561362000048,52.361468513000034],[4.906604840000057,52.36128684900007],[4.906633630000044,52.361166559000026],[4.906675624000059,52.360991099000046],[4.9066927830000395,52.36091940400007],[4.9067376160000435,52.36073208000005],[4.906747602000053,52.36071955600005],[4.906757773000038,52.36070680200004],[4.906827872000065,52.36061889200005],[4.907105655000066,52.36027053300006],[4.907342844000027,52.35997308000003],[4.907546102000026,52.359718179000026],[4.907588816000043,52.359664613000064],[4.90773448300007,52.359481936000066],[4.908150858000056,52.35895977200005],[4.908216238000023,52.35887778000006],[4.908929065000052,52.358581462000075],[4.909018029000038,52.358544480000035],[4.909068339000044,52.35852356600003],[4.90975768200002,52.35823701000004],[4.909770279000043,52.35823177300006],[4.909910069000034,52.35817366300006],[4.910073733000047,52.35810562900008],[4.910185673000058,52.358059096000034],[4.910812424000028,52.35817338700008]]]}},{"type":"Feature","properties":{"service_id":230,"population_total":725.08,"thiessen_area_km2":0.1167},"geometry":{"type":"Polygon","coordinates":[[[4.916400644000021,52.35688004900004],[4.916561590000072,52.356912918000035],[4.917379801000038,52.357080015000065],[4.918186555000034,52.35724477300005],[4.91837638100003,52.358367946000044],[4.91846918300007,52.35891704200003],[4.918488583000055,52.359031826000034],[4.91849155400007,52.359049405000064],[4.918500799000071,52.35910410900004],[4.918627472000026,52.35985361000007],[4.918665399000076,52.36007802000006],[4.918689356000073,52.36021976600006],[4.9186987850000605,52.36027555700008],[4.918814801000053,52.360962003000054],[4.918834423000021,52.36107810400006],[4.91885723200005,52.36121306300004],[4.918275964000031,52.36143301700008],[4.9175989040000445,52.36168921800004],[4.917529499000068,52.36171548200008],[4.917247691000057,52.36182211900007],[4.916966036000076,52.36192869800004],[4.916855835000035,52.36197039900003],[4.916823152000063,52.36198276600004],[4.9167187170000375,52.36202228500008],[4.916568942000026,52.362078960000076],[4.9165098380000245,52.362101325000026],[4.915638038000054,52.36243121600006],[4.915509577000023,52.362479826000026],[4.915489171000047,52.36248754800005],[4.915046699000072,52.36265498000006],[4.914405845000033,52.36289748100006],[4.914516362000029,52.362549125000044],[4.914607080000053,52.36226317900008],[4.9146409070000345,52.36215655500007],[4.9147458710000365,52.36182570400007],[4.914817855000024,52.36159880800005],[4.914850328000057,52.36149645100005],[4.914908775000072,52.36131222600005],[4.914928289000045,52.36125071600003],[4.915017614000021,52.360969158000046],[4.9150363370000605,52.36091014500005],[4.915057453000031,52.360843586000044],[4.915060243000028,52.36083479200005],[4.915088746000038,52.36074494800005],[4.915150827000048,52.36054926600008],[4.915268247000029,52.360179154000036],[4.915407364000032,52.35974065100004],[4.91572615900003,52.35873579400004],[4.915735238000025,52.35870717600005],[4.9158402370000545,52.35837621400003],[4.915885501000048,52.35823353900008],[4.915907657000048,52.35816370100008],[4.916270311000062,52.357020600000055],[4.916320119000034,52.35686360400007],[4.916400644000021,52.35688004900004]]]}},{"type":"Feature","properties":{"service_id":231,"population_total":791.0,"thiessen_area_km2":0.1216},"geometry":{"type":"Polygon","coordinates":[[[4.914967779000051,52.35625606600007],[4.915259943000024,52.35638732100006],[4.9155519410000466,52.35651850100004],[4.915623162000031,52.35655049700006],[4.915732117000061,52.35659944500003],[4.916110695000043,52.35676952100005],[4.916320119000034,52.35686360400007],[4.916270311000062,52.357020600000055],[4.915907657000048,52.35816370100008],[4.915885501000048,52.35823353900008],[4.9158402370000545,52.35837621400003],[4.915735238000025,52.35870717600005],[4.91572615900003,52.35873579400004],[4.915407364000032,52.35974065100004],[4.915268247000029,52.360179154000036],[4.915150827000048,52.36054926600008],[4.915088746000038,52.36074494800005],[4.915060243000028,52.36083479200005],[4.915057453000031,52.360843586000044],[4.9150363370000605,52.36091014500005],[4.915017614000021,52.360969158000046],[4.914928289000045,52.36125071600003],[4.914908775000072,52.36131222600005],[4.914850328000057,52.36149645100005],[4.914817855000024,52.36159880800005],[4.9147458710000365,52.36182570400007],[4.9146409070000345,52.36215655500007],[4.914607080000053,52.36226317900008],[4.914516362000029,52.362549125000044],[4.914405845000033,52.36289748100006],[4.9144012040000575,52.36290017400006],[4.914242644000069,52.362652585000035],[4.914194695000049,52.362577714000054],[4.914178643000071,52.362552650000055],[4.914028661000032,52.36231845800006],[4.913857072000042,52.362050527000065],[4.913839591000055,52.36202323200007],[4.913759367000068,52.361897965000026],[4.913322371000049,52.361215609000055],[4.913252201000034,52.36110604000004],[4.913212756000064,52.36104444800003],[4.913136252000072,52.36092499000006],[4.9129985780000425,52.36071001600004],[4.9129431150000755,52.36062341300004],[4.912834363000059,52.36045359900004],[4.912822465000033,52.36043502000007],[4.9124323050000385,52.35982579600005],[4.912179561000073,52.35943114300005],[4.911813337000069,52.35885929500006],[4.911775349000038,52.358799978000036],[4.911611117000064,52.35854353500008],[4.9114483300000416,52.35828934800003],[4.911802229000045,52.35807044400008],[4.912104039000042,52.35788375900006],[4.912388240000041,52.35770796700007],[4.913101023000024,52.35726707600003],[4.913467509000043,52.35704038600005],[4.913650991000054,52.356926893000036],[4.914256644000034,52.35655226600005],[4.914425850000043,52.35644760400004],[4.914833229000067,52.35619562000005],[4.914967779000051,52.35625606600007]]]}},{"type":"Feature","properties":{"service_id":232,"population_total":955.79,"thiessen_area_km2":0.2239},"geometry":{"type":"Polygon","coordinates":[[[4.919659363000051,52.361668972000075],[4.919722706000073,52.36187267400004],[4.919876412000065,52.362366974000054],[4.919881943000064,52.362384761000044],[4.919987324000033,52.36272365100007],[4.920015488000047,52.362814222000054],[4.920070145000068,52.36298999300004],[4.920090275000064,52.363054728000066],[4.920492705000072,52.364348893000056],[4.920548146000044,52.36452718500004],[4.92078222400005,52.36527995000006],[4.9209662940000385,52.365871895000055],[4.921222374000024,52.36669541500004],[4.9212982700000225,52.36693948800007],[4.921370895000052,52.36717303900008],[4.920724153000037,52.36749710000004],[4.920656175000033,52.36748118200006],[4.9193453880000675,52.36717424300008],[4.918884837000064,52.36706639800008],[4.918832963000057,52.36705425100007],[4.916867173000071,52.36659393300005],[4.916674365000063,52.36654878400003],[4.916383901000074,52.36648076800003],[4.916206056000021,52.36643912300008],[4.916139848000057,52.366423619000045],[4.915513764000025,52.36596909700006],[4.915053582000041,52.365635016000056],[4.914933272000042,52.36554767400003],[4.91441020700006,52.36516794100004],[4.913779163000072,52.36470981800005],[4.913851442000066,52.36449954500006],[4.914003592000029,52.364056909000055],[4.914056026000026,52.36390436600004],[4.914062498000021,52.363885538000034],[4.914077391000035,52.36384221000003],[4.914143739000053,52.36364919200008],[4.914311987000076,52.36315972400007],[4.914344695000068,52.36306457000006],[4.91435156600005,52.363044580000064],[4.9143683540000325,52.36299574100008],[4.9144012040000575,52.36290017400006],[4.914405845000033,52.36289748100006],[4.915046699000072,52.36265498000006],[4.915489171000047,52.36248754800005],[4.915509577000023,52.362479826000026],[4.915638038000054,52.36243121600006],[4.9165098380000245,52.362101325000026],[4.916568942000026,52.362078960000076],[4.9167187170000375,52.36202228500008],[4.916823152000063,52.36198276600004],[4.916855835000035,52.36197039900003],[4.916966036000076,52.36192869800004],[4.917247691000057,52.36182211900007],[4.917529499000068,52.36171548200008],[4.9175989040000445,52.36168921800004],[4.918275964000031,52.36143301700008],[4.91885723200005,52.36121306300004],[4.919659363000051,52.361668972000075]]]}},{"type":"Feature","properties":{"service_id":233,"population_total":527.33,"thiessen_area_km2":0.1039},"geometry":{"type":"Polygon","coordinates":[[[4.916206056000021,52.36643912300008],[4.916383901000074,52.36648076800003],[4.916674365000063,52.36654878400003],[4.916867173000071,52.36659393300005],[4.918832963000057,52.36705425100007],[4.918884837000064,52.36706639800008],[4.9193453880000675,52.36717424300008],[4.920656175000033,52.36748118200006],[4.920724153000037,52.36749710000004],[4.920722949000037,52.367499346000045],[4.92067478000007,52.36758917100008],[4.920579093000072,52.36776760600003],[4.920344275000048,52.36820549000004],[4.920249090000027,52.36838299000004],[4.920243398000025,52.36839360400006],[4.920151975000067,52.36856408700004],[4.920133890000045,52.368597812000075],[4.919974339000021,52.36889534000005],[4.9191104360000395,52.37050633300004],[4.918695318000061,52.370470225000076],[4.917588697000042,52.37037396800008],[4.917550673000051,52.37037066100004],[4.917520969000066,52.37036807700008],[4.917334457000038,52.370351854000035],[4.917061999000055,52.37032815500004],[4.91681722800007,52.370065037000074],[4.916566010000054,52.36979498800008],[4.916537241000071,52.36976406300005],[4.915782142000069,52.36895236400005],[4.915669324000021,52.36883108900008],[4.915700565000066,52.368671240000026],[4.915716382000028,52.36859031000006],[4.915722967000022,52.36855661700008],[4.915742274000024,52.368457833000036],[4.915790080000022,52.36821323300006],[4.915980400000024,52.36723944600004],[4.916139848000057,52.366423619000045],[4.916206056000021,52.36643912300008]]]}},{"type":"Feature","properties":{"service_id":234,"population_total":65.92,"thiessen_area_km2":0.0265},"geometry":{"type":"Polygon","coordinates":[[[4.915782142000069,52.36895236400005],[4.916537241000071,52.36976406300005],[4.916566010000054,52.36979498800008],[4.91681722800007,52.370065037000074],[4.917061999000055,52.37032815500004],[4.916340345000037,52.37060921400007],[4.915935915000034,52.37076672500007],[4.9150096170000666,52.371127485000045],[4.91440241600003,52.37136396900007],[4.914372369000034,52.371053482000036],[4.914362965000066,52.370956301000035],[4.914326946000074,52.370584103000056],[4.914302516000021,52.37033166300006],[4.914408693000041,52.37021509500005],[4.914523938000059,52.37008857100005],[4.915183571000057,52.36936438100008],[4.915337204000025,52.36919571200008],[4.915669324000021,52.36883108900008],[4.915782142000069,52.36895236400005]]]}},{"type":"Feature","properties":{"service_id":235,"population_total":615.22,"thiessen_area_km2":0.1765},"geometry":{"type":"Polygon","coordinates":[[[4.90906843700003,52.36555068100006],[4.909161377000032,52.365577416000065],[4.909596347000047,52.36570254000003],[4.9104019100000755,52.365934268000046],[4.910606001000076,52.365992977000076],[4.91059914300007,52.36645310000006],[4.91058797900007,52.36720217300007],[4.91058517700003,52.36739018700007],[4.9105787180000675,52.36782357100003],[4.9105780150000555,52.36787074000006],[4.910577529000022,52.36790336400003],[4.910577033000038,52.36793667100005],[4.9105547690000435,52.36943042400003],[4.910548603000052,52.36984414600005],[4.910547217000044,52.36993711100007],[4.910536429000047,52.37066093000004],[4.910512071000028,52.370836834000045],[4.910511972000052,52.370837546000075],[4.910353202000067,52.37198409000007],[4.910308770000029,52.37230495500006],[4.910242564000043,52.37278305500007],[4.910161071000061,52.37337155100005],[4.9098248420000346,52.37328605400006],[4.909458448000066,52.37319288600003],[4.90885479800005,52.37303938800005],[4.90851488800007,52.37295295400003],[4.908342451000067,52.372909106000066],[4.907833885000059,52.37277978600008],[4.906974951000052,52.37256137400004],[4.906558748000066,52.37245554000003],[4.905789481000056,52.37225992800006],[4.906083418000037,52.37164443700004],[4.9061183200000755,52.37157135400008],[4.906332879000047,52.37112207900003],[4.906648141000062,52.37046193700007],[4.906788458000051,52.37016812100006],[4.907379247000051,52.368931040000064],[4.907398274000059,52.36889119800003],[4.907687009000028,52.36828660300006],[4.908006726000053,52.36761713300007],[4.908193736000044,52.367225543000075],[4.908209022000051,52.36719353500007],[4.908209962000058,52.36719156700008],[4.908316697000032,52.36696806900005],[4.908739615000059,52.36608250200004],[4.9087639200000694,52.36603160800007],[4.908843655000055,52.36586464700008],[4.908938315000057,52.36566643300006],[4.908945527000071,52.36565133200003],[4.90898627200005,52.36556601400008],[4.909002634000046,52.36553175200004],[4.90906843700003,52.36555068100006]]]}},{"type":"Feature","properties":{"service_id":236,"population_total":637.19,"thiessen_area_km2":0.1283},"geometry":{"type":"Polygon","coordinates":[[[4.914051628000038,52.37000246900004],[4.914120548000028,52.37009290000003],[4.914302516000021,52.37033166300006],[4.914326946000074,52.370584103000056],[4.914362965000066,52.370956301000035],[4.914372369000034,52.371053482000036],[4.91440241600003,52.37136396900007],[4.914333450000072,52.371573960000035],[4.914321416000064,52.37161060300008],[4.914238024000042,52.37186451900004],[4.913894904000074,52.37290926700007],[4.913732768000045,52.373402945000066],[4.91348688000005,52.37415163500003],[4.91342707900003,52.37433372000004],[4.913357193000024,52.37454651400003],[4.913342002000036,52.37459276800007],[4.913218183000026,52.37496977700005],[4.9129969320000555,52.375114705000044],[4.912356041000066,52.37553451200006],[4.912056808000045,52.37523964300004],[4.911714550000056,52.37490237600008],[4.911250162000044,52.374444760000074],[4.910954358000026,52.37415327000008],[4.910699366000074,52.37390199600003],[4.9104705220000255,52.37367648900005],[4.910429122000039,52.37363569300004],[4.910425949000057,52.373632566000026],[4.910161071000061,52.37337155100005],[4.910242564000043,52.37278305500007],[4.910308770000029,52.37230495500006],[4.910353202000067,52.37198409000007],[4.910511972000052,52.370837546000075],[4.910512071000028,52.370836834000045],[4.910536429000047,52.37066093000004],[4.91277975600002,52.36986893300008],[4.912850379000076,52.36984400000006],[4.913273590000074,52.369694587000026],[4.913522254000043,52.369606797000074],[4.913701773000071,52.36954341900008],[4.914051628000038,52.37000246900004]]]}},{"type":"Feature","properties":{"service_id":237,"population_total":450.43,"thiessen_area_km2":0.0768},"geometry":{"type":"Polygon","coordinates":[[[4.912030879000042,52.36592113100005],[4.91233115600005,52.36657209400005],[4.912780959000031,52.367547211000044],[4.912794060000067,52.36757561100006],[4.912836495000022,52.367667604000076],[4.913061114000072,52.36815455100003],[4.913141145000054,52.36832804800008],[4.91318175400005,52.36841608300006],[4.913193414000034,52.36844136000008],[4.913335284000027,52.36874891600007],[4.913444513000059,52.36898571100005],[4.913651396000034,52.36943420800003],[4.913701773000071,52.36954341900008],[4.913522254000043,52.369606797000074],[4.913273590000074,52.369694587000026],[4.912850379000076,52.36984400000006],[4.91277975600002,52.36986893300008],[4.910536429000047,52.37066093000004],[4.910547217000044,52.36993711100007],[4.910548603000052,52.36984414600005],[4.9105547690000435,52.36943042400003],[4.910577033000038,52.36793667100005],[4.910577529000022,52.36790336400003],[4.9105780150000555,52.36787074000006],[4.9105787180000675,52.36782357100003],[4.91058517700003,52.36739018700007],[4.91058797900007,52.36720217300007],[4.91059914300007,52.36645310000006],[4.910606001000076,52.365992977000076],[4.911073886000054,52.36589575200003],[4.911705901000062,52.36576442100005],[4.911750205000033,52.365755215000036],[4.911895480000055,52.36572502700005],[4.911936489000027,52.36571650500008],[4.912030879000042,52.36592113100005]]]}},{"type":"Feature","properties":{"service_id":238,"population_total":307.61,"thiessen_area_km2":0.1014},"geometry":{"type":"Polygon","coordinates":[[[4.91441020700006,52.36516794100004],[4.914933272000042,52.36554767400003],[4.915053582000041,52.365635016000056],[4.915513764000025,52.36596909700006],[4.916139848000057,52.366423619000045],[4.915980400000024,52.36723944600004],[4.915790080000022,52.36821323300006],[4.915742274000024,52.368457833000036],[4.915722967000022,52.36855661700008],[4.915716382000028,52.36859031000006],[4.915700565000066,52.368671240000026],[4.915669324000021,52.36883108900008],[4.915337204000025,52.36919571200008],[4.915183571000057,52.36936438100008],[4.914523938000059,52.37008857100005],[4.914408693000041,52.37021509500005],[4.914302516000021,52.37033166300006],[4.914120548000028,52.37009290000003],[4.914051628000038,52.37000246900004],[4.913701773000071,52.36954341900008],[4.913651396000034,52.36943420800003],[4.913444513000059,52.36898571100005],[4.913335284000027,52.36874891600007],[4.913193414000034,52.36844136000008],[4.91318175400005,52.36841608300006],[4.913141145000054,52.36832804800008],[4.913061114000072,52.36815455100003],[4.912836495000022,52.367667604000076],[4.912794060000067,52.36757561100006],[4.912780959000031,52.367547211000044],[4.91233115600005,52.36657209400005],[4.912030879000042,52.36592113100005],[4.911936489000027,52.36571650500008],[4.913779163000072,52.36470981800005],[4.91441020700006,52.36516794100004]]]}},{"type":"Feature","properties":{"service_id":239,"population_total":450.43,"thiessen_area_km2":0.1469},"geometry":{"type":"Polygon","coordinates":[[[4.917334457000038,52.370351854000035],[4.917520969000066,52.37036807700008],[4.917550673000051,52.37037066100004],[4.917588697000042,52.37037396800008],[4.918695318000061,52.370470225000076],[4.9191104360000395,52.37050633300004],[4.9190931100000626,52.37080563400008],[4.919054342000038,52.371475341000064],[4.919053873000053,52.37148343500007],[4.91903159900005,52.37186821700004],[4.918985533000068,52.37266400000004],[4.91895368400003,52.373214189000066],[4.918914255000061,52.37389532700007],[4.918495224000026,52.37406607500003],[4.918472485000052,52.37407534100004],[4.918154603000062,52.37420487300005],[4.918077743000026,52.37423619200007],[4.91801739400006,52.37426078300007],[4.917621458000042,52.37431927500006],[4.916975455000056,52.37441471000005],[4.915701188000071,52.37460295900007],[4.915121990000046,52.37468852500007],[4.915094175000036,52.37469263400004],[4.913218183000026,52.37496977700005],[4.913342002000036,52.37459276800007],[4.913357193000024,52.37454651400003],[4.91342707900003,52.37433372000004],[4.91348688000005,52.37415163500003],[4.913732768000045,52.373402945000066],[4.913894904000074,52.37290926700007],[4.914238024000042,52.37186451900004],[4.914321416000064,52.37161060300008],[4.914333450000072,52.371573960000035],[4.91440241600003,52.37136396900007],[4.9150096170000666,52.371127485000045],[4.915935915000034,52.37076672500007],[4.916340345000037,52.37060921400007],[4.917061999000055,52.37032815500004],[4.917334457000038,52.370351854000035]]]}},{"type":"Feature","properties":{"service_id":240,"population_total":450.43,"thiessen_area_km2":0.2048},"geometry":{"type":"Polygon","coordinates":[[[4.921714292000047,52.367212307000045],[4.921850746000075,52.36722791100004],[4.921919775000049,52.367235804000074],[4.921982430000071,52.36729277900008],[4.922010963000048,52.367318726000065],[4.922239283000067,52.36752634900006],[4.922438107000062,52.36770714900007],[4.9224551240000665,52.367722624000066],[4.923145140000031,52.368350090000035],[4.923149369000043,52.36835393500007],[4.923667837000039,52.36882540400006],[4.923678912000071,52.368835475000026],[4.924410508000051,52.36950075300007],[4.924549295000077,52.36962695900007],[4.924386304000052,52.36990498400007],[4.924042129000043,52.370492066000054],[4.923592479000035,52.37125906300008],[4.923461078000059,52.37148320300008],[4.923308661000021,52.371743190000075],[4.922731714000065,52.37272732500003],[4.921649752000064,52.374572896000075],[4.921568733000072,52.374711096000055],[4.921430998000062,52.374946039000065],[4.9214174960000605,52.374969071000066],[4.921409605000065,52.37498253000007],[4.921354436000058,52.375076636000074],[4.920917683000027,52.374865201000034],[4.920756021000045,52.374786939000046],[4.920684390000076,52.37475226200007],[4.9197675910000385,52.37430843300007],[4.918914255000061,52.37389532700007],[4.91895368400003,52.373214189000066],[4.918985533000068,52.37266400000004],[4.91903159900005,52.37186821700004],[4.919053873000053,52.37148343500007],[4.919054342000038,52.371475341000064],[4.9190931100000626,52.37080563400008],[4.9191104360000395,52.37050633300004],[4.919974339000021,52.36889534000005],[4.920133890000045,52.368597812000075],[4.920151975000067,52.36856408700004],[4.920243398000025,52.36839360400006],[4.920249090000027,52.36838299000004],[4.920344275000048,52.36820549000004],[4.920579093000072,52.36776760600003],[4.92067478000007,52.36758917100008],[4.920722949000037,52.367499346000045],[4.920724153000037,52.36749710000004],[4.921370895000052,52.36717303900008],[4.921714292000047,52.367212307000045]]]}},{"type":"Feature","properties":{"service_id":241,"population_total":1120.58,"thiessen_area_km2":0.2813},"geometry":{"type":"Polygon","coordinates":[[[4.9197675910000385,52.37430843300007],[4.920684390000076,52.37475226200007],[4.920756021000045,52.374786939000046],[4.920917683000027,52.374865201000034],[4.921354436000058,52.375076636000074],[4.921496681000065,52.37525910900007],[4.921686383000065,52.375502459000074],[4.92234572600006,52.376348266000036],[4.92234587400003,52.37634845600007],[4.9226718950000645,52.376766676000045],[4.923033410000073,52.377230428000075],[4.923339740000074,52.377623388000075],[4.923644681000042,52.37801456700004],[4.924012491000042,52.37848639500004],[4.9244258280000395,52.37901662500008],[4.925169624000034,52.37997076800008],[4.925510933000055,52.38040860000007],[4.926422367000043,52.38157779000005],[4.926576493000027,52.381775504000075],[4.926492796000048,52.38181483200003],[4.925951961000067,52.38206896100007],[4.925761974000068,52.38215823200005],[4.924563552000052,52.381858210000075],[4.923506838000037,52.381593664000036],[4.921674654000071,52.38113498100006],[4.920008477000067,52.38071785800008],[4.919804800000065,52.38066686800005],[4.919550360000073,52.38060317000003],[4.918546046000074,52.38035174300006],[4.918244089000041,52.38027614900005],[4.918186797000033,52.378755901000034],[4.918177935000074,52.37852073700003],[4.918160735000072,52.37806432600007],[4.918157532000066,52.37797934100007],[4.918137017000049,52.37743496500008],[4.918101537000041,52.37649350300006],[4.918090739000036,52.376206970000055],[4.918059430000028,52.375376188000075],[4.918050064000056,52.375127672000076],[4.918029146000038,52.374572611000076],[4.91801739400006,52.37426078300007],[4.918077743000026,52.37423619200007],[4.918154603000062,52.37420487300005],[4.918472485000052,52.37407534100004],[4.918495224000026,52.37406607500003],[4.918914255000061,52.37389532700007],[4.9197675910000385,52.37430843300007]]]}},{"type":"Feature","properties":{"service_id":242,"population_total":1307.34,"thiessen_area_km2":0.2373},"geometry":{"type":"Polygon","coordinates":[[[4.918029146000038,52.374572611000076],[4.918050064000056,52.375127672000076],[4.918059430000028,52.375376188000075],[4.918090739000036,52.376206970000055],[4.918101537000041,52.37649350300006],[4.918137017000049,52.37743496500008],[4.918157532000066,52.37797934100007],[4.918160735000072,52.37806432600007],[4.918177935000074,52.37852073700003],[4.918186797000033,52.378755901000034],[4.918244089000041,52.38027614900005],[4.9170245900000396,52.380287519000035],[4.915069401000039,52.38030574700008],[4.914064668000037,52.38031511500003],[4.913811189000057,52.38031747800005],[4.91378654600004,52.38028424700008],[4.912965560000032,52.37917717000005],[4.912788969000076,52.37893904100008],[4.912788138000053,52.378937920000055],[4.912594254000055,52.37867647300004],[4.912562974000025,52.37863429300006],[4.9124345480000216,52.37846111400006],[4.912334948000023,52.378326807000064],[4.912094864000039,52.37800306100007],[4.912121399000057,52.377660767000066],[4.912128341000027,52.37757121000004],[4.912200837000057,52.37663602300006],[4.9122021200000745,52.376619471000026],[4.912209560000065,52.37656703000005],[4.912295674000063,52.37596002600003],[4.912356041000066,52.37553451200006],[4.9129969320000555,52.375114705000044],[4.913218183000026,52.37496977700005],[4.915094175000036,52.37469263400004],[4.915121990000046,52.37468852500007],[4.915701188000071,52.37460295900007],[4.916975455000056,52.37441471000005],[4.917621458000042,52.37431927500006],[4.91801739400006,52.37426078300007],[4.918029146000038,52.374572611000076]]]}},{"type":"Feature","properties":{"service_id":243,"population_total":3504.56,"thiessen_area_km2":0.5072},"geometry":{"type":"Polygon","coordinates":[[[4.918546046000074,52.38035174300006],[4.919550360000073,52.38060317000003],[4.919804800000065,52.38066686800005],[4.920008477000067,52.38071785800008],[4.921674654000071,52.38113498100006],[4.923506838000037,52.381593664000036],[4.924563552000052,52.381858210000075],[4.925761974000068,52.38215823200005],[4.925748355000053,52.38217244100008],[4.92507732200005,52.382872518000056],[4.924640813000053,52.383327921000046],[4.923925189000045,52.38407451900008],[4.922198656000035,52.38587578200003],[4.922089658000061,52.38598949800007],[4.921966834000045,52.38611763800003],[4.9218688190000535,52.38621989600006],[4.9218560720000255,52.386233195000045],[4.920839466000075,52.387293801000055],[4.920395175000067,52.38775732200003],[4.91881587000006,52.387670290000074],[4.913961710000024,52.38740279000007],[4.913540762000025,52.386974045000045],[4.913577554000028,52.38606839400006],[4.913592063000067,52.38571125400006],[4.913601878000065,52.385469658000034],[4.9136244360000205,52.384914396000056],[4.913637667000046,52.384588706000045],[4.913664337000057,52.38393221700005],[4.913685827000052,52.38340324500007],[4.913693354000031,52.38321797300006],[4.913718137000046,52.38260795000008],[4.913736482000047,52.382156397000074],[4.9138026450000325,52.38052777900003],[4.913811189000057,52.38031747800005],[4.914064668000037,52.38031511500003],[4.915069401000039,52.38030574700008],[4.9170245900000396,52.380287519000035],[4.918244089000041,52.38027614900005],[4.918546046000074,52.38035174300006]]]}},{"type":"Feature","properties":{"service_id":244,"population_total":878.89,"thiessen_area_km2":0.4424},"geometry":{"type":"Polygon","coordinates":[[[4.912334948000023,52.378326807000064],[4.9124345480000216,52.37846111400006],[4.912562974000025,52.37863429300006],[4.912594254000055,52.37867647300004],[4.912788138000053,52.378937920000055],[4.912788969000076,52.37893904100008],[4.912965560000032,52.37917717000005],[4.91378654600004,52.38028424700008],[4.913811189000057,52.38031747800005],[4.9138026450000325,52.38052777900003],[4.913736482000047,52.382156397000074],[4.913718137000046,52.38260795000008],[4.913693354000031,52.38321797300006],[4.913685827000052,52.38340324500007],[4.913664337000057,52.38393221700005],[4.913637667000046,52.384588706000045],[4.9136244360000205,52.384914396000056],[4.913601878000065,52.385469658000034],[4.913592063000067,52.38571125400006],[4.913577554000028,52.38606839400006],[4.913540762000025,52.386974045000045],[4.9127923440000245,52.386945952000076],[4.911801079000043,52.38690874300005],[4.911682763000044,52.386863934000075],[4.908895389000065,52.385808283000074],[4.90845977500004,52.38564330500003],[4.90818082100003,52.38553765800003],[4.907892159000028,52.38542833400004],[4.907298817000026,52.38520362000003],[4.907104683000057,52.38513009600007],[4.90649514100005,52.38489924700008],[4.906253449000076,52.384807712000054],[4.904825076000066,52.38426675000005],[4.904643876000023,52.38411805800007],[4.90462952200005,52.38410627900004],[4.904599982000036,52.38408203900008],[4.903917783000054,52.38352223100003],[4.903582280000023,52.38324692000003],[4.903061495000031,52.38281956700007],[4.903016567000066,52.382782699000074],[4.902857142000073,52.38265187600007],[4.902892537000071,52.38254417300004],[4.902953010000033,52.382360163000044],[4.90321337000006,52.38223607300006],[4.903555186000062,52.38207316000006],[4.904024556000024,52.38184945300003],[4.904093774000046,52.381816463000064],[4.9040941070000486,52.38181630400004],[4.9044461250000495,52.381648529000074],[4.905514710000034,52.38113923000003],[4.90557254600003,52.38111166500005],[4.906468066000059,52.38068485100007],[4.906505072000073,52.38066721400003],[4.907307452000055,52.380284791000065],[4.907544359000042,52.380171879000045],[4.908447310000042,52.379741523000064],[4.908917723000059,52.37951731900006],[4.909360287000027,52.37930638800003],[4.9099517370000285,52.379024497000046],[4.91064046200006,52.37869624400008],[4.910804324000026,52.378618146000065],[4.911064962000069,52.378493923000065],[4.911247843000069,52.378406760000075],[4.911512925000068,52.37828041900008],[4.911663565000026,52.378208623000035],[4.9118246460000705,52.378131850000045],[4.912094864000039,52.37800306100007],[4.912334948000023,52.378326807000064]]]}},{"type":"Feature","properties":{"service_id":245,"population_total":692.12,"thiessen_area_km2":0.2184},"geometry":{"type":"Polygon","coordinates":[[[4.898880573000042,52.37587386800004],[4.8989565320000565,52.37592441400005],[4.899100299000054,52.37602008200008],[4.899244286000055,52.376115896000044],[4.899728981000067,52.376438430000064],[4.8999391670000705,52.37657829500006],[4.900065383000026,52.376662284000076],[4.9004618080000455,52.37692608000003],[4.900872303000028,52.37719923900005],[4.901104819000068,52.377353963000076],[4.901253732000043,52.377453055000046],[4.901302337000061,52.37748539800003],[4.901592237000045,52.37767830900003],[4.901862701000027,52.37785828600005],[4.902064214000063,52.37799238000008],[4.902198502000033,52.37865230500006],[4.90237191500006,52.37950450200003],[4.902519113000039,52.38022787500006],[4.902529671000025,52.380279759000075],[4.902537792000032,52.38031966900007],[4.90260956700007,52.38067238900004],[4.902711254000053,52.381172105000076],[4.902727463000076,52.38125176200003],[4.902800832000025,52.381612320000045],[4.9028034320000415,52.38162509500006],[4.902872013000035,52.38196212200006],[4.902875704000053,52.38198026100008],[4.902931985000066,52.38225684100007],[4.902953010000033,52.382360163000044],[4.902892537000071,52.38254417300004],[4.902857142000073,52.38265187600007],[4.902836190000073,52.38266614100007],[4.902763703000062,52.382715492000045],[4.9024771350000265,52.38291059800008],[4.90247370000003,52.38290852100005],[4.901915335000069,52.38257086200008],[4.901655989000062,52.38241402800003],[4.901594941000042,52.38237711000005],[4.901584668000055,52.38237089800003],[4.901536760000056,52.38234192600004],[4.901188455000067,52.38213129600007],[4.901129832000038,52.38209584500004],[4.9010712070000295,52.382060393000074],[4.900780731000054,52.38188473400004],[4.89967544700005,52.38121633700007],[4.899524658000075,52.38112515100005],[4.8992252690000555,52.38094410200006],[4.898564811000028,52.380544705000034],[4.898383387000024,52.38043499300005],[4.89769874600006,52.38002097100008],[4.897316476000071,52.37978980100007],[4.897070728000074,52.37964119000003],[4.896859787000039,52.37951362800004],[4.896503482000071,52.379298160000076],[4.896426029000054,52.37925132200007],[4.8963191550000715,52.379186692000076],[4.895437955000034,52.378653805000056],[4.895355914000049,52.37843420000007],[4.895319075000032,52.37833559000006],[4.89518673200007,52.377981340000076],[4.895624456000064,52.37747749200008],[4.896045121000043,52.37699328000008],[4.896103922000066,52.376925596000035],[4.896246956000027,52.376760955000066],[4.896491059000027,52.37647997700003],[4.8969175920000225,52.37635896000006],[4.898190708000072,52.37599775000007],[4.898233251000022,52.37598568000004],[4.898513317000038,52.37590621900006],[4.898804877000032,52.375823497000056],[4.898880573000042,52.37587386800004]]]}},{"type":"Feature","properties":{"service_id":246,"population_total":516.35,"thiessen_area_km2":0.0742},"geometry":{"type":"Polygon","coordinates":[[[4.897489617000076,52.370334341000046],[4.897505095000042,52.370413410000026],[4.897599575000072,52.37089606900008],[4.897642215000076,52.37111389900008],[4.897669972000074,52.37125570000006],[4.897691491000046,52.37136562900008],[4.897727602000032,52.37155010600003],[4.897836020000057,52.372103967000044],[4.8980582270000355,52.373239125000055],[4.898105805000057,52.37348218100004],[4.897964893000051,52.37346989100007],[4.897737361000054,52.37345004700006],[4.8971471680000604,52.37339857400008],[4.8961393830000475,52.37331068100008],[4.895250246000046,52.37289820500007],[4.89481685800007,52.372697154000036],[4.89461069500004,52.37260151400005],[4.894548937000025,52.37257286400006],[4.894033916000069,52.37233394300006],[4.893676423000045,52.37216810000007],[4.893494158000067,52.372083546000056],[4.892674808000038,52.37170344500004],[4.893253486000049,52.37151307700003],[4.894165951000048,52.37121290300007],[4.894371849000038,52.371145169000044],[4.894429870000067,52.371126082000046],[4.894688159000054,52.37104111300005],[4.8947922410000615,52.371006873000056],[4.895419978000064,52.370800366000026],[4.895424071000036,52.37079902000005],[4.895717662000038,52.370702437000034],[4.895821707000039,52.37066820900003],[4.896004555000047,52.37060805700003],[4.897141219000048,52.37023412800005],[4.897333642000035,52.37017082600005],[4.897450109000033,52.370132512000055],[4.897489617000076,52.370334341000046]]]}},{"type":"Feature","properties":{"service_id":247,"population_total":1175.51,"thiessen_area_km2":0.1855},"geometry":{"type":"Polygon","coordinates":[[[4.901816072000031,52.37139062700004],[4.902478982000048,52.37182626800006],[4.902819356000066,52.372049950000076],[4.90283309900002,52.372058981000066],[4.90390252100002,52.37276176700004],[4.904451807000044,52.37312273800006],[4.90446206200005,52.37312947700008],[4.904438838000033,52.373181301000045],[4.904162619000033,52.37379767400006],[4.904107325000041,52.37392106100003],[4.903921511000021,52.37433569900003],[4.9038630770000395,52.374466092000034],[4.903795086000059,52.374617812000054],[4.903740253000024,52.37474017000005],[4.903734300000053,52.374753455000075],[4.903679866000061,52.37487492300005],[4.90347851100006,52.375324240000054],[4.903395935000049,52.375508506000074],[4.903388567000036,52.37552494700003],[4.903312253000024,52.37569523700006],[4.903184669000041,52.37597993600008],[4.902897190000033,52.37649627600007],[4.902849748000051,52.37658148600008],[4.902774658000055,52.37671635400005],[4.902723973000036,52.37680738900008],[4.902720769000041,52.37681314400004],[4.902576545000045,52.37707218400004],[4.9025740100000235,52.37707673600005],[4.902542238000024,52.37713380100007],[4.9022383020000575,52.377679701000034],[4.902215618000071,52.37772044400003],[4.902123149000033,52.377886526000054],[4.902064214000063,52.37799238000008],[4.901862701000027,52.37785828600005],[4.901592237000045,52.37767830900003],[4.901302337000061,52.37748539800003],[4.901253732000043,52.377453055000046],[4.901104819000068,52.377353963000076],[4.900872303000028,52.37719923900005],[4.9004618080000455,52.37692608000003],[4.900065383000026,52.376662284000076],[4.8999391670000705,52.37657829500006],[4.899728981000067,52.376438430000064],[4.899244286000055,52.376115896000044],[4.899100299000054,52.37602008200008],[4.8989565320000565,52.37592441400005],[4.898880573000042,52.37587386800004],[4.898804877000032,52.375823497000056],[4.898687374000076,52.37539062500008],[4.898633185000051,52.37519099500008],[4.898601100000064,52.37507279700003],[4.89853696800003,52.37483653700008],[4.898493372000075,52.37467593200006],[4.898338101000036,52.37410392100003],[4.898207822000074,52.37362397900006],[4.8982035510000514,52.373608243000035],[4.898225122000042,52.37359329600008],[4.8988171730000545,52.37318304300004],[4.898912099000029,52.373117266000065],[4.899112117000072,52.37297866700004],[4.899222040000041,52.37290249800003],[4.899254036000059,52.372880327000075],[4.899761531000024,52.37252866700004],[4.900206487000048,52.37222034200005],[4.900312611000061,52.37214680500006],[4.900458740000033,52.372045548000074],[4.900815373000057,52.371798425000065],[4.901002696000035,52.37166862200007],[4.901103951000039,52.37159845900004],[4.901196811000034,52.37153411300005],[4.901383424000073,52.371404803000075],[4.901411858000074,52.371385100000055],[4.901585816000022,52.37126455900005],[4.901604517000067,52.37125160100004],[4.901816072000031,52.37139062700004]]]}},{"type":"Feature","properties":{"service_id":248,"population_total":1603.97,"thiessen_area_km2":0.29},"geometry":{"type":"Polygon","coordinates":[[[4.90350666300003,52.37600277200005],[4.903861153000037,52.37602791300003],[4.904272606000063,52.37605709400003],[4.904356939000024,52.37606307500005],[4.9047712890000525,52.37609246200003],[4.90517372100004,52.37612100300004],[4.905340213000045,52.37613281100005],[4.905542681000043,52.37614717000008],[4.9056678410000245,52.37615604700005],[4.905958622000071,52.376176669000074],[4.906390900000076,52.37620732700003],[4.9065265800000475,52.37621695000007],[4.907872914000052,52.376312434000056],[4.907896206000032,52.376314086000036],[4.90794881000005,52.37631781700003],[4.908963424000035,52.376389775000064],[4.908991360000073,52.37639175600003],[4.909029179000072,52.376394438000034],[4.909292451000056,52.376413110000044],[4.909480638000048,52.376426457000036],[4.909563373000026,52.37643232500005],[4.910088230000042,52.376469549000035],[4.91045626600004,52.37649565100003],[4.9112891390000755,52.37655472000006],[4.91165535600004,52.37658069300005],[4.912060024000027,52.37660939300008],[4.9122021200000745,52.376619471000026],[4.912200837000057,52.37663602300006],[4.912128341000027,52.37757121000004],[4.912121399000057,52.377660767000066],[4.912094864000039,52.37800306100007],[4.9118246460000705,52.378131850000045],[4.911663565000026,52.378208623000035],[4.911512925000068,52.37828041900008],[4.911247843000069,52.378406760000075],[4.911064962000069,52.378493923000065],[4.910804324000026,52.378618146000065],[4.91064046200006,52.37869624400008],[4.9099517370000285,52.379024497000046],[4.909360287000027,52.37930638800003],[4.908917723000059,52.37951731900006],[4.908447310000042,52.379741523000064],[4.907544359000042,52.380171879000045],[4.907307452000055,52.380284791000065],[4.906505072000073,52.38066721400003],[4.906468066000059,52.38068485100007],[4.90557254600003,52.38111166500005],[4.905514710000034,52.38113923000003],[4.9044461250000495,52.381648529000074],[4.9040941070000486,52.38181630400004],[4.904093774000046,52.381816463000064],[4.904024556000024,52.38184945300003],[4.903555186000062,52.38207316000006],[4.90321337000006,52.38223607300006],[4.902953010000033,52.382360163000044],[4.902931985000066,52.38225684100007],[4.902875704000053,52.38198026100008],[4.902872013000035,52.38196212200006],[4.9028034320000415,52.38162509500006],[4.902800832000025,52.381612320000045],[4.902727463000076,52.38125176200003],[4.902711254000053,52.381172105000076],[4.90260956700007,52.38067238900004],[4.902537792000032,52.38031966900007],[4.902529671000025,52.380279759000075],[4.902519113000039,52.38022787500006],[4.90237191500006,52.37950450200003],[4.902198502000033,52.37865230500006],[4.902064214000063,52.37799238000008],[4.902123149000033,52.377886526000054],[4.902215618000071,52.37772044400003],[4.9022383020000575,52.377679701000034],[4.902542238000024,52.37713380100007],[4.9025740100000235,52.37707673600005],[4.902576545000045,52.37707218400004],[4.902720769000041,52.37681314400004],[4.902723973000036,52.37680738900008],[4.902774658000055,52.37671635400005],[4.902849748000051,52.37658148600008],[4.902897190000033,52.37649627600007],[4.903184669000041,52.37597993600008],[4.90350666300003,52.37600277200005]]]}},{"type":"Feature","properties":{"service_id":249,"population_total":439.44,"thiessen_area_km2":0.1991},"geometry":{"type":"Polygon","coordinates":[[[4.906558748000066,52.37245554000003],[4.906974951000052,52.37256137400004],[4.907833885000059,52.37277978600008],[4.908342451000067,52.372909106000066],[4.90851488800007,52.37295295400003],[4.90885479800005,52.37303938800005],[4.909458448000066,52.37319288600003],[4.9098248420000346,52.37328605400006],[4.910161071000061,52.37337155100005],[4.910425949000057,52.373632566000026],[4.910429122000039,52.37363569300004],[4.9104705220000255,52.37367648900005],[4.910699366000074,52.37390199600003],[4.910954358000026,52.37415327000008],[4.911250162000044,52.374444760000074],[4.911714550000056,52.37490237600008],[4.912056808000045,52.37523964300004],[4.912356041000066,52.37553451200006],[4.912295674000063,52.37596002600003],[4.912209560000065,52.37656703000005],[4.9122021200000745,52.376619471000026],[4.912060024000027,52.37660939300008],[4.91165535600004,52.37658069300005],[4.9112891390000755,52.37655472000006],[4.91045626600004,52.37649565100003],[4.910088230000042,52.376469549000035],[4.909563373000026,52.37643232500005],[4.909480638000048,52.376426457000036],[4.909292451000056,52.376413110000044],[4.909029179000072,52.376394438000034],[4.908991360000073,52.37639175600003],[4.908963424000035,52.376389775000064],[4.90794881000005,52.37631781700003],[4.907896206000032,52.376314086000036],[4.907872914000052,52.376312434000056],[4.9065265800000475,52.37621695000007],[4.906390900000076,52.37620732700003],[4.905958622000071,52.376176669000074],[4.9056678410000245,52.37615604700005],[4.905542681000043,52.37614717000008],[4.905340213000045,52.37613281100005],[4.90517372100004,52.37612100300004],[4.9047712890000525,52.37609246200003],[4.904356939000024,52.37606307500005],[4.904272606000063,52.37605709400003],[4.903861153000037,52.37602791300003],[4.90350666300003,52.37600277200005],[4.903184669000041,52.37597993600008],[4.903312253000024,52.37569523700006],[4.903388567000036,52.37552494700003],[4.903395935000049,52.375508506000074],[4.90347851100006,52.375324240000054],[4.903679866000061,52.37487492300005],[4.903734300000053,52.374753455000075],[4.903740253000024,52.37474017000005],[4.903795086000059,52.374617812000054],[4.9038630770000395,52.374466092000034],[4.903921511000021,52.37433569900003],[4.904107325000041,52.37392106100003],[4.904162619000033,52.37379767400006],[4.904438838000033,52.373181301000045],[4.90446206200005,52.37312947700008],[4.904894413000022,52.37284499800006],[4.904962047000026,52.37280049600008],[4.905730402000074,52.372294933000035],[4.905782176000059,52.37226086600003],[4.905789481000056,52.37225992800006],[4.906558748000066,52.37245554000003]]]}},{"type":"Feature","properties":{"service_id":250,"population_total":285.64,"thiessen_area_km2":0.0953},"geometry":{"type":"Polygon","coordinates":[[[4.90421942100005,52.368388320000065],[4.904378907000023,52.368783531000076],[4.904517141000042,52.36912607800008],[4.904860245000066,52.36997629900003],[4.904889040000057,52.370047654000075],[4.904896208000025,52.370065417000035],[4.9053656120000255,52.37122861200004],[4.905663975000039,52.37196796200004],[4.905782176000059,52.37226086600003],[4.905730402000074,52.372294933000035],[4.904962047000026,52.37280049600008],[4.904894413000022,52.37284499800006],[4.90446206200005,52.37312947700008],[4.904451807000044,52.37312273800006],[4.90390252100002,52.37276176700004],[4.90283309900002,52.372058981000066],[4.902819356000066,52.372049950000076],[4.902478982000048,52.37182626800006],[4.901816072000031,52.37139062700004],[4.901604517000067,52.37125160100004],[4.901440507000075,52.37094724100007],[4.901278301000048,52.370646230000034],[4.901250692000076,52.37059499500003],[4.901148257000045,52.370404903000065],[4.901222941000071,52.37033519400006],[4.901493473000073,52.37008268300008],[4.901515091000022,52.37006250600007],[4.901804127000048,52.369792723000046],[4.902037794000023,52.36957462100003],[4.902194249000047,52.36942858800006],[4.902428005000047,52.36921040300007],[4.902594885000042,52.36905464000006],[4.902737944000023,52.36892111000003],[4.902809732000037,52.368854104000036],[4.902812404000031,52.368851610000036],[4.903592037000067,52.368123910000065],[4.90421942100005,52.368388320000065]]]}},{"type":"Feature","properties":{"service_id":251,"population_total":505.36,"thiessen_area_km2":0.1133},"geometry":{"type":"Polygon","coordinates":[[[4.908463932000075,52.36513721800003],[4.909002634000046,52.36553175200004],[4.90898627200005,52.36556601400008],[4.908945527000071,52.36565133200003],[4.908938315000057,52.36566643300006],[4.908843655000055,52.36586464700008],[4.9087639200000694,52.36603160800007],[4.908739615000059,52.36608250200004],[4.908316697000032,52.36696806900005],[4.908209962000058,52.36719156700008],[4.908209022000051,52.36719353500007],[4.908193736000044,52.367225543000075],[4.908006726000053,52.36761713300007],[4.907687009000028,52.36828660300006],[4.907398274000059,52.36889119800003],[4.907379247000051,52.368931040000064],[4.906788458000051,52.37016812100006],[4.906648141000062,52.37046193700007],[4.906332879000047,52.37112207900003],[4.9061183200000755,52.37157135400008],[4.906083418000037,52.37164443700004],[4.905789481000056,52.37225992800006],[4.905782176000059,52.37226086600003],[4.905663975000039,52.37196796200004],[4.9053656120000255,52.37122861200004],[4.904896208000025,52.370065417000035],[4.904889040000057,52.370047654000075],[4.904860245000066,52.36997629900003],[4.904517141000042,52.36912607800008],[4.904378907000023,52.368783531000076],[4.90421942100005,52.368388320000065],[4.904547269000034,52.368065803000036],[4.904936922000047,52.367682486000035],[4.905150506000041,52.367472375000034],[4.905238907000069,52.36738541200003],[4.905659846000049,52.366971318000026],[4.905768235000039,52.366864692000036],[4.906127492000053,52.36651127700003],[4.906182867000041,52.36645680200007],[4.906322917000068,52.36631903000006],[4.906650120000052,52.365997148000076],[4.906784783000035,52.36586467500007],[4.906905651000045,52.36574577200008],[4.907294686000057,52.365363063000075],[4.907531420000055,52.36513017900006],[4.9077921000000515,52.36487373800003],[4.907925282000065,52.364742722000074],[4.908463932000075,52.36513721800003]]]}},{"type":"Feature","properties":{"service_id":252,"population_total":977.76,"thiessen_area_km2":0.141},"geometry":{"type":"Polygon","coordinates":[[[4.9064637910000215,52.36268202000008],[4.906516491000048,52.362756327000056],[4.906590883000035,52.36286122000007],[4.906624720000025,52.36290893000006],[4.906763396000031,52.36310446300007],[4.907277833000023,52.363829819000046],[4.907317019000061,52.36388507100003],[4.9073622780000505,52.36394888700005],[4.907536968000045,52.36419519900005],[4.907611644000042,52.36430049300003],[4.907878874000062,52.36467728700006],[4.907925282000065,52.364742722000074],[4.9077921000000515,52.36487373800003],[4.907531420000055,52.36513017900006],[4.907294686000057,52.365363063000075],[4.906905651000045,52.36574577200008],[4.906784783000035,52.36586467500007],[4.906650120000052,52.365997148000076],[4.906322917000068,52.36631903000006],[4.906182867000041,52.36645680200007],[4.906127492000053,52.36651127700003],[4.905768235000039,52.366864692000036],[4.905659846000049,52.366971318000026],[4.905238907000069,52.36738541200003],[4.905150506000041,52.367472375000034],[4.904936922000047,52.367682486000035],[4.904547269000034,52.368065803000036],[4.90421942100005,52.368388320000065],[4.903592037000067,52.368123910000065],[4.903351561000022,52.36787321800006],[4.903170261000071,52.36768421600004],[4.902911733000053,52.367414704000055],[4.902919058000066,52.36729061300008],[4.9029217600000266,52.36724484100006],[4.902937107000071,52.366984873000035],[4.9029623600000605,52.36655710100007],[4.902965446000053,52.36650483300008],[4.902976542000033,52.36631686900006],[4.902987078000024,52.36613839800003],[4.902998448000062,52.365945804000035],[4.90300155500006,52.36589317800008],[4.903001715000073,52.36589046300003],[4.903021680000052,52.36555226300004],[4.903081249000024,52.36454318500006],[4.90309482300006,52.36431323900007],[4.903100666000057,52.36421425600008],[4.903123562000076,52.36382641300003],[4.903124442000035,52.36381150200003],[4.90314896700005,52.363396056000056],[4.903151813000022,52.36334785100007],[4.903156453000065,52.36326924400004],[4.903255035000029,52.36324460600008],[4.90345338700007,52.36319503300007],[4.904327047000038,52.362976683000056],[4.905088718000059,52.36278632300008],[4.905370293000033,52.36271595000005],[4.906149825000057,52.36252112500006],[4.9063195900000665,52.36247869600004],[4.9064637910000215,52.36268202000008]]]}},{"type":"Feature","properties":{"service_id":253,"population_total":98.87,"thiessen_area_km2":0.0353},"geometry":{"type":"Polygon","coordinates":[[[4.903170261000071,52.36768421600004],[4.903351561000022,52.36787321800006],[4.903592037000067,52.368123910000065],[4.902812404000031,52.368851610000036],[4.902809732000037,52.368854104000036],[4.902737944000023,52.36892111000003],[4.902594885000042,52.36905464000006],[4.902428005000047,52.36921040300007],[4.902194249000047,52.36942858800006],[4.902037794000023,52.36957462100003],[4.901804127000048,52.369792723000046],[4.901515091000022,52.37006250600007],[4.901493473000073,52.37008268300008],[4.901222941000071,52.37033519400006],[4.901148257000045,52.370404903000065],[4.901105677000032,52.37036778500004],[4.900972424000031,52.37025162500004],[4.900563638000051,52.36989527800006],[4.900226495000027,52.36960138300003],[4.900387780000074,52.36940384900004],[4.900617089000036,52.36912300100005],[4.900884849000022,52.36879506200006],[4.9010795720000715,52.36855657500007],[4.901242247000027,52.36835733800007],[4.901292867000052,52.36829534000003],[4.9012947270000495,52.36829306200008],[4.901527793000071,52.36800761400008],[4.90174707400007,52.36773904900008],[4.901814007000041,52.36765707300003],[4.901819646000035,52.36765016700008],[4.901907779000055,52.36754222500008],[4.902262578000034,52.36749715900004],[4.902911733000053,52.367414704000055],[4.903170261000071,52.36768421600004]]]}},{"type":"Feature","properties":{"service_id":254,"population_total":186.76,"thiessen_area_km2":0.0512},"geometry":{"type":"Polygon","coordinates":[[[4.9023863670000765,52.36316875700004],[4.902628800000059,52.36320039200007],[4.90295598900002,52.36324308600007],[4.903156453000065,52.36326924400004],[4.903151813000022,52.36334785100007],[4.90314896700005,52.363396056000056],[4.903124442000035,52.36381150200003],[4.903123562000076,52.36382641300003],[4.903100666000057,52.36421425600008],[4.90309482300006,52.36431323900007],[4.903081249000024,52.36454318500006],[4.903021680000052,52.36555226300004],[4.903001715000073,52.36589046300003],[4.90300155500006,52.36589317800008],[4.902998448000062,52.365945804000035],[4.902987078000024,52.36613839800003],[4.902976542000033,52.36631686900006],[4.902965446000053,52.36650483300008],[4.9029623600000605,52.36655710100007],[4.902937107000071,52.366984873000035],[4.9029217600000266,52.36724484100006],[4.902919058000066,52.36729061300008],[4.902911733000053,52.367414704000055],[4.902262578000034,52.36749715900004],[4.901907779000055,52.36754222500008],[4.901858902000072,52.36750623100005],[4.901824106000049,52.36748060600007],[4.901760679000063,52.36743389700007],[4.901697052000031,52.36738704100003],[4.901581304000047,52.36730180200004],[4.9012514590000364,52.36705889700005],[4.901246843000024,52.36705549800007],[4.901198789000034,52.367020110000055],[4.900718320000067,52.36666628200004],[4.900957065000057,52.36613398000003],[4.901016471000048,52.36600153000006],[4.901142908000054,52.36571962800008],[4.901145132000067,52.365714669000056],[4.90115933900006,52.365682993000064],[4.901416967000046,52.365108590000034],[4.9017437870000435,52.364379917000065],[4.901860268000064,52.36412021400008],[4.9018683860000465,52.36410211500004],[4.901895771000056,52.364041057000065],[4.901932173000034,52.36395989600004],[4.902094521000038,52.36359792700006],[4.902251866000029,52.36324711300006],[4.902276963000077,52.36319115600003],[4.902292503000069,52.36315650900008],[4.9023863670000765,52.36316875700004]]]}},{"type":"Feature","properties":{"service_id":255,"population_total":340.57,"thiessen_area_km2":0.0588},"geometry":{"type":"Polygon","coordinates":[[[4.901198789000034,52.367020110000055],[4.901246843000024,52.36705549800007],[4.9012514590000364,52.36705889700005],[4.901581304000047,52.36730180200004],[4.901697052000031,52.36738704100003],[4.901760679000063,52.36743389700007],[4.901824106000049,52.36748060600007],[4.901858902000072,52.36750623100005],[4.901907779000055,52.36754222500008],[4.901819646000035,52.36765016700008],[4.901814007000041,52.36765707300003],[4.90174707400007,52.36773904900008],[4.901527793000071,52.36800761400008],[4.9012947270000495,52.36829306200008],[4.901292867000052,52.36829534000003],[4.901242247000027,52.36835733800007],[4.9010795720000715,52.36855657500007],[4.900884849000022,52.36879506200006],[4.900617089000036,52.36912300100005],[4.900387780000074,52.36940384900004],[4.900226495000027,52.36960138300003],[4.8999835470000335,52.36952509300005],[4.898749252000073,52.36913750000008],[4.898124421000034,52.368941291000056],[4.898026869000034,52.36891065800006],[4.898002321000035,52.36882665100006],[4.897922207000022,52.36855249000007],[4.897872636000045,52.368382851000035],[4.897784247000061,52.368080371000076],[4.8977590580000765,52.36799417100008],[4.897677803000022,52.367716107000035],[4.8976219290000245,52.367524899000045],[4.89760760300004,52.367475874000036],[4.897989301000052,52.36737653400007],[4.89834017000004,52.367285217000074],[4.898656517000063,52.36720288500004],[4.898758968000038,52.36717622100008],[4.898845552000068,52.36715368700004],[4.8989659080000365,52.36712236300008],[4.899438522000025,52.36699936100007],[4.900266205000037,52.36678394900008],[4.9007030840000425,52.36667024700006],[4.900718320000067,52.36666628200004],[4.901198789000034,52.367020110000055]]]}},{"type":"Feature","properties":{"service_id":256,"population_total":681.14,"thiessen_area_km2":0.0858},"geometry":{"type":"Polygon","coordinates":[[[4.898124421000034,52.368941291000056],[4.898749252000073,52.36913750000008],[4.8999835470000335,52.36952509300005],[4.900226495000027,52.36960138300003],[4.900563638000051,52.36989527800006],[4.900972424000031,52.37025162500004],[4.901105677000032,52.37036778500004],[4.901148257000045,52.370404903000065],[4.901250692000076,52.37059499500003],[4.901278301000048,52.370646230000034],[4.901440507000075,52.37094724100007],[4.901604517000067,52.37125160100004],[4.901585816000022,52.37126455900005],[4.901411858000074,52.371385100000055],[4.901383424000073,52.371404803000075],[4.901196811000034,52.37153411300005],[4.901103951000039,52.37159845900004],[4.901002696000035,52.37166862200007],[4.900815373000057,52.371798425000065],[4.900458740000033,52.372045548000074],[4.900312611000061,52.37214680500006],[4.900206487000048,52.37222034200005],[4.899761531000024,52.37252866700004],[4.899254036000059,52.372880327000075],[4.899222040000041,52.37290249800003],[4.899112117000072,52.37297866700004],[4.898912099000029,52.373117266000065],[4.8988171730000545,52.37318304300004],[4.898225122000042,52.37359329600008],[4.8982035510000514,52.373608243000035],[4.898197614000026,52.373600586000066],[4.898105805000057,52.37348218100004],[4.8980582270000355,52.373239125000055],[4.897836020000057,52.372103967000044],[4.897727602000032,52.37155010600003],[4.897691491000046,52.37136562900008],[4.897669972000074,52.37125570000006],[4.897642215000076,52.37111389900008],[4.897599575000072,52.37089606900008],[4.897505095000042,52.370413410000026],[4.897489617000076,52.370334341000046],[4.897450109000033,52.370132512000055],[4.8975946630000635,52.36982627700007],[4.897658171000046,52.36969173700004],[4.897670643000026,52.36966531400003],[4.897675722000031,52.36965455500007],[4.897684669000057,52.36963560100003],[4.897693066000045,52.36961781300005],[4.89770767300007,52.369586869000045],[4.897812603000034,52.369364576000066],[4.898026869000034,52.36891065800006],[4.898124421000034,52.368941291000056]]]}},{"type":"Feature","properties":{"service_id":257,"population_total":1724.81,"thiessen_area_km2":0.1798},"geometry":{"type":"Polygon","coordinates":[[[4.896421928000052,52.36576330500003],[4.896449707000045,52.36580342900004],[4.896543389000044,52.365938742000026],[4.897079844000075,52.36671358800004],[4.897122325000055,52.36677494700007],[4.8972275210000475,52.36692689000006],[4.897255979000022,52.36696799400005],[4.89760760300004,52.367475874000036],[4.8976219290000245,52.367524899000045],[4.897677803000022,52.367716107000035],[4.8977590580000765,52.36799417100008],[4.897784247000061,52.368080371000076],[4.897872636000045,52.368382851000035],[4.897922207000022,52.36855249000007],[4.898002321000035,52.36882665100006],[4.898026869000034,52.36891065800006],[4.897812603000034,52.369364576000066],[4.89770767300007,52.369586869000045],[4.897693066000045,52.36961781300005],[4.897684669000057,52.36963560100003],[4.897675722000031,52.36965455500007],[4.897670643000026,52.36966531400003],[4.897658171000046,52.36969173700004],[4.8975946630000635,52.36982627700007],[4.897450109000033,52.370132512000055],[4.897333642000035,52.37017082600005],[4.897141219000048,52.37023412800005],[4.896004555000047,52.37060805700003],[4.895821707000039,52.37066820900003],[4.895717662000038,52.370702437000034],[4.895424071000036,52.37079902000005],[4.895419978000064,52.370800366000026],[4.8947922410000615,52.371006873000056],[4.894688159000054,52.37104111300005],[4.894429870000067,52.371126082000046],[4.894371849000038,52.371145169000044],[4.894165951000048,52.37121290300007],[4.893253486000049,52.37151307700003],[4.892674808000038,52.37170344500004],[4.892599609000058,52.37170536100007],[4.892423656000062,52.37135615500006],[4.892400869000028,52.37131093000005],[4.89223641600006,52.370984546000045],[4.892118679000021,52.370750877000035],[4.892013990000066,52.370543104000035],[4.891840026000068,52.370197844000074],[4.891834875000029,52.37018762100007],[4.891796449000026,52.37011135900008],[4.891620742000043,52.369762639000044],[4.891479558000071,52.369482436000055],[4.891318861000059,52.36916350700005],[4.891308515000048,52.369142973000066],[4.891270314000053,52.369067158000064],[4.891295318000061,52.369049328000074],[4.89140337300006,52.36897227400004],[4.891696576000072,52.368763192000074],[4.891793814000039,52.368693852000035],[4.891871439000056,52.36863849800005],[4.89192341100005,52.36860143700005],[4.891966895000053,52.368570429000044],[4.892373434000035,52.36828052800007],[4.892610844000046,52.36811123200005],[4.89266853700002,52.36807009200004],[4.893130322000047,52.36774079500003],[4.893420085000059,52.36753416600004],[4.893749413000023,52.367299323000054],[4.893871586000046,52.367212202000076],[4.893958981000026,52.367149881000046],[4.894148184000073,52.36701496100005],[4.894211637000069,52.36696971300006],[4.894550676000051,52.36672794500004],[4.894850402000031,52.36651421100004],[4.894953988000054,52.36644034500006],[4.895031546000041,52.36638503800003],[4.89516468100004,52.36629010000007],[4.895411993000039,52.36611374300003],[4.895447994000051,52.366088071000036],[4.895688644000074,52.365916464000065],[4.895749193000029,52.365873287000056],[4.895816761000049,52.365825104000066],[4.895908741000028,52.36575951400005],[4.89631259600003,52.36560538800006],[4.896421928000052,52.36576330500003]]]}},{"type":"Feature","properties":{"service_id":258,"population_total":362.54,"thiessen_area_km2":0.1605},"geometry":{"type":"Polygon","coordinates":[[[4.888320001000068,52.362714667000034],[4.888393551000036,52.36283247800003],[4.888398161000055,52.362839862000044],[4.888503038000067,52.363007854000045],[4.888517909000029,52.363049043000046],[4.888610886000038,52.36330656600006],[4.888615616000038,52.36331966600005],[4.8886644400000705,52.363454895000075],[4.888846502000035,52.363959159000046],[4.888876036000056,52.36404095900008],[4.888965466000059,52.36428865600004],[4.889005075000057,52.36439836300008],[4.88903337000005,52.36447673200007],[4.889094855000053,52.36464703000007],[4.8891079190000255,52.36468321500007],[4.889236801000038,52.365040184000065],[4.88925295100006,52.36508491500007],[4.889314082000055,52.36525423100005],[4.889351197000053,52.36535703000004],[4.889354532000027,52.36536626800006],[4.889459024000075,52.36565568200007],[4.889561364000031,52.365939137000055],[4.889577649000046,52.365984241000035],[4.889654397000072,52.366196813000045],[4.889668592000021,52.36623612900007],[4.889677672000062,52.36626127900007],[4.889689690000068,52.36629456700007],[4.889699285000063,52.36632114400004],[4.889707919000045,52.366345058000036],[4.889928760000032,52.36695672600007],[4.889982664000058,52.367106026000044],[4.890032886000029,52.36724512700005],[4.890181150000046,52.36765577700004],[4.890278824000063,52.36792630600007],[4.88971491500007,52.36789908600008],[4.889554202000056,52.36789132900003],[4.889130111000043,52.36787085800006],[4.8889634120000665,52.367862812000055],[4.888733956000067,52.367851736000034],[4.88854019300004,52.36784238300004],[4.887406171000066,52.36778764400003],[4.88739098700006,52.36778691100005],[4.887295104000032,52.367782283000054],[4.88719764700005,52.36777757900006],[4.886737936000031,52.36775538900008],[4.88622547500006,52.36773065300008],[4.886080885000069,52.36772367400005],[4.885984362000045,52.367719015000034],[4.8859313280000265,52.36771645500005],[4.88582991100003,52.36771156000003],[4.884672270000067,52.36765568000004],[4.884332205000021,52.36763926500004],[4.884287562000054,52.367435304000026],[4.884222524000052,52.367138167000064],[4.884187054000051,52.36697611300008],[4.884188726000048,52.36683639000006],[4.884188803000029,52.36682995900003],[4.884190432000025,52.366693887000054],[4.884191251000061,52.36662550800003],[4.884201186000041,52.36579558200003],[4.8842043780000495,52.36552895400007],[4.884204857000043,52.365488937000066],[4.884206610000035,52.365342533000046],[4.8842092940000725,52.36511836600005],[4.884479827000064,52.36493962600008],[4.884559336000052,52.36488709500003],[4.884720529000049,52.36478059500007],[4.884731564000049,52.36477330400004],[4.88488790100007,52.36467001300008],[4.884954601000061,52.36462594500006],[4.885414958000069,52.36432178900003],[4.8854169760000445,52.36432045600003],[4.885629803000029,52.364179842000055],[4.885850846000039,52.36403380000007],[4.885872353000025,52.364019590000055],[4.88607618900005,52.363884917000064],[4.8866367630000695,52.36359117400008],[4.886903988000029,52.363451147000035],[4.886975049000057,52.363413911000066],[4.886993406000045,52.36340429200004],[4.887184885000067,52.36330395600004],[4.888267309000071,52.362736761000065],[4.888317406000056,52.362710510000056],[4.888320001000068,52.362714667000034]]]}},{"type":"Feature","properties":{"service_id":259,"population_total":988.75,"thiessen_area_km2":0.1087},"geometry":{"type":"Polygon","coordinates":[[[4.884672270000067,52.36765568000004],[4.88582991100003,52.36771156000003],[4.8859313280000265,52.36771645500005],[4.885984362000045,52.367719015000034],[4.886080885000069,52.36772367400005],[4.88622547500006,52.36773065300008],[4.886737936000031,52.36775538900008],[4.88719764700005,52.36777757900006],[4.887295104000032,52.367782283000054],[4.88739098700006,52.36778691100005],[4.887406171000066,52.36778764400003],[4.88854019300004,52.36784238300004],[4.888733956000067,52.367851736000034],[4.8889634120000665,52.367862812000055],[4.889130111000043,52.36787085800006],[4.889554202000056,52.36789132900003],[4.88971491500007,52.36789908600008],[4.890278824000063,52.36792630600007],[4.890401010000062,52.36814032900003],[4.890469324000037,52.36825999000007],[4.890588356000023,52.368468488000076],[4.890592699000024,52.36847609600005],[4.890645796000058,52.36856910100005],[4.890745476000063,52.36874370400005],[4.890817904000073,52.36887057000007],[4.890203855000038,52.36920285700006],[4.890201624000042,52.36920406400003],[4.89010511400005,52.36925629000007],[4.889577576000022,52.36954176300003],[4.888845737000054,52.36993779100004],[4.888502516000074,52.37012352200003],[4.8883879600000455,52.37018551300008],[4.888262130000044,52.37025360500007],[4.887795960000062,52.370505868000066],[4.887644436000073,52.37058786400007],[4.887250188000053,52.370801207000056],[4.8870551020000335,52.37090677600003],[4.886907440000073,52.37098668200008],[4.886686174000033,52.37099986800007],[4.886386205000065,52.37101774300004],[4.885968579000064,52.371042630000034],[4.885850279000067,52.37085846300005],[4.88581904800003,52.370809843000075],[4.885603070000059,52.37047361000003],[4.885590490000027,52.37045402500007],[4.885507709000024,52.37032515300007],[4.885328863000041,52.370046727000044],[4.885154947000046,52.36977597600003],[4.884900921000053,52.36938051200008],[4.884853034000059,52.369305962000055],[4.884612102000062,52.36893088200003],[4.884474351000051,52.36871643400008],[4.884459755000023,52.36869371100005],[4.884420061000071,52.36863191600003],[4.884351042000048,52.36852446800003],[4.884342770000046,52.368135718000076],[4.884337163000055,52.36787224600005],[4.884332205000021,52.36763926500004],[4.884672270000067,52.36765568000004]]]}},{"type":"Feature","properties":{"service_id":260,"population_total":889.87,"thiessen_area_km2":0.0803},"geometry":{"type":"Polygon","coordinates":[[[4.884222524000052,52.367138167000064],[4.884287562000054,52.367435304000026],[4.884332205000021,52.36763926500004],[4.884337163000055,52.36787224600005],[4.884342770000046,52.368135718000076],[4.884351042000048,52.36852446800003],[4.884055768000053,52.368693145000066],[4.883646359000068,52.368927023000026],[4.883254868000051,52.36915066500006],[4.882801960000052,52.36940939200008],[4.882165051000072,52.36977323100007],[4.882157014000029,52.36977782200006],[4.881785929000046,52.36998980700008],[4.881745464000062,52.37001292300005],[4.880983177000076,52.37044838500003],[4.88054885400004,52.37069649500006],[4.880513834000055,52.37071650000007],[4.880498089000071,52.370725495000045],[4.880412154000055,52.37070733100006],[4.880404053000063,52.370705619000034],[4.880160165000063,52.37065406900007],[4.880079655000031,52.37063705200006],[4.879812021000021,52.370580483000026],[4.879782000000034,52.37048492200006],[4.87977746100006,52.37047047300007],[4.879752414000052,52.370390745000066],[4.8797183900000505,52.37028244100003],[4.87970647800006,52.37024452400004],[4.879662456000062,52.370104395000055],[4.87965407400003,52.37007771200007],[4.8796291490000385,52.369998373000044],[4.8796252420000314,52.36998593800007],[4.879587309000044,52.36986519200008],[4.879526413000065,52.36967135000003],[4.879333381000038,52.36905690100008],[4.8791475100000525,52.368465247000074],[4.8801910450000605,52.36815689300005],[4.880359074000069,52.368107242000065],[4.880536494000069,52.36805481600004],[4.880738091000069,52.36799524700007],[4.881024672000024,52.367910565000045],[4.881741042000044,52.36769888500004],[4.882319592000044,52.36752792900006],[4.883486333000064,52.36718316900004],[4.883939173000044,52.36704936000007],[4.884187054000051,52.36697611300008],[4.884222524000052,52.367138167000064]]]}},{"type":"Feature","properties":{"service_id":261,"population_total":1065.65,"thiessen_area_km2":0.0961},"geometry":{"type":"Polygon","coordinates":[[[4.884420061000071,52.36863191600003],[4.884459755000023,52.36869371100005],[4.884474351000051,52.36871643400008],[4.884612102000062,52.36893088200003],[4.884853034000059,52.369305962000055],[4.884900921000053,52.36938051200008],[4.885154947000046,52.36977597600003],[4.885328863000041,52.370046727000044],[4.885507709000024,52.37032515300007],[4.885590490000027,52.37045402500007],[4.885603070000059,52.37047361000003],[4.88581904800003,52.370809843000075],[4.885850279000067,52.37085846300005],[4.885968579000064,52.371042630000034],[4.885893149000026,52.37116649200004],[4.885870349000072,52.37120393100008],[4.885501306000037,52.371410300000036],[4.885337869000068,52.371501694000074],[4.884895373000063,52.37174913800004],[4.884824450000053,52.37178879800007],[4.883421361000046,52.37257340800005],[4.882988416000046,52.372815512000045],[4.882932294000057,52.372846896000055],[4.882658316000061,52.37300010400003],[4.882570500000043,52.37290763800007],[4.882380731000069,52.37270782100006],[4.881948855000076,52.37225307700004],[4.881670561000021,52.37196004800006],[4.881549851000045,52.37183294700003],[4.881396710000047,52.37167169800006],[4.881356917000062,52.37162979800007],[4.881340521000027,52.371612534000064],[4.8812147500000265,52.37148010300007],[4.881107912000061,52.37136760800007],[4.880748864000054,52.37098954800007],[4.880725154000061,52.370964583000045],[4.880715157000054,52.37095405700006],[4.880576315000042,52.37080786300004],[4.880498089000071,52.370725495000045],[4.880513834000055,52.37071650000007],[4.88054885400004,52.37069649500006],[4.880983177000076,52.37044838500003],[4.881745464000062,52.37001292300005],[4.881785929000046,52.36998980700008],[4.882157014000029,52.36977782200006],[4.882165051000072,52.36977323100007],[4.882801960000052,52.36940939200008],[4.883254868000051,52.36915066500006],[4.883646359000068,52.368927023000026],[4.884055768000053,52.368693145000066],[4.884351042000048,52.36852446800003],[4.884420061000071,52.36863191600003]]]}},{"type":"Feature","properties":{"service_id":262,"population_total":736.07,"thiessen_area_km2":0.0785},"geometry":{"type":"Polygon","coordinates":[[[4.88697000600007,52.37107311300008],[4.887322263000044,52.37155972700003],[4.8874105870000335,52.37168174000004],[4.887413474000027,52.371685728000045],[4.88747509500007,52.371770852000054],[4.887673481000036,52.37204490600004],[4.88803950700003,52.37255054100007],[4.888050408000026,52.37256560000003],[4.888613023000062,52.373342808000075],[4.8886235010000405,52.373357283000075],[4.888845571000047,52.37366405600005],[4.888919084000065,52.37376560900003],[4.889220604000059,52.37418213400008],[4.889382708000028,52.37440606800004],[4.889474614000051,52.37453302900008],[4.889503355000045,52.37457273200005],[4.889506551000068,52.37457714700008],[4.88935520800004,52.37481609400004],[4.889329242000031,52.374857089000045],[4.889257751000059,52.37490354700003],[4.889167506000035,52.374962192000055],[4.888648986000021,52.37529914900006],[4.888342726000076,52.37535788100007],[4.888247663000072,52.37537611100004],[4.888197681000065,52.37538569600008],[4.887911099000064,52.375440654000045],[4.887321601000053,52.37555370200005],[4.886711261000073,52.375670746000026],[4.8866392760000394,52.37550506300005],[4.886612563000028,52.375443579000034],[4.8864539010000385,52.37507840000006],[4.886152364000054,52.374384374000044],[4.88609655700003,52.374255926000046],[4.886083561000021,52.37422601500003],[4.886042093000071,52.37379405100006],[4.886021688000028,52.37358150000006],[4.886017107000043,52.37353378300003],[4.886016460000064,52.37352704400007],[4.886010432000035,52.373464253000066],[4.886008099000037,52.373439948000055],[4.885999435000031,52.37334969900007],[4.885978779000027,52.37313453500008],[4.8859537270000715,52.37268848100007],[4.885928146000026,52.37223300800008],[4.885926575000042,52.37220503400005],[4.885920338000062,52.37209399200003],[4.885898809000025,52.371710663000044],[4.885889432000056,52.37154370300004],[4.885878237000043,52.371344373000056],[4.885870349000072,52.37120393100008],[4.885893149000026,52.37116649200004],[4.885968579000064,52.371042630000034],[4.886386205000065,52.37101774300004],[4.886686174000033,52.37099986800007],[4.886907440000073,52.37098668200008],[4.88697000600007,52.37107311300008]]]}},{"type":"Feature","properties":{"service_id":263,"population_total":582.26,"thiessen_area_km2":0.0473},"geometry":{"type":"Polygon","coordinates":[[[4.885878237000043,52.371344373000056],[4.885889432000056,52.37154370300004],[4.885898809000025,52.371710663000044],[4.885920338000062,52.37209399200003],[4.885926575000042,52.37220503400005],[4.885928146000026,52.37223300800008],[4.8859537270000715,52.37268848100007],[4.885978779000027,52.37313453500008],[4.885609713000065,52.37332270700006],[4.885507877000066,52.37337462900007],[4.885264398000061,52.37349876900004],[4.884621107000044,52.373826757000074],[4.884508750000066,52.37388404300003],[4.884266338000032,52.37400763900007],[4.883927305000043,52.374180498000044],[4.8836571760000425,52.37431822600007],[4.883475487000055,52.37441086200005],[4.882994327000063,52.37446724800003],[4.882466416000057,52.37452911200006],[4.882483372000024,52.374394014000075],[4.882483579000052,52.37439236200004],[4.882502713000065,52.374239912000064],[4.8825291540000535,52.37402923600007],[4.882617157000027,52.373328049000065],[4.882658316000061,52.37300010400003],[4.882932294000057,52.372846896000055],[4.882988416000046,52.372815512000045],[4.883421361000046,52.37257340800005],[4.884824450000053,52.37178879800007],[4.884895373000063,52.37174913800004],[4.885337869000068,52.371501694000074],[4.885501306000037,52.371410300000036],[4.885870349000072,52.37120393100008],[4.885878237000043,52.371344373000056]]]}},{"type":"Feature","properties":{"service_id":264,"population_total":1120.58,"thiessen_area_km2":0.1251},"geometry":{"type":"Polygon","coordinates":[[[4.88609655700003,52.374255926000046],[4.886152364000054,52.374384374000044],[4.8864539010000385,52.37507840000006],[4.886612563000028,52.375443579000034],[4.8866392760000394,52.37550506300005],[4.886711261000073,52.375670746000026],[4.886656287000051,52.37574399400006],[4.8866522280000595,52.375749402000054],[4.886576519000073,52.37585027800003],[4.886438286000043,52.37603446300005],[4.886316127000043,52.37619723000006],[4.886109662000024,52.376472328000034],[4.886001251000039,52.37661677700004],[4.885733232000064,52.376973890000045],[4.8856560770000215,52.37707669300005],[4.885564890000069,52.37719819200004],[4.885520523000025,52.377257307000036],[4.88541397900002,52.37739926900008],[4.88505562000006,52.377876753000066],[4.885042398000053,52.37788412900005],[4.884820740000066,52.37800778900004],[4.88475509400007,52.378044412000065],[4.88452077200003,52.37817513700003],[4.884196210000027,52.378356205000046],[4.883966613000041,52.37848429400003],[4.883743869000057,52.37846722200004],[4.8835369770000625,52.37845136400006],[4.88263717600006,52.37838239800004],[4.882535070000074,52.37837457200004],[4.8824098120000485,52.37836497100005],[4.882316926000044,52.37835785200008],[4.881962301000044,52.37833067100007],[4.881811179000067,52.37831908800007],[4.8817181280000455,52.37831195600006],[4.8811013910000725,52.37826468600008],[4.8814081690000535,52.377425145000075],[4.881443501000035,52.377328454000065],[4.881495432000065,52.37718633900005],[4.88159919800006,52.37690237100003],[4.881642635000048,52.376783500000045],[4.881682129000069,52.37667541900004],[4.881805775000032,52.37633704400008],[4.881881142000054,52.37613079300007],[4.881933132000029,52.37598851700005],[4.882055869000055,52.37565263100004],[4.882073693000052,52.37560385300003],[4.8822005690000765,52.37525663900004],[4.882214978000036,52.37521720700005],[4.882227617000069,52.375182617000064],[4.882303997000065,52.37497359300005],[4.882337065000058,52.374883099000044],[4.882386452000048,52.374747944000035],[4.882466416000057,52.37452911200006],[4.882994327000063,52.37446724800003],[4.883475487000055,52.37441086200005],[4.883525954000049,52.374407285000075],[4.884025105000035,52.37437190800006],[4.884050366000054,52.37437011800006],[4.884822189000033,52.37431541500007],[4.885609541000065,52.37425961100007],[4.886083561000021,52.37422601500003],[4.88609655700003,52.374255926000046]]]}},{"type":"Feature","properties":{"service_id":265,"population_total":76.9,"thiessen_area_km2":0.0109},"geometry":{"type":"Polygon","coordinates":[[[4.885999435000031,52.37334969900007],[4.886008099000037,52.373439948000055],[4.886010432000035,52.373464253000066],[4.886016460000064,52.37352704400007],[4.886017107000043,52.37353378300003],[4.886021688000028,52.37358150000006],[4.886042093000071,52.37379405100006],[4.886083561000021,52.37422601500003],[4.885609541000065,52.37425961100007],[4.884822189000033,52.37431541500007],[4.884050366000054,52.37437011800006],[4.884025105000035,52.37437190800006],[4.883525954000049,52.374407285000075],[4.883475487000055,52.37441086200005],[4.8836571760000425,52.37431822600007],[4.883927305000043,52.374180498000044],[4.884266338000032,52.37400763900007],[4.884508750000066,52.37388404300003],[4.884621107000044,52.373826757000074],[4.885264398000061,52.37349876900004],[4.885507877000066,52.37337462900007],[4.885609713000065,52.37332270700006],[4.885978779000027,52.37313453500008],[4.885999435000031,52.37334969900007]]]}},{"type":"Feature","properties":{"service_id":266,"population_total":472.4,"thiessen_area_km2":0.0652},"geometry":{"type":"Polygon","coordinates":[[[4.888659443000051,52.37537675900006],[4.888662820000036,52.375401820000036],[4.888675387000035,52.37549508700005],[4.888681572000053,52.37554099100004],[4.888757005000059,52.37610084200003],[4.8887645720000705,52.376157000000035],[4.8887724310000635,52.376215331000026],[4.888780858000075,52.37627787400004],[4.888910509000027,52.377240122000046],[4.888941052000064,52.377466809000055],[4.888948277000054,52.37752043300003],[4.888972065000075,52.37769698200003],[4.8890269090000515,52.37810402000008],[4.888771528000063,52.37833505800006],[4.8883764800000336,52.378692450000074],[4.887243152000053,52.378414073000044],[4.8854336700000545,52.37796961300006],[4.88505562000006,52.377876753000066],[4.88541397900002,52.37739926900008],[4.885520523000025,52.377257307000036],[4.885564890000069,52.37719819200004],[4.8856560770000215,52.37707669300005],[4.885733232000064,52.376973890000045],[4.886001251000039,52.37661677700004],[4.886109662000024,52.376472328000034],[4.886316127000043,52.37619723000006],[4.886438286000043,52.37603446300005],[4.886576519000073,52.37585027800003],[4.8866522280000595,52.375749402000054],[4.886656287000051,52.37574399400006],[4.886711261000073,52.375670746000026],[4.887321601000053,52.37555370200005],[4.887911099000064,52.375440654000045],[4.888197681000065,52.37538569600008],[4.888247663000072,52.37537611100004],[4.888342726000076,52.37535788100007],[4.888648986000021,52.37529914900006],[4.888659443000051,52.37537675900006]]]}},{"type":"Feature","properties":{"service_id":267,"population_total":230.71,"thiessen_area_km2":0.0289},"geometry":{"type":"Polygon","coordinates":[[[4.889698749000047,52.37541047700006],[4.88997279900002,52.37582090600006],[4.890001836000067,52.37586439300003],[4.890048827000044,52.375934768000036],[4.890110185000026,52.376026661000026],[4.890378807000047,52.376428960000055],[4.890504298000053,52.376616899000055],[4.890292404000036,52.37709378100004],[4.889986425000075,52.37778240700004],[4.889847049000025,52.37809608200007],[4.88973687400005,52.37809714800005],[4.889641718000064,52.37809806900003],[4.8890269090000515,52.37810402000008],[4.888972065000075,52.37769698200003],[4.888948277000054,52.37752043300003],[4.888941052000064,52.377466809000055],[4.888910509000027,52.377240122000046],[4.888780858000075,52.37627787400004],[4.8887724310000635,52.376215331000026],[4.8887645720000705,52.376157000000035],[4.888757005000059,52.37610084200003],[4.888681572000053,52.37554099100004],[4.888675387000035,52.37549508700005],[4.888662820000036,52.375401820000036],[4.888659443000051,52.37537675900006],[4.888648986000021,52.37529914900006],[4.889167506000035,52.374962192000055],[4.889257751000059,52.37490354700003],[4.889329242000031,52.374857089000045],[4.889698749000047,52.37541047700006]]]}},{"type":"Feature","properties":{"service_id":268,"population_total":120.85,"thiessen_area_km2":0.033},"geometry":{"type":"Polygon","coordinates":[[[4.889670955000042,52.374501664000036],[4.889676472000076,52.37450491300007],[4.891052715000058,52.37531545200005],[4.891493202000049,52.375574877000076],[4.891686486000026,52.375688712000056],[4.89179081900005,52.37575015900006],[4.892314239000029,52.37605842700003],[4.892338405000032,52.376072660000034],[4.892781180000043,52.37633343200008],[4.892760620000047,52.37661412400007],[4.892733878000058,52.376979223000035],[4.89272118100007,52.37715257000008],[4.892696322000063,52.37749195200007],[4.892546093000021,52.37743198100003],[4.892343380000057,52.377351058000045],[4.89129728100005,52.376933457000064],[4.890504298000053,52.376616899000055],[4.890378807000047,52.376428960000055],[4.890110185000026,52.376026661000026],[4.890048827000044,52.375934768000036],[4.890001836000067,52.37586439300003],[4.88997279900002,52.37582090600006],[4.889698749000047,52.37541047700006],[4.889329242000031,52.374857089000045],[4.88935520800004,52.37481609400004],[4.889506551000068,52.37457714700008],[4.889556413000037,52.374550233000036],[4.8896592100000476,52.37449474700003],[4.889670955000042,52.374501664000036]]]}},{"type":"Feature","properties":{"service_id":269,"population_total":516.35,"thiessen_area_km2":0.0648},"geometry":{"type":"Polygon","coordinates":[[[4.892551011000023,52.371934284000076],[4.8925836290000575,52.37202434300008],[4.892704535000064,52.37235816400005],[4.892803020000031,52.37263008200006],[4.892815466000059,52.372664444000065],[4.893016123000052,52.373218457000064],[4.89314154300007,52.37356474000006],[4.893162362000055,52.37362222100006],[4.893173862000026,52.37365397100007],[4.893201272000056,52.373729651000076],[4.8932621030000405,52.37389760600007],[4.8934241490000545,52.374345015000074],[4.893537138000056,52.37465697600004],[4.89328036400002,52.37522641400005],[4.893205877000071,52.37539160100005],[4.893195601000059,52.37541438900007],[4.893124864000072,52.375571259000026],[4.893019214000049,52.37580555400007],[4.893009548000066,52.375826989000075],[4.892835676000061,52.376212578000036],[4.892781180000043,52.37633343200008],[4.892338405000032,52.376072660000034],[4.892314239000029,52.37605842700003],[4.89179081900005,52.37575015900006],[4.891686486000026,52.375688712000056],[4.891493202000049,52.375574877000076],[4.891052715000058,52.37531545200005],[4.889676472000076,52.37450491300007],[4.889670955000042,52.374501664000036],[4.8896592100000476,52.37449474700003],[4.889858975000038,52.374315746000036],[4.889919823000071,52.374261223000076],[4.890117934000045,52.37408370300005],[4.890143143000046,52.374061115000075],[4.890179745000069,52.37402831700007],[4.890253431000076,52.373962290000065],[4.8908871440000325,52.37339444600008],[4.891409712000041,52.37292619500005],[4.891487506000033,52.372856487000035],[4.89176926500005,52.372604014000046],[4.892183378000027,52.372232945000064],[4.892495002000032,52.37195371100006],[4.892537857000036,52.37191531000008],[4.89254260000007,52.37191106000006],[4.892551011000023,52.371934284000076]]]}},{"type":"Feature","properties":{"service_id":270,"population_total":1285.37,"thiessen_area_km2":0.1326},"geometry":{"type":"Polygon","coordinates":[[[4.891039735000049,52.36896696300005],[4.891239560000031,52.36905379400008],[4.891270314000053,52.369067158000064],[4.891308515000048,52.369142973000066],[4.891318861000059,52.36916350700005],[4.891479558000071,52.369482436000055],[4.891620742000043,52.369762639000044],[4.891796449000026,52.37011135900008],[4.891834875000029,52.37018762100007],[4.891840026000068,52.370197844000074],[4.892013990000066,52.370543104000035],[4.892118679000021,52.370750877000035],[4.89223641600006,52.370984546000045],[4.892400869000028,52.37131093000005],[4.892423656000062,52.37135615500006],[4.892599609000058,52.37170536100007],[4.89254260000007,52.37191106000006],[4.892537857000036,52.37191531000008],[4.892495002000032,52.37195371100006],[4.892183378000027,52.372232945000064],[4.89176926500005,52.372604014000046],[4.891487506000033,52.372856487000035],[4.891409712000041,52.37292619500005],[4.8908871440000325,52.37339444600008],[4.890253431000076,52.373962290000065],[4.890179745000069,52.37402831700007],[4.890143143000046,52.374061115000075],[4.890117934000045,52.37408370300005],[4.889919823000071,52.374261223000076],[4.889858975000038,52.374315746000036],[4.8896592100000476,52.37449474700003],[4.889556413000037,52.374550233000036],[4.889506551000068,52.37457714700008],[4.889503355000045,52.37457273200005],[4.889474614000051,52.37453302900008],[4.889382708000028,52.37440606800004],[4.889220604000059,52.37418213400008],[4.888919084000065,52.37376560900003],[4.888845571000047,52.37366405600005],[4.8886235010000405,52.373357283000075],[4.888613023000062,52.373342808000075],[4.888050408000026,52.37256560000003],[4.88803950700003,52.37255054100007],[4.887673481000036,52.37204490600004],[4.88747509500007,52.371770852000054],[4.887413474000027,52.371685728000045],[4.8874105870000335,52.37168174000004],[4.887322263000044,52.37155972700003],[4.88697000600007,52.37107311300008],[4.886907440000073,52.37098668200008],[4.8870551020000335,52.37090677600003],[4.887250188000053,52.370801207000056],[4.887644436000073,52.37058786400007],[4.887795960000062,52.370505868000066],[4.888262130000044,52.37025360500007],[4.8883879600000455,52.37018551300008],[4.888502516000074,52.37012352200003],[4.888845737000054,52.36993779100004],[4.889577576000022,52.36954176300003],[4.89010511400005,52.36925629000007],[4.890201624000042,52.36920406400003],[4.890203855000038,52.36920285700006],[4.890817904000073,52.36887057000007],[4.891039735000049,52.36896696300005]]]}},{"type":"Feature","properties":{"service_id":271,"population_total":263.67,"thiessen_area_km2":0.0465},"geometry":{"type":"Polygon","coordinates":[[[4.893494158000067,52.372083546000056],[4.893676423000045,52.37216810000007],[4.894033916000069,52.37233394300006],[4.894548937000025,52.37257286400006],[4.89461069500004,52.37260151400005],[4.89481685800007,52.372697154000036],[4.895250246000046,52.37289820500007],[4.8961393830000475,52.37331068100008],[4.895988550000027,52.37350950200005],[4.895712575000061,52.373873279000065],[4.895694486000025,52.37389712300006],[4.895502926000063,52.374149629000044],[4.895490387000052,52.37416615700005],[4.895432698000036,52.374242200000026],[4.895254845000068,52.37447663700004],[4.895245161000048,52.37448940200005],[4.895067180000069,52.374724008000044],[4.894992582000043,52.37482234000004],[4.894770805000064,52.37511467500008],[4.894485463000024,52.37500881100004],[4.893537138000056,52.37465697600004],[4.8934241490000545,52.374345015000074],[4.8932621030000405,52.37389760600007],[4.893201272000056,52.373729651000076],[4.893173862000026,52.37365397100007],[4.893162362000055,52.37362222100006],[4.89314154300007,52.37356474000006],[4.893016123000052,52.373218457000064],[4.892815466000059,52.372664444000065],[4.892803020000031,52.37263008200006],[4.892704535000064,52.37235816400005],[4.8925836290000575,52.37202434300008],[4.892551011000023,52.371934284000076],[4.89254260000007,52.37191106000006],[4.892599609000058,52.37170536100007],[4.892674808000038,52.37170344500004],[4.893494158000067,52.372083546000056]]]}},{"type":"Feature","properties":{"service_id":272,"population_total":505.36,"thiessen_area_km2":0.065},"geometry":{"type":"Polygon","coordinates":[[[4.8971471680000604,52.37339857400008],[4.897737361000054,52.37345004700006],[4.897964893000051,52.37346989100007],[4.898105805000057,52.37348218100004],[4.898197614000026,52.373600586000066],[4.8982035510000514,52.373608243000035],[4.898207822000074,52.37362397900006],[4.898338101000036,52.37410392100003],[4.898493372000075,52.37467593200006],[4.89853696800003,52.37483653700008],[4.898601100000064,52.37507279700003],[4.898633185000051,52.37519099500008],[4.898687374000076,52.37539062500008],[4.898804877000032,52.375823497000056],[4.898513317000038,52.37590621900006],[4.898233251000022,52.37598568000004],[4.898190708000072,52.37599775000007],[4.8969175920000225,52.37635896000006],[4.896491059000027,52.37647997700003],[4.896164333000058,52.37622066600005],[4.895498444000054,52.37569217400005],[4.895491667000044,52.375686795000036],[4.895330158000036,52.37555861200008],[4.894908515000054,52.375223970000036],[4.894770805000064,52.37511467500008],[4.894992582000043,52.37482234000004],[4.895067180000069,52.374724008000044],[4.895245161000048,52.37448940200005],[4.895254845000068,52.37447663700004],[4.895432698000036,52.374242200000026],[4.895490387000052,52.37416615700005],[4.895502926000063,52.374149629000044],[4.895694486000025,52.37389712300006],[4.895712575000061,52.373873279000065],[4.895988550000027,52.37350950200005],[4.8961393830000475,52.37331068100008],[4.8971471680000604,52.37339857400008]]]}},{"type":"Feature","properties":{"service_id":273,"population_total":483.39,"thiessen_area_km2":0.0638},"geometry":{"type":"Polygon","coordinates":[[[4.894485463000024,52.37500881100004],[4.894770805000064,52.37511467500008],[4.894908515000054,52.375223970000036],[4.895330158000036,52.37555861200008],[4.895491667000044,52.375686795000036],[4.895498444000054,52.37569217400005],[4.896164333000058,52.37622066600005],[4.896491059000027,52.37647997700003],[4.896246956000027,52.376760955000066],[4.896103922000066,52.376925596000035],[4.896045121000043,52.37699328000008],[4.895624456000064,52.37747749200008],[4.89518673200007,52.377981340000076],[4.894533369000044,52.37796685300003],[4.89436605100002,52.377963143000045],[4.893168895000031,52.377936599000066],[4.893139589000043,52.37791522200007],[4.892781360000072,52.37765391500005],[4.8927435460000765,52.377626332000034],[4.892696322000063,52.37749195200007],[4.89272118100007,52.37715257000008],[4.892733878000058,52.376979223000035],[4.892760620000047,52.37661412400007],[4.892781180000043,52.37633343200008],[4.892835676000061,52.376212578000036],[4.893009548000066,52.375826989000075],[4.893019214000049,52.37580555400007],[4.893124864000072,52.375571259000026],[4.893195601000059,52.37541438900007],[4.893205877000071,52.37539160100005],[4.89328036400002,52.37522641400005],[4.893537138000056,52.37465697600004],[4.894485463000024,52.37500881100004]]]}},{"type":"Feature","properties":{"service_id":274,"population_total":186.76,"thiessen_area_km2":0.064},"geometry":{"type":"Polygon","coordinates":[[[4.89436605100002,52.377963143000045],[4.894533369000044,52.37796685300003],[4.89518673200007,52.377981340000076],[4.895319075000032,52.37833559000006],[4.895355914000049,52.37843420000007],[4.895437955000034,52.378653805000056],[4.895408294000049,52.37879079700008],[4.895140625000067,52.380027049000034],[4.895136729000058,52.38004504100007],[4.895105251000075,52.38019042600007],[4.895028840000066,52.38054333800005],[4.895013192000022,52.38061560800003],[4.894947821000073,52.380917527000065],[4.894926549000047,52.38101577300006],[4.894899871000064,52.38113898700004],[4.894870813000068,52.38127319500006],[4.894859132000022,52.38132714300008],[4.894852855000067,52.381356132000064],[4.894798728000069,52.38160612100006],[4.894697446000066,52.38207390500003],[4.893206682000027,52.38211209200006],[4.892961263000075,52.382118379000076],[4.892970798000022,52.38192634600006],[4.893003484000076,52.38126803500006],[4.893010054000058,52.38113572000003],[4.893017905000022,52.380977607000034],[4.893018347000066,52.380968702000075],[4.893029335000051,52.380747400000075],[4.893049164000047,52.38034804000006],[4.893060017000039,52.38012945500003],[4.8930892120000635,52.37954145200007],[4.8930906810000465,52.37951187200008],[4.893124755000031,52.378825609000046],[4.893152813000029,52.378260502000046],[4.893168895000031,52.377936599000066],[4.89436605100002,52.377963143000045]]]}},{"type":"Feature","properties":{"service_id":275,"population_total":87.89,"thiessen_area_km2":0.0255},"geometry":{"type":"Polygon","coordinates":[[[4.89129728100005,52.376933457000064],[4.892343380000057,52.377351058000045],[4.892546093000021,52.37743198100003],[4.892696322000063,52.37749195200007],[4.8927435460000765,52.377626332000034],[4.8926279410000575,52.37770012200008],[4.892430533000038,52.37782612700005],[4.89233671300002,52.37788601200003],[4.891950483000073,52.37813254200006],[4.890967192000062,52.37876017500008],[4.8909294230000455,52.37878428300007],[4.890708189000065,52.37864361700008],[4.890660775000072,52.37861347000006],[4.889847049000025,52.37809608200007],[4.889986425000075,52.37778240700004],[4.890292404000036,52.37709378100004],[4.890504298000053,52.376616899000055],[4.89129728100005,52.376933457000064]]]}},{"type":"Feature","properties":{"service_id":276,"population_total":340.57,"thiessen_area_km2":0.0659},"geometry":{"type":"Polygon","coordinates":[[[4.892781360000072,52.37765391500005],[4.893139589000043,52.37791522200007],[4.893168895000031,52.377936599000066],[4.893152813000029,52.378260502000046],[4.893124755000031,52.378825609000046],[4.8930906810000465,52.37951187200008],[4.8930892120000635,52.37954145200007],[4.893060017000039,52.38012945500003],[4.893049164000047,52.38034804000006],[4.893029335000051,52.380747400000075],[4.893018347000066,52.380968702000075],[4.893017905000022,52.380977607000034],[4.893010054000058,52.38113572000003],[4.893003484000076,52.38126803500006],[4.892970798000022,52.38192634600006],[4.892961263000075,52.382118379000076],[4.8923498100000415,52.38241467300003],[4.892293418000065,52.38244199900004],[4.891976016000058,52.38215007500003],[4.891590583000038,52.38179558100006],[4.89149098200005,52.38170397500005],[4.890953873000058,52.38120998000005],[4.890520231000039,52.38081114700003],[4.890576989000067,52.380530005000026],[4.890634068000054,52.380247275000045],[4.890733953000051,52.37975251000006],[4.890745578000065,52.37969492600007],[4.890788187000055,52.37948387100005],[4.890840905000061,52.379222740000046],[4.8909294230000455,52.37878428300007],[4.890967192000062,52.37876017500008],[4.891950483000073,52.37813254200006],[4.89233671300002,52.37788601200003],[4.892430533000038,52.37782612700005],[4.8926279410000575,52.37770012200008],[4.8927435460000765,52.377626332000034],[4.892781360000072,52.37765391500005]]]}},{"type":"Feature","properties":{"service_id":277,"population_total":197.75,"thiessen_area_km2":0.154},"geometry":{"type":"Polygon","coordinates":[[[4.8963191550000715,52.379186692000076],[4.896426029000054,52.37925132200007],[4.896503482000071,52.379298160000076],[4.896859787000039,52.37951362800004],[4.897070728000074,52.37964119000003],[4.897316476000071,52.37978980100007],[4.89769874600006,52.38002097100008],[4.898383387000024,52.38043499300005],[4.898564811000028,52.380544705000034],[4.8992252690000555,52.38094410200006],[4.899524658000075,52.38112515100005],[4.89967544700005,52.38121633700007],[4.900780731000054,52.38188473400004],[4.9010712070000295,52.382060393000074],[4.901129832000038,52.38209584500004],[4.901188455000067,52.38213129600007],[4.901536760000056,52.38234192600004],[4.901584668000055,52.38237089800003],[4.901594941000042,52.38237711000005],[4.901655989000062,52.38241402800003],[4.901915335000069,52.38257086200008],[4.90247370000003,52.38290852100005],[4.9024771350000265,52.38291059800008],[4.902385600000059,52.38299069000004],[4.901965027000074,52.383358686000065],[4.901277308000033,52.38396043100005],[4.901076424000053,52.384136202000036],[4.90086731100007,52.38431917300005],[4.9007194620000405,52.38444853900006],[4.900596305000022,52.384399975000065],[4.90049562400003,52.38436027400007],[4.900365046000047,52.38430878400004],[4.9002524260000655,52.38426437500004],[4.89985835300007,52.38410898200004],[4.8997087820000615,52.38405000300003],[4.899592703000053,52.38400423000007],[4.899323837000054,52.38389820900005],[4.89890796800006,52.383734221000054],[4.898664627000073,52.38363826500006],[4.898664111000073,52.383638062000045],[4.898611696000046,52.383617393000065],[4.897934596000027,52.383350395000036],[4.8978886030000695,52.38333225900004],[4.897813473000042,52.38330263300003],[4.896711840000023,52.38286823100003],[4.896647372000075,52.38284281000006],[4.896120988000064,52.38263524400003],[4.895593080000026,52.382427076000056],[4.895315591000042,52.382317655000065],[4.894697446000066,52.38207390500003],[4.894798728000069,52.38160612100006],[4.894852855000067,52.381356132000064],[4.894859132000022,52.38132714300008],[4.894870813000068,52.38127319500006],[4.894899871000064,52.38113898700004],[4.894926549000047,52.38101577300006],[4.894947821000073,52.380917527000065],[4.895013192000022,52.38061560800003],[4.895028840000066,52.38054333800005],[4.895105251000075,52.38019042600007],[4.895136729000058,52.38004504100007],[4.895140625000067,52.380027049000034],[4.895408294000049,52.37879079700008],[4.895437955000034,52.378653805000056],[4.8963191550000715,52.379186692000076]]]}},{"type":"Feature","properties":{"service_id":278,"population_total":1241.43,"thiessen_area_km2":0.345},"geometry":{"type":"Polygon","coordinates":[[[4.895315591000042,52.382317655000065],[4.895593080000026,52.382427076000056],[4.896120988000064,52.38263524400003],[4.896647372000075,52.38284281000006],[4.896711840000023,52.38286823100003],[4.897813473000042,52.38330263300003],[4.8978886030000695,52.38333225900004],[4.897934596000027,52.383350395000036],[4.898611696000046,52.383617393000065],[4.898664111000073,52.383638062000045],[4.898664627000073,52.38363826500006],[4.89890796800006,52.383734221000054],[4.899323837000054,52.38389820900005],[4.899592703000053,52.38400423000007],[4.8997087820000615,52.38405000300003],[4.89985835300007,52.38410898200004],[4.9002524260000655,52.38426437500004],[4.900365046000047,52.38430878400004],[4.90049562400003,52.38436027400007],[4.900596305000022,52.384399975000065],[4.9007194620000405,52.38444853900006],[4.900604010000052,52.38467906800008],[4.900286747000052,52.38531256200008],[4.900034753000057,52.38581573100004],[4.89974608600005,52.38639212500004],[4.8992868160000285,52.38730917000004],[4.899192888000073,52.38749672000006],[4.89895105100004,52.387979607000034],[4.898698299000046,52.38820458200007],[4.898435970000037,52.38843808200005],[4.898262338000052,52.38859263200004],[4.89782991200002,52.38897753500004],[4.896731125000031,52.38995556700007],[4.8967105290000745,52.38994021000008],[4.895489062000024,52.38902948200007],[4.895372837000025,52.38894282500007],[4.8953172640000275,52.38890139000006],[4.894938144000037,52.38861871800003],[4.894755168000074,52.38848229100006],[4.894626211000059,52.38838614100007],[4.894599457000027,52.38836619300008],[4.893934565000052,52.38787044900005],[4.893734531000064,52.387721303000035],[4.893243569000049,52.38735524200007],[4.893148178000047,52.38728411800008],[4.892095200000028,52.38649901700006],[4.891881537000074,52.38633971000007],[4.891797525000072,52.38627707100005],[4.891638459000035,52.386158471000044],[4.89151939900006,52.386069700000064],[4.891473595000036,52.38603554900004],[4.891346411000029,52.385940720000065],[4.891357528000071,52.38553598300007],[4.891369955000073,52.38508355400006],[4.891371070000048,52.38504296800005],[4.891385684000056,52.384510945000045],[4.891549952000048,52.384136538000064],[4.8916401930000575,52.38393085800004],[4.89201216500004,52.383083043000056],[4.892168774000027,52.38272609300003],[4.892275062000067,52.38248383600006],[4.892293418000065,52.38244199900004],[4.8923498100000415,52.38241467300003],[4.892961263000075,52.382118379000076],[4.893206682000027,52.38211209200006],[4.894697446000066,52.38207390500003],[4.895315591000042,52.382317655000065]]]}},{"type":"Feature","properties":{"service_id":279,"population_total":1285.37,"thiessen_area_km2":0.1118},"geometry":{"type":"Polygon","coordinates":[[[4.887482496000075,52.38269202100008],[4.887704275000033,52.38279537200003],[4.888959569000065,52.383380352000074],[4.890510457000062,52.384103081000035],[4.891385684000056,52.384510945000045],[4.891371070000048,52.38504296800005],[4.891369955000073,52.38508355400006],[4.891357528000071,52.38553598300007],[4.891346411000029,52.385940720000065],[4.891107845000022,52.38605997900004],[4.890932808000059,52.386147479000044],[4.890881666000041,52.38617304500008],[4.890156802000035,52.38653540300004],[4.890121613000076,52.386552994000056],[4.8886336790000655,52.38729680800003],[4.887789231000056,52.38666767700005],[4.887294893000046,52.38629938400004],[4.887294650000058,52.38629920300008],[4.886858883000059,52.385974548000036],[4.886853852000058,52.385933152000064],[4.886746207000044,52.38504747500008],[4.8866910450000205,52.38459361400004],[4.886610491000056,52.38393083200003],[4.8865812060000735,52.38368987900003],[4.886563669000054,52.38354558900005],[4.886492798000063,52.38296247900007],[4.887152249000053,52.38272945800003],[4.887385766000023,52.382646944000044],[4.887482496000075,52.38269202100008]]]}},{"type":"Feature","properties":{"service_id":280,"population_total":2559.76,"thiessen_area_km2":0.5414},"geometry":{"type":"Polygon","coordinates":[[[4.887294650000058,52.38629920300008],[4.887294893000046,52.38629938400004],[4.887789231000056,52.38666767700005],[4.8886336790000655,52.38729680800003],[4.888520086000028,52.387739612000075],[4.888476539000067,52.38790936600003],[4.888445035000075,52.388032175000035],[4.8883895280000615,52.38824854900008],[4.888258110000038,52.38876083900004],[4.888034044000051,52.38963428300008],[4.888021841000068,52.38968185200008],[4.88791470700005,52.39009947900007],[4.88768710100004,52.39098672500006],[4.887618364000048,52.39125467400004],[4.887456891000056,52.39188412200008],[4.8873214170000665,52.392412223000065],[4.887300783000057,52.39249265600006],[4.887162466000063,52.39303183800007],[4.887090702000023,52.39331158400006],[4.886995768000077,52.393681654000034],[4.886300375000076,52.396392407000064],[4.886167535000027,52.39691023900008],[4.885988664000024,52.39691178100003],[4.885759000000064,52.396913761000064],[4.885345126000061,52.39691019300005],[4.885128214000076,52.39690458100006],[4.884931580000057,52.396899493000035],[4.884518692000029,52.39688166900004],[4.884106789000043,52.39685673500003],[4.883696198000052,52.39682471100008],[4.883287246000066,52.39678562300003],[4.882880257000068,52.39673950100007],[4.8827244720000635,52.39671905400007],[4.882475554000052,52.39668638200004],[4.882116120000035,52.39663268100003],[4.882073460000072,52.396626308000066],[4.88167429300006,52.39655932800008],[4.881278370000075,52.39648549300006],[4.8810110170000485,52.39643055300007],[4.880420913000023,52.395561685000075],[4.879690298000071,52.39448592900004],[4.8795870700000705,52.394333937000056],[4.879371383000034,52.39401636000008],[4.879618636000032,52.39315213300006],[4.879668331000062,52.39297843300005],[4.879685877000043,52.39291710500004],[4.87978245100004,52.39257954800007],[4.879902980000054,52.39215826100008],[4.880023588000029,52.391736697000056],[4.880254751000052,52.39092870800005],[4.880347939000046,52.39060298600003],[4.880645121000043,52.38956423900004],[4.880864067000061,52.38879895400004],[4.881013913000061,52.38827519400007],[4.881100451000066,52.387972716000036],[4.881216504000065,52.387901905000035],[4.881326460000025,52.387834815000076],[4.882610545000034,52.38705132100006],[4.882792013000028,52.387005327000054],[4.8834154680000665,52.38684730800003],[4.8847568850000584,52.38650731600006],[4.885571235000043,52.38630091300007],[4.885924097000043,52.386211477000074],[4.886263479000036,52.38612545800004],[4.886858883000059,52.385974548000036],[4.887294650000058,52.38629920300008]]]}},{"type":"Feature","properties":{"service_id":281,"population_total":362.54,"thiessen_area_km2":0.0722},"geometry":{"type":"Polygon","coordinates":[[[4.886492798000063,52.38296247900007],[4.886563669000054,52.38354558900005],[4.8865812060000735,52.38368987900003],[4.886610491000056,52.38393083200003],[4.8866910450000205,52.38459361400004],[4.886746207000044,52.38504747500008],[4.886853852000058,52.385933152000064],[4.886858883000059,52.385974548000036],[4.886263479000036,52.38612545800004],[4.885924097000043,52.386211477000074],[4.885571235000043,52.38630091300007],[4.8847568850000584,52.38650731600006],[4.8834154680000665,52.38684730800003],[4.882792013000028,52.387005327000054],[4.882610545000034,52.38705132100006],[4.882659821000061,52.38696185500004],[4.882862870000054,52.38659319300007],[4.883292592000032,52.38581298100007],[4.8833636760000445,52.385683920000076],[4.883505225000022,52.38542692000004],[4.88351939000006,52.385401201000036],[4.883581941000045,52.38528763200003],[4.883783159000075,52.38492229600007],[4.884309392000034,52.38396685600003],[4.8844232300000385,52.38376017000007],[4.884552968000037,52.383524615000056],[4.884662006000042,52.38348953000008],[4.884925550000048,52.38340472900006],[4.88518669900003,52.38332069900008],[4.885423843000069,52.38324439300004],[4.8864192410000555,52.38292410300005],[4.886492798000063,52.38296247900007]]]}},{"type":"Feature","properties":{"service_id":282,"population_total":1538.05,"thiessen_area_km2":0.1497},"geometry":{"type":"Polygon","coordinates":[[[4.8817181280000455,52.37831195600006],[4.881811179000067,52.37831908800007],[4.881962301000044,52.37833067100007],[4.882316926000044,52.37835785200008],[4.8824098120000485,52.37836497100005],[4.882535070000074,52.37837457200004],[4.88263717600006,52.37838239800004],[4.8835369770000625,52.37845136400006],[4.883743869000057,52.37846722200004],[4.883966613000041,52.37848429400003],[4.884059215000036,52.37861014200007],[4.884136265000052,52.378714854000066],[4.884161994000067,52.37874982000005],[4.884283008000068,52.37897360900007],[4.88428945000004,52.37898552200005],[4.8845993630000635,52.37955863700006],[4.8847629210000605,52.37986110200006],[4.885085009000022,52.380456733000074],[4.885158650000051,52.38059291600007],[4.885295150000047,52.38084534400008],[4.885328038000068,52.38090616200003],[4.8853516940000645,52.38094990900004],[4.8855010810000294,52.38122616800007],[4.885742876000052,52.38167331400007],[4.886225597000021,52.38256600100004],[4.88629454900007,52.38269351300005],[4.886352006000038,52.38279976700005],[4.8864192410000555,52.38292410300005],[4.885423843000069,52.38324439300004],[4.88518669900003,52.38332069900008],[4.884925550000048,52.38340472900006],[4.884662006000042,52.38348953000008],[4.884552968000037,52.383524615000056],[4.884135644000025,52.38329306000003],[4.883281588000045,52.38281918300004],[4.883072785000024,52.38270332800005],[4.882786590000023,52.382544531000065],[4.882157127000028,52.38219527000007],[4.882010133000051,52.382113710000056],[4.881954758000063,52.38208298500007],[4.881783293000069,52.38198784700006],[4.881513188000042,52.38183797800008],[4.880727489000037,52.38140202900007],[4.880699887000048,52.381225854000036],[4.880664861000071,52.38100228800005],[4.880474537000055,52.379787504000035],[4.880458691000058,52.379686365000055],[4.880437598000071,52.379551735000064],[4.880424996000045,52.37947130200007],[4.880366069000047,52.37909519100003],[4.8803554600000325,52.379027474000054],[4.88029171900007,52.37862063500006],[4.880290072000037,52.37861012500008],[4.88028659400004,52.37858792700007],[4.8811013910000725,52.37826468600008],[4.8817181280000455,52.37831195600006]]]}},{"type":"Feature","properties":{"service_id":283,"population_total":351.55,"thiessen_area_km2":0.0829},"geometry":{"type":"Polygon","coordinates":[[[4.889632384000038,52.38071589400005],[4.890520231000039,52.38081114700003],[4.890953873000058,52.38120998000005],[4.89149098200005,52.38170397500005],[4.891590583000038,52.38179558100006],[4.891976016000058,52.38215007500003],[4.892293418000065,52.38244199900004],[4.892275062000067,52.38248383600006],[4.892168774000027,52.38272609300003],[4.89201216500004,52.383083043000056],[4.8916401930000575,52.38393085800004],[4.891549952000048,52.384136538000064],[4.891385684000056,52.384510945000045],[4.890510457000062,52.384103081000035],[4.888959569000065,52.383380352000074],[4.887704275000033,52.38279537200003],[4.887482496000075,52.38269202100008],[4.887385766000023,52.382646944000044],[4.887423689000059,52.382595682000044],[4.887431482000068,52.38258514800003],[4.887548309000067,52.38242722800004],[4.887886195000021,52.38197049400003],[4.888027532000024,52.38177944300003],[4.888413653000043,52.38125750700004],[4.888697807000028,52.380873405000045],[4.889008387000047,52.380648948000044],[4.889632384000038,52.38071589400005]]]}},{"type":"Feature","properties":{"service_id":284,"population_total":461.42,"thiessen_area_km2":0.0589},"geometry":{"type":"Polygon","coordinates":[[[4.884260053000048,52.378795730000036],[4.884334208000041,52.37883044800003],[4.884399869000049,52.37886118900008],[4.884627159000047,52.378967602000046],[4.885270215000048,52.379268669000055],[4.886212736000061,52.379709940000055],[4.886341900000048,52.37977041200003],[4.887781923000034,52.38044460500004],[4.888554318000047,52.38080622600006],[4.888697807000028,52.380873405000045],[4.888413653000043,52.38125750700004],[4.888027532000024,52.38177944300003],[4.887886195000021,52.38197049400003],[4.887548309000067,52.38242722800004],[4.887431482000068,52.38258514800003],[4.887423689000059,52.382595682000044],[4.887385766000023,52.382646944000044],[4.887152249000053,52.38272945800003],[4.886492798000063,52.38296247900007],[4.8864192410000555,52.38292410300005],[4.886352006000038,52.38279976700005],[4.88629454900007,52.38269351300005],[4.886225597000021,52.38256600100004],[4.885742876000052,52.38167331400007],[4.8855010810000294,52.38122616800007],[4.8853516940000645,52.38094990900004],[4.885328038000068,52.38090616200003],[4.885295150000047,52.38084534400008],[4.885158650000051,52.38059291600007],[4.885085009000022,52.380456733000074],[4.8847629210000605,52.37986110200006],[4.8845993630000635,52.37955863700006],[4.88428945000004,52.37898552200005],[4.884283008000068,52.37897360900007],[4.884161994000067,52.37874982000005],[4.884260053000048,52.378795730000036]]]}},{"type":"Feature","properties":{"service_id":285,"population_total":362.54,"thiessen_area_km2":0.053},"geometry":{"type":"Polygon","coordinates":[[[4.8854336700000545,52.37796961300006],[4.887243152000053,52.378414073000044],[4.8883764800000336,52.378692450000074],[4.888507981000032,52.379099600000075],[4.888560203000054,52.379261288000066],[4.888790521000033,52.379974394000044],[4.888802941000051,52.38001284900008],[4.888904103000073,52.38032606500008],[4.88899992000006,52.38062273300005],[4.889008387000047,52.380648948000044],[4.888697807000028,52.380873405000045],[4.888554318000047,52.38080622600006],[4.887781923000034,52.38044460500004],[4.886341900000048,52.37977041200003],[4.886212736000061,52.379709940000055],[4.885270215000048,52.379268669000055],[4.884627159000047,52.378967602000046],[4.884399869000049,52.37886118900008],[4.884334208000041,52.37883044800003],[4.884260053000048,52.378795730000036],[4.884161994000067,52.37874982000005],[4.884136265000052,52.378714854000066],[4.884059215000036,52.37861014200007],[4.883966613000041,52.37848429400003],[4.884196210000027,52.378356205000046],[4.88452077200003,52.37817513700003],[4.88475509400007,52.378044412000065],[4.884820740000066,52.37800778900004],[4.885042398000053,52.37788412900005],[4.88505562000006,52.377876753000066],[4.8854336700000545,52.37796961300006]]]}},{"type":"Feature","properties":{"service_id":286,"population_total":241.69,"thiessen_area_km2":0.0387},"geometry":{"type":"Polygon","coordinates":[[[4.890660775000072,52.37861347000006],[4.890708189000065,52.37864361700008],[4.8909294230000455,52.37878428300007],[4.890840905000061,52.379222740000046],[4.890788187000055,52.37948387100005],[4.890745578000065,52.37969492600007],[4.890733953000051,52.37975251000006],[4.890634068000054,52.380247275000045],[4.890576989000067,52.380530005000026],[4.890520231000039,52.38081114700003],[4.889632384000038,52.38071589400005],[4.889008387000047,52.380648948000044],[4.88899992000006,52.38062273300005],[4.888904103000073,52.38032606500008],[4.888802941000051,52.38001284900008],[4.888790521000033,52.379974394000044],[4.888560203000054,52.379261288000066],[4.888507981000032,52.379099600000075],[4.8883764800000336,52.378692450000074],[4.888771528000063,52.37833505800006],[4.8890269090000515,52.37810402000008],[4.889641718000064,52.37809806900003],[4.88973687400005,52.37809714800005],[4.889847049000025,52.37809608200007],[4.890660775000072,52.37861347000006]]]}},{"type":"Feature","properties":{"service_id":287,"population_total":1076.64,"thiessen_area_km2":0.2458},"geometry":{"type":"Polygon","coordinates":[[[4.87810025400006,52.377965661000076],[4.878762535000021,52.37815415600005],[4.8796884990000535,52.37841770000006],[4.880095809000068,52.37853362700008],[4.880168065000021,52.37855419200008],[4.88028659400004,52.37858792700007],[4.880290072000037,52.37861012500008],[4.88029171900007,52.37862063500006],[4.8803554600000325,52.379027474000054],[4.880366069000047,52.37909519100003],[4.880424996000045,52.37947130200007],[4.880437598000071,52.379551735000064],[4.880458691000058,52.379686365000055],[4.880474537000055,52.379787504000035],[4.880664861000071,52.38100228800005],[4.880699887000048,52.381225854000036],[4.880727489000037,52.38140202900007],[4.88070639700004,52.381603529000074],[4.880639013000064,52.382247274000065],[4.88063862000007,52.38225102900003],[4.880621440000027,52.38241515400006],[4.880611422000072,52.382510859000035],[4.880581352000036,52.38279813200006],[4.880580278000025,52.38280838900005],[4.880567661000043,52.38292893000005],[4.88053846400004,52.38320786200006],[4.880519873000026,52.383385470000064],[4.880505137000057,52.38352625400006],[4.880455012000027,52.384005125000044],[4.880445338000072,52.38409754200006],[4.880355845000054,52.38495251400008],[4.880346173000021,52.38504491300006],[4.880339762000062,52.38510615600006],[4.87975100400007,52.384956223000074],[4.879689363000068,52.38494052500005],[4.879347928000072,52.38485357500008],[4.878282458000058,52.38458224100003],[4.8780163170000606,52.38451446500005],[4.877973327000063,52.38450351700004],[4.877351599000065,52.384345187000065],[4.875824188000024,52.38395621400008],[4.875500849000048,52.38387387200004],[4.874882761000038,52.382181271000036],[4.874797274000059,52.381947170000046],[4.8747110100000555,52.38171094100005],[4.874624866000033,52.381475042000034],[4.874579038000036,52.381349545000035],[4.8745544060000725,52.38128209200005],[4.874561534000065,52.38126141600003],[4.874674665000043,52.38093324100004],[4.874811175000048,52.380537246000074],[4.874833448000061,52.38047263400006],[4.874955474000046,52.38011865700008],[4.875025468000047,52.37991561600006],[4.8750375570000415,52.37988054900006],[4.875070466000068,52.37978508400005],[4.875089762000073,52.37972911000003],[4.875234654000053,52.37964285000004],[4.875400039000056,52.379544390000035],[4.875521253000045,52.379472227000065],[4.875943735000021,52.37922070700006],[4.876204243000075,52.37906561700004],[4.87623813600004,52.37904543900004],[4.876391387000069,52.378954203000035],[4.876507539000045,52.37888505300003],[4.876605024000071,52.37882701600006],[4.876809752000042,52.37870513300004],[4.877077814000074,52.378545545000065],[4.8771476100000655,52.37850399300004],[4.877378720000024,52.378366404000076],[4.877910599000074,52.37804975600005],[4.877947436000056,52.37802782500006],[4.878067509000061,52.37795634100007],[4.87810025400006,52.377965661000076]]]}},{"type":"Feature","properties":{"service_id":288,"population_total":417.47,"thiessen_area_km2":0.1205},"geometry":{"type":"Polygon","coordinates":[[[4.881513188000042,52.38183797800008],[4.881783293000069,52.38198784700006],[4.881954758000063,52.38208298500007],[4.882010133000051,52.382113710000056],[4.882157127000028,52.38219527000007],[4.882786590000023,52.382544531000065],[4.883072785000024,52.38270332800005],[4.883281588000045,52.38281918300004],[4.884135644000025,52.38329306000003],[4.884552968000037,52.383524615000056],[4.8844232300000385,52.38376017000007],[4.884309392000034,52.38396685600003],[4.883783159000075,52.38492229600007],[4.883581941000045,52.38528763200003],[4.88351939000006,52.385401201000036],[4.883505225000022,52.38542692000004],[4.8833636760000445,52.385683920000076],[4.883292592000032,52.38581298100007],[4.882862870000054,52.38659319300007],[4.882659821000061,52.38696185500004],[4.882610545000034,52.38705132100006],[4.881326460000025,52.387834815000076],[4.881216504000065,52.387901905000035],[4.881100451000066,52.387972716000036],[4.881070287000057,52.387859046000074],[4.880979726000021,52.38751777900006],[4.880949127000065,52.387402472000076],[4.880808779000063,52.38687358800007],[4.88062891900006,52.386195807000036],[4.880612202000066,52.38613281200003],[4.880339762000062,52.38510615600006],[4.880346173000021,52.38504491300006],[4.880355845000054,52.38495251400008],[4.880445338000072,52.38409754200006],[4.880455012000027,52.384005125000044],[4.880505137000057,52.38352625400006],[4.880519873000026,52.383385470000064],[4.88053846400004,52.38320786200006],[4.880567661000043,52.38292893000005],[4.880580278000025,52.38280838900005],[4.880581352000036,52.38279813200006],[4.880611422000072,52.382510859000035],[4.880621440000027,52.38241515400006],[4.88063862000007,52.38225102900003],[4.880639013000064,52.382247274000065],[4.88070639700004,52.381603529000074],[4.880727489000037,52.38140202900007],[4.881513188000042,52.38183797800008]]]}},{"type":"Feature","properties":{"service_id":289,"population_total":1779.74,"thiessen_area_km2":0.3588},"geometry":{"type":"Polygon","coordinates":[[[4.875824188000024,52.38395621400008],[4.877351599000065,52.384345187000065],[4.877973327000063,52.38450351700004],[4.8780163170000606,52.38451446500005],[4.878282458000058,52.38458224100003],[4.879347928000072,52.38485357500008],[4.879689363000068,52.38494052500005],[4.87975100400007,52.384956223000074],[4.880339762000062,52.38510615600006],[4.880612202000066,52.38613281200003],[4.88062891900006,52.386195807000036],[4.880808779000063,52.38687358800007],[4.880949127000065,52.387402472000076],[4.880979726000021,52.38751777900006],[4.881070287000057,52.387859046000074],[4.881100451000066,52.387972716000036],[4.881013913000061,52.38827519400007],[4.880864067000061,52.38879895400004],[4.880645121000043,52.38956423900004],[4.880347939000046,52.39060298600003],[4.880254751000052,52.39092870800005],[4.880023588000029,52.391736697000056],[4.879902980000054,52.39215826100008],[4.87978245100004,52.39257954800007],[4.879685877000043,52.39291710500004],[4.879668331000062,52.39297843300005],[4.879618636000032,52.39315213300006],[4.879371383000034,52.39401636000008],[4.878030196000054,52.39337913500003],[4.877682278000066,52.39321383200007],[4.875965737000058,52.39239826800008],[4.875772251000058,52.39217681800005],[4.8752887910000595,52.391623483000046],[4.875157220000062,52.39147289600004],[4.874976854000067,52.39126646100004],[4.874405239000055,52.390612231000034],[4.874393189000045,52.390598440000076],[4.874560590000044,52.389582156000074],[4.874580752000043,52.38945975400003],[4.874606891000042,52.38930106400005],[4.874638122000022,52.38911145900005],[4.874664062000022,52.38895397700003],[4.87485255100006,52.387809668000045],[4.874971182000024,52.38708946400004],[4.8751677090000385,52.38589635500006],[4.875189284000044,52.38576537400007],[4.875257096000041,52.385353689000056],[4.875320802000033,52.384966933000044],[4.8753465250000545,52.38481076800008],[4.875379787000043,52.38460883700003],[4.875383149000072,52.38458842500006],[4.875500849000048,52.38387387200004],[4.875824188000024,52.38395621400008]]]}},{"type":"Feature","properties":{"service_id":290,"population_total":1658.9,"thiessen_area_km2":0.265},"geometry":{"type":"Polygon","coordinates":[[[4.874579038000036,52.381349545000035],[4.874624866000033,52.381475042000034],[4.8747110100000555,52.38171094100005],[4.874797274000059,52.381947170000046],[4.874882761000038,52.382181271000036],[4.875500849000048,52.38387387200004],[4.875383149000072,52.38458842500006],[4.875379787000043,52.38460883700003],[4.8753465250000545,52.38481076800008],[4.875320802000033,52.384966933000044],[4.875257096000041,52.385353689000056],[4.875189284000044,52.38576537400007],[4.8751677090000385,52.38589635500006],[4.874971182000024,52.38708946400004],[4.87485255100006,52.387809668000045],[4.874664062000022,52.38895397700003],[4.874638122000022,52.38911145900005],[4.874606891000042,52.38930106400005],[4.874580752000043,52.38945975400003],[4.874560590000044,52.389582156000074],[4.874393189000045,52.390598440000076],[4.873316654000064,52.38998272200007],[4.872964859000035,52.38978151500004],[4.872651866000069,52.38960250100007],[4.872448372000065,52.38948611400008],[4.871887356000059,52.389165244000026],[4.871131492000075,52.38873293200004],[4.8711153740000555,52.38872371300005],[4.870678544000043,52.38847387000004],[4.869845165000072,52.38799722400006],[4.869681353000033,52.38790353300004],[4.869673209000041,52.387898875000076],[4.8696970050000346,52.38728035300005],[4.869700003000048,52.387202441000056],[4.869748000000072,52.38595487200007],[4.869776687000069,52.38520924000005],[4.869805648000067,52.38445646000008],[4.869808585000044,52.38438012300003],[4.869839687000024,52.384354579000046],[4.869863510000073,52.384339054000066],[4.870326703000046,52.38403720100007],[4.870757144000038,52.38375669100003],[4.870772394000028,52.38374675300008],[4.871756134000066,52.38310567000008],[4.872593674000029,52.38255986200005],[4.872724958000049,52.38247430700005],[4.872772283000074,52.38244346600004],[4.873324786000069,52.38208341100005],[4.874368527000058,52.38140322600003],[4.8745544060000725,52.38128209200005],[4.874579038000036,52.381349545000035]]]}},{"type":"Feature","properties":{"service_id":291,"population_total":922.83,"thiessen_area_km2":0.1261},"geometry":{"type":"Polygon","coordinates":[[[4.872466583000062,52.37850780000008],[4.872795146000044,52.37866077400008],[4.872938446000035,52.37872749200005],[4.873643939000033,52.37905595800004],[4.873728527000026,52.37909534100004],[4.8743232670000225,52.379372242000045],[4.874832045000062,52.379609121000044],[4.87490673800005,52.37964389700005],[4.875062857000046,52.37971658300006],[4.875089762000073,52.37972911000003],[4.875070466000068,52.37978508400005],[4.8750375570000415,52.37988054900006],[4.875025468000047,52.37991561600006],[4.874955474000046,52.38011865700008],[4.874833448000061,52.38047263400006],[4.874811175000048,52.380537246000074],[4.874674665000043,52.38093324100004],[4.874561534000065,52.38126141600003],[4.8745544060000725,52.38128209200005],[4.874368527000058,52.38140322600003],[4.873324786000069,52.38208341100005],[4.872772283000074,52.38244346600004],[4.872724958000049,52.38247430700005],[4.872593674000029,52.38255986200005],[4.871756134000066,52.38310567000008],[4.870772394000028,52.38374675300008],[4.870757144000038,52.38375669100003],[4.870326703000046,52.38403720100007],[4.869863510000073,52.384339054000066],[4.869839687000024,52.384354579000046],[4.869848768000054,52.38430091600003],[4.869881719000034,52.38410620600007],[4.869950837000033,52.38369778200007],[4.8700008550000575,52.383402224000065],[4.870265922000044,52.381835918000036],[4.870300677000046,52.38163054700004],[4.870601516000022,52.37985285800005],[4.870652837000023,52.37954959900003],[4.870703754000033,52.37924872600007],[4.870713153000054,52.379193188000045],[4.87077143700003,52.37884878400007],[4.8711685820000525,52.37876188000007],[4.87123007200006,52.378748425000026],[4.871331799000075,52.378726165000046],[4.871507026000074,52.37868782100003],[4.8721268230000305,52.378552196000044],[4.872170014000062,52.37854274500006],[4.872392698000056,52.37849401600005],[4.872422820000054,52.37848742500006],[4.872466583000062,52.37850780000008]]]}},{"type":"Feature","properties":{"service_id":292,"population_total":878.89,"thiessen_area_km2":0.1342},"geometry":{"type":"Polygon","coordinates":[[[4.870635501000038,52.37382125000005],[4.870765137000035,52.374159692000035],[4.870941817000073,52.37462095200004],[4.871175015000063,52.37522976400004],[4.871402907000061,52.37582472400004],[4.871448654000062,52.37594415500007],[4.871549379000044,52.37620711900007],[4.871594895000044,52.376325948000044],[4.871663824000052,52.37650590100003],[4.87173003700002,52.376678764000076],[4.871744554000031,52.37671666500006],[4.871830698000053,52.37694156200007],[4.871886112000027,52.37708623100008],[4.8719505460000505,52.377254451000056],[4.871953651000069,52.37726255900003],[4.871987484000044,52.377350886000045],[4.872212794000063,52.37793910700003],[4.872369707000075,52.37834876100004],[4.872422820000054,52.37848742500006],[4.872392698000056,52.37849401600005],[4.872170014000062,52.37854274500006],[4.8721268230000305,52.378552196000044],[4.871507026000074,52.37868782100003],[4.871331799000075,52.378726165000046],[4.87123007200006,52.378748425000026],[4.8711685820000525,52.37876188000007],[4.87077143700003,52.37884878400007],[4.870567620000031,52.37885298000003],[4.870172134000029,52.37886112100006],[4.8701207910000335,52.37886217800008],[4.86912508100005,52.37888267500006],[4.869097471000032,52.378883243000075],[4.868431065000038,52.378896962000056],[4.868323386000043,52.37889917900003],[4.8671103300000595,52.378924151000035],[4.866966206000029,52.378927118000036],[4.866847786000051,52.378832672000044],[4.866371546000039,52.37845284400004],[4.866625734000024,52.37813061500003],[4.866682466000043,52.37805869700003],[4.866900291000036,52.37778256300004],[4.866944668000031,52.377726307000046],[4.867371478000052,52.37718524700006],[4.867446745000052,52.37708983200008],[4.867562369000041,52.37694325800004],[4.867655651000064,52.37682500600005],[4.8677173040000525,52.37674684900003],[4.867787086000021,52.37665838700008],[4.867895817000033,52.376520550000066],[4.868208223000067,52.37612451800004],[4.868222532000061,52.37610637900008],[4.868541181000069,52.37570243300007],[4.868852781000044,52.37530742300004],[4.868921133000072,52.37522077400007],[4.869520162000072,52.374461394000036],[4.869659668000054,52.37428454500008],[4.869666406000022,52.37427600400008],[4.869927496000059,52.37394502500007],[4.869953706000047,52.37391179900004],[4.869979828000055,52.37387868400003],[4.870109932000048,52.37371375400005],[4.870158831000026,52.37365176600008],[4.870435998000062,52.373300406000055],[4.870635501000038,52.37382125000005]]]}},{"type":"Feature","properties":{"service_id":293,"population_total":1900.59,"thiessen_area_km2":0.2605},"geometry":{"type":"Polygon","coordinates":[[[4.872217784000043,52.372520475000044],[4.872801170000059,52.372725081000056],[4.8736601800000585,52.37302635400005],[4.874069690000056,52.37316997800008],[4.8741346530000556,52.37319276200003],[4.874393836000024,52.37334235000003],[4.874697439000045,52.37351757500005],[4.874786853000046,52.37356918000006],[4.8758218930000226,52.374166554000055],[4.87596000800005,52.374246267000046],[4.876121107000074,52.374339245000044],[4.876414720000071,52.37450870400005],[4.876539328000035,52.374580621000064],[4.876554105000025,52.37458915000008],[4.876685484000063,52.374664976000076],[4.876749227000062,52.374701765000054],[4.8767541070000675,52.37470458200005],[4.876760040000022,52.37470800600005],[4.8768396940000684,52.37475397800006],[4.876933658000041,52.37480820900004],[4.877033218000065,52.37486567000008],[4.877033317000041,52.37486596700006],[4.877052481000021,52.37492323300006],[4.87712728200006,52.37514675400007],[4.877293541000029,52.375643568000044],[4.877353535000054,52.37582284300004],[4.877485676000049,52.376217706000034],[4.877575972000045,52.37648752900003],[4.877685229000065,52.37681401000003],[4.877703079000071,52.376867351000044],[4.87773390600006,52.37695946800005],[4.877786898000068,52.377117818000045],[4.877789906000032,52.377126806000035],[4.87780882200002,52.37718333000004],[4.87788572300002,52.37741312600008],[4.878067509000061,52.37795634100007],[4.877947436000056,52.37802782500006],[4.877910599000074,52.37804975600005],[4.877378720000024,52.378366404000076],[4.8771476100000655,52.37850399300004],[4.877077814000074,52.378545545000065],[4.876809752000042,52.37870513300004],[4.876605024000071,52.37882701600006],[4.876507539000045,52.37888505300003],[4.876391387000069,52.378954203000035],[4.87623813600004,52.37904543900004],[4.876204243000075,52.37906561700004],[4.875943735000021,52.37922070700006],[4.875521253000045,52.379472227000065],[4.875400039000056,52.379544390000035],[4.875234654000053,52.37964285000004],[4.875089762000073,52.37972911000003],[4.875062857000046,52.37971658300006],[4.87490673800005,52.37964389700005],[4.874832045000062,52.379609121000044],[4.8743232670000225,52.379372242000045],[4.873728527000026,52.37909534100004],[4.873643939000033,52.37905595800004],[4.872938446000035,52.37872749200005],[4.872795146000044,52.37866077400008],[4.872466583000062,52.37850780000008],[4.872422820000054,52.37848742500006],[4.872369707000075,52.37834876100004],[4.872212794000063,52.37793910700003],[4.871987484000044,52.377350886000045],[4.871953651000069,52.37726255900003],[4.8719505460000505,52.377254451000056],[4.871886112000027,52.37708623100008],[4.871830698000053,52.37694156200007],[4.871744554000031,52.37671666500006],[4.87173003700002,52.376678764000076],[4.871663824000052,52.37650590100003],[4.871594895000044,52.376325948000044],[4.871549379000044,52.37620711900007],[4.871448654000062,52.37594415500007],[4.871402907000061,52.37582472400004],[4.871175015000063,52.37522976400004],[4.870941817000073,52.37462095200004],[4.870765137000035,52.374159692000035],[4.870635501000038,52.37382125000005],[4.870435998000062,52.373300406000055],[4.870442574000037,52.37326332400005],[4.870443647000059,52.37325727600006],[4.87048896400006,52.373001748000036],[4.8706140290000235,52.37229654200007],[4.870625449000045,52.372232145000055],[4.870644404000075,52.37223062500004],[4.8712523410000585,52.372181874000034],[4.872217784000043,52.372520475000044]]]}},{"type":"Feature","properties":{"service_id":294,"population_total":2394.96,"thiessen_area_km2":0.2306},"geometry":{"type":"Polygon","coordinates":[[[4.880079655000031,52.37063705200006],[4.880160165000063,52.37065406900007],[4.880404053000063,52.370705619000034],[4.880412154000055,52.37070733100006],[4.880498089000071,52.370725495000045],[4.880576315000042,52.37080786300004],[4.880715157000054,52.37095405700006],[4.880725154000061,52.370964583000045],[4.880748864000054,52.37098954800007],[4.881107912000061,52.37136760800007],[4.8812147500000265,52.37148010300007],[4.881340521000027,52.371612534000064],[4.881356917000062,52.37162979800007],[4.881396710000047,52.37167169800006],[4.881549851000045,52.37183294700003],[4.881670561000021,52.37196004800006],[4.881948855000076,52.37225307700004],[4.882380731000069,52.37270782100006],[4.882570500000043,52.37290763800007],[4.882658316000061,52.37300010400003],[4.882617157000027,52.373328049000065],[4.8825291540000535,52.37402923600007],[4.882502713000065,52.374239912000064],[4.882483579000052,52.37439236200004],[4.882483372000024,52.374394014000075],[4.882466416000057,52.37452911200006],[4.882386452000048,52.374747944000035],[4.882337065000058,52.374883099000044],[4.882303997000065,52.37497359300005],[4.882227617000069,52.375182617000064],[4.882214978000036,52.37521720700005],[4.8822005690000765,52.37525663900004],[4.882073693000052,52.37560385300003],[4.882055869000055,52.37565263100004],[4.881933132000029,52.37598851700005],[4.881881142000054,52.37613079300007],[4.881805775000032,52.37633704400008],[4.881682129000069,52.37667541900004],[4.881642635000048,52.376783500000045],[4.88159919800006,52.37690237100003],[4.881495432000065,52.37718633900005],[4.881443501000035,52.377328454000065],[4.8814081690000535,52.377425145000075],[4.8811013910000725,52.37826468600008],[4.88028659400004,52.37858792700007],[4.880168065000021,52.37855419200008],[4.880095809000068,52.37853362700008],[4.8796884990000535,52.37841770000006],[4.878762535000021,52.37815415600005],[4.87810025400006,52.377965661000076],[4.878067509000061,52.37795634100007],[4.87788572300002,52.37741312600008],[4.87780882200002,52.37718333000004],[4.877789906000032,52.377126806000035],[4.877786898000068,52.377117818000045],[4.87773390600006,52.37695946800005],[4.877703079000071,52.376867351000044],[4.877685229000065,52.37681401000003],[4.877575972000045,52.37648752900003],[4.877485676000049,52.376217706000034],[4.877353535000054,52.37582284300004],[4.877293541000029,52.375643568000044],[4.87712728200006,52.37514675400007],[4.877052481000021,52.37492323300006],[4.877033317000041,52.37486596700006],[4.877033218000065,52.37486567000008],[4.877110481000045,52.37469335500003],[4.877154909000069,52.374594271000035],[4.8772756330000675,52.37432503000008],[4.877283662000025,52.37430712400004],[4.877291736000075,52.374289118000036],[4.877295641000046,52.37428040800006],[4.877401819000056,52.37404360700003],[4.877437719000056,52.37396354200007],[4.877472850000061,52.373885193000035],[4.877723802000048,52.373325514000044],[4.877792729000021,52.37317179100006],[4.877810664000037,52.37313179300003],[4.877862075000053,52.373017135000055],[4.877867411000068,52.37300523500005],[4.87824144800004,52.37217104800004],[4.878930886000035,52.37147283400003],[4.878931240000043,52.371472475000076],[4.879399546000059,52.37099820800006],[4.879812021000021,52.370580483000026],[4.880079655000031,52.37063705200006]]]}},{"type":"Feature","properties":{"service_id":295,"population_total":736.07,"thiessen_area_km2":0.0785},"geometry":{"type":"Polygon","coordinates":[[[4.876675391000049,52.370782990000066],[4.877038919000029,52.37101789800005],[4.877292050000051,52.371260635000056],[4.877375014000052,52.37134019200005],[4.877850394000063,52.371796052000036],[4.877853900000048,52.371799414000066],[4.878061818000049,52.371998794000035],[4.8781260980000525,52.37206043500004],[4.87824144800004,52.37217104800004],[4.877867411000068,52.37300523500005],[4.877862075000053,52.373017135000055],[4.877810664000037,52.37313179300003],[4.877792729000021,52.37317179100006],[4.877723802000048,52.373325514000044],[4.877472850000061,52.373885193000035],[4.877437719000056,52.37396354200007],[4.877401819000056,52.37404360700003],[4.877295641000046,52.37428040800006],[4.877291736000075,52.374289118000036],[4.877283662000025,52.37430712400004],[4.8772756330000675,52.37432503000008],[4.877154909000069,52.374594271000035],[4.877110481000045,52.37469335500003],[4.877033218000065,52.37486567000008],[4.876933658000041,52.37480820900004],[4.8768396940000684,52.37475397800006],[4.876760040000022,52.37470800600005],[4.8767541070000675,52.37470458200005],[4.876749227000062,52.374701765000054],[4.876685484000063,52.374664976000076],[4.876554105000025,52.37458915000008],[4.876539328000035,52.374580621000064],[4.876414720000071,52.37450870400005],[4.876121107000074,52.374339245000044],[4.87596000800005,52.374246267000046],[4.8758218930000226,52.374166554000055],[4.874786853000046,52.37356918000006],[4.874697439000045,52.37351757500005],[4.874393836000024,52.37334235000003],[4.8741346530000556,52.37319276200003],[4.874362178000069,52.372794130000045],[4.874378745000058,52.37276510500004],[4.874561087000075,52.372445635000076],[4.874682928000027,52.37223216600006],[4.874689390000071,52.372220844000026],[4.874779267000065,52.372063377000075],[4.8753786390000755,52.37101325800006],[4.875609376000057,52.37060900000006],[4.875824059000024,52.37023286900006],[4.876675391000049,52.370782990000066]]]}},{"type":"Feature","properties":{"service_id":296,"population_total":549.3,"thiessen_area_km2":0.0723},"geometry":{"type":"Polygon","coordinates":[[[4.876736364000067,52.36744065000005],[4.876839964000055,52.36747517100008],[4.877824215000032,52.36780313600008],[4.8781490630000235,52.36791137900008],[4.878526248000071,52.36803706200004],[4.8786494850000395,52.36807812600006],[4.879126599000074,52.36843342700007],[4.8791475100000525,52.368465247000074],[4.879333381000038,52.36905690100008],[4.879526413000065,52.36967135000003],[4.879587309000044,52.36986519200008],[4.8796252420000314,52.36998593800007],[4.8796291490000385,52.369998373000044],[4.87965407400003,52.37007771200007],[4.879662456000062,52.370104395000055],[4.87970647800006,52.37024452400004],[4.8797183900000505,52.37028244100003],[4.879752414000052,52.370390745000066],[4.87977746100006,52.37047047300007],[4.879782000000034,52.37048492200006],[4.879812021000021,52.370580483000026],[4.879399546000059,52.37099820800006],[4.878931240000043,52.371472475000076],[4.878930886000035,52.37147283400003],[4.87824144800004,52.37217104800004],[4.8781260980000525,52.37206043500004],[4.878061818000049,52.371998794000035],[4.877853900000048,52.371799414000066],[4.877850394000063,52.371796052000036],[4.877375014000052,52.37134019200005],[4.877292050000051,52.371260635000056],[4.877038919000029,52.37101789800005],[4.877015999000037,52.37082772300005],[4.876904568000043,52.369903125000064],[4.876872737000042,52.36963900400008],[4.876871369000071,52.369627653000066],[4.87681462300003,52.36915680100003],[4.8767975440000555,52.36901508600005],[4.876789601000041,52.36894917500007],[4.876727578000043,52.368434541000056],[4.8766574900000705,52.36785298700005],[4.876643118000061,52.367733731000044],[4.876636335000057,52.36767744600007],[4.876617164000038,52.36751837200006],[4.876602418000061,52.36739601800008],[4.876736364000067,52.36744065000005]]]}},{"type":"Feature","properties":{"service_id":297,"population_total":109.86,"thiessen_area_km2":0.0371},"geometry":{"type":"Polygon","coordinates":[[[4.875902411000027,52.36709123500003],[4.87647838700002,52.36734201500008],[4.876602418000061,52.36739601800008],[4.876617164000038,52.36751837200006],[4.876636335000057,52.36767744600007],[4.876643118000061,52.367733731000044],[4.8766574900000705,52.36785298700005],[4.876727578000043,52.368434541000056],[4.876789601000041,52.36894917500007],[4.8767975440000555,52.36901508600005],[4.87681462300003,52.36915680100003],[4.876871369000071,52.369627653000066],[4.876872737000042,52.36963900400008],[4.876904568000043,52.369903125000064],[4.877015999000037,52.37082772300005],[4.877038919000029,52.37101789800005],[4.876675391000049,52.370782990000066],[4.875824059000024,52.37023286900006],[4.875636675000067,52.369820195000045],[4.8756347630000505,52.36981598400007],[4.875606650000066,52.369754070000056],[4.875397302000067,52.36929302300007],[4.875295863000076,52.369069624000076],[4.875124164000056,52.36869149000006],[4.875055304000057,52.36853983900005],[4.874964448000071,52.36833974600006],[4.875005717000022,52.36823063600008],[4.875095663000025,52.36799282900006],[4.875253514000065,52.36757549200007],[4.875268857000037,52.367534928000055],[4.87532916400005,52.367375483000046],[4.875380195000048,52.36724056400004],[4.875502529000073,52.36691712700008],[4.875902411000027,52.36709123500003]]]}},{"type":"Feature","properties":{"service_id":298,"population_total":1702.84,"thiessen_area_km2":0.2342},"geometry":{"type":"Polygon","coordinates":[[[4.87145341400003,52.36465332800003],[4.871861411000054,52.36466383900006],[4.872489847000054,52.364680029000056],[4.8727537050000365,52.36468682700007],[4.873063805000072,52.36469481600005],[4.873614133000046,52.36470899400007],[4.873656309000069,52.364710081000055],[4.8745200820000605,52.36473233400005],[4.874536502000069,52.36476884900003],[4.874580498000057,52.36486668800006],[4.874590625000053,52.36488920800008],[4.874657747000072,52.36503847500006],[4.874761324000076,52.36526881300006],[4.874877464000065,52.36552708900007],[4.875048598000035,52.36590766200004],[4.875110317000065,52.36604491400004],[4.875197150000076,52.36623801600007],[4.875354568000034,52.366588086000036],[4.875428953000039,52.366753506000066],[4.87546644400004,52.36683687900006],[4.875477999000054,52.36686257500003],[4.875502529000073,52.36691712700008],[4.875380195000048,52.36724056400004],[4.87532916400005,52.367375483000046],[4.875268857000037,52.367534928000055],[4.875253514000065,52.36757549200007],[4.875095663000025,52.36799282900006],[4.875005717000022,52.36823063600008],[4.874964448000071,52.36833974600006],[4.874820378000038,52.36848886200005],[4.874565425000071,52.36875274500005],[4.874225036000041,52.36910505600008],[4.8737823920000665,52.36956320400003],[4.873380825000027,52.369978837000076],[4.873316277000072,52.37004564600005],[4.873249052000062,52.37011522500006],[4.873007838000035,52.37036488800004],[4.872996461000071,52.37037666300006],[4.8728598830000465,52.37051802500008],[4.872605106000037,52.370781726000075],[4.871598850000055,52.37182322800004],[4.87151073800004,52.371914426000046],[4.871507069000074,52.37191822300008],[4.871460710000065,52.37196620600008],[4.8712523410000585,52.372181874000034],[4.870644404000075,52.37223062500004],[4.870625449000045,52.372232145000055],[4.870319184000039,52.37195363400008],[4.870272416000034,52.37191110400005],[4.870249326000021,52.37189010600008],[4.870120667000037,52.371773106000035],[4.869620953000037,52.371318675000055],[4.869386461000033,52.371105432000036],[4.869387902000028,52.37106839300003],[4.869406449000053,52.370591700000034],[4.869428511000024,52.37002466300004],[4.869434573000035,52.36986886400007],[4.869439539000041,52.369741228000066],[4.86944483700006,52.36960504600006],[4.869480727000052,52.368682584000055],[4.869493676000047,52.368349770000066],[4.869495457000028,52.36830400400004],[4.8695077330000345,52.36798848900003],[4.86951169200006,52.36788674600007],[4.869976185000041,52.367093854000075],[4.870021533000056,52.36701644400006],[4.870063370000025,52.36694502800003],[4.87042609100007,52.36632586200005],[4.870429149000074,52.36632064200006],[4.870446260000051,52.36629143400006],[4.870625339000071,52.36598574400006],[4.870668549000072,52.365911984000036],[4.870955112000047,52.36542281900006],[4.871001473000035,52.36534368000008],[4.871084569000061,52.36520183400006],[4.871106250000025,52.36516482400003],[4.871190712000043,52.36502064700005],[4.871306709000066,52.36482264000006],[4.871353204000059,52.364743273000045],[4.871406602000036,52.36465212200005],[4.87145341400003,52.36465332800003]]]}},{"type":"Feature","properties":{"service_id":299,"population_total":549.3,"thiessen_area_km2":0.0779},"geometry":{"type":"Polygon","coordinates":[[[4.875055304000057,52.36853983900005],[4.875124164000056,52.36869149000006],[4.875295863000076,52.369069624000076],[4.875397302000067,52.36929302300007],[4.875606650000066,52.369754070000056],[4.8756347630000505,52.36981598400007],[4.875636675000067,52.369820195000045],[4.875824059000024,52.37023286900006],[4.875609376000057,52.37060900000006],[4.8753786390000755,52.37101325800006],[4.874779267000065,52.372063377000075],[4.874689390000071,52.372220844000026],[4.874682928000027,52.37223216600006],[4.874561087000075,52.372445635000076],[4.874378745000058,52.37276510500004],[4.874362178000069,52.372794130000045],[4.8741346530000556,52.37319276200003],[4.874069690000056,52.37316997800008],[4.8736601800000585,52.37302635400005],[4.872801170000059,52.372725081000056],[4.872217784000043,52.372520475000044],[4.8712523410000585,52.372181874000034],[4.871460710000065,52.37196620600008],[4.871507069000074,52.37191822300008],[4.87151073800004,52.371914426000046],[4.871598850000055,52.37182322800004],[4.872605106000037,52.370781726000075],[4.8728598830000465,52.37051802500008],[4.872996461000071,52.37037666300006],[4.873007838000035,52.37036488800004],[4.873249052000062,52.37011522500006],[4.873316277000072,52.37004564600005],[4.873380825000027,52.369978837000076],[4.8737823920000665,52.36956320400003],[4.874225036000041,52.36910505600008],[4.874565425000071,52.36875274500005],[4.874820378000038,52.36848886200005],[4.874964448000071,52.36833974600006],[4.875055304000057,52.36853983900005]]]}},{"type":"Feature","properties":{"service_id":300,"population_total":1197.48,"thiessen_area_km2":0.215},"geometry":{"type":"Polygon","coordinates":[[[4.871770205000075,52.358628673000055],[4.871812985000076,52.358645617000036],[4.8718411110000375,52.35865675700006],[4.8723643440000615,52.35886400000004],[4.873750938000057,52.35941320300003],[4.873757316000024,52.359415729000034],[4.87397028700002,52.35950008300006],[4.874446085000045,52.35968853800006],[4.87535844100006,52.36004990500004],[4.875360937000039,52.360257259000036],[4.87536151200004,52.36030502800003],[4.87536302500007,52.36043069600004],[4.875368972000047,52.36092464400008],[4.875369273000047,52.36094962000004],[4.875370353000051,52.36103936300003],[4.8753780040000265,52.36167487100005],[4.875379333000069,52.361785292000036],[4.875380177000068,52.36185538800004],[4.875381984000057,52.36200549400007],[4.875382775000048,52.362071194000066],[4.87538395200005,52.36216894300003],[4.875392745000056,52.36289936800006],[4.875396140000021,52.36318135800008],[4.875397089000046,52.36326020900003],[4.875399521000077,52.363462181000045],[4.875161943000023,52.36390896000006],[4.875076014000058,52.36407055500007],[4.874839560000055,52.36435202800004],[4.8745200820000605,52.36473233400005],[4.873656309000069,52.364710081000055],[4.873614133000046,52.36470899400007],[4.873063805000072,52.36469481600005],[4.8727537050000365,52.36468682700007],[4.872489847000054,52.364680029000056],[4.871861411000054,52.36466383900006],[4.87145341400003,52.36465332800003],[4.871406602000036,52.36465212200005],[4.871194984000056,52.36439762100008],[4.871171440000069,52.36436930600007],[4.871085051000023,52.364265411000076],[4.87072839800004,52.36383648600008],[4.8703209440000705,52.36334646500006],[4.870198421000055,52.36286234100004],[4.870180661000063,52.36279216500003],[4.870158487000026,52.36270454800007],[4.8700318790000665,52.362204278000036],[4.869979196000031,52.361996110000064],[4.869957746000068,52.361911355000075],[4.869917392000048,52.36175190400007],[4.86986851000006,52.36155875400004],[4.8698464280000735,52.36147150000005],[4.869503317000067,52.36011575500004],[4.86949615900005,52.36008747300008],[4.8694400590000555,52.35986580400004],[4.869427284000039,52.35981532900007],[4.869420120000029,52.359787020000056],[4.869398356000033,52.35970102500005],[4.869448960000057,52.359677110000064],[4.869550333000063,52.359629203000054],[4.869664755000031,52.35957512900006],[4.869986109000024,52.35942326300005],[4.871114215000034,52.35889014000003],[4.871147973000063,52.358874187000026],[4.871202528000026,52.35884840500006],[4.871341183000027,52.358782879000046],[4.871714323000049,52.35860653900005],[4.871770205000075,52.358628673000055]]]}},{"type":"Feature","properties":{"service_id":301,"population_total":318.6,"thiessen_area_km2":0.0772},"geometry":{"type":"Polygon","coordinates":[[[4.875232469000025,52.356984890000035],[4.87579880100003,52.35743969500004],[4.875840977000053,52.35747356600007],[4.876250783000046,52.35780266900008],[4.876292191000061,52.35814152700004],[4.876295930000026,52.35817212500007],[4.876333034000027,52.35847576900005],[4.876315297000076,52.35854171500006],[4.876274580000029,52.358693104000054],[4.876149972000064,52.35915641100007],[4.875763637000034,52.35959251300005],[4.875696765000043,52.35966799900007],[4.87535844100006,52.36004990500004],[4.874446085000045,52.35968853800006],[4.87397028700002,52.35950008300006],[4.873757316000024,52.359415729000034],[4.873750938000057,52.35941320300003],[4.8723643440000615,52.35886400000004],[4.8718411110000375,52.35865675700006],[4.871812985000076,52.358645617000036],[4.871770205000075,52.358628673000055],[4.871714323000049,52.35860653900005],[4.871745568000051,52.35852694100004],[4.871780232000049,52.35843863500003],[4.872028778000072,52.35780545800003],[4.872085468000023,52.35766104000004],[4.872149487000058,52.35749795100003],[4.873120764000021,52.35707630200005],[4.873326720000023,52.356986893000055],[4.873401612000066,52.35695438100004],[4.873618746000034,52.35686011900003],[4.874523138000029,52.35646750600006],[4.874565379000046,52.35644916900003],[4.875232469000025,52.356984890000035]]]}},{"type":"Feature","properties":{"service_id":302,"population_total":318.6,"thiessen_area_km2":0.0417},"geometry":{"type":"Polygon","coordinates":[[[4.877869298000064,52.35524482000005],[4.877985434000038,52.35537885900004],[4.878007194000077,52.35540397300008],[4.878331546000027,52.35577832400003],[4.878816307000022,52.35633781000007],[4.878846468000063,52.35664977600004],[4.878857501000027,52.35676389100007],[4.878877715000044,52.356972968000036],[4.878894129000059,52.357142742000065],[4.878902151000034,52.35722571100007],[4.878943283000069,52.35765115000004],[4.878963150000061,52.35785664400004],[4.878478882000024,52.357970640000076],[4.878169921000051,52.35804336900003],[4.876736640000047,52.358380761000035],[4.876333034000027,52.35847576900005],[4.876295930000026,52.35817212500007],[4.876292191000061,52.35814152700004],[4.876250783000046,52.35780266900008],[4.876471522000031,52.35737100500006],[4.876507896000021,52.35729987500008],[4.87675121500007,52.35682405500006],[4.8767716910000445,52.35678401400003],[4.876898931000028,52.356535190000045],[4.877170619000026,52.356003893000036],[4.877180510000073,52.35598455100006],[4.877464879000058,52.35542845700007],[4.877550573000065,52.35526088000006],[4.877674031000026,52.35501945200008],[4.877869298000064,52.35524482000005]]]}},{"type":"Feature","properties":{"service_id":303,"population_total":109.86,"thiessen_area_km2":0.013},"geometry":{"type":"Polygon","coordinates":[[[4.879207102000066,52.356387116000064],[4.879217051000069,52.35638837100004],[4.879474390000041,52.356420839000066],[4.879639642000029,52.356441689000064],[4.879724108000062,52.35674411300005],[4.879737964000071,52.356793725000045],[4.879829673000074,52.35712208400008],[4.880069757000058,52.35798168700006],[4.88012862100004,52.35819244800007],[4.880210186000056,52.358484485000076],[4.880091646000039,52.35842480400004],[4.879679644000021,52.35821737500004],[4.878963150000061,52.35785664400004],[4.878943283000069,52.35765115000004],[4.878902151000034,52.35722571100007],[4.878894129000059,52.357142742000065],[4.878877715000044,52.356972968000036],[4.878857501000027,52.35676389100007],[4.878846468000063,52.35664977600004],[4.878816307000022,52.35633781000007],[4.879207102000066,52.356387116000064]]]}},{"type":"Feature","properties":{"service_id":304,"population_total":461.42,"thiessen_area_km2":0.0579},"geometry":{"type":"Polygon","coordinates":[[[4.879679644000021,52.35821737500004],[4.880091646000039,52.35842480400004],[4.880210186000056,52.358484485000076],[4.880579386000022,52.358746404000044],[4.880597975000057,52.35875959100008],[4.8810209090000285,52.35905962900006],[4.881156677000035,52.359155945000055],[4.88139871900006,52.35932765500007],[4.881493931000023,52.35939520100004],[4.88146008700005,52.359454087000074],[4.881394237000052,52.35956866200007],[4.8809714360000385,52.359738804000074],[4.880688904000067,52.359852499000056],[4.880660514000056,52.35986392400008],[4.8805353150000315,52.359914306000064],[4.879627037000034,52.360279811000055],[4.879529951000052,52.36031888000008],[4.879301720000058,52.360240385000054],[4.879091362000054,52.36016803700005],[4.8784998650000375,52.35996460500007],[4.878241398000057,52.35987571100003],[4.877871714000037,52.359748566000064],[4.876741475000074,52.35935984500003],[4.876149972000064,52.35915641100007],[4.876274580000029,52.358693104000054],[4.876315297000076,52.35854171500006],[4.876333034000027,52.35847576900005],[4.876736640000047,52.358380761000035],[4.878169921000051,52.35804336900003],[4.878478882000024,52.357970640000076],[4.878963150000061,52.35785664400004],[4.879679644000021,52.35821737500004]]]}},{"type":"Feature","properties":{"service_id":305,"population_total":681.14,"thiessen_area_km2":0.0899},"geometry":{"type":"Polygon","coordinates":[[[4.876741475000074,52.35935984500003],[4.877871714000037,52.359748566000064],[4.878241398000057,52.35987571100003],[4.8784998650000375,52.35996460500007],[4.879091362000054,52.36016803700005],[4.879301720000058,52.360240385000054],[4.879529951000052,52.36031888000008],[4.879475661000072,52.360419851000074],[4.8793251450000525,52.36069978800003],[4.879311261000055,52.36072561000003],[4.8792081090000465,52.36091745600004],[4.879190493000067,52.360950219000074],[4.87914162800007,52.36104110100007],[4.879023374000042,52.36126103500004],[4.878921741000056,52.36145005600008],[4.878703167000026,52.361856569000054],[4.878651366000042,52.36195291000007],[4.878548971000043,52.362143348000075],[4.878462181000032,52.362304764000044],[4.878406614000028,52.362408111000036],[4.8783075790000225,52.36259230100006],[4.878303716000062,52.36259948500003],[4.8782791040000575,52.36260679600008],[4.878025040000068,52.362682266000036],[4.877836529000035,52.36273826400003],[4.877103301000034,52.36295607000005],[4.877081500000031,52.36296254600006],[4.876966379000066,52.36299674300005],[4.876324289000024,52.363187477000054],[4.875399521000077,52.363462181000045],[4.875397089000046,52.36326020900003],[4.875396140000021,52.36318135800008],[4.875392745000056,52.36289936800006],[4.87538395200005,52.36216894300003],[4.875382775000048,52.362071194000066],[4.875381984000057,52.36200549400007],[4.875380177000068,52.36185538800004],[4.875379333000069,52.361785292000036],[4.8753780040000265,52.36167487100005],[4.875370353000051,52.36103936300003],[4.875369273000047,52.36094962000004],[4.875368972000047,52.36092464400008],[4.87536302500007,52.36043069600004],[4.87536151200004,52.36030502800003],[4.875360937000039,52.360257259000036],[4.87535844100006,52.36004990500004],[4.875696765000043,52.35966799900007],[4.875763637000034,52.35959251300005],[4.876149972000064,52.35915641100007],[4.876741475000074,52.35935984500003]]]}},{"type":"Feature","properties":{"service_id":306,"population_total":175.78,"thiessen_area_km2":0.0447},"geometry":{"type":"Polygon","coordinates":[[[4.881723536000038,52.36180799500005],[4.88177394500002,52.361984833000065],[4.881785086000036,52.362023916000055],[4.881957555000042,52.36262894100008],[4.881992990000072,52.36275324700006],[4.88206383000005,52.36300175500003],[4.88211360400004,52.363176363000036],[4.882232484000042,52.363593397000045],[4.88229571200003,52.36381520500004],[4.882440048000035,52.36432153900006],[4.88244738800006,52.364347287000044],[4.882468842000037,52.364422551000075],[4.882470814000044,52.36442946900007],[4.882282041000053,52.364472532000036],[4.882154548000074,52.364463468000054],[4.882037510000032,52.36445514700006],[4.881330061000028,52.36440484900004],[4.880842742000027,52.36437020200003],[4.880717563000076,52.36427509400005],[4.88067962100007,52.364246267000055],[4.880415808000066,52.36404582900008],[4.8802217250000695,52.36389837000007],[4.879667101000052,52.363476982000066],[4.879505246000065,52.363354009000034],[4.87917051200003,52.363099688000034],[4.8790011920000325,52.36297104300007],[4.8788546090000295,52.36285967300006],[4.8790592650000235,52.36275707600004],[4.879142320000028,52.362715439000056],[4.8796414430000254,52.362465221000036],[4.880108791000055,52.362230932000045],[4.880370862000063,52.362099552000075],[4.880998666000039,52.36178482400004],[4.881059827000058,52.36175416300006],[4.88131508400005,52.36162619900006],[4.881581547000053,52.36149261700007],[4.881627121000065,52.36146977000004],[4.881723536000038,52.36180799500005]]]}},{"type":"Feature","properties":{"service_id":307,"population_total":373.53,"thiessen_area_km2":0.0432},"geometry":{"type":"Polygon","coordinates":[[[4.881450568000048,52.36002851200004],[4.881532195000034,52.360694856000066],[4.88160061800005,52.36125341600007],[4.8816050850000465,52.36128988000007],[4.8816232990000685,52.361438573000044],[4.881627121000065,52.36146977000004],[4.881581547000053,52.36149261700007],[4.88131508400005,52.36162619900006],[4.881059827000058,52.36175416300006],[4.880998666000039,52.36178482400004],[4.880370862000063,52.362099552000075],[4.880108791000055,52.362230932000045],[4.8796414430000254,52.362465221000036],[4.879142320000028,52.362715439000056],[4.8790592650000235,52.36275707600004],[4.8788546090000295,52.36285967300006],[4.87830613400007,52.36260062700006],[4.878303716000062,52.36259948500003],[4.8783075790000225,52.36259230100006],[4.878406614000028,52.362408111000036],[4.878462181000032,52.362304764000044],[4.878548971000043,52.362143348000075],[4.878651366000042,52.36195291000007],[4.878703167000026,52.361856569000054],[4.878921741000056,52.36145005600008],[4.879023374000042,52.36126103500004],[4.87914162800007,52.36104110100007],[4.879190493000067,52.360950219000074],[4.8792081090000465,52.36091745600004],[4.879311261000055,52.36072561000003],[4.8793251450000525,52.36069978800003],[4.879475661000072,52.360419851000074],[4.879529951000052,52.36031888000008],[4.879627037000034,52.360279811000055],[4.8805353150000315,52.359914306000064],[4.880660514000056,52.35986392400008],[4.880688904000067,52.359852499000056],[4.8809714360000385,52.359738804000074],[4.881394237000052,52.35956866200007],[4.881450568000048,52.36002851200004]]]}},{"type":"Feature","properties":{"service_id":308,"population_total":406.48,"thiessen_area_km2":0.0615},"geometry":{"type":"Polygon","coordinates":[[[4.87830613400007,52.36260062700006],[4.8788546090000295,52.36285967300006],[4.8790011920000325,52.36297104300007],[4.87917051200003,52.363099688000034],[4.879505246000065,52.363354009000034],[4.879667101000052,52.363476982000066],[4.8802217250000695,52.36389837000007],[4.880415808000066,52.36404582900008],[4.88067962100007,52.364246267000055],[4.880717563000076,52.36427509400005],[4.880842742000027,52.36437020200003],[4.88060445900004,52.36449965300005],[4.8800022840000565,52.36482679400007],[4.879951197000025,52.36485454800004],[4.879392946000053,52.365157827000075],[4.879107856000076,52.36508602400005],[4.8783497770000395,52.36489509200004],[4.8781110680000666,52.36483497000006],[4.877941449000048,52.36479224900006],[4.877621059000035,52.36471155500004],[4.877601291000076,52.36470657600006],[4.8772251460000575,52.36461183900008],[4.876978105000035,52.36454961900006],[4.876527159000034,52.36443604300007],[4.87652235500002,52.364434833000075],[4.876041702000066,52.36431377500003],[4.8756747410000685,52.364221351000026],[4.875076014000058,52.36407055500007],[4.875161943000023,52.36390896000006],[4.875399521000077,52.363462181000045],[4.876324289000024,52.363187477000054],[4.876966379000066,52.36299674300005],[4.877081500000031,52.36296254600006],[4.877103301000034,52.36295607000005],[4.877836529000035,52.36273826400003],[4.878025040000068,52.362682266000036],[4.8782791040000575,52.36260679600008],[4.878303716000062,52.36259948500003],[4.87830613400007,52.36260062700006]]]}},{"type":"Feature","properties":{"service_id":309,"population_total":538.32,"thiessen_area_km2":0.0909},"geometry":{"type":"Polygon","coordinates":[[[4.8756747410000685,52.364221351000026],[4.876041702000066,52.36431377500003],[4.87652235500002,52.364434833000075],[4.876527159000034,52.36443604300007],[4.876978105000035,52.36454961900006],[4.8772251460000575,52.36461183900008],[4.877601291000076,52.36470657600006],[4.877621059000035,52.36471155500004],[4.877941449000048,52.36479224900006],[4.8781110680000666,52.36483497000006],[4.8783497770000395,52.36489509200004],[4.879107856000076,52.36508602400005],[4.879392946000053,52.365157827000075],[4.879336423000041,52.36537984700004],[4.87932999700007,52.36540509000008],[4.87930413600003,52.36550667200004],[4.879255685000032,52.365696985000056],[4.879243884000061,52.36574334000005],[4.879216649000057,52.36585031700008],[4.879180735000034,52.36599138500003],[4.879157570000075,52.366082375000076],[4.879152223000062,52.36610337700006],[4.879130405000069,52.36618907800005],[4.879054373000031,52.36648773100006],[4.87902501800005,52.36660303700006],[4.878819931000066,52.367408615000045],[4.878716207000025,52.36781604400005],[4.878693973000054,52.36790338000003],[4.8786494850000395,52.36807812600006],[4.878526248000071,52.36803706200004],[4.8781490630000235,52.36791137900008],[4.877824215000032,52.36780313600008],[4.876839964000055,52.36747517100008],[4.876736364000067,52.36744065000005],[4.876602418000061,52.36739601800008],[4.87647838700002,52.36734201500008],[4.875902411000027,52.36709123500003],[4.875502529000073,52.36691712700008],[4.875477999000054,52.36686257500003],[4.87546644400004,52.36683687900006],[4.875428953000039,52.366753506000066],[4.875354568000034,52.366588086000036],[4.875197150000076,52.36623801600007],[4.875110317000065,52.36604491400004],[4.875048598000035,52.36590766200004],[4.874877464000065,52.36552708900007],[4.874761324000076,52.36526881300006],[4.874657747000072,52.36503847500006],[4.874590625000053,52.36488920800008],[4.874580498000057,52.36486668800006],[4.874536502000069,52.36476884900003],[4.8745200820000605,52.36473233400005],[4.874839560000055,52.36435202800004],[4.875076014000058,52.36407055500007],[4.8756747410000685,52.364221351000026]]]}},{"type":"Feature","properties":{"service_id":310,"population_total":340.57,"thiessen_area_km2":0.0463},"geometry":{"type":"Polygon","coordinates":[[[4.881330061000028,52.36440484900004],[4.882037510000032,52.36445514700006],[4.882154548000074,52.364463468000054],[4.882282041000053,52.364472532000036],[4.882177288000037,52.36460402400007],[4.882071309000025,52.36473705600008],[4.881915848000062,52.364932199000066],[4.88181598500006,52.36505755300004],[4.88159956800007,52.36532921200006],[4.881571994000069,52.36536382400004],[4.881542062000051,52.36540139700003],[4.881197335000024,52.365834118000066],[4.881110837000051,52.36594269500006],[4.8811071160000665,52.36594736600006],[4.880997755000067,52.36608464200003],[4.880924890000074,52.36617610600007],[4.8807522200000335,52.36639285100006],[4.8801559500000735,52.367141324000045],[4.879748431000053,52.36765286600007],[4.879740301000027,52.36766307100004],[4.87963540800007,52.36779473900003],[4.879126599000074,52.36843342700007],[4.8786494850000395,52.36807812600006],[4.878693973000054,52.36790338000003],[4.878716207000025,52.36781604400005],[4.878819931000066,52.367408615000045],[4.87902501800005,52.36660303700006],[4.879054373000031,52.36648773100006],[4.879130405000069,52.36618907800005],[4.879152223000062,52.36610337700006],[4.879157570000075,52.366082375000076],[4.879180735000034,52.36599138500003],[4.879216649000057,52.36585031700008],[4.879243884000061,52.36574334000005],[4.879255685000032,52.365696985000056],[4.87930413600003,52.36550667200004],[4.87932999700007,52.36540509000008],[4.879336423000041,52.36537984700004],[4.879392946000053,52.365157827000075],[4.879951197000025,52.36485454800004],[4.8800022840000565,52.36482679400007],[4.88060445900004,52.36449965300005],[4.880842742000027,52.36437020200003],[4.881330061000028,52.36440484900004]]]}},{"type":"Feature","properties":{"service_id":311,"population_total":395.5,"thiessen_area_km2":0.0737},"geometry":{"type":"Polygon","coordinates":[[[4.8826893160000395,52.364516053000045],[4.882973962000051,52.36462884800005],[4.883196197000075,52.36471691200006],[4.883429816000046,52.36480948700006],[4.883675567000068,52.36490686900004],[4.883697348000055,52.36491550000005],[4.8842092940000725,52.36511836600005],[4.884206610000035,52.365342533000046],[4.884204857000043,52.365488937000066],[4.8842043780000495,52.36552895400007],[4.884201186000041,52.36579558200003],[4.884191251000061,52.36662550800003],[4.884190432000025,52.366693887000054],[4.884188803000029,52.36682995900003],[4.884188726000048,52.36683639000006],[4.884187054000051,52.36697611300008],[4.883939173000044,52.36704936000007],[4.883486333000064,52.36718316900004],[4.882319592000044,52.36752792900006],[4.881741042000044,52.36769888500004],[4.881024672000024,52.367910565000045],[4.880738091000069,52.36799524700007],[4.880536494000069,52.36805481600004],[4.880359074000069,52.368107242000065],[4.8801910450000605,52.36815689300005],[4.8791475100000525,52.368465247000074],[4.879126599000074,52.36843342700007],[4.87963540800007,52.36779473900003],[4.879740301000027,52.36766307100004],[4.879748431000053,52.36765286600007],[4.8801559500000735,52.367141324000045],[4.8807522200000335,52.36639285100006],[4.880924890000074,52.36617610600007],[4.880997755000067,52.36608464200003],[4.8811071160000665,52.36594736600006],[4.881110837000051,52.36594269500006],[4.881197335000024,52.365834118000066],[4.881542062000051,52.36540139700003],[4.881571994000069,52.36536382400004],[4.88159956800007,52.36532921200006],[4.88181598500006,52.36505755300004],[4.881915848000062,52.364932199000066],[4.882071309000025,52.36473705600008],[4.882177288000037,52.36460402400007],[4.882282041000053,52.364472532000036],[4.882470814000044,52.36442946900007],[4.8826893160000395,52.364516053000045]]]}},{"type":"Feature","properties":{"service_id":312,"population_total":1175.51,"thiessen_area_km2":0.1532},"geometry":{"type":"Polygon","coordinates":[[[4.8885609500000555,52.36302937200003],[4.888772352000046,52.36310792000006],[4.888840505000076,52.36313324300005],[4.888897773000053,52.36315452100007],[4.889045138000029,52.36320927600008],[4.889060340000071,52.36321492400003],[4.88909273400003,52.363226961000066],[4.889286867000067,52.36329909300008],[4.889745376000064,52.363469456000075],[4.889891473000034,52.36352374000006],[4.889961283000048,52.36354967800003],[4.890318829000023,52.36368252800003],[4.89065475700005,52.363807345000055],[4.89079253400007,52.363858538000045],[4.891133546000049,52.36398524400005],[4.891308148000064,52.36405011900007],[4.891415147000032,52.36408987600004],[4.891605153000057,52.36416047500006],[4.892765371000053,52.36459156500007],[4.893068668000069,52.364704258000074],[4.893514969000023,52.364870085000064],[4.893776598000045,52.36496729600003],[4.8938205220000555,52.364983616000075],[4.894034989000033,52.365063303000056],[4.894095599000025,52.36508582300007],[4.894207311000059,52.36512733100005],[4.894241437000062,52.36514001100005],[4.894517572000041,52.36524261200003],[4.895016422000026,52.36542796400005],[4.895494672000041,52.365605662000064],[4.895539401000065,52.36562228200006],[4.895700162000026,52.36568201400007],[4.895908741000028,52.36575951400005],[4.895816761000049,52.365825104000066],[4.895749193000029,52.365873287000056],[4.895688644000074,52.365916464000065],[4.895447994000051,52.366088071000036],[4.895411993000039,52.36611374300003],[4.89516468100004,52.36629010000007],[4.895031546000041,52.36638503800003],[4.894953988000054,52.36644034500006],[4.894850402000031,52.36651421100004],[4.894550676000051,52.36672794500004],[4.894211637000069,52.36696971300006],[4.894148184000073,52.36701496100005],[4.893958981000026,52.367149881000046],[4.893871586000046,52.367212202000076],[4.893749413000023,52.367299323000054],[4.893420085000059,52.36753416600004],[4.893130322000047,52.36774079500003],[4.89266853700002,52.36807009200004],[4.892610844000046,52.36811123200005],[4.892373434000035,52.36828052800007],[4.891966895000053,52.368570429000044],[4.89192341100005,52.36860143700005],[4.891871439000056,52.36863849800005],[4.891793814000039,52.368693852000035],[4.891696576000072,52.368763192000074],[4.89140337300006,52.36897227400004],[4.891295318000061,52.369049328000074],[4.891270314000053,52.369067158000064],[4.891239560000031,52.36905379400008],[4.891039735000049,52.36896696300005],[4.890817904000073,52.36887057000007],[4.890745476000063,52.36874370400005],[4.890645796000058,52.36856910100005],[4.890592699000024,52.36847609600005],[4.890588356000023,52.368468488000076],[4.890469324000037,52.36825999000007],[4.890401010000062,52.36814032900003],[4.890278824000063,52.36792630600007],[4.890181150000046,52.36765577700004],[4.890032886000029,52.36724512700005],[4.889982664000058,52.367106026000044],[4.889928760000032,52.36695672600007],[4.889707919000045,52.366345058000036],[4.889699285000063,52.36632114400004],[4.889689690000068,52.36629456700007],[4.889677672000062,52.36626127900007],[4.889668592000021,52.36623612900007],[4.889654397000072,52.366196813000045],[4.889577649000046,52.365984241000035],[4.889561364000031,52.365939137000055],[4.889459024000075,52.36565568200007],[4.889354532000027,52.36536626800006],[4.889351197000053,52.36535703000004],[4.889314082000055,52.36525423100005],[4.88925295100006,52.36508491500007],[4.889236801000038,52.365040184000065],[4.8891079190000255,52.36468321500007],[4.889094855000053,52.36464703000007],[4.88903337000005,52.36447673200007],[4.889005075000057,52.36439836300008],[4.888965466000059,52.36428865600004],[4.888876036000056,52.36404095900008],[4.888846502000035,52.363959159000046],[4.8886644400000705,52.363454895000075],[4.888615616000038,52.36331966600005],[4.888610886000038,52.36330656600006],[4.888517909000029,52.363049043000046],[4.888503038000067,52.363007854000045],[4.8885609500000555,52.36302937200003]]]}},{"type":"Feature","properties":{"service_id":313,"population_total":1746.79,"thiessen_area_km2":0.1741},"geometry":{"type":"Polygon","coordinates":[[[4.889299336000022,52.36160033900006],[4.889953711000032,52.36160454900005],[4.890956123000024,52.36161099900005],[4.890980619000061,52.36161115700003],[4.8911421630000405,52.36161219600007],[4.8915225830000395,52.36161464400004],[4.8919625980000205,52.36161747500006],[4.892143066000074,52.36161863600006],[4.892171132000044,52.36161881700008],[4.89248030400006,52.361620806000076],[4.892539431000046,52.361621186000036],[4.892579211000054,52.36162144200006],[4.892624584000032,52.36162173400004],[4.892787717000033,52.36162278300003],[4.892932981000058,52.36162371800003],[4.892936922000047,52.36162374300005],[4.893783377000034,52.36162919000003],[4.89457556900004,52.36163428700007],[4.894768820000024,52.36163553000006],[4.894860177000055,52.361636118000035],[4.8954599910000525,52.36193508700006],[4.8956862240000305,52.36204784900008],[4.8958336240000335,52.36212131900004],[4.896195004000049,52.36230144400008],[4.896880994000071,52.362643365000054],[4.897125836000043,52.362765403000026],[4.896997817000056,52.36321246800003],[4.896905162000053,52.36353603800006],[4.896703956000067,52.36423868500003],[4.896693370000037,52.36427565200006],[4.896649130000071,52.364430147000064],[4.896647347000055,52.364436373000046],[4.89663917300004,52.36446491800007],[4.896624012000075,52.36451786500004],[4.896491377000075,52.36498105000004],[4.8963652900000625,52.36542137100008],[4.89631259600003,52.36560538800006],[4.895908741000028,52.36575951400005],[4.895700162000026,52.36568201400007],[4.895539401000065,52.36562228200006],[4.895494672000041,52.365605662000064],[4.895016422000026,52.36542796400005],[4.894517572000041,52.36524261200003],[4.894241437000062,52.36514001100005],[4.894207311000059,52.36512733100005],[4.894095599000025,52.36508582300007],[4.894034989000033,52.365063303000056],[4.8938205220000555,52.364983616000075],[4.893776598000045,52.36496729600003],[4.893514969000023,52.364870085000064],[4.893068668000069,52.364704258000074],[4.892765371000053,52.36459156500007],[4.891605153000057,52.36416047500006],[4.891415147000032,52.36408987600004],[4.891308148000064,52.36405011900007],[4.891133546000049,52.36398524400005],[4.89079253400007,52.363858538000045],[4.89065475700005,52.363807345000055],[4.890318829000023,52.36368252800003],[4.889961283000048,52.36354967800003],[4.889891473000034,52.36352374000006],[4.889745376000064,52.363469456000075],[4.889286867000067,52.36329909300008],[4.88909273400003,52.363226961000066],[4.889060340000071,52.36321492400003],[4.889045138000029,52.36320927600008],[4.888897773000053,52.36315452100007],[4.888840505000076,52.36313324300005],[4.888772352000046,52.36310792000006],[4.8885609500000555,52.36302937200003],[4.888503038000067,52.363007854000045],[4.888398161000055,52.362839862000044],[4.888393551000036,52.36283247800003],[4.888320001000068,52.362714667000034],[4.888317406000056,52.362710510000056],[4.888343711000061,52.362617982000074],[4.8883585440000275,52.36256580700007],[4.88836498400002,52.362543154000036],[4.8884314780000295,52.36230926200005],[4.888500518000058,52.36206641500007],[4.88863423600003,52.36159606000007],[4.889299336000022,52.36160033900006]]]}},{"type":"Feature","properties":{"service_id":314,"population_total":2021.44,"thiessen_area_km2":0.2148},"geometry":{"type":"Polygon","coordinates":[[[4.892769715000043,52.355067287000054],[4.892840668000076,52.35529024200008],[4.893056480000041,52.35596838600003],[4.893144472000074,52.356244881000066],[4.893200532000037,52.356421038000065],[4.893506670000022,52.35738301200007],[4.893620266000028,52.357739964000075],[4.893807091000042,52.358327021000036],[4.893942881000044,52.358753712000066],[4.89394862100005,52.35877175000007],[4.893949522000071,52.358774581000034],[4.894024552000076,52.35901034800003],[4.894025094000028,52.35901205000005],[4.894122047000053,52.35931670400004],[4.894129283000041,52.35933944000004],[4.894139584000072,52.35937180900004],[4.894224866000059,52.359639790000074],[4.8943157980000365,52.35992552500005],[4.894375774000025,52.360113985000055],[4.894457877000036,52.36037197700006],[4.89452123500007,52.360571065000045],[4.894632586000057,52.36092096300007],[4.894697436000058,52.36112474000004],[4.894860177000055,52.361636118000035],[4.894768820000024,52.36163553000006],[4.89457556900004,52.36163428700007],[4.893783377000034,52.36162919000003],[4.892936922000047,52.36162374300005],[4.892932981000058,52.36162371800003],[4.892787717000033,52.36162278300003],[4.892624584000032,52.36162173400004],[4.892579211000054,52.36162144200006],[4.892539431000046,52.361621186000036],[4.89248030400006,52.361620806000076],[4.892171132000044,52.36161881700008],[4.892143066000074,52.36161863600006],[4.8919625980000205,52.36161747500006],[4.8915225830000395,52.36161464400004],[4.8911421630000405,52.36161219600007],[4.890980619000061,52.36161115700003],[4.890956123000024,52.36161099900005],[4.889953711000032,52.36160454900005],[4.889299336000022,52.36160033900006],[4.88863423600003,52.36159606000007],[4.888600478000058,52.361393891000034],[4.8886326800000575,52.36127341900004],[4.888640143000032,52.36124550000005],[4.8888093010000375,52.36061267100007],[4.888970169000061,52.36001085300006],[4.889078902000051,52.35960407400006],[4.8890883880000615,52.35956858800006],[4.8890969880000625,52.359536415000036],[4.889127189000021,52.35942343000005],[4.889162186000021,52.35929250500004],[4.889199683000072,52.35915222700004],[4.8893075610000665,52.35874864800007],[4.889390204000051,52.35843947500007],[4.889415234000069,52.35834583800005],[4.889504180000074,52.358013087000074],[4.88971415900005,52.35722754500006],[4.889759922000053,52.35705634200008],[4.889904361000049,52.35651598700008],[4.889922562000038,52.35644789500003],[4.889964894000059,52.35637012700005],[4.890051744000061,52.35621057700007],[4.890123317000075,52.356079091000026],[4.890165970000055,52.35600073400008],[4.890190285000074,52.35595606500004],[4.890310656000054,52.355734933000065],[4.8903343210000685,52.35569145900007],[4.8903865550000205,52.35559550100004],[4.890454973000033,52.355469811000034],[4.8919580190000715,52.35506887500003],[4.892373196000051,52.35495812700003],[4.892458489000035,52.35493537500008],[4.8927066680000735,52.354869174000044],[4.892769715000043,52.355067287000054]]]}},{"type":"Feature","properties":{"service_id":315,"population_total":1241.43,"thiessen_area_km2":0.1625},"geometry":{"type":"Polygon","coordinates":[[[4.889904361000049,52.35651598700008],[4.889759922000053,52.35705634200008],[4.88971415900005,52.35722754500006],[4.889504180000074,52.358013087000074],[4.889415234000069,52.35834583800005],[4.889390204000051,52.35843947500007],[4.8893075610000665,52.35874864800007],[4.889199683000072,52.35915222700004],[4.889162186000021,52.35929250500004],[4.889127189000021,52.35942343000005],[4.8890969880000625,52.359536415000036],[4.8890883880000615,52.35956858800006],[4.889078902000051,52.35960407400006],[4.888970169000061,52.36001085300006],[4.8888093010000375,52.36061267100007],[4.888640143000032,52.36124550000005],[4.8886326800000575,52.36127341900004],[4.888600478000058,52.361393891000034],[4.8884670660000324,52.36132282800003],[4.888418449000028,52.36129693200007],[4.888014139000063,52.361081573000035],[4.887823406000052,52.360979978000046],[4.887798666000037,52.36096680000003],[4.887706991000073,52.36091796900007],[4.887510450000036,52.36081328000006],[4.887014896000039,52.360549320000075],[4.886977314000035,52.36052930200003],[4.886351024000021,52.36019570500008],[4.885962892000066,52.35998896400008],[4.885817182000039,52.35991135100005],[4.88559583600005,52.35979345000004],[4.8853770210000675,52.35967689700004],[4.8849243800000295,52.35943579500008],[4.884438463000038,52.35917696800004],[4.883299779000026,52.35857044100004],[4.88327466800007,52.35855706600006],[4.8829943240000375,52.35840773900003],[4.882783332000031,52.358295353000074],[4.8827451410000435,52.35827501000006],[4.8827533540000445,52.35821702800007],[4.8828820370000585,52.35730850700003],[4.882900353000025,52.357179192000046],[4.882904346000032,52.35717740500007],[4.883748947000072,52.35679948500007],[4.883815156000026,52.35676986000004],[4.885142034000069,52.35669991100008],[4.885234487000048,52.356695037000065],[4.885698048000052,52.35667060000003],[4.8866102600000545,52.35662251100007],[4.886722494000026,52.35661659400006],[4.886823713000069,52.356611258000044],[4.888073890000044,52.35654535200007],[4.888641749000044,52.356515416000036],[4.888732384000036,52.35651063800003],[4.888951056000053,52.35649911000007],[4.889274883000041,52.35648203900007],[4.889922562000038,52.35644789500003],[4.889904361000049,52.35651598700008]]]}},{"type":"Feature","properties":{"service_id":316,"population_total":406.48,"thiessen_area_km2":0.1298},"geometry":{"type":"Polygon","coordinates":[[[4.882783332000031,52.358295353000074],[4.8829943240000375,52.35840773900003],[4.88327466800007,52.35855706600006],[4.883299779000026,52.35857044100004],[4.884438463000038,52.35917696800004],[4.8849243800000295,52.35943579500008],[4.8853770210000675,52.35967689700004],[4.88559583600005,52.35979345000004],[4.885817182000039,52.35991135100005],[4.885962892000066,52.35998896400008],[4.886351024000021,52.36019570500008],[4.886977314000035,52.36052930200003],[4.887014896000039,52.360549320000075],[4.887510450000036,52.36081328000006],[4.887706991000073,52.36091796900007],[4.887798666000037,52.36096680000003],[4.887823406000052,52.360979978000046],[4.888014139000063,52.361081573000035],[4.888418449000028,52.36129693200007],[4.8884670660000324,52.36132282800003],[4.888600478000058,52.361393891000034],[4.88863423600003,52.36159606000007],[4.888500518000058,52.36206641500007],[4.8884314780000295,52.36230926200005],[4.88836498400002,52.362543154000036],[4.8883585440000275,52.36256580700007],[4.888343711000061,52.362617982000074],[4.888317406000056,52.362710510000056],[4.888267309000071,52.362736761000065],[4.887184885000067,52.36330395600004],[4.886993406000045,52.36340429200004],[4.886975049000057,52.363413911000066],[4.886903988000029,52.363451147000035],[4.8866367630000695,52.36359117400008],[4.88607618900005,52.363884917000064],[4.885948947000031,52.363749821000056],[4.885855870000057,52.363650998000026],[4.885764380000069,52.36355386100007],[4.885538842000074,52.36331440100008],[4.885040692000075,52.362785501000076],[4.884989897000025,52.36273157100004],[4.8846239390000505,52.36234302300005],[4.884312456000032,52.36201231200005],[4.8842870120000725,52.36198529700005],[4.884283371000038,52.36198143100006],[4.884155368000052,52.36184552700007],[4.883188313000062,52.36081877700008],[4.882951238000032,52.36056706800008],[4.8822645410000405,52.359837982000045],[4.881904570000074,52.35945579100007],[4.881704115000048,52.35924296200005],[4.882056868000063,52.35891497000006],[4.882223205000059,52.35876030900005],[4.8825302920000695,52.35847477800007],[4.8827405260000205,52.35827930100004],[4.8827451410000435,52.35827501000006],[4.882783332000031,52.358295353000074]]]}},{"type":"Feature","properties":{"service_id":317,"population_total":406.48,"thiessen_area_km2":0.096},"geometry":{"type":"Polygon","coordinates":[[[4.881904570000074,52.35945579100007],[4.8822645410000405,52.359837982000045],[4.882951238000032,52.36056706800008],[4.883188313000062,52.36081877700008],[4.884155368000052,52.36184552700007],[4.884283371000038,52.36198143100006],[4.8842870120000725,52.36198529700005],[4.884312456000032,52.36201231200005],[4.8846239390000505,52.36234302300005],[4.884989897000025,52.36273157100004],[4.885040692000075,52.362785501000076],[4.885538842000074,52.36331440100008],[4.885764380000069,52.36355386100007],[4.885855870000057,52.363650998000026],[4.885948947000031,52.363749821000056],[4.88607618900005,52.363884917000064],[4.885872353000025,52.364019590000055],[4.885850846000039,52.36403380000007],[4.885629803000029,52.364179842000055],[4.8854169760000445,52.36432045600003],[4.885414958000069,52.36432178900003],[4.884954601000061,52.36462594500006],[4.88488790100007,52.36467001300008],[4.884731564000049,52.36477330400004],[4.884720529000049,52.36478059500007],[4.884559336000052,52.36488709500003],[4.884479827000064,52.36493962600008],[4.8842092940000725,52.36511836600005],[4.883697348000055,52.36491550000005],[4.883675567000068,52.36490686900004],[4.883429816000046,52.36480948700006],[4.883196197000075,52.36471691200006],[4.882973962000051,52.36462884800005],[4.8826893160000395,52.364516053000045],[4.882470814000044,52.36442946900007],[4.882468842000037,52.364422551000075],[4.88244738800006,52.364347287000044],[4.882440048000035,52.36432153900006],[4.88229571200003,52.36381520500004],[4.882232484000042,52.363593397000045],[4.88211360400004,52.363176363000036],[4.88206383000005,52.36300175500003],[4.881992990000072,52.36275324700006],[4.881957555000042,52.36262894100008],[4.881785086000036,52.362023916000055],[4.88177394500002,52.361984833000065],[4.881723536000038,52.36180799500005],[4.881627121000065,52.36146977000004],[4.8816232990000685,52.361438573000044],[4.8816050850000465,52.36128988000007],[4.88160061800005,52.36125341600007],[4.881532195000034,52.360694856000066],[4.881450568000048,52.36002851200004],[4.881394237000052,52.35956866200007],[4.88146008700005,52.359454087000074],[4.881493931000023,52.35939520100004],[4.881704115000048,52.35924296200005],[4.881904570000074,52.35945579100007]]]}},{"type":"Feature","properties":{"service_id":318,"population_total":307.61,"thiessen_area_km2":0.061},"geometry":{"type":"Polygon","coordinates":[[[4.882379740000033,52.35612080300007],[4.882853753000063,52.35708445500006],[4.882898954000041,52.35717634800005],[4.882900353000025,52.357179192000046],[4.8828820370000585,52.35730850700003],[4.8827533540000445,52.35821702800007],[4.8827451410000435,52.35827501000006],[4.8827405260000205,52.35827930100004],[4.8825302920000695,52.35847477800007],[4.882223205000059,52.35876030900005],[4.882056868000063,52.35891497000006],[4.881704115000048,52.35924296200005],[4.881493931000023,52.35939520100004],[4.88139871900006,52.35932765500007],[4.881156677000035,52.359155945000055],[4.8810209090000285,52.35905962900006],[4.880597975000057,52.35875959100008],[4.880579386000022,52.358746404000044],[4.880210186000056,52.358484485000076],[4.88012862100004,52.35819244800007],[4.880069757000058,52.35798168700006],[4.879829673000074,52.35712208400008],[4.879737964000071,52.356793725000045],[4.879724108000062,52.35674411300005],[4.879639642000029,52.356441689000064],[4.881432780000068,52.355863861000046],[4.8821410800000535,52.35563561500004],[4.882379740000033,52.35612080300007]]]}},{"type":"Feature","properties":{"service_id":319,"population_total":483.39,"thiessen_area_km2":0.0698},"geometry":{"type":"Polygon","coordinates":[[[4.878030847000048,52.353626503000044],[4.878260484000066,52.35364925500005],[4.878833697000061,52.35370604700006],[4.880433676000052,52.35386456900005],[4.881134068000051,52.35393396200004],[4.88128615200003,52.354117518000066],[4.881582124000033,52.35447474000006],[4.8817972420000615,52.35473437400003],[4.881895684000028,52.35485318800005],[4.881928817000073,52.354893178000054],[4.88197148200004,52.354944672000045],[4.88199220000007,52.35502907700004],[4.882026781000036,52.35516995900008],[4.882093809000025,52.355443035000064],[4.882099389000075,52.355465767000055],[4.8821410800000535,52.35563561500004],[4.881432780000068,52.355863861000046],[4.879639642000029,52.356441689000064],[4.879474390000041,52.356420839000066],[4.879217051000069,52.35638837100004],[4.879207102000066,52.356387116000064],[4.878816307000022,52.35633781000007],[4.878331546000027,52.35577832400003],[4.878007194000077,52.35540397300008],[4.877985434000038,52.35537885900004],[4.877869298000064,52.35524482000005],[4.877674031000026,52.35501945200008],[4.877674331000037,52.35499985000007],[4.877688050000074,52.354102580000074],[4.877688840000076,52.35405089600005],[4.877690581000024,52.35393701700008],[4.877694828000074,52.35365923100005],[4.8776958360000435,52.353593311000054],[4.878030847000048,52.353626503000044]]]}},{"type":"Feature","properties":{"service_id":320,"population_total":1307.34,"thiessen_area_km2":0.2097},"geometry":{"type":"Polygon","coordinates":[[[4.881268227000021,52.34792397100006],[4.881376406000072,52.348014155000044],[4.881479142000046,52.348099801000046],[4.881839403000072,52.34840013500008],[4.88187646800003,52.34843103500003],[4.882265690000054,52.34875551200008],[4.882270574000074,52.34875958400005],[4.882273595000072,52.34876812600004],[4.882315820000031,52.34888751200003],[4.882338459000039,52.34895152100006],[4.882360233000043,52.34901308600007],[4.882397302000072,52.349117894000074],[4.882609073000026,52.349716654000076],[4.882455887000049,52.350154641000074],[4.88243772200002,52.35020657900003],[4.8822417910000695,52.35076678100006],[4.882117722000032,52.35112151700008],[4.881734667000046,52.35221674100006],[4.881721492000054,52.35225441100005],[4.881719267000051,52.35226077300007],[4.881677876000026,52.352379118000044],[4.881677326000045,52.352380692000054],[4.881607344000031,52.352580784000054],[4.881575486000031,52.35267187100004],[4.881432852000046,52.35307968700005],[4.8812660690000484,52.353556549000075],[4.881239847000074,52.35363152200006],[4.881134068000051,52.35393396200004],[4.880433676000052,52.35386456900005],[4.878833697000061,52.35370604700006],[4.878260484000066,52.35364925500005],[4.878030847000048,52.353626503000044],[4.8776958360000435,52.353593311000054],[4.87762637000003,52.353516874000036],[4.8774911470000575,52.35336808300008],[4.877313857000047,52.35317300300005],[4.877250265000043,52.35310302900007],[4.876626316000056,52.35241647000004],[4.876521381000032,52.35230100500007],[4.876372135000054,52.35213678300005],[4.876255867000054,52.35200884800008],[4.8759440370000675,52.35166572800006],[4.875905201000023,52.35162299500007],[4.875618060000022,52.35130704000005],[4.875749725000048,52.35111761100006],[4.875860688000046,52.35095796500008],[4.876141812000071,52.35055350500005],[4.876679051000053,52.35020623200006],[4.876998108000066,52.34999999200005],[4.877018931000066,52.34998653200006],[4.877171968000027,52.34988760900006],[4.8771815570000285,52.34988141000008],[4.877307709000036,52.34979986500008],[4.878206265000074,52.34921903500003],[4.878481652000062,52.34904102400003],[4.878854232000037,52.34880018700005],[4.879035362000025,52.34868310400003],[4.879783601000042,52.34819944000003],[4.880050463000032,52.34802694000007],[4.880171422000046,52.34794875100005],[4.880251655000052,52.34789688800004],[4.880259606000038,52.34789174900004],[4.880805949000035,52.347538590000056],[4.881268227000021,52.34792397100006]]]}},{"type":"Feature","properties":{"service_id":321,"population_total":703.11,"thiessen_area_km2":0.0935},"geometry":{"type":"Polygon","coordinates":[[[4.883364806000031,52.35032460000008],[4.883556276000036,52.35047862700003],[4.883723445000044,52.350613105000036],[4.884268855000073,52.35105185800006],[4.884553586000038,52.351280908000035],[4.884909995000044,52.351567619000036],[4.885332894000044,52.35190781800003],[4.885392715000023,52.35195594100003],[4.885403520000068,52.35196463300008],[4.885578305000024,52.352105238000036],[4.8856679870000335,52.352177382000036],[4.885805986000037,52.35228839400003],[4.88603142300002,52.352469746000054],[4.885646984000061,52.35270409900005],[4.885619976000044,52.35272056300005],[4.885027336000064,52.35308183400008],[4.884915478000039,52.35315002200008],[4.884510852000062,52.35339668100005],[4.884402458000068,52.353462758000035],[4.883873698000059,52.35378508800005],[4.883823527000061,52.35381567200005],[4.883756500000061,52.353856531000076],[4.882833193000067,52.35441937600007],[4.882354742000075,52.35471103800006],[4.882271373000037,52.35476186000005],[4.882248946000061,52.35477553100003],[4.882139214000063,52.354842423000036],[4.8820355570000515,52.35490561200004],[4.88197148200004,52.354944672000045],[4.881928817000073,52.354893178000054],[4.881895684000028,52.35485318800005],[4.8817972420000615,52.35473437400003],[4.881582124000033,52.35447474000006],[4.88128615200003,52.354117518000066],[4.881134068000051,52.35393396200004],[4.881239847000074,52.35363152200006],[4.8812660690000484,52.353556549000075],[4.881432852000046,52.35307968700005],[4.881575486000031,52.35267187100004],[4.881607344000031,52.352580784000054],[4.881677326000045,52.352380692000054],[4.881677876000026,52.352379118000044],[4.881719267000051,52.35226077300007],[4.881721492000054,52.35225441100005],[4.881734667000046,52.35221674100006],[4.882117722000032,52.35112151700008],[4.8822417910000695,52.35076678100006],[4.88243772200002,52.35020657900003],[4.882455887000049,52.350154641000074],[4.882609073000026,52.349716654000076],[4.883364806000031,52.35032460000008]]]}},{"type":"Feature","properties":{"service_id":322,"population_total":626.21,"thiessen_area_km2":0.0722},"geometry":{"type":"Polygon","coordinates":[[[4.886257218000026,52.35253399000004],[4.886921942000072,52.352723121000054],[4.886827900000071,52.352845615000035],[4.88672629000007,52.35297796700007],[4.8866948940000725,52.353018862000056],[4.886449302000074,52.353338757000074],[4.886280278000072,52.35355891900008],[4.886112621000052,52.35377730000005],[4.8860523670000475,52.35385578300003],[4.885776513000053,52.354215096000075],[4.88513027700003,52.35505685000004],[4.885122299000045,52.355067242000075],[4.88470032500004,52.35561688400003],[4.884657279000066,52.355672954000056],[4.884550999000055,52.35581138900005],[4.884479040000031,52.355905119000056],[4.88404414200005,52.35647159400003],[4.883815156000026,52.35676986000004],[4.883748947000072,52.35679948500007],[4.882904346000032,52.35717740500007],[4.882900353000025,52.357179192000046],[4.882898954000041,52.35717634800005],[4.882853753000063,52.35708445500006],[4.882379740000033,52.35612080300007],[4.8821410800000535,52.35563561500004],[4.882099389000075,52.355465767000055],[4.882093809000025,52.355443035000064],[4.882026781000036,52.35516995900008],[4.88199220000007,52.35502907700004],[4.88197148200004,52.354944672000045],[4.8820355570000515,52.35490561200004],[4.882139214000063,52.354842423000036],[4.882248946000061,52.35477553100003],[4.882271373000037,52.35476186000005],[4.882354742000075,52.35471103800006],[4.882833193000067,52.35441937600007],[4.883756500000061,52.353856531000076],[4.883823527000061,52.35381567200005],[4.883873698000059,52.35378508800005],[4.884402458000068,52.353462758000035],[4.884510852000062,52.35339668100005],[4.884915478000039,52.35315002200008],[4.885027336000064,52.35308183400008],[4.885619976000044,52.35272056300005],[4.885646984000061,52.35270409900005],[4.88603142300002,52.352469746000054],[4.886257218000026,52.35253399000004]]]}},{"type":"Feature","properties":{"service_id":323,"population_total":1373.26,"thiessen_area_km2":0.116},"geometry":{"type":"Polygon","coordinates":[[[4.887045918000069,52.35272713900008],[4.887145113000031,52.35273035400007],[4.887174636000054,52.35273131100007],[4.88767058600007,52.35274738600003],[4.887883584000065,52.352955644000076],[4.887973284000054,52.35304334800003],[4.888124643000026,52.353191338000045],[4.888370867000049,52.35343208300003],[4.888449765000075,52.35350922500004],[4.88864352500002,52.35369867300005],[4.889554252000039,52.35458913300005],[4.889825965000057,52.354854800000055],[4.890096888000073,52.35511969400005],[4.890287181000076,52.35530575300004],[4.89030060500005,52.35531887800005],[4.890454973000033,52.355469811000034],[4.8903865550000205,52.35559550100004],[4.8903343210000685,52.35569145900007],[4.890310656000054,52.355734933000065],[4.890190285000074,52.35595606500004],[4.890165970000055,52.35600073400008],[4.890123317000075,52.356079091000026],[4.890051744000061,52.35621057700007],[4.889964894000059,52.35637012700005],[4.889922562000038,52.35644789500003],[4.889274883000041,52.35648203900007],[4.888951056000053,52.35649911000007],[4.888732384000036,52.35651063800003],[4.888641749000044,52.356515416000036],[4.888073890000044,52.35654535200007],[4.886823713000069,52.356611258000044],[4.886722494000026,52.35661659400006],[4.8866102600000545,52.35662251100007],[4.885698048000052,52.35667060000003],[4.885234487000048,52.356695037000065],[4.885142034000069,52.35669991100008],[4.883815156000026,52.35676986000004],[4.88404414200005,52.35647159400003],[4.884479040000031,52.355905119000056],[4.884550999000055,52.35581138900005],[4.884657279000066,52.355672954000056],[4.88470032500004,52.35561688400003],[4.885122299000045,52.355067242000075],[4.88513027700003,52.35505685000004],[4.885776513000053,52.354215096000075],[4.8860523670000475,52.35385578300003],[4.886112621000052,52.35377730000005],[4.886280278000072,52.35355891900008],[4.886449302000074,52.353338757000074],[4.8866948940000725,52.353018862000056],[4.88672629000007,52.35297796700007],[4.886827900000071,52.352845615000035],[4.886921942000072,52.352723121000054],[4.887045918000069,52.35272713900008]]]}},{"type":"Feature","properties":{"service_id":324,"population_total":878.89,"thiessen_area_km2":0.1383},"geometry":{"type":"Polygon","coordinates":[[[4.885351674000049,52.34808001300007],[4.885387541000057,52.348089747000074],[4.885888006000073,52.34822556800003],[4.88629110200003,52.34833496400006],[4.886555168000029,52.34840662900007],[4.887016363000043,52.34853179300006],[4.888061940000057,52.34881555100003],[4.888090717000068,52.34882336100003],[4.888114295000037,52.34882976000006],[4.888399575000051,52.34890718200006],[4.888430139000036,52.34896986900003],[4.888419436000049,52.34902309700004],[4.888406813000074,52.34908587500007],[4.8883291060000715,52.349472337000066],[4.888267194000036,52.34978024600008],[4.888232775000063,52.349951426000075],[4.888199535000069,52.35011674200007],[4.8881228690000285,52.35049802800006],[4.888023648000058,52.35099149000007],[4.8880135760000485,52.35104157900008],[4.887994494000054,52.351136481000026],[4.8878661710000415,52.35177467500006],[4.887852808000048,52.35184113500003],[4.8878250350000485,52.35197925800003],[4.887750898000036,52.35234796700007],[4.887736324000059,52.35242044800003],[4.887736290000021,52.352420617000064],[4.88767058600007,52.35274738600003],[4.887174636000054,52.35273131100007],[4.887145113000031,52.35273035400007],[4.887045918000069,52.35272713900008],[4.886921942000072,52.352723121000054],[4.886257218000026,52.35253399000004],[4.88603142300002,52.352469746000054],[4.885805986000037,52.35228839400003],[4.8856679870000335,52.352177382000036],[4.885578305000024,52.352105238000036],[4.885403520000068,52.35196463300008],[4.885392715000023,52.35195594100003],[4.885332894000044,52.35190781800003],[4.884909995000044,52.351567619000036],[4.884553586000038,52.351280908000035],[4.884268855000073,52.35105185800006],[4.883723445000044,52.350613105000036],[4.883556276000036,52.35047862700003],[4.883364806000031,52.35032460000008],[4.882609073000026,52.349716654000076],[4.882397302000072,52.349117894000074],[4.882360233000043,52.34901308600007],[4.882338459000039,52.34895152100006],[4.882315820000031,52.34888751200003],[4.882273595000072,52.34876812600004],[4.882270574000074,52.34875958400005],[4.882273005000059,52.34875890300003],[4.882543862000034,52.34868300000005],[4.882832198000074,52.34860219900003],[4.882959048000032,52.348566652000045],[4.883633822000036,52.348377560000074],[4.883784279000054,52.34833539700003],[4.883794541000043,52.34833252100003],[4.8840114600000675,52.348271734000036],[4.8841009060000715,52.34824666900005],[4.884999897000057,52.34799474400006],[4.885018387000059,52.347989562000066],[4.885351674000049,52.34808001300007]]]}},{"type":"Feature","properties":{"service_id":325,"population_total":2713.56,"thiessen_area_km2":0.2849},"geometry":{"type":"Polygon","coordinates":[[[4.888443782000024,52.34897023600007],[4.88905145800004,52.34898659500004],[4.889126499000042,52.34898861500005],[4.889148572000067,52.34898920900008],[4.889477083000031,52.34899805200007],[4.889700631000039,52.349004070000035],[4.890730032000022,52.349031781000065],[4.89173405400004,52.34905880900004],[4.891746056000045,52.349059132000036],[4.892488335000053,52.34907911400006],[4.893354026000054,52.34910241800003],[4.894129477000035,52.34912329300005],[4.894176961000028,52.34912457100006],[4.8946265490000656,52.34913667400008],[4.894911305000051,52.34940398500004],[4.895253589000049,52.349725299000056],[4.895252779000032,52.34978492500005],[4.895252219000042,52.34982613100004],[4.895251690000066,52.34986507200006],[4.895248405000075,52.350106975000074],[4.895248321000054,52.35011319300003],[4.8952439940000545,52.35043183400006],[4.895241980000037,52.35058013200006],[4.895239939000021,52.350730414000054],[4.8952385650000565,52.350831636000066],[4.895228107000037,52.351601843000026],[4.895032790000073,52.35192357100004],[4.894942367000056,52.35207251700007],[4.8949239960000455,52.35210277700003],[4.8948539780000715,52.35221811100007],[4.894732078000061,52.35241890600008],[4.894596780000029,52.35264177100004],[4.894466904000069,52.352855704000035],[4.893939992000071,52.353723638000076],[4.893863606000025,52.35384946200003],[4.8938474040000415,52.353876150000076],[4.89357665600005,52.354322127000046],[4.893562473000031,52.35434549000007],[4.893536723000068,52.354387906000056],[4.893306772000074,52.35452123200008],[4.893070747000024,52.354658080000036],[4.892929620000075,52.35473990600008],[4.8927066680000735,52.354869174000044],[4.892458489000035,52.35493537500008],[4.892373196000051,52.35495812700003],[4.8919580190000715,52.35506887500003],[4.890454973000033,52.355469811000034],[4.89030060500005,52.35531887800005],[4.890287181000076,52.35530575300004],[4.890096888000073,52.35511969400005],[4.889825965000057,52.354854800000055],[4.889554252000039,52.35458913300005],[4.88864352500002,52.35369867300005],[4.888449765000075,52.35350922500004],[4.888370867000049,52.35343208300003],[4.888124643000026,52.353191338000045],[4.887973284000054,52.35304334800003],[4.887883584000065,52.352955644000076],[4.88767058600007,52.35274738600003],[4.887736290000021,52.352420617000064],[4.887736324000059,52.35242044800003],[4.887750898000036,52.35234796700007],[4.8878250350000485,52.35197925800003],[4.887852808000048,52.35184113500003],[4.8878661710000415,52.35177467500006],[4.887994494000054,52.351136481000026],[4.8880135760000485,52.35104157900008],[4.888023648000058,52.35099149000007],[4.8881228690000285,52.35049802800006],[4.888199535000069,52.35011674200007],[4.888232775000063,52.349951426000075],[4.888267194000036,52.34978024600008],[4.8883291060000715,52.349472337000066],[4.888406813000074,52.34908587500007],[4.888419436000049,52.34902309700004],[4.888430139000036,52.34896986900003],[4.888443782000024,52.34897023600007]]]}},{"type":"Feature","properties":{"service_id":326,"population_total":1680.87,"thiessen_area_km2":0.1486},"geometry":{"type":"Polygon","coordinates":[[[4.8924590880000665,52.34445854100005],[4.8926389760000575,52.34484680200006],[4.892839137000067,52.34527881900004],[4.893075220000071,52.34578836700007],[4.8933130980000215,52.34630179100003],[4.8935536030000435,52.34682088500006],[4.893715181000061,52.34716962700003],[4.894070181000075,52.34793583900006],[4.89425482300004,52.34833436100007],[4.894275979000042,52.34838002300006],[4.894471703000022,52.34880246200004],[4.894478516000049,52.34881716600006],[4.8946265490000656,52.34913667400008],[4.894176961000028,52.34912457100006],[4.894129477000035,52.34912329300005],[4.893354026000054,52.34910241800003],[4.892488335000053,52.34907911400006],[4.891746056000045,52.349059132000036],[4.89173405400004,52.34905880900004],[4.890730032000022,52.349031781000065],[4.889700631000039,52.349004070000035],[4.889477083000031,52.34899805200007],[4.889148572000067,52.34898920900008],[4.889126499000042,52.34898861500005],[4.88905145800004,52.34898659500004],[4.888443782000024,52.34897023600007],[4.888430139000036,52.34896986900003],[4.888399575000051,52.34890718200006],[4.888406235000048,52.34885153100004],[4.888430158000062,52.34865162600005],[4.888430236000033,52.34865097100004],[4.888536026000054,52.34776696600005],[4.88855275100002,52.34762720900005],[4.888645408000059,52.34685294800005],[4.888681351000059,52.34655259700003],[4.888723582000068,52.34652332500008],[4.888814727000067,52.34646014800006],[4.889179918000025,52.34620701800003],[4.89040631000006,52.34535695300008],[4.890621723000038,52.34520764100006],[4.890738830000032,52.345126469000036],[4.8909341670000686,52.34499107200003],[4.891115325000044,52.34486550400004],[4.891525155000068,52.34458143300003],[4.892275164000068,52.344061569000075],[4.8924590880000665,52.34445854100005]]]}},{"type":"Feature","properties":{"service_id":327,"population_total":747.05,"thiessen_area_km2":0.0672},"geometry":{"type":"Polygon","coordinates":[[[4.886587295000027,52.34488057900006],[4.886638044000051,52.34492110000008],[4.887683475000074,52.345755834000045],[4.887744720000057,52.34580473500006],[4.887753404000023,52.34581166900006],[4.8879754820000585,52.345988989000034],[4.8881441680000535,52.346123678000026],[4.888205337000045,52.34617251900005],[4.888232052000035,52.34619385000008],[4.8883778810000535,52.34631028800004],[4.888612273000035,52.346497441000054],[4.888681351000059,52.34655259700003],[4.888645408000059,52.34685294800005],[4.88855275100002,52.34762720900005],[4.888536026000054,52.34776696600005],[4.888430236000033,52.34865097100004],[4.888430158000062,52.34865162600005],[4.888406235000048,52.34885153100004],[4.888399575000051,52.34890718200006],[4.888114295000037,52.34882976000006],[4.888090717000068,52.34882336100003],[4.888061940000057,52.34881555100003],[4.887016363000043,52.34853179300006],[4.886555168000029,52.34840662900007],[4.88629110200003,52.34833496400006],[4.885888006000073,52.34822556800003],[4.885387541000057,52.348089747000074],[4.885351674000049,52.34808001300007],[4.885018387000059,52.347989562000066],[4.885168035000049,52.34766845100006],[4.885224360000052,52.34754759000003],[4.885560877000046,52.346825498000044],[4.885636108000028,52.34666406800005],[4.8856986220000636,52.34652992700006],[4.885764202000075,52.346389206000026],[4.885955301000024,52.345979148000026],[4.886049316000026,52.345777412000075],[4.886365824000052,52.34509825400005],[4.886443714000052,52.34493111900008],[4.886499818000061,52.34481073200004],[4.886587295000027,52.34488057900006]]]}},{"type":"Feature","properties":{"service_id":328,"population_total":747.05,"thiessen_area_km2":0.2349},"geometry":{"type":"Polygon","coordinates":[[[4.885381130000042,52.34224650200008],[4.88543312500002,52.34236568500006],[4.885582999000064,52.34270922300004],[4.885681251000051,52.342934435000075],[4.8859305190000555,52.34350580100005],[4.885979856000063,52.34361889000007],[4.886172893000037,52.34406136400003],[4.886405068000045,52.344593548000034],[4.886499818000061,52.34481073200004],[4.886443714000052,52.34493111900008],[4.886365824000052,52.34509825400005],[4.886049316000026,52.345777412000075],[4.885955301000024,52.345979148000026],[4.885764202000075,52.346389206000026],[4.8856986220000636,52.34652992700006],[4.885636108000028,52.34666406800005],[4.885560877000046,52.346825498000044],[4.885224360000052,52.34754759000003],[4.885168035000049,52.34766845100006],[4.885018387000059,52.347989562000066],[4.884999897000057,52.34799474400006],[4.8841009060000715,52.34824666900005],[4.8840114600000675,52.348271734000036],[4.883794541000043,52.34833252100003],[4.883784279000054,52.34833539700003],[4.883633822000036,52.348377560000074],[4.882959048000032,52.348566652000045],[4.882832198000074,52.34860219900003],[4.882543862000034,52.34868300000005],[4.882273005000059,52.34875890300003],[4.882270574000074,52.34875958400005],[4.882265690000054,52.34875551200008],[4.88187646800003,52.34843103500003],[4.881839403000072,52.34840013500008],[4.881479142000046,52.348099801000046],[4.881376406000072,52.348014155000044],[4.881268227000021,52.34792397100006],[4.880805949000035,52.347538590000056],[4.880799485000068,52.34739697600003],[4.880789187000062,52.347171365000065],[4.880779744000051,52.34696447400006],[4.880777181000042,52.346908330000076],[4.880760376000069,52.346540153000035],[4.880736192000029,52.34601030500005],[4.880691494000075,52.34503104600003],[4.880667115000051,52.34449692900006],[4.880658986000071,52.34431882600006],[4.880656749000025,52.344269815000075],[4.880650246000073,52.344127342000036],[4.880646078000041,52.344036034000055],[4.880645306000076,52.34401911100008],[4.880630740000072,52.34369999300003],[4.880910803000063,52.343271092000066],[4.881223434000049,52.342792314000064],[4.881596449000028,52.34222106200008],[4.881696509000051,52.34206782500007],[4.881998047000025,52.34205815100006],[4.882252479000044,52.34204998800004],[4.882661932000076,52.342036852000035],[4.882716440000024,52.34203510300006],[4.883567124000024,52.34200781100003],[4.883615802000065,52.342006249000065],[4.884072289000073,52.341991603000054],[4.88409761500003,52.34199079000007],[4.885253395000063,52.34195371000004],[4.885381130000042,52.34224650200008]]]}},{"type":"Feature","properties":{"service_id":329,"population_total":1944.54,"thiessen_area_km2":0.2145},"geometry":{"type":"Polygon","coordinates":[[[4.877277112000058,52.343646430000035],[4.877692019000051,52.34365305700004],[4.880376768000076,52.343695937000064],[4.880630740000072,52.34369999300003],[4.880645306000076,52.34401911100008],[4.880646078000041,52.344036034000055],[4.880650246000073,52.344127342000036],[4.880656749000025,52.344269815000075],[4.880658986000071,52.34431882600006],[4.880667115000051,52.34449692900006],[4.880691494000075,52.34503104600003],[4.880736192000029,52.34601030500005],[4.880760376000069,52.346540153000035],[4.880777181000042,52.346908330000076],[4.880779744000051,52.34696447400006],[4.880789187000062,52.347171365000065],[4.880799485000068,52.34739697600003],[4.880805949000035,52.347538590000056],[4.880259606000038,52.34789174900004],[4.880251655000052,52.34789688800004],[4.880171422000046,52.34794875100005],[4.880050463000032,52.34802694000007],[4.879783601000042,52.34819944000003],[4.879035362000025,52.34868310400003],[4.878854232000037,52.34880018700005],[4.878481652000062,52.34904102400003],[4.878206265000074,52.34921903500003],[4.877307709000036,52.34979986500008],[4.8771815570000285,52.34988141000008],[4.877171968000027,52.34988760900006],[4.877018931000066,52.34998653200006],[4.876998108000066,52.34999999200005],[4.876679051000053,52.35020623200006],[4.876141812000071,52.35055350500005],[4.876092837000044,52.35036989400004],[4.875991420000048,52.34998967100006],[4.875978363000058,52.34994072000006],[4.875938862000055,52.349792627000056],[4.875928169000076,52.349752540000054],[4.875769974000036,52.34915945700004],[4.875734188000024,52.34902529300007],[4.875647510000022,52.34870033200008],[4.875644729000044,52.34868990500007],[4.875587439000071,52.348475121000035],[4.875556707000044,52.34835990500005],[4.875545450000061,52.34831770300008],[4.875540821000072,52.348300349000056],[4.8754235350000386,52.34786063400003],[4.875389133000056,52.347731657000054],[4.875364156000046,52.347638017000065],[4.875274077000029,52.34730030500003],[4.8751966420000485,52.34700999700004],[4.875147802000072,52.346826891000035],[4.8749982570000725,52.34626623500003],[4.874941701000068,52.34605420400004],[4.874990254000068,52.345960320000074],[4.875019603000055,52.34590356900003],[4.875021984000057,52.34589896600005],[4.875312524000037,52.34533717000005],[4.87546721700005,52.34503805200006],[4.8754887840000265,52.34499635000003],[4.875519040000029,52.34493784500006],[4.875519972000063,52.344936043000075],[4.876110349000044,52.34443436500004],[4.876931093000053,52.34373693100008],[4.87704201300005,52.34364267500007],[4.877277112000058,52.343646430000035]]]}},{"type":"Feature","properties":{"service_id":330,"population_total":1076.64,"thiessen_area_km2":0.0904},"geometry":{"type":"Polygon","coordinates":[[[4.8749982570000725,52.34626623500003],[4.875147802000072,52.346826891000035],[4.8751966420000485,52.34700999700004],[4.875274077000029,52.34730030500003],[4.875364156000046,52.347638017000065],[4.875389133000056,52.347731657000054],[4.8754235350000386,52.34786063400003],[4.875540821000072,52.348300349000056],[4.875545450000061,52.34831770300008],[4.875556707000044,52.34835990500005],[4.875587439000071,52.348475121000035],[4.875644729000044,52.34868990500007],[4.875647510000022,52.34870033200008],[4.875734188000024,52.34902529300007],[4.875769974000036,52.34915945700004],[4.875928169000076,52.349752540000054],[4.875938862000055,52.349792627000056],[4.875978363000058,52.34994072000006],[4.875991420000048,52.34998967100006],[4.876092837000044,52.35036989400004],[4.876141812000071,52.35055350500005],[4.875860688000046,52.35095796500008],[4.875749725000048,52.35111761100006],[4.875618060000022,52.35130704000005],[4.875312627000028,52.35137832200007],[4.875248136000039,52.351393373000064],[4.874944332000041,52.35100318600007],[4.8743456380000225,52.350234260000036],[4.8741912540000385,52.35003597900004],[4.874094939000031,52.34991227800003],[4.873930478000034,52.349701054000036],[4.8738760000000525,52.349631085000055],[4.87355487800005,52.34921865500007],[4.873296979000031,52.34888742500004],[4.873290048000058,52.34887852300005],[4.8732772440000645,52.34886207900007],[4.87315327500005,52.34870286100005],[4.873125408000021,52.34866707000003],[4.8731188470000575,52.34865864300008],[4.8726060420000294,52.34800002800006],[4.872060327000042,52.34729914500008],[4.872068519000038,52.347281000000066],[4.872074527000052,52.34726769400004],[4.872160837000024,52.34707653300006],[4.87219394400006,52.34700320600007],[4.87220601100006,52.34697648000008],[4.872214125000028,52.346958509000046],[4.872432023000044,52.346475901000076],[4.872540425000068,52.346235808000074],[4.872595790000048,52.34611318300006],[4.872610976000033,52.346079548000034],[4.873389613000029,52.34607108100005],[4.873724325000069,52.34606744100006],[4.874139617000026,52.34606292500007],[4.87433188600005,52.34606083400007],[4.874941701000068,52.34605420400004],[4.8749982570000725,52.34626623500003]]]}},{"type":"Feature","properties":{"service_id":331,"population_total":1977.49,"thiessen_area_km2":0.2211},"geometry":{"type":"Polygon","coordinates":[[[4.8726060420000294,52.34800002800006],[4.8731188470000575,52.34865864300008],[4.873125408000021,52.34866707000003],[4.87315327500005,52.34870286100005],[4.8732772440000645,52.34886207900007],[4.873290048000058,52.34887852300005],[4.873296979000031,52.34888742500004],[4.87355487800005,52.34921865500007],[4.8738760000000525,52.349631085000055],[4.873930478000034,52.349701054000036],[4.874094939000031,52.34991227800003],[4.8741912540000385,52.35003597900004],[4.8743456380000225,52.350234260000036],[4.874944332000041,52.35100318600007],[4.875248136000039,52.351393373000064],[4.874746689000062,52.351680130000034],[4.874512036000056,52.35181431800004],[4.8744154490000255,52.35186955200004],[4.874383132000048,52.35188803300008],[4.874312847000056,52.35192822600004],[4.873887751000041,52.352035442000044],[4.873844366000071,52.35204638400006],[4.872218601000043,52.35245642700005],[4.871970113000032,52.35251909900006],[4.871906533000072,52.35253513500004],[4.8718802700000765,52.352541759000076],[4.871651736000047,52.35259939900004],[4.870716645000073,52.35246530900008],[4.870240111000044,52.35239697500003],[4.870026565000046,52.352366353000036],[4.869761137000069,52.35221163300008],[4.869553518000032,52.35209061000006],[4.869512344000043,52.352066609000076],[4.869381281000074,52.35199021100004],[4.869253310000033,52.35191561500005],[4.869126904000041,52.35184193100008],[4.869022585000039,52.351781122000034],[4.868770486000074,52.35163417200005],[4.868373753000071,52.351402912000026],[4.868341198000053,52.35138393600005],[4.868204318000039,52.351304147000064],[4.867844239000021,52.35109425300004],[4.86758941100004,52.350945711000065],[4.867481443000031,52.35088277500006],[4.867359360000023,52.35081161200003],[4.866861942000071,52.34998096600003],[4.866791382000031,52.34986313700006],[4.866430236000042,52.34926005500006],[4.866667065000058,52.34909380200003],[4.867477896000025,52.348524603000044],[4.8677240680000295,52.348351792000074],[4.867940735000047,52.348199693000026],[4.868238212000051,52.34813466400004],[4.868550193000033,52.348066465000045],[4.868634775000032,52.34804797500004],[4.868941721000056,52.347980876000065],[4.870379684000056,52.34766653600008],[4.870854311000073,52.34756278200007],[4.8715727330000504,52.34740573400006],[4.871672145000048,52.34738400200007],[4.871692488000065,52.34737955500003],[4.8719332930000405,52.34732691500005],[4.871945523000022,52.34732424100008],[4.872060327000042,52.34729914500008],[4.8726060420000294,52.34800002800006]]]}},{"type":"Feature","properties":{"service_id":332,"population_total":791.0,"thiessen_area_km2":0.1148},"geometry":{"type":"Polygon","coordinates":[[[4.875905201000023,52.35162299500007],[4.8759440370000675,52.35166572800006],[4.876255867000054,52.35200884800008],[4.876372135000054,52.35213678300005],[4.876521381000032,52.35230100500007],[4.876626316000056,52.35241647000004],[4.877250265000043,52.35310302900007],[4.877313857000047,52.35317300300005],[4.8774911470000575,52.35336808300008],[4.87762637000003,52.353516874000036],[4.8776958360000435,52.353593311000054],[4.877694828000074,52.35365923100005],[4.877690581000024,52.35393701700008],[4.877688840000076,52.35405089600005],[4.877688050000074,52.354102580000074],[4.877674331000037,52.35499985000007],[4.877674031000026,52.35501945200008],[4.877550573000065,52.35526088000006],[4.877464879000058,52.35542845700007],[4.877180510000073,52.35598455100006],[4.877170619000026,52.356003893000036],[4.876898931000028,52.356535190000045],[4.8767716910000445,52.35678401400003],[4.87675121500007,52.35682405500006],[4.876507896000021,52.35729987500008],[4.876471522000031,52.35737100500006],[4.876250783000046,52.35780266900008],[4.875840977000053,52.35747356600007],[4.87579880100003,52.35743969500004],[4.875232469000025,52.356984890000035],[4.874565379000046,52.35644916900003],[4.874553294000066,52.35623281200003],[4.874519554000074,52.35562879300005],[4.874508351000031,52.355428225000026],[4.874503556000036,52.355342387000064],[4.874502073000031,52.35531584600005],[4.874474803000055,52.35482764500006],[4.874471653000057,52.35477125800003],[4.874470243000076,52.35474602200003],[4.874455057000034,52.35447414600003],[4.874442578000071,52.35425073600004],[4.874442067000075,52.354241596000065],[4.874419975000023,52.35384609400006],[4.874411022000061,52.35368580900007],[4.874397683000041,52.35344700500008],[4.874360308000064,52.35277789700007],[4.874346942000045,52.352538622000054],[4.87433749500002,52.35236949100005],[4.874329273000058,52.35222229100003],[4.8743201870000235,52.35205963400006],[4.874320127000033,52.35205855300006],[4.874312847000056,52.35192822600004],[4.874383132000048,52.35188803300008],[4.8744154490000255,52.35186955200004],[4.874512036000056,52.35181431800004],[4.874746689000062,52.351680130000034],[4.875248136000039,52.351393373000064],[4.875312627000028,52.35137832200007],[4.875618060000022,52.35130704000005],[4.875905201000023,52.35162299500007]]]}},{"type":"Feature","properties":{"service_id":333,"population_total":714.09,"thiessen_area_km2":0.0931},"geometry":{"type":"Polygon","coordinates":[[[4.874320127000033,52.35205855300006],[4.8743201870000235,52.35205963400006],[4.874329273000058,52.35222229100003],[4.87433749500002,52.35236949100005],[4.874346942000045,52.352538622000054],[4.874360308000064,52.35277789700007],[4.874397683000041,52.35344700500008],[4.874411022000061,52.35368580900007],[4.874419975000023,52.35384609400006],[4.874442067000075,52.354241596000065],[4.874442578000071,52.35425073600004],[4.874455057000034,52.35447414600003],[4.874470243000076,52.35474602200003],[4.874471653000057,52.35477125800003],[4.874474803000055,52.35482764500006],[4.874502073000031,52.35531584600005],[4.874503556000036,52.355342387000064],[4.874508351000031,52.355428225000026],[4.874519554000074,52.35562879300005],[4.874553294000066,52.35623281200003],[4.874565379000046,52.35644916900003],[4.874523138000029,52.35646750600006],[4.873618746000034,52.35686011900003],[4.873401612000066,52.35695438100004],[4.873326720000023,52.356986893000055],[4.873120764000021,52.35707630200005],[4.872149487000058,52.35749795100003],[4.872117091000064,52.35717913000008],[4.872082987000056,52.35684349400003],[4.872024015000022,52.35626313100005],[4.872017141000072,52.35619548300008],[4.871994670000049,52.35597433300006],[4.871992359000046,52.35595159400003],[4.871985912000071,52.355888151000045],[4.871933262000027,52.35537000800008],[4.871904609000069,52.35508802100003],[4.87190197700005,52.355062116000056],[4.871897152000031,52.35501463000003],[4.871890649000022,52.354950630000076],[4.8718732200000545,52.35477910900005],[4.8718675660000486,52.35472346300003],[4.871845805000021,52.354509310000026],[4.871792658000061,52.35398626600005],[4.871772501000066,52.353787898000064],[4.871749658000056,52.35356309100007],[4.871722092000027,52.35329180000008],[4.871681609000063,52.35289339000008],[4.871672255000021,52.35280133200007],[4.871651736000047,52.35259939900004],[4.8718802700000765,52.352541759000076],[4.871906533000072,52.35253513500004],[4.871970113000032,52.35251909900006],[4.872218601000043,52.35245642700005],[4.873844366000071,52.35204638400006],[4.873887751000041,52.352035442000044],[4.874312847000056,52.35192822600004],[4.874320127000033,52.35205855300006]]]}},{"type":"Feature","properties":{"service_id":334,"population_total":637.19,"thiessen_area_km2":0.1393},"geometry":{"type":"Polygon","coordinates":[[[4.870240111000044,52.35239697500003],[4.870716645000073,52.35246530900008],[4.871651736000047,52.35259939900004],[4.871672255000021,52.35280133200007],[4.871681609000063,52.35289339000008],[4.871722092000027,52.35329180000008],[4.871749658000056,52.35356309100007],[4.871772501000066,52.353787898000064],[4.871792658000061,52.35398626600005],[4.871845805000021,52.354509310000026],[4.8718675660000486,52.35472346300003],[4.8718732200000545,52.35477910900005],[4.871890649000022,52.354950630000076],[4.871897152000031,52.35501463000003],[4.87190197700005,52.355062116000056],[4.871904609000069,52.35508802100003],[4.871933262000027,52.35537000800008],[4.871985912000071,52.355888151000045],[4.871992359000046,52.35595159400003],[4.871994670000049,52.35597433300006],[4.872017141000072,52.35619548300008],[4.872024015000022,52.35626313100005],[4.872082987000056,52.35684349400003],[4.872117091000064,52.35717913000008],[4.872149487000058,52.35749795100003],[4.872085468000023,52.35766104000004],[4.872028778000072,52.35780545800003],[4.871780232000049,52.35843863500003],[4.871745568000051,52.35852694100004],[4.871714323000049,52.35860653900005],[4.871341183000027,52.358782879000046],[4.871202528000026,52.35884840500006],[4.871147973000063,52.358874187000026],[4.871114215000034,52.35889014000003],[4.869986109000024,52.35942326300005],[4.869664755000031,52.35957512900006],[4.869550333000063,52.359629203000054],[4.869448960000057,52.359677110000064],[4.869398356000033,52.35970102500005],[4.869271842000046,52.35962851800008],[4.869129870000052,52.35954715100007],[4.868967331000022,52.35945399700006],[4.86880721700004,52.35936223300007],[4.868610541000066,52.359249514000055],[4.8684785760000295,52.35917388300004],[4.868354858000032,52.35910297800007],[4.868693694000058,52.35773754200005],[4.868720624000048,52.35762901900006],[4.8687625330000515,52.357460134000064],[4.868945999000061,52.356720805000066],[4.869013487000075,52.35644884300007],[4.869147716000043,52.35590792900007],[4.86916866200005,52.35582352000006],[4.869256004000022,52.35547155000006],[4.869368305000023,52.35501900000003],[4.869436413000074,52.35474454100006],[4.869445378000023,52.354708412000036],[4.86954417100003,52.354310299000076],[4.869668388000036,52.35380973100007],[4.8696786370000495,52.35376842800008],[4.869708814000035,52.35364682000005],[4.869735481000021,52.353539357000045],[4.869752946000062,52.353468976000045],[4.869754066000041,52.353464462000034],[4.869785853000053,52.353336367000054],[4.869864933000031,52.35301769200004],[4.869964000000039,52.35261847500004],[4.870026565000046,52.352366353000036],[4.870240111000044,52.35239697500003]]]}},{"type":"Feature","properties":{"service_id":335,"population_total":703.11,"thiessen_area_km2":0.2034},"geometry":{"type":"Polygon","coordinates":[[[4.867481443000031,52.35088277500006],[4.86758941100004,52.350945711000065],[4.867844239000021,52.35109425300004],[4.868204318000039,52.351304147000064],[4.868341198000053,52.35138393600005],[4.868373753000071,52.351402912000026],[4.868770486000074,52.35163417200005],[4.869022585000039,52.351781122000034],[4.869126904000041,52.35184193100008],[4.869253310000033,52.35191561500005],[4.869381281000074,52.35199021100004],[4.869512344000043,52.352066609000076],[4.869553518000032,52.35209061000006],[4.869761137000069,52.35221163300008],[4.870026565000046,52.352366353000036],[4.869964000000039,52.35261847500004],[4.869864933000031,52.35301769200004],[4.869785853000053,52.353336367000054],[4.869754066000041,52.353464462000034],[4.869752946000062,52.353468976000045],[4.869735481000021,52.353539357000045],[4.869708814000035,52.35364682000005],[4.8696786370000495,52.35376842800008],[4.869668388000036,52.35380973100007],[4.86954417100003,52.354310299000076],[4.869445378000023,52.354708412000036],[4.869436413000074,52.35474454100006],[4.869368305000023,52.35501900000003],[4.869256004000022,52.35547155000006],[4.86916866200005,52.35582352000006],[4.869147716000043,52.35590792900007],[4.869013487000075,52.35644884300007],[4.868945999000061,52.356720805000066],[4.8687625330000515,52.357460134000064],[4.868720624000048,52.35762901900006],[4.868693694000058,52.35773754200005],[4.868354858000032,52.35910297800007],[4.867089710000073,52.35896759500008],[4.867054210000049,52.35894835300007],[4.867006368000034,52.358922422000035],[4.866792844000031,52.358806687000026],[4.866511271000036,52.35865406900007],[4.866356177000057,52.35857000500005],[4.865658498000073,52.35819184800005],[4.865641022000034,52.35818237500007],[4.865470185000049,52.35808977800008],[4.865465568000047,52.35808727600005],[4.864925281000069,52.35779442900008],[4.864352988000064,52.357484234000026],[4.86435259700005,52.35748402200005],[4.864440022000053,52.35729001300007],[4.864689479000049,52.35673643500007],[4.864765101000046,52.356568620000075],[4.864806707000071,52.356476290000046],[4.86486209100002,52.356353385000034],[4.864926141000069,52.35621125000006],[4.865014357000064,52.356015487000036],[4.86529716900003,52.35538788900004],[4.865575057000058,52.354771217000064],[4.865623216000074,52.35466434600005],[4.865713524000057,52.35446394100006],[4.86590512500004,52.354038752000065],[4.866015956000069,52.35379280400008],[4.8660441230000515,52.35373029800007],[4.866144722000058,52.35350705600007],[4.866204413000048,52.35337459500005],[4.86632580600002,52.353105207000056],[4.8663756010000725,52.35299470500007],[4.8663761950000435,52.352993387000026],[4.866409052000051,52.35292047200005],[4.866424512000037,52.35288616400004],[4.8664943260000655,52.35273123800005],[4.866600283000025,52.35249610500006],[4.866859884000064,52.351920016000065],[4.866895929000066,52.35184002700004],[4.866899064000052,52.351833070000055],[4.86693950800003,52.351743320000026],[4.866975058000037,52.35166442900004],[4.867047126000045,52.35150450000003],[4.867088943000056,52.351411702000064],[4.867172804000063,52.35122560600007],[4.867211346000033,52.351140075000046],[4.867359360000023,52.35081161200003],[4.867481443000031,52.35088277500006]]]}},{"type":"Feature","properties":{"service_id":336,"population_total":1922.56,"thiessen_area_km2":0.2774},"geometry":{"type":"Polygon","coordinates":[[[4.866766549000033,52.33932478300005],[4.866861861000075,52.339401484000064],[4.867139271000042,52.33962472500008],[4.867791791000059,52.340149831000076],[4.8678524980000475,52.34019868400003],[4.86784521200002,52.34024160600006],[4.86783919100003,52.34027707900003],[4.867799536000064,52.340510695000035],[4.867735476000064,52.34088808900003],[4.867456281000045,52.34253290500004],[4.867450415000064,52.34256746400007],[4.867269985000064,52.34363042800004],[4.867155358000048,52.34430572700006],[4.867132763000029,52.34443883800003],[4.867082933000063,52.344732399000065],[4.867052323000053,52.34491273400005],[4.867011516000048,52.34515313800006],[4.867010336000021,52.34516009200007],[4.866929509000045,52.34563626800008],[4.866885717000059,52.34589425900003],[4.866774575000022,52.34654902600005],[4.866715080000063,52.34689952600007],[4.866642494000075,52.34732714900008],[4.86660108600006,52.34757109700007],[4.866534414000057,52.347963882000045],[4.8665281060000325,52.34800104700008],[4.866509643000029,52.34810981800007],[4.866453021000041,52.34844339600005],[4.866396094000038,52.348778766000066],[4.866387370000041,52.34883016100008],[4.866324295000027,52.34920175500008],[4.866054867000059,52.34914220300004],[4.865867832000049,52.34910086200006],[4.864975666000021,52.34890366500008],[4.86450373200006,52.34879935200007],[4.863445463000062,52.34856544100006],[4.863371931000074,52.34854918800005],[4.863298173000032,52.34849664300003],[4.863224446000061,52.34844411900008],[4.863154812000062,52.34839451100004],[4.862963944000057,52.34825853500007],[4.8630269810000755,52.34752655300008],[4.863072739000074,52.34699520400005],[4.863082784000028,52.346878564000065],[4.863131414000065,52.346313879000036],[4.8631361830000515,52.34625850400005],[4.863165261000063,52.345920843000044],[4.863192766000054,52.34560145700004],[4.86324551000007,52.34498899300007],[4.863255251000055,52.34487587700005],[4.8632737670000665,52.34466086800006],[4.863287963000062,52.34449602400008],[4.86329726200006,52.34438804100006],[4.863301316000047,52.344340970000076],[4.8633179800000335,52.34414746900006],[4.863372225000035,52.34351758100007],[4.863423469000054,52.342922532000046],[4.86343392200007,52.34280115400003],[4.86345519300005,52.34255415900003],[4.863538952000056,52.34158155000006],[4.863561478000065,52.34131997800006],[4.8635853620000375,52.341042637000044],[4.863608450000072,52.340774543000066],[4.86361464700002,52.34070258000003],[4.863626989000068,52.34055927000003],[4.863663919000032,52.34013044500006],[4.863681144000054,52.339930424000045],[4.864351093000039,52.339550461000044],[4.8651242590000265,52.339111959000036],[4.865352207000058,52.338982678000036],[4.865764546000037,52.338748819000045],[4.8659324780000475,52.33865357600007],[4.866766549000033,52.33932478300005]]]}},{"type":"Feature","properties":{"service_id":337,"population_total":1087.62,"thiessen_area_km2":0.128},"geometry":{"type":"Polygon","coordinates":[[[4.868140449000066,52.34029896000004],[4.86818792300005,52.34038957900003],[4.868249872000035,52.340507830000035],[4.8684786850000705,52.34094459700003],[4.8695679960000575,52.34302391300008],[4.869761674000074,52.343393613000046],[4.870344201000023,52.34450556100006],[4.8703337970000575,52.34452155200006],[4.869943977000048,52.345120706000046],[4.869791999000029,52.34535429600004],[4.869726695000054,52.34545466900005],[4.8697107330000335,52.34547920300008],[4.869659976000037,52.34555721600003],[4.869456858000035,52.345869409000045],[4.869364010000027,52.34601211700004],[4.869329109000034,52.346065759000055],[4.869239733000029,52.34620313000005],[4.869005161000075,52.346563668000044],[4.868589390000068,52.347202709000044],[4.8685099920000425,52.34732474400005],[4.868403472000068,52.347488465000026],[4.868223655000065,52.34776484400004],[4.868040864000022,52.348045795000075],[4.867979231000049,52.348140525000076],[4.867940735000047,52.348199693000026],[4.8677240680000295,52.348351792000074],[4.867477896000025,52.348524603000044],[4.866667065000058,52.34909380200003],[4.866430236000042,52.34926005500006],[4.866324295000027,52.34920175500008],[4.866387370000041,52.34883016100008],[4.866396094000038,52.348778766000066],[4.866453021000041,52.34844339600005],[4.866509643000029,52.34810981800007],[4.8665281060000325,52.34800104700008],[4.866534414000057,52.347963882000045],[4.86660108600006,52.34757109700007],[4.866642494000075,52.34732714900008],[4.866715080000063,52.34689952600007],[4.866774575000022,52.34654902600005],[4.866885717000059,52.34589425900003],[4.866929509000045,52.34563626800008],[4.867010336000021,52.34516009200007],[4.867011516000048,52.34515313800006],[4.867052323000053,52.34491273400005],[4.867082933000063,52.344732399000065],[4.867132763000029,52.34443883800003],[4.867155358000048,52.34430572700006],[4.867269985000064,52.34363042800004],[4.867450415000064,52.34256746400007],[4.867456281000045,52.34253290500004],[4.867735476000064,52.34088808900003],[4.867799536000064,52.340510695000035],[4.86783919100003,52.34027707900003],[4.86784521200002,52.34024160600006],[4.8678524980000475,52.34019868400003],[4.868140449000066,52.34029896000004]]]}},{"type":"Feature","properties":{"service_id":338,"population_total":911.84,"thiessen_area_km2":0.0714},"geometry":{"type":"Polygon","coordinates":[[[4.870376072000056,52.34450865600007],[4.871231349000027,52.34459171000003],[4.871674119000033,52.34463470600008],[4.871938932000035,52.34466042100007],[4.872006651000049,52.34480342100005],[4.872198020000042,52.34520752700007],[4.872497916000043,52.345840804000034],[4.872539097000072,52.34592776300008],[4.872610976000033,52.346079548000034],[4.872595790000048,52.34611318300006],[4.872540425000068,52.346235808000074],[4.872432023000044,52.346475901000076],[4.872214125000028,52.346958509000046],[4.87220601100006,52.34697648000008],[4.87219394400006,52.34700320600007],[4.872160837000024,52.34707653300006],[4.872074527000052,52.34726769400004],[4.872068519000038,52.347281000000066],[4.872060327000042,52.34729914500008],[4.871945523000022,52.34732424100008],[4.8719332930000405,52.34732691500005],[4.871692488000065,52.34737955500003],[4.871672145000048,52.34738400200007],[4.8715727330000504,52.34740573400006],[4.870854311000073,52.34756278200007],[4.870379684000056,52.34766653600008],[4.868941721000056,52.347980876000065],[4.868634775000032,52.34804797500004],[4.868550193000033,52.348066465000045],[4.868238212000051,52.34813466400004],[4.867940735000047,52.348199693000026],[4.867979231000049,52.348140525000076],[4.868040864000022,52.348045795000075],[4.868223655000065,52.34776484400004],[4.868403472000068,52.347488465000026],[4.8685099920000425,52.34732474400005],[4.868589390000068,52.347202709000044],[4.869005161000075,52.346563668000044],[4.869239733000029,52.34620313000005],[4.869329109000034,52.346065759000055],[4.869364010000027,52.34601211700004],[4.869456858000035,52.345869409000045],[4.869659976000037,52.34555721600003],[4.8697107330000335,52.34547920300008],[4.869726695000054,52.34545466900005],[4.869791999000029,52.34535429600004],[4.869943977000048,52.345120706000046],[4.8703337970000575,52.34452155200006],[4.870344201000023,52.34450556100006],[4.870376072000056,52.34450865600007]]]}},{"type":"Feature","properties":{"service_id":339,"population_total":285.64,"thiessen_area_km2":0.0426},"geometry":{"type":"Polygon","coordinates":[[[4.872872587000074,52.343746725000074],[4.873105209000073,52.34385122900005],[4.873905786000023,52.34421088200003],[4.874126312000044,52.34430995200006],[4.87544052800007,52.34490035300007],[4.875494755000034,52.34492471400006],[4.875519972000063,52.344936043000075],[4.875519040000029,52.34493784500006],[4.8754887840000265,52.34499635000003],[4.87546721700005,52.34503805200006],[4.875312524000037,52.34533717000005],[4.875021984000057,52.34589896600005],[4.875019603000055,52.34590356900003],[4.874990254000068,52.345960320000074],[4.874941701000068,52.34605420400004],[4.87433188600005,52.34606083400007],[4.874139617000026,52.34606292500007],[4.873724325000069,52.34606744100006],[4.873389613000029,52.34607108100005],[4.872610976000033,52.346079548000034],[4.872539097000072,52.34592776300008],[4.872497916000043,52.345840804000034],[4.872198020000042,52.34520752700007],[4.872006651000049,52.34480342100005],[4.871938932000035,52.34466042100007],[4.872368317000053,52.34411318800005],[4.872712346000071,52.34367473800006],[4.872872587000074,52.343746725000074]]]}},{"type":"Feature","properties":{"service_id":340,"population_total":670.15,"thiessen_area_km2":0.0598},"geometry":{"type":"Polygon","coordinates":[[[4.874294699000075,52.34202217400008],[4.874419101000058,52.34207955000005],[4.874864862000038,52.34228514000006],[4.875188556000069,52.34243443200006],[4.875560518000043,52.342605985000034],[4.876245748000031,52.34292202200004],[4.876296468000021,52.34294541500003],[4.876412538000068,52.34305396800005],[4.876487515000065,52.34312408900007],[4.876549158000046,52.343181740000034],[4.876608837000049,52.34323755400004],[4.87704201300005,52.34364267500007],[4.876931093000053,52.34373693100008],[4.876110349000044,52.34443436500004],[4.875519972000063,52.344936043000075],[4.875494755000034,52.34492471400006],[4.87544052800007,52.34490035300007],[4.874126312000044,52.34430995200006],[4.873905786000023,52.34421088200003],[4.873105209000073,52.34385122900005],[4.872872587000074,52.343746725000074],[4.872712346000071,52.34367473800006],[4.872769836000032,52.34332256600004],[4.872786035000047,52.34322333600005],[4.872992909000061,52.34195607000004],[4.874029187000076,52.34189971600006],[4.874294699000075,52.34202217400008]]]}},{"type":"Feature","properties":{"service_id":341,"population_total":483.39,"thiessen_area_km2":0.0364},"geometry":{"type":"Polygon","coordinates":[[[4.875878712000031,52.33893257200003],[4.87588140500003,52.338958439000066],[4.875973428000066,52.33984238700003],[4.875989091000065,52.33999284400005],[4.876008292000051,52.34017728400005],[4.8760153270000615,52.340244863000066],[4.876058962000059,52.340664005000065],[4.876095684000063,52.34101674600004],[4.87612871500005,52.34133402900005],[4.876255951000076,52.34255621700004],[4.876291551000065,52.34289818800005],[4.876296468000021,52.34294541500003],[4.876245748000031,52.34292202200004],[4.875560518000043,52.342605985000034],[4.875188556000069,52.34243443200006],[4.874864862000038,52.34228514000006],[4.874419101000058,52.34207955000005],[4.874294699000075,52.34202217400008],[4.874029187000076,52.34189971600006],[4.874097415000051,52.341770231000055],[4.87431242100007,52.34136218900005],[4.874724061000052,52.340580970000076],[4.874756767000065,52.34051890100005],[4.874776376000057,52.34048168700008],[4.874991385000044,52.34007364000007],[4.875139039000032,52.339793419000046],[4.875417834000075,52.339264316000026],[4.875474791000045,52.33915622200004],[4.875699260000033,52.33873022100005],[4.87585346700007,52.33869007800007],[4.875878712000031,52.33893257200003]]]}},{"type":"Feature","properties":{"service_id":342,"population_total":1417.2,"thiessen_area_km2":0.1053},"geometry":{"type":"Polygon","coordinates":[[[4.87188384600006,52.34090716400004],[4.8722174550000545,52.341222678000065],[4.872351639000044,52.341349584000056],[4.872701336000034,52.34168031200005],[4.872992909000061,52.34195607000004],[4.872786035000047,52.34322333600005],[4.872769836000032,52.34332256600004],[4.872712346000071,52.34367473800006],[4.872368317000053,52.34411318800005],[4.871938932000035,52.34466042100007],[4.871674119000033,52.34463470600008],[4.871231349000027,52.34459171000003],[4.870376072000056,52.34450865600007],[4.870344201000023,52.34450556100006],[4.869761674000074,52.343393613000046],[4.8695679960000575,52.34302391300008],[4.8684786850000705,52.34094459700003],[4.868249872000035,52.340507830000035],[4.86818792300005,52.34038957900003],[4.868140449000066,52.34029896000004],[4.870402383000055,52.340217616000075],[4.871127190000038,52.34019155100003],[4.87188384600006,52.34090716400004]]]}},{"type":"Feature","properties":{"service_id":343,"population_total":845.93,"thiessen_area_km2":0.0724},"geometry":{"type":"Polygon","coordinates":[[[4.875040287000047,52.33866549100003],[4.875259264000022,52.33868700100004],[4.875491619000059,52.33870982500008],[4.875699260000033,52.33873022100005],[4.875474791000045,52.33915622200004],[4.875417834000075,52.339264316000026],[4.875139039000032,52.339793419000046],[4.874991385000044,52.34007364000007],[4.874776376000057,52.34048168700008],[4.874756767000065,52.34051890100005],[4.874724061000052,52.340580970000076],[4.87431242100007,52.34136218900005],[4.874097415000051,52.341770231000055],[4.874029187000076,52.34189971600006],[4.872992909000061,52.34195607000004],[4.872701336000034,52.34168031200005],[4.872351639000044,52.341349584000056],[4.8722174550000545,52.341222678000065],[4.87188384600006,52.34090716400004],[4.871127190000038,52.34019155100003],[4.8714881020000576,52.33983605700007],[4.871820193000076,52.33950895100003],[4.8719620590000545,52.33936921500003],[4.872016632000054,52.339328548000026],[4.873085429000071,52.33853210800004],[4.873154956000064,52.338480298000036],[4.875040287000047,52.33866549100003]]]}},{"type":"Feature","properties":{"service_id":344,"population_total":681.14,"thiessen_area_km2":0.0525},"geometry":{"type":"Polygon","coordinates":[[[4.8739491640000665,52.33588926900006],[4.8742555020000395,52.33612520300005],[4.874413252000068,52.33624669800008],[4.874430767000035,52.33626018800004],[4.874891775000037,52.336615246000065],[4.87575699100006,52.33728161500005],[4.875815889000023,52.33732697700003],[4.876011489000064,52.33747762300004],[4.8761246910000295,52.33756480900007],[4.876303986000039,52.33770289800003],[4.876305582000043,52.33770412700005],[4.8768136210000534,52.338095407000026],[4.8767784350000625,52.33811719900007],[4.8764922680000495,52.33829443700006],[4.8762825190000285,52.33842434500008],[4.875957146000076,52.33862586500004],[4.87585346700007,52.33869007800007],[4.875699260000033,52.33873022100005],[4.875491619000059,52.33870982500008],[4.875259264000022,52.33868700100004],[4.875040287000047,52.33866549100003],[4.873154956000064,52.338480298000036],[4.873138782000069,52.338283138000065],[4.873094248000029,52.33774025200006],[4.873049067000068,52.33718947700004],[4.872982290000039,52.336375445000044],[4.872980157000029,52.33634944000005],[4.872968497000045,52.33620730400003],[4.872950055000047,52.335982484000056],[4.8730487250000465,52.335944787000074],[4.873190025000042,52.33589080200005],[4.873698780000041,52.33569642900005],[4.8739491640000665,52.33588926900006]]]}},{"type":"Feature","properties":{"service_id":345,"population_total":1120.58,"thiessen_area_km2":0.1201},"geometry":{"type":"Polygon","coordinates":[[[4.878742933000069,52.334732521000035],[4.878840229000048,52.33494957700003],[4.878877959000022,52.33503374900005],[4.878949550000073,52.33519346200006],[4.879062635000025,52.33544574300004],[4.879264229000057,52.335895476000076],[4.879581740000049,52.336603807000074],[4.879612526000074,52.33667248800003],[4.879778181000063,52.33704204600008],[4.87840079800003,52.33753145500003],[4.87807966500003,52.337645559000066],[4.87723765800007,52.33794473900008],[4.8768136210000534,52.338095407000026],[4.876305582000043,52.33770412700005],[4.876303986000039,52.33770289800003],[4.8761246910000295,52.33756480900007],[4.876011489000064,52.33747762300004],[4.875815889000023,52.33732697700003],[4.87575699100006,52.33728161500005],[4.874891775000037,52.336615246000065],[4.874430767000035,52.33626018800004],[4.874413252000068,52.33624669800008],[4.8742555020000395,52.33612520300005],[4.8739491640000665,52.33588926900006],[4.873698780000041,52.33569642900005],[4.87427817400004,52.335109885000065],[4.874807676000046,52.33457385000003],[4.87494721500002,52.33443259000006],[4.874996597000063,52.33438259800005],[4.875097829000026,52.33428011800004],[4.875193033000073,52.33418373900008],[4.87554430900002,52.33416340700006],[4.8784133880000695,52.33399734200003],[4.878742933000069,52.334732521000035]]]}},{"type":"Feature","properties":{"service_id":346,"population_total":604.23,"thiessen_area_km2":0.0444},"geometry":{"type":"Polygon","coordinates":[[[4.870811103000051,52.334725992000074],[4.8709276170000635,52.33479443600004],[4.871208931000069,52.33495968900007],[4.872808165000038,52.335899133000055],[4.872810537000021,52.335900526000046],[4.872950055000047,52.335982484000056],[4.872968497000045,52.33620730400003],[4.872980157000029,52.33634944000005],[4.872982290000039,52.336375445000044],[4.873049067000068,52.33718947700004],[4.873094248000029,52.33774025200006],[4.873138782000069,52.338283138000065],[4.873154956000064,52.338480298000036],[4.873085429000071,52.33853210800004],[4.872016632000054,52.339328548000026],[4.8719620590000545,52.33936921500003],[4.871940436000045,52.33928283900008],[4.8717083900000375,52.33835592100007],[4.8716235890000235,52.338017179000076],[4.8714474840000435,52.337313719000065],[4.8713958820000585,52.33710759400003],[4.871222740000064,52.33641596800004],[4.871122992000039,52.33601751900005],[4.87109791000006,52.33591732600007],[4.8710302140000294,52.33564691000004],[4.871029134000025,52.33564259700006],[4.870981314000062,52.33545157900005],[4.870820568000056,52.33480947000004],[4.870802984000022,52.334739229000036],[4.870797699000036,52.33471811800007],[4.870811103000051,52.334725992000074]]]}},{"type":"Feature","properties":{"service_id":347,"population_total":1856.65,"thiessen_area_km2":0.1976},"geometry":{"type":"Polygon","coordinates":[[[4.870782639000026,52.33470667700004],[4.870797699000036,52.33471811800007],[4.870802984000022,52.334739229000036],[4.870820568000056,52.33480947000004],[4.870981314000062,52.33545157900005],[4.871029134000025,52.33564259700006],[4.8710302140000294,52.33564691000004],[4.87109791000006,52.33591732600007],[4.871122992000039,52.33601751900005],[4.871222740000064,52.33641596800004],[4.8713958820000585,52.33710759400003],[4.8714474840000435,52.337313719000065],[4.8716235890000235,52.338017179000076],[4.8717083900000375,52.33835592100007],[4.871940436000045,52.33928283900008],[4.8719620590000545,52.33936921500003],[4.871820193000076,52.33950895100003],[4.8714881020000576,52.33983605700007],[4.871127190000038,52.34019155100003],[4.870402383000055,52.340217616000075],[4.868140449000066,52.34029896000004],[4.8678524980000475,52.34019868400003],[4.867791791000059,52.340149831000076],[4.867139271000042,52.33962472500008],[4.866861861000075,52.339401484000064],[4.866766549000033,52.33932478300005],[4.8659324780000475,52.33865357600007],[4.866055558000028,52.33763962900008],[4.866115041000057,52.33714960200007],[4.866254421000065,52.336001370000076],[4.8662768900000515,52.33581626800003],[4.866298780000022,52.33563593500003],[4.866301889000056,52.33561032000006],[4.867070003000038,52.33543495200007],[4.868011247000027,52.335220056000026],[4.868244910000044,52.33516670800003],[4.868684544000075,52.33506633500008],[4.870661828000038,52.334614900000076],[4.870782639000026,52.33470667700004]]]}},{"type":"Feature","properties":{"service_id":348,"population_total":5872.62,"thiessen_area_km2":0.6367},"geometry":{"type":"Polygon","coordinates":[[[4.865952751000066,52.32185408200007],[4.8660916840000255,52.321854752000036],[4.872192860000041,52.32188415500008],[4.872705005000057,52.32188677700003],[4.873590077000074,52.321891307000044],[4.874339064000026,52.32189514100003],[4.874629774000027,52.32277510200004],[4.874595815000021,52.32339676700008],[4.874591080000073,52.32348345100007],[4.874499191000041,52.32516558700007],[4.874487255000076,52.32538409400007],[4.874397012000031,52.327036098000065],[4.874353834000033,52.32782653100003],[4.874347585000066,52.32794092700004],[4.874328004000063,52.32829938700007],[4.874315915000068,52.32852068500006],[4.874279312000056,52.32919074000006],[4.8725229990000685,52.33035735700008],[4.872504540000023,52.33035073700006],[4.870805699000073,52.32974145900005],[4.870646301000022,52.32968429200008],[4.8688536810000755,52.32904138100008],[4.868140227000026,52.32878550500004],[4.8675553440000385,52.328575741000066],[4.867463523000026,52.328542810000044],[4.867168479000043,52.32843699400007],[4.866330378000043,52.328136415000074],[4.864148061000037,52.32735374200007],[4.863855799000021,52.32724892400006],[4.863138365000054,52.32699162100005],[4.863131747000068,52.32697351000007],[4.862782346000074,52.32601731700004],[4.862179745000049,52.32436819900005],[4.862173262000056,52.32435045700004],[4.861252789000048,52.32183143200007],[4.865952751000066,52.32185408200007]]]}},{"type":"Feature","properties":{"service_id":349,"population_total":2340.03,"thiessen_area_km2":0.1627},"geometry":{"type":"Polygon","coordinates":[[[4.87502184300007,52.32956368500004],[4.876468303000024,52.33029018600007],[4.876549946000068,52.330331192000074],[4.876954280000064,52.33053427300007],[4.878576461000023,52.33134903200005],[4.878555476000031,52.33168982600006],[4.8785425310000505,52.33190004800008],[4.878525220000029,52.33218117600006],[4.8784361430000445,52.33362780400006],[4.8784133880000695,52.33399734200003],[4.87554430900002,52.33416340700006],[4.875193033000073,52.33418373900008],[4.874952122000025,52.33400201200004],[4.87460900800005,52.333743190000064],[4.8732163720000585,52.33269268000004],[4.872869800000046,52.33243124900008],[4.872573787000022,52.33220795700004],[4.8725011490000725,52.33215316400003],[4.872390909000046,52.33207000600004],[4.872421204000034,52.331677210000066],[4.872450074000028,52.33130288000007],[4.872522497000034,52.33036386500004],[4.8725229990000685,52.33035735700008],[4.874279312000056,52.32919074000006],[4.87502184300007,52.32956368500004]]]}},{"type":"Feature","properties":{"service_id":350,"population_total":3526.53,"thiessen_area_km2":0.3614},"geometry":{"type":"Polygon","coordinates":[[[4.863855799000021,52.32724892400006],[4.864148061000037,52.32735374200007],[4.866330378000043,52.328136415000074],[4.867168479000043,52.32843699400007],[4.867463523000026,52.328542810000044],[4.8675553440000385,52.328575741000066],[4.868140227000026,52.32878550500004],[4.8688536810000755,52.32904138100008],[4.870646301000022,52.32968429200008],[4.870805699000073,52.32974145900005],[4.872504540000023,52.33035073700006],[4.8725229990000685,52.33035735700008],[4.872522497000034,52.33036386500004],[4.872450074000028,52.33130288000007],[4.872421204000034,52.331677210000066],[4.872390909000046,52.33207000600004],[4.872319205000053,52.33217554200007],[4.87230644300007,52.332194325000046],[4.872255945000063,52.33226864900007],[4.8722040150000225,52.33234508100003],[4.8716403720000585,52.333174660000054],[4.871011637000038,52.33410004500007],[4.870907930000044,52.334252683000045],[4.870661828000038,52.334614900000076],[4.868684544000075,52.33506633500008],[4.868244910000044,52.33516670800003],[4.868011247000027,52.335220056000026],[4.867070003000038,52.33543495200007],[4.866301889000056,52.33561032000006],[4.866104442000051,52.33518989200007],[4.866031172000021,52.33503387600007],[4.865909018000025,52.33477377100007],[4.865892311000039,52.334738196000046],[4.865659834000041,52.334243179000055],[4.86512115000005,52.333096150000074],[4.864926523000065,52.33268172600003],[4.8639458510000395,52.330593563000036],[4.863788849000059,52.33025925600003],[4.863522185000022,52.32969144400005],[4.86348821100006,52.32961910200004],[4.863263696000047,52.329141038000046],[4.863189682000041,52.32787170300003],[4.863149402000033,52.32718091000004],[4.863138365000054,52.32699162100005],[4.863855799000021,52.32724892400006]]]}},{"type":"Feature","properties":{"service_id":351,"population_total":812.97,"thiessen_area_km2":0.071},"geometry":{"type":"Polygon","coordinates":[[[4.8725011490000725,52.33215316400003],[4.872573787000022,52.33220795700004],[4.872869800000046,52.33243124900008],[4.8732163720000585,52.33269268000004],[4.87460900800005,52.333743190000064],[4.874952122000025,52.33400201200004],[4.875193033000073,52.33418373900008],[4.875097829000026,52.33428011800004],[4.874996597000063,52.33438259800005],[4.87494721500002,52.33443259000006],[4.874807676000046,52.33457385000003],[4.87427817400004,52.335109885000065],[4.873698780000041,52.33569642900005],[4.873190025000042,52.33589080200005],[4.8730487250000465,52.335944787000074],[4.872950055000047,52.335982484000056],[4.872810537000021,52.335900526000046],[4.872808165000038,52.335899133000055],[4.871208931000069,52.33495968900007],[4.8709276170000635,52.33479443600004],[4.870811103000051,52.334725992000074],[4.870797699000036,52.33471811800007],[4.870782639000026,52.33470667700004],[4.870661828000038,52.334614900000076],[4.870907930000044,52.334252683000045],[4.871011637000038,52.33410004500007],[4.8716403720000585,52.333174660000054],[4.8722040150000225,52.33234508100003],[4.872255945000063,52.33226864900007],[4.87230644300007,52.332194325000046],[4.872319205000053,52.33217554200007],[4.872390909000046,52.33207000600004],[4.8725011490000725,52.33215316400003]]]}},{"type":"Feature","properties":{"service_id":352,"population_total":2285.1,"thiessen_area_km2":0.2361},"geometry":{"type":"Polygon","coordinates":[[[4.875339042000064,52.32340099500004],[4.875737757000024,52.323752841000044],[4.8766009340000664,52.32451455100005],[4.878102007000052,52.32583917100004],[4.879983285000037,52.32749930300008],[4.8800591180000765,52.32756622200003],[4.880072000000041,52.32757759000003],[4.88082483900007,52.328241932000026],[4.881059282000024,52.32844881600005],[4.8810675400000605,52.32891518000008],[4.881049923000035,52.32893239300006],[4.880802542000026,52.32917409000004],[4.880166584000051,52.329795439000065],[4.879876061000061,52.330079288000036],[4.879019671000037,52.33091600400007],[4.878576461000023,52.33134903200005],[4.876954280000064,52.33053427300007],[4.876549946000068,52.330331192000074],[4.876468303000024,52.33029018600007],[4.87502184300007,52.32956368500004],[4.874279312000056,52.32919074000006],[4.874315915000068,52.32852068500006],[4.874328004000063,52.32829938700007],[4.874347585000066,52.32794092700004],[4.874353834000033,52.32782653100003],[4.874397012000031,52.327036098000065],[4.874487255000076,52.32538409400007],[4.874499191000041,52.32516558700007],[4.874591080000073,52.32348345100007],[4.874595815000021,52.32339676700008],[4.874629774000027,52.32277510200004],[4.875339042000064,52.32340099500004]]]}},{"type":"Feature","properties":{"service_id":353,"population_total":2422.99,"thiessen_area_km2":0.2602},"geometry":{"type":"Polygon","coordinates":[[[4.883147890000032,52.32194023000005],[4.883480942000062,52.32388277000007],[4.883531231000063,52.324176081000076],[4.883084679000035,52.32494794200005],[4.882165629000042,52.32653650900005],[4.881967798000062,52.32687845800007],[4.8818813500000715,52.32702788200004],[4.88175073900004,52.32725364200007],[4.88137438800004,52.32790416000006],[4.881282042000066,52.32806377900005],[4.881059282000024,52.32844881600005],[4.88082483900007,52.328241932000026],[4.880072000000041,52.32757759000003],[4.8800591180000765,52.32756622200003],[4.879983285000037,52.32749930300008],[4.878102007000052,52.32583917100004],[4.8766009340000664,52.32451455100005],[4.875737757000024,52.323752841000044],[4.875339042000064,52.32340099500004],[4.874629774000027,52.32277510200004],[4.874339064000026,52.32189514100003],[4.883147890000032,52.32194023000005]]]}},{"type":"Feature","properties":{"service_id":354,"population_total":2405.95,"thiessen_area_km2":0.2959},"geometry":{"type":"Polygon","coordinates":[[[4.8858521790000395,52.325422650000064],[4.886095520000026,52.32555334700004],[4.8883411370000545,52.32675945700004],[4.889441643000055,52.32735053300007],[4.891098004000071,52.32824015600005],[4.889462947000027,52.329391506000036],[4.888891925000053,52.32979360000007],[4.887207148000073,52.33097996100008],[4.887042387000065,52.33109598000004],[4.886417796000046,52.331535795000036],[4.886252327000022,52.331652312000074],[4.886188074000074,52.33161839200005],[4.8861287320000315,52.331587065000065],[4.885018167000055,52.33100077900008],[4.884429828000066,52.33069018600003],[4.881391643000029,52.32908627900008],[4.881176288000063,52.328972590000035],[4.8810675400000605,52.32891518000008],[4.881059282000024,52.32844881600005],[4.881282042000066,52.32806377900005],[4.88137438800004,52.32790416000006],[4.88175073900004,52.32725364200007],[4.8818813500000715,52.32702788200004],[4.881967798000062,52.32687845800007],[4.882165629000042,52.32653650900005],[4.883084679000035,52.32494794200005],[4.883531231000063,52.324176081000076],[4.8858521790000395,52.325422650000064]]]}},{"type":"Feature","properties":{"service_id":355,"population_total":3153.0,"thiessen_area_km2":0.2791},"geometry":{"type":"Polygon","coordinates":[[[4.881176288000063,52.328972590000035],[4.881391643000029,52.32908627900008],[4.884429828000066,52.33069018600003],[4.885018167000055,52.33100077900008],[4.8861287320000315,52.331587065000065],[4.886188074000074,52.33161839200005],[4.886252327000022,52.331652312000074],[4.886249036000038,52.331669301000034],[4.8862002800000255,52.33192099100006],[4.885777845000064,52.33234517500006],[4.8857417530000475,52.33238141600003],[4.885028598000076,52.33309752400004],[4.884913587000028,52.333213011000055],[4.8848177850000525,52.33330920900005],[4.884511953000072,52.33361630700006],[4.884308067000063,52.33382103800005],[4.884304834000034,52.33382428400006],[4.884269571000061,52.33385969200003],[4.882273006000048,52.335864524000044],[4.882064175000039,52.33596445200004],[4.881329881000056,52.33631582100003],[4.881190716000049,52.33638241300008],[4.881146165000075,52.336403731000075],[4.880217585000025,52.33684806900004],[4.8797923000000765,52.33705157300005],[4.879778181000063,52.33704204600008],[4.879612526000074,52.33667248800003],[4.879581740000049,52.336603807000074],[4.879264229000057,52.335895476000076],[4.879062635000025,52.33544574300004],[4.878949550000073,52.33519346200006],[4.878877959000022,52.33503374900005],[4.878840229000048,52.33494957700003],[4.878742933000069,52.334732521000035],[4.8784133880000695,52.33399734200003],[4.8784361430000445,52.33362780400006],[4.878525220000029,52.33218117600006],[4.8785425310000505,52.33190004800008],[4.878555476000031,52.33168982600006],[4.878576461000023,52.33134903200005],[4.879019671000037,52.33091600400007],[4.879876061000061,52.330079288000036],[4.880166584000051,52.329795439000065],[4.880802542000026,52.32917409000004],[4.881049923000035,52.32893239300006],[4.8810675400000605,52.32891518000008],[4.881176288000063,52.328972590000035]]]}},{"type":"Feature","properties":{"service_id":356,"population_total":736.07,"thiessen_area_km2":0.1066},"geometry":{"type":"Polygon","coordinates":[[[4.887465248000069,52.334143734000065],[4.888033328000063,52.334416902000044],[4.888075147000052,52.334437011000034],[4.888549199000067,52.33466496400007],[4.88894721500003,52.334856355000056],[4.889665645000036,52.335201821000055],[4.889835061000042,52.33528328700004],[4.890340199000036,52.335526188000074],[4.890914632000033,52.33580241100003],[4.8912081560000615,52.335943556000075],[4.891638991000036,52.336150728000064],[4.8919385050000415,52.33629475300006],[4.893039505000047,52.33682418200004],[4.890506360000074,52.337676274000046],[4.890299457000026,52.33774587100004],[4.889740811000024,52.337933787000054],[4.889335562000042,52.338070103000064],[4.889305884000066,52.33808008600005],[4.88929930200004,52.33808230000005],[4.889144862000023,52.33813425000005],[4.888867204000064,52.33822764800004],[4.8883848450000755,52.33838990300006],[4.887859371000047,52.338566660000026],[4.887780514000042,52.338593186000026],[4.8876208010000255,52.33861631800005],[4.887611389000028,52.33859700800008],[4.887289442000053,52.337936451000076],[4.887236193000035,52.33782719700008],[4.887227707000022,52.337695792000034],[4.887203778000071,52.33732528300004],[4.887197528000058,52.33722850300006],[4.887196672000073,52.33721524900005],[4.887151582000058,52.33651705900007],[4.8871493830000645,52.336483016000045],[4.887130918000025,52.336197096000035],[4.887087747000066,52.33552862800008],[4.88708633400006,52.33550674300005],[4.8870591050000485,52.33508511800005],[4.887015160000033,52.33440466600007],[4.887014286000067,52.33439112900004],[4.886983343000054,52.33391200400007],[4.887465248000069,52.334143734000065]]]}},{"type":"Feature","properties":{"service_id":357,"population_total":1109.59,"thiessen_area_km2":0.2472},"geometry":{"type":"Polygon","coordinates":[[[4.8827474600000755,52.33605214500005],[4.882947005000062,52.33613105400008],[4.88297312800006,52.33614138400003],[4.884066257000029,52.33657365800008],[4.88502201700004,52.33695161000003],[4.885406251000063,52.337103554000066],[4.885796195000069,52.33725775600004],[4.885936265000055,52.33731314600004],[4.886379934000047,52.337488593000046],[4.886747711000055,52.33763402900007],[4.886961690000021,52.33771864600004],[4.887077787000067,52.33776455600008],[4.887236193000035,52.33782719700008],[4.887289442000053,52.337936451000076],[4.887611389000028,52.33859700800008],[4.8876208010000255,52.33861631800005],[4.887171977000037,52.33934558400006],[4.886798665000072,52.33995215500005],[4.886449283000047,52.34051984300004],[4.886314611000046,52.34073866300008],[4.88582599800003,52.34153258100008],[4.885798161000025,52.341577811000036],[4.88575490900007,52.341648088000056],[4.885381616000075,52.34187557200005],[4.885253395000063,52.34195371000004],[4.88409761500003,52.34199079000007],[4.884072289000073,52.341991603000054],[4.883615802000065,52.342006249000065],[4.883567124000024,52.34200781100003],[4.882716440000024,52.34203510300006],[4.882661932000076,52.342036852000035],[4.882252479000044,52.34204998800004],[4.881998047000025,52.34205815100006],[4.881696509000051,52.34206782500007],[4.8815992590000405,52.34181164100005],[4.8815956280000705,52.34180207500003],[4.881589382000072,52.34178562000005],[4.881353736000051,52.34116485800007],[4.8811178880000625,52.340543566000065],[4.881104710000045,52.34050885000005],[4.880685286000073,52.33940396300005],[4.880675566000036,52.33937835900008],[4.880644515000029,52.339296561000026],[4.880440062000048,52.33875797200005],[4.8802882740000655,52.33835811700004],[4.880041854000069,52.337708974000066],[4.8799991990000535,52.33759660800007],[4.879855702000043,52.337218593000046],[4.8797923000000765,52.33705157300005],[4.880217585000025,52.33684806900004],[4.881146165000075,52.336403731000075],[4.881190716000049,52.33638241300008],[4.881329881000056,52.33631582100003],[4.882064175000039,52.33596445200004],[4.882273006000048,52.335864524000044],[4.8827474600000755,52.33605214500005]]]}},{"type":"Feature","properties":{"service_id":358,"population_total":1691.86,"thiessen_area_km2":0.1132},"geometry":{"type":"Polygon","coordinates":[[[4.886333301000036,52.332259210000075],[4.886393143000021,52.33241136300006],[4.886506356000041,52.33269921700003],[4.886983343000054,52.33391200400007],[4.887014286000067,52.33439112900004],[4.887015160000033,52.33440466600007],[4.8870591050000485,52.33508511800005],[4.88708633400006,52.33550674300005],[4.887087747000066,52.33552862800008],[4.887130918000025,52.336197096000035],[4.8871493830000645,52.336483016000045],[4.887151582000058,52.33651705900007],[4.887196672000073,52.33721524900005],[4.887197528000058,52.33722850300006],[4.887203778000071,52.33732528300004],[4.887227707000022,52.337695792000034],[4.887236193000035,52.33782719700008],[4.887077787000067,52.33776455600008],[4.886961690000021,52.33771864600004],[4.886747711000055,52.33763402900007],[4.886379934000047,52.337488593000046],[4.885936265000055,52.33731314600004],[4.885796195000069,52.33725775600004],[4.885406251000063,52.337103554000066],[4.88502201700004,52.33695161000003],[4.884066257000029,52.33657365800008],[4.88297312800006,52.33614138400003],[4.882947005000062,52.33613105400008],[4.8827474600000755,52.33605214500005],[4.882273006000048,52.335864524000044],[4.884269571000061,52.33385969200003],[4.884304834000034,52.33382428400006],[4.884308067000063,52.33382103800005],[4.884511953000072,52.33361630700006],[4.8848177850000525,52.33330920900005],[4.884913587000028,52.333213011000055],[4.885028598000076,52.33309752400004],[4.8857417530000475,52.33238141600003],[4.885777845000064,52.33234517500006],[4.8862002800000255,52.33192099100006],[4.886333301000036,52.332259210000075]]]}},{"type":"Feature","properties":{"service_id":359,"population_total":1647.91,"thiessen_area_km2":0.2176},"geometry":{"type":"Polygon","coordinates":[[[4.8797923000000765,52.33705157300005],[4.879855702000043,52.337218593000046],[4.8799991990000535,52.33759660800007],[4.880041854000069,52.337708974000066],[4.8802882740000655,52.33835811700004],[4.880440062000048,52.33875797200005],[4.880644515000029,52.339296561000026],[4.880675566000036,52.33937835900008],[4.880685286000073,52.33940396300005],[4.881104710000045,52.34050885000005],[4.8811178880000625,52.340543566000065],[4.881353736000051,52.34116485800007],[4.881589382000072,52.34178562000005],[4.8815956280000705,52.34180207500003],[4.8815992590000405,52.34181164100005],[4.881696509000051,52.34206782500007],[4.881596449000028,52.34222106200008],[4.881223434000049,52.342792314000064],[4.880910803000063,52.343271092000066],[4.880630740000072,52.34369999300003],[4.880376768000076,52.343695937000064],[4.877692019000051,52.34365305700004],[4.877277112000058,52.343646430000035],[4.87704201300005,52.34364267500007],[4.876608837000049,52.34323755400004],[4.876549158000046,52.343181740000034],[4.876487515000065,52.34312408900007],[4.876412538000068,52.34305396800005],[4.876296468000021,52.34294541500003],[4.876291551000065,52.34289818800005],[4.876255951000076,52.34255621700004],[4.87612871500005,52.34133402900005],[4.876095684000063,52.34101674600004],[4.876058962000059,52.340664005000065],[4.8760153270000615,52.340244863000066],[4.876008292000051,52.34017728400005],[4.875989091000065,52.33999284400005],[4.875973428000066,52.33984238700003],[4.87588140500003,52.338958439000066],[4.875878712000031,52.33893257200003],[4.87585346700007,52.33869007800007],[4.875957146000076,52.33862586500004],[4.8762825190000285,52.33842434500008],[4.8764922680000495,52.33829443700006],[4.8767784350000625,52.33811719900007],[4.8768136210000534,52.338095407000026],[4.87723765800007,52.33794473900008],[4.87807966500003,52.337645559000066],[4.87840079800003,52.33753145500003],[4.879778181000063,52.33704204600008],[4.8797923000000765,52.33705157300005]]]}},{"type":"Feature","properties":{"service_id":360,"population_total":1439.18,"thiessen_area_km2":0.1153},"geometry":{"type":"Polygon","coordinates":[[[4.888363740000045,52.339110015000074],[4.8885227270000655,52.33925090200006],[4.8886244240000565,52.33934102100005],[4.888661554000066,52.339373925000075],[4.889133895000043,52.33979249200007],[4.8892823020000264,52.33992400400007],[4.8898933220000345,52.340465463000044],[4.890063084000076,52.34061589800007],[4.890790277000065,52.34126030400006],[4.891272384000047,52.341687526000044],[4.891354817000035,52.341760574000034],[4.892720824000037,52.342971067000065],[4.892763535000029,52.34300891600003],[4.892732324000065,52.34305814800007],[4.892449225000064,52.34350471100004],[4.89229688100005,52.34374502000003],[4.892180752000058,52.343707797000036],[4.891440920000036,52.34347065400004],[4.8908709910000425,52.34328797200004],[4.890715525000076,52.34323814000004],[4.890284388000055,52.34309994600005],[4.8897221280000736,52.34291972200003],[4.889540987000032,52.34286166000004],[4.888800133000075,52.34262419000004],[4.8882481030000235,52.34244724500007],[4.8878191660000425,52.34230975600008],[4.887650047000022,52.342255547000036],[4.887248653000029,52.342126886000074],[4.886774239000033,52.341974820000075],[4.886563851000062,52.341907383000034],[4.8862644040000305,52.34181140000004],[4.88582274700002,52.341669832000036],[4.88575490900007,52.341648088000056],[4.885798161000025,52.341577811000036],[4.88582599800003,52.34153258100008],[4.886314611000046,52.34073866300008],[4.886449283000047,52.34051984300004],[4.886798665000072,52.33995215500005],[4.887171977000037,52.33934558400006],[4.8876208010000255,52.33861631800005],[4.887780514000042,52.338593186000026],[4.888363740000045,52.339110015000074]]]}},{"type":"Feature","properties":{"service_id":361,"population_total":1571.01,"thiessen_area_km2":0.1306},"geometry":{"type":"Polygon","coordinates":[[[4.88582274700002,52.341669832000036],[4.8862644040000305,52.34181140000004],[4.886563851000062,52.341907383000034],[4.886774239000033,52.341974820000075],[4.887248653000029,52.342126886000074],[4.887650047000022,52.342255547000036],[4.8878191660000425,52.34230975600008],[4.8882481030000235,52.34244724500007],[4.888800133000075,52.34262419000004],[4.889540987000032,52.34286166000004],[4.8897221280000736,52.34291972200003],[4.890284388000055,52.34309994600005],[4.890715525000076,52.34323814000004],[4.8908709910000425,52.34328797200004],[4.891440920000036,52.34347065400004],[4.892180752000058,52.343707797000036],[4.89229688100005,52.34374502000003],[4.892287956000075,52.34387511300008],[4.892275164000068,52.344061569000075],[4.891525155000068,52.34458143300003],[4.891115325000044,52.34486550400004],[4.8909341670000686,52.34499107200003],[4.890738830000032,52.345126469000036],[4.890621723000038,52.34520764100006],[4.89040631000006,52.34535695300008],[4.889179918000025,52.34620701800003],[4.888814727000067,52.34646014800006],[4.888723582000068,52.34652332500008],[4.888681351000059,52.34655259700003],[4.888612273000035,52.346497441000054],[4.8883778810000535,52.34631028800004],[4.888232052000035,52.34619385000008],[4.888205337000045,52.34617251900005],[4.8881441680000535,52.346123678000026],[4.8879754820000585,52.345988989000034],[4.887753404000023,52.34581166900006],[4.887744720000057,52.34580473500006],[4.887683475000074,52.345755834000045],[4.886638044000051,52.34492110000008],[4.886587295000027,52.34488057900006],[4.886499818000061,52.34481073200004],[4.886405068000045,52.344593548000034],[4.886172893000037,52.34406136400003],[4.885979856000063,52.34361889000007],[4.8859305190000555,52.34350580100005],[4.885681251000051,52.342934435000075],[4.885582999000064,52.34270922300004],[4.88543312500002,52.34236568500006],[4.885381130000042,52.34224650200008],[4.885253395000063,52.34195371000004],[4.885381616000075,52.34187557200005],[4.88575490900007,52.341648088000056],[4.88582274700002,52.341669832000036]]]}},{"type":"Feature","properties":{"service_id":362,"population_total":2021.44,"thiessen_area_km2":0.2193},"geometry":{"type":"Polygon","coordinates":[[[4.89425344600005,52.342356694000046],[4.894282948000068,52.34237758800003],[4.894320433000075,52.34240413600003],[4.894412204000048,52.34246913000004],[4.894522975000029,52.342547581000076],[4.894735642000057,52.34269819700006],[4.894864363000067,52.34278936000004],[4.895411624000076,52.34317694300006],[4.895845719000022,52.34348438000006],[4.895926276000068,52.34354143200005],[4.896013104000076,52.34360292500003],[4.896786997000049,52.34415101500008],[4.897030682000036,52.34432359900006],[4.897308552000027,52.34452039300004],[4.898953651000056,52.34568549200003],[4.89915746500003,52.34582983800004],[4.899172434000036,52.34596268700005],[4.8992186540000375,52.34637289800003],[4.89928074900007,52.34692400600005],[4.898758647000022,52.34728718000008],[4.897825456000021,52.347936308000044],[4.897700149000059,52.34802347200008],[4.897267587000044,52.34832436200003],[4.896920132000048,52.34856605200008],[4.89645764200003,52.348887759000036],[4.896416455000065,52.348916409000026],[4.896224291000067,52.34905007800006],[4.896013878000076,52.34919644100006],[4.895944067000073,52.34924500100004],[4.895520030000057,52.34953996200005],[4.895253589000049,52.349725299000056],[4.894911305000051,52.34940398500004],[4.8946265490000656,52.34913667400008],[4.894478516000049,52.34881716600006],[4.894471703000022,52.34880246200004],[4.894275979000042,52.34838002300006],[4.89425482300004,52.34833436100007],[4.894070181000075,52.34793583900006],[4.893715181000061,52.34716962700003],[4.8935536030000435,52.34682088500006],[4.8933130980000215,52.34630179100003],[4.893075220000071,52.34578836700007],[4.892839137000067,52.34527881900004],[4.8926389760000575,52.34484680200006],[4.8924590880000665,52.34445854100005],[4.892275164000068,52.344061569000075],[4.892287956000075,52.34387511300008],[4.89229688100005,52.34374502000003],[4.892449225000064,52.34350471100004],[4.892732324000065,52.34305814800007],[4.892763535000029,52.34300891600003],[4.892828174000044,52.34293454300007],[4.893570001000057,52.34208099800003],[4.893682081000065,52.341952039000034],[4.89425344600005,52.342356694000046]]]}},{"type":"Feature","properties":{"service_id":363,"population_total":1406.22,"thiessen_area_km2":0.1811},"geometry":{"type":"Polygon","coordinates":[[[4.894577293000054,52.337610099000074],[4.894482904000029,52.338533434000055],[4.894463721000022,52.338721089000046],[4.894406711000045,52.33927877700006],[4.894404314000042,52.33930222500004],[4.894279586000039,52.340522339000074],[4.894063876000075,52.34103848500007],[4.893708183000058,52.34188958300007],[4.893682081000065,52.341952039000034],[4.893570001000057,52.34208099800003],[4.892828174000044,52.34293454300007],[4.892763535000029,52.34300891600003],[4.892720824000037,52.342971067000065],[4.891354817000035,52.341760574000034],[4.891272384000047,52.341687526000044],[4.890790277000065,52.34126030400006],[4.890063084000076,52.34061589800007],[4.8898933220000345,52.340465463000044],[4.8892823020000264,52.33992400400007],[4.889133895000043,52.33979249200007],[4.888661554000066,52.339373925000075],[4.8886244240000565,52.33934102100005],[4.8885227270000655,52.33925090200006],[4.888363740000045,52.339110015000074],[4.887780514000042,52.338593186000026],[4.887859371000047,52.338566660000026],[4.8883848450000755,52.33838990300006],[4.888867204000064,52.33822764800004],[4.889144862000023,52.33813425000005],[4.88929930200004,52.33808230000005],[4.889305884000066,52.33808008600005],[4.889335562000042,52.338070103000064],[4.889740811000024,52.337933787000054],[4.890299457000026,52.33774587100004],[4.890506360000074,52.337676274000046],[4.893039505000047,52.33682418200004],[4.894285497000055,52.336657080000066],[4.894680127000072,52.33660415600008],[4.894577293000054,52.337610099000074]]]}},{"type":"Feature","properties":{"service_id":364,"population_total":2614.69,"thiessen_area_km2":0.382},"geometry":{"type":"Polygon","coordinates":[[[4.898347655000066,52.33198804500006],[4.898457118000067,52.33198993500008],[4.898760800000048,52.33199517700007],[4.89917345300006,52.33200943500003],[4.899426903000062,52.33202258800003],[4.899585287000036,52.33203080700008],[4.899995976000071,52.33205927800003],[4.900379461000057,52.33209258900007],[4.900455670000042,52.33326910800008],[4.900478963000069,52.33362870500008],[4.900480412000036,52.33365107100008],[4.900521243000071,52.33428142100007],[4.90056708000003,52.33498904500004],[4.900587790000031,52.33530877100003],[4.900653322000039,52.33632045400003],[4.900661806000073,52.33645143600006],[4.900741935000042,52.337688470000046],[4.900861724000038,52.33953776900006],[4.900876308000022,52.33976291000005],[4.9007089480000445,52.34015655700006],[4.9005705880000505,52.34048199400007],[4.900464069000066,52.340732537000065],[4.900122604000046,52.34153569400007],[4.900008508000042,52.34180406000007],[4.8999969440000655,52.34183125900006],[4.899853774000064,52.342168009000034],[4.899638825000068,52.34267358900007],[4.8996067330000415,52.34274907200006],[4.899573968000027,52.34282613800008],[4.89931899000004,52.34271518700007],[4.89903133200005,52.34259001500004],[4.899018548000072,52.34258445200004],[4.898687093000035,52.34244022200005],[4.898013474000038,52.34214710300006],[4.897606698000061,52.34197009800005],[4.897512695000046,52.341929194000045],[4.897417181000037,52.341887632000066],[4.896747778000076,52.34159634800005],[4.896431822000068,52.34145886300007],[4.895789311000044,52.34117928100005],[4.895549632000041,52.34107498700007],[4.894279586000039,52.340522339000074],[4.894404314000042,52.33930222500004],[4.894406711000045,52.33927877700006],[4.894463721000022,52.338721089000046],[4.894482904000029,52.338533434000055],[4.894577293000054,52.337610099000074],[4.894680127000072,52.33660415600008],[4.8947847080000315,52.33647099900003],[4.894890235000048,52.336336636000055],[4.89517547600002,52.335973454000055],[4.896566571000051,52.33420224400004],[4.896678121000036,52.33406021400003],[4.896687615000076,52.33404812500004],[4.897240744000044,52.33334385500007],[4.897261373000049,52.333317589000046],[4.897928270000023,52.332468464000044],[4.898034007000035,52.33233383400005],[4.8983055870000385,52.33198804500006],[4.898347655000066,52.33198804500006]]]}},{"type":"Feature","properties":{"service_id":365,"population_total":834.94,"thiessen_area_km2":0.1049},"geometry":{"type":"Polygon","coordinates":[[[4.895549632000041,52.34107498700007],[4.895789311000044,52.34117928100005],[4.896431822000068,52.34145886300007],[4.896747778000076,52.34159634800005],[4.897417181000037,52.341887632000066],[4.897512695000046,52.341929194000045],[4.897606698000061,52.34197009800005],[4.898013474000038,52.34214710300006],[4.898687093000035,52.34244022200005],[4.899018548000072,52.34258445200004],[4.89903133200005,52.34259001500004],[4.89931899000004,52.34271518700007],[4.899573968000027,52.34282613800008],[4.899654122000072,52.34362596500006],[4.899666969000066,52.34375415800008],[4.899645444000043,52.343841851000036],[4.8993762670000365,52.34493845800006],[4.89915746500003,52.34582983800004],[4.898953651000056,52.34568549200003],[4.897308552000027,52.34452039300004],[4.897030682000036,52.34432359900006],[4.896786997000049,52.34415101500008],[4.896013104000076,52.34360292500003],[4.895926276000068,52.34354143200005],[4.895845719000022,52.34348438000006],[4.895411624000076,52.34317694300006],[4.894864363000067,52.34278936000004],[4.894735642000057,52.34269819700006],[4.894522975000029,52.342547581000076],[4.894412204000048,52.34246913000004],[4.894320433000075,52.34240413600003],[4.894282948000068,52.34237758800003],[4.89425344600005,52.342356694000046],[4.893682081000065,52.341952039000034],[4.893708183000058,52.34188958300007],[4.894063876000075,52.34103848500007],[4.894279586000039,52.340522339000074],[4.895549632000041,52.34107498700007]]]}},{"type":"Feature","properties":{"service_id":366,"population_total":1153.54,"thiessen_area_km2":0.155},"geometry":{"type":"Polygon","coordinates":[[[4.904560410000045,52.34313760900005],[4.905521259000068,52.34356024500005],[4.905472838000037,52.343844088000026],[4.905464678000044,52.34389192100008],[4.90543395800006,52.344072002000075],[4.905403404000026,52.34425111000007],[4.9051073030000225,52.34598687000005],[4.9050923310000485,52.34607463700007],[4.904978321000044,52.346110374000034],[4.903574480000032,52.346550422000064],[4.903038737000031,52.34671835600005],[4.90278756400005,52.34679708800007],[4.902726671000039,52.34681617600006],[4.901265337000041,52.34727424500005],[4.90077980500007,52.34742644000005],[4.900272667000024,52.347256464000054],[4.900238737000052,52.34724509200004],[4.900100322000071,52.347198699000046],[4.899893472000031,52.34712937000006],[4.899786071000051,52.347093373000064],[4.899424251000028,52.34697210300004],[4.89928074900007,52.34692400600005],[4.8992186540000375,52.34637289800003],[4.899172434000036,52.34596268700005],[4.89915746500003,52.34582983800004],[4.8993762670000365,52.34493845800006],[4.899645444000043,52.343841851000036],[4.899666969000066,52.34375415800008],[4.899858022000046,52.34372614600005],[4.9002844310000455,52.34366362600008],[4.90063163800005,52.34361271900008],[4.903113910000059,52.34324877200004],[4.903576907000058,52.34318088800006],[4.903830569000036,52.34314369600003],[4.9039325490000465,52.34312874400007],[4.904298302000029,52.34307511800006],[4.904388329000028,52.343061918000046],[4.904560410000045,52.34313760900005]]]}},{"type":"Feature","properties":{"service_id":367,"population_total":878.89,"thiessen_area_km2":0.0739},"geometry":{"type":"Polygon","coordinates":[[[4.901038290000031,52.33991506700005],[4.901502371000049,52.340351000000055],[4.901526410000031,52.34037358100005],[4.901632986000038,52.340473693000035],[4.901904983000065,52.340729192000026],[4.901985103000072,52.34080445300003],[4.9024018700000624,52.34119594200007],[4.9024492570000575,52.34124045500005],[4.903301587000044,52.34204108900008],[4.9038240400000745,52.34253185400007],[4.904065870000068,52.34275901700005],[4.904333124000061,52.34301006100003],[4.904388329000028,52.343061918000046],[4.904298302000029,52.34307511800006],[4.9039325490000465,52.34312874400007],[4.903830569000036,52.34314369600003],[4.903576907000058,52.34318088800006],[4.903113910000059,52.34324877200004],[4.90063163800005,52.34361271900008],[4.9002844310000455,52.34366362600008],[4.899858022000046,52.34372614600005],[4.899666969000066,52.34375415800008],[4.899654122000072,52.34362596500006],[4.899573968000027,52.34282613800008],[4.8996067330000415,52.34274907200006],[4.899638825000068,52.34267358900007],[4.899853774000064,52.342168009000034],[4.8999969440000655,52.34183125900006],[4.900008508000042,52.34180406000007],[4.900122604000046,52.34153569400007],[4.900464069000066,52.340732537000065],[4.9005705880000505,52.34048199400007],[4.9007089480000445,52.34015655700006],[4.900876308000022,52.33976291000005],[4.901038290000031,52.33991506700005]]]}},{"type":"Feature","properties":{"service_id":368,"population_total":2131.3,"thiessen_area_km2":0.4417},"geometry":{"type":"Polygon","coordinates":[[[4.90362946700003,52.33162504500007],[4.9039516530000355,52.33162504500007],[4.904364795000049,52.33163217600003],[4.904777445000036,52.33164643400005],[4.904975194000031,52.33165669700003],[4.905189275000055,52.33166780700003],[4.905599961000064,52.33169627700005],[4.906009174000076,52.33173182300004],[4.906378979000067,52.33177048400006],[4.9063781510000695,52.33182136100004],[4.906351636000068,52.333451222000065],[4.906350406000058,52.33352683600003],[4.90634256900006,52.33400857600003],[4.906334307000066,52.334516421000046],[4.906316218000029,52.33562836100003],[4.906310563000034,52.33597595100008],[4.906303062000063,52.33643705900005],[4.906267920000062,52.33859723300003],[4.90626394800006,52.33884137600006],[4.906256750000068,52.33928384200004],[4.906238487000053,52.340406476000055],[4.906238185000063,52.34042502200003],[4.906201840000051,52.34265910500005],[4.9061998380000205,52.342782174000035],[4.9061982400000375,52.34288039200004],[4.905521259000068,52.34356024500005],[4.904560410000045,52.34313760900005],[4.904388329000028,52.343061918000046],[4.904333124000061,52.34301006100003],[4.904065870000068,52.34275901700005],[4.9038240400000745,52.34253185400007],[4.903301587000044,52.34204108900008],[4.9024492570000575,52.34124045500005],[4.9024018700000624,52.34119594200007],[4.901985103000072,52.34080445300003],[4.901904983000065,52.340729192000026],[4.901632986000038,52.340473693000035],[4.901526410000031,52.34037358100005],[4.901502371000049,52.340351000000055],[4.901038290000031,52.33991506700005],[4.900876308000022,52.33976291000005],[4.900861724000038,52.33953776900006],[4.900741935000042,52.337688470000046],[4.900661806000073,52.33645143600006],[4.900653322000039,52.33632045400003],[4.900587790000031,52.33530877100003],[4.90056708000003,52.33498904500004],[4.900521243000071,52.33428142100007],[4.900480412000036,52.33365107100008],[4.900478963000069,52.33362870500008],[4.900455670000042,52.33326910800008],[4.900379461000057,52.33209258900007],[4.900364824000064,52.33186661800005],[4.900668111000073,52.331824022000035],[4.901073409000048,52.33177441600003],[4.901480826000068,52.33173182300004],[4.901890039000023,52.33169627700005],[4.902005432000067,52.33168827800006],[4.902300725000032,52.33166780700003],[4.9027125550000505,52.33164643400005],[4.903125205000038,52.33163217600003],[4.903538347000051,52.33162504500007],[4.90362946700003,52.33162504500007]]]}},{"type":"Feature","properties":{"service_id":369,"population_total":1230.44,"thiessen_area_km2":0.3701},"geometry":{"type":"Polygon","coordinates":[[[4.908930653000027,52.33170604500003],[4.909057171000029,52.33170822900007],[4.909118903000035,52.33185709900005],[4.909300109000071,52.33229408900007],[4.909509982000031,52.33280021100006],[4.910097916000041,52.33421804800008],[4.910552770000038,52.33531495500006],[4.91103393100002,52.33647530300004],[4.9112031900000375,52.33688348100003],[4.911354359000029,52.33724803500007],[4.91143323700004,52.33743825300007],[4.911595958000021,52.33783066400008],[4.9120097530000635,52.33882855600007],[4.912588387000028,52.34022396900008],[4.912075042000026,52.340501895000045],[4.911696193000068,52.34070700400008],[4.911463850000075,52.34083279500004],[4.910574862000033,52.34131409400004],[4.9104219190000435,52.34139689800003],[4.909642863000045,52.341818680000074],[4.908726815000023,52.34231462900004],[4.908084139000039,52.34266257500008],[4.907549286000062,52.34295214500003],[4.907051924000029,52.34292573000005],[4.906995636000033,52.34292274100005],[4.906904970000028,52.34291792600004],[4.9061982400000375,52.34288039200004],[4.9061998380000205,52.342782174000035],[4.906201840000051,52.34265910500005],[4.906238185000063,52.34042502200003],[4.906238487000053,52.340406476000055],[4.906256750000068,52.33928384200004],[4.90626394800006,52.33884137600006],[4.906267920000062,52.33859723300003],[4.906303062000063,52.33643705900005],[4.906310563000034,52.33597595100008],[4.906316218000029,52.33562836100003],[4.906334307000066,52.334516421000046],[4.90634256900006,52.33400857600003],[4.906350406000058,52.33352683600003],[4.906351636000068,52.333451222000065],[4.9063781510000695,52.33182136100004],[4.906459822000045,52.331812823000064],[4.906618077000076,52.33179907700003],[4.906869036000046,52.33177727800006],[4.907279722000055,52.331748807000054],[4.907691554000053,52.33172743400007],[4.90810420400004,52.33171317600005],[4.9084992160000525,52.331706358000076],[4.908517347000043,52.33170604500003],[4.908930653000027,52.33170604500003]]]}},{"type":"Feature","properties":{"service_id":370,"population_total":1175.51,"thiessen_area_km2":0.1381},"geometry":{"type":"Polygon","coordinates":[[[4.9126840900000275,52.34032290700003],[4.912785737000036,52.34042799000008],[4.912999485000057,52.340648963000035],[4.913107531000037,52.34076066100005],[4.9142097170000625,52.341900106000026],[4.914149246000022,52.34199290000004],[4.913705108000045,52.342674446000046],[4.9123257960000615,52.34479104800005],[4.912058197000022,52.34520168800003],[4.911593844000038,52.345291847000055],[4.91156692800007,52.34529707300004],[4.911432656000045,52.34532314300003],[4.911164421000024,52.345375223000076],[4.9108818520000455,52.34543008700007],[4.9108328520000555,52.345439601000066],[4.910555314000021,52.345229353000036],[4.910255311000071,52.34500208600008],[4.908694639000032,52.34381980300003],[4.908680564000065,52.343809141000065],[4.9079482690000305,52.34325439300005],[4.907711722000045,52.343075198000065],[4.907549286000062,52.34295214500003],[4.908084139000039,52.34266257500008],[4.908726815000023,52.34231462900004],[4.909642863000045,52.341818680000074],[4.9104219190000435,52.34139689800003],[4.910574862000033,52.34131409400004],[4.911463850000075,52.34083279500004],[4.911696193000068,52.34070700400008],[4.912075042000026,52.340501895000045],[4.912588387000028,52.34022396900008],[4.9126840900000275,52.34032290700003]]]}},{"type":"Feature","properties":{"service_id":371,"population_total":1999.47,"thiessen_area_km2":0.487},"geometry":{"type":"Polygon","coordinates":[[[4.910586834000071,52.33014678900008],[4.912201409000033,52.33081348800005],[4.912651568000058,52.33099937000003],[4.914984226000058,52.33196258500004],[4.915619850000041,52.33216095000006],[4.91734308100007,52.33269532300005],[4.917792517000066,52.33362816200008],[4.9183462130000635,52.334777400000064],[4.918617554000036,52.335340588000065],[4.918600660000038,52.335498389000065],[4.918404585000076,52.335802424000065],[4.91741157000007,52.337342197000055],[4.917394140000056,52.33736922400004],[4.916985378000049,52.33800305200003],[4.916436926000074,52.338853484000026],[4.916101820000051,52.339373101000035],[4.915844032000052,52.33977282800004],[4.915425373000062,52.34042200300007],[4.915381052000043,52.34049072700003],[4.914984812000057,52.341105139000035],[4.914453956000045,52.34192828700003],[4.9142097170000625,52.341900106000026],[4.913107531000037,52.34076066100005],[4.912999485000057,52.340648963000035],[4.912785737000036,52.34042799000008],[4.9126840900000275,52.34032290700003],[4.912588387000028,52.34022396900008],[4.9120097530000635,52.33882855600007],[4.911595958000021,52.33783066400008],[4.91143323700004,52.33743825300007],[4.911354359000029,52.33724803500007],[4.9112031900000375,52.33688348100003],[4.91103393100002,52.33647530300004],[4.910552770000038,52.33531495500006],[4.910097916000041,52.33421804800008],[4.909509982000031,52.33280021100006],[4.909300109000071,52.33229408900007],[4.909118903000035,52.33185709900005],[4.909057171000029,52.33170822900007],[4.90883049100006,52.331161577000046],[4.908357997000053,52.33002213000003],[4.9087067270000375,52.32990344600006],[4.909073524000064,52.329786771000045],[4.909445537000067,52.32967647100003],[4.909822474000066,52.329572635000034],[4.91020403400006,52.32947534500005],[4.910358188000032,52.32943912500008],[4.91058991400007,52.329384678000054],[4.910596229000021,52.329383318000055],[4.910586834000071,52.33014678900008]]]}},{"type":"Feature","properties":{"service_id":372,"population_total":1494.11,"thiessen_area_km2":0.6568},"geometry":{"type":"Polygon","coordinates":[[[4.897966462000056,52.32688940600008],[4.89830286800003,52.32703647400007],[4.898632380000038,52.327189289000046],[4.898954737000054,52.32734773000004],[4.899269683000057,52.32751167200007],[4.899576969000066,52.32768098400004],[4.899580010000022,52.32768275700005],[4.899876349000067,52.32785553200006],[4.8999050960000545,52.32787326400006],[4.900167587000055,52.32803517700006],[4.90045045200003,52.32821977700007],[4.900724718000049,52.328409186000044],[4.900728327000024,52.328411825000046],[4.900215195000044,52.32955663900003],[4.899987309000039,52.32984679500004],[4.898378336000064,52.331895418000045],[4.8983055870000385,52.33198804500006],[4.898034007000035,52.33233383400005],[4.897928270000023,52.332468464000044],[4.897261373000049,52.333317589000046],[4.897240744000044,52.33334385500007],[4.896687615000076,52.33404812500004],[4.896678121000036,52.33406021400003],[4.896566571000051,52.33420224400004],[4.89517547600002,52.335973454000055],[4.894890235000048,52.336336636000055],[4.8947847080000315,52.33647099900003],[4.894680127000072,52.33660415600008],[4.894285497000055,52.336657080000066],[4.893039505000047,52.33682418200004],[4.8919385050000415,52.33629475300006],[4.891638991000036,52.336150728000064],[4.8912081560000615,52.335943556000075],[4.890914632000033,52.33580241100003],[4.890340199000036,52.335526188000074],[4.889835061000042,52.33528328700004],[4.889665645000036,52.335201821000055],[4.88894721500003,52.334856355000056],[4.888549199000067,52.33466496400007],[4.888075147000052,52.334437011000034],[4.888033328000063,52.334416902000044],[4.887465248000069,52.334143734000065],[4.886983343000054,52.33391200400007],[4.886506356000041,52.33269921700003],[4.886393143000021,52.33241136300006],[4.886333301000036,52.332259210000075],[4.8862002800000255,52.33192099100006],[4.886249036000038,52.331669301000034],[4.886252327000022,52.331652312000074],[4.886417796000046,52.331535795000036],[4.887042387000065,52.33109598000004],[4.887207148000073,52.33097996100008],[4.888891925000053,52.32979360000007],[4.889462947000027,52.329391506000036],[4.891098004000071,52.32824015600005],[4.891833555000062,52.32807299400008],[4.8921080510000365,52.32801061200007],[4.893720776000066,52.32764410300007],[4.8940446440000756,52.32757050100008],[4.89457503400007,52.32744996400004],[4.8976374880000435,52.32675398900005],[4.897966462000056,52.32688940600008]]]}},{"type":"Feature","properties":{"service_id":373,"population_total":2460.44,"thiessen_area_km2":0.6565},"geometry":{"type":"Polygon","coordinates":[[[4.901657035000028,52.322111592000056],[4.901712255000064,52.32236252400003],[4.9017559170000595,52.32261431000006],[4.901787986000045,52.32286674900007],[4.9018084370000565,52.32311964200005],[4.901817252000058,52.32337278700004],[4.901814425000055,52.323625984000046],[4.901799957000037,52.323879032000036],[4.901773861000038,52.32413173000003],[4.901736157000073,52.32438387700006],[4.901686873000074,52.32463527300007],[4.901626050000061,52.324885718000075],[4.90155373500005,52.32513501400007],[4.901469986000052,52.32538296300004],[4.901374868000062,52.32562936700003],[4.901268458000061,52.32587403200006],[4.901238629000034,52.325935591000075],[4.899436484000034,52.32634514800003],[4.8976374880000435,52.32675398900005],[4.89457503400007,52.32744996400004],[4.8940446440000756,52.32757050100008],[4.893720776000066,52.32764410300007],[4.8921080510000365,52.32801061200007],[4.891833555000062,52.32807299400008],[4.891098004000071,52.32824015600005],[4.889441643000055,52.32735053300007],[4.8883411370000545,52.32675945700004],[4.886095520000026,52.32555334700004],[4.8858521790000395,52.325422650000064],[4.883531231000063,52.324176081000076],[4.883480942000062,52.32388277000007],[4.883147890000032,52.32194023000005],[4.883166456000026,52.32194032500007],[4.884117126000035,52.321945191000054],[4.88840676500007,52.321959433000075],[4.893855720000033,52.32197752500008],[4.896362783000029,52.32198584900004],[4.899053097000035,52.32199478100006],[4.901517561000048,52.32163043200006],[4.901590301000056,52.32186171300003],[4.901657035000028,52.322111592000056]]]}},{"type":"Feature","properties":{"service_id":374,"population_total":878.89,"thiessen_area_km2":0.2508},"geometry":{"type":"Polygon","coordinates":[[[4.952166046000059,52.28553137400007],[4.952542609000034,52.285635210000066],[4.9529142540000635,52.28574551100007],[4.953280686000028,52.28586218700008],[4.953641615000038,52.28598514600003],[4.9536842980000415,52.28600066800004],[4.953006344000073,52.28698696500004],[4.950982999000075,52.28993055600006],[4.950961090000021,52.28996242900007],[4.949842812000043,52.291589316000056],[4.946711634000053,52.29614459800007],[4.942669903000024,52.29632878400008],[4.942409435000059,52.29627701800007],[4.946946368000056,52.29117548600004],[4.947789070000056,52.29022791300008],[4.948335273000055,52.28961373700008],[4.950904176000051,52.28672514600004],[4.952002869000069,52.28548972500005],[4.952166046000059,52.28553137400007]]]}},{"type":"Feature","properties":{"service_id":375,"population_total":1428.19,"thiessen_area_km2":0.296},"geometry":{"type":"Polygon","coordinates":[[[4.942669903000024,52.29632878400008],[4.9433029220000435,52.29692722300007],[4.943543908000038,52.29715504400008],[4.945330736000074,52.298844263000035],[4.9465456700000345,52.299992829000075],[4.948326689000055,52.301676556000075],[4.946850966000056,52.30275970800005],[4.946787717000063,52.30280613200006],[4.94599738200003,52.303386223000075],[4.945094601000051,52.30404884700005],[4.944397261000063,52.30416085500008],[4.943572062000044,52.30429340000006],[4.9428566030000525,52.30440831800007],[4.942221807000067,52.30359107900006],[4.941383661000032,52.30251204800004],[4.941122534000044,52.30217587300007],[4.9393583580000495,52.29990466700008],[4.9392767280000385,52.299799576000055],[4.940154200000052,52.29881290700007],[4.9412733280000225,52.297554509000065],[4.941921946000036,52.29682517300006],[4.942409435000059,52.29627701800007],[4.942669903000024,52.29632878400008]]]}},{"type":"Feature","properties":{"service_id":376,"population_total":373.53,"thiessen_area_km2":0.1301},"geometry":{"type":"Polygon","coordinates":[[[4.946930200000054,52.29633272800004],[4.949104373000068,52.29820414000005],[4.9490868420000425,52.298437679000074],[4.949046202000034,52.298979073000055],[4.949008056000025,52.29948725000003],[4.948857434000047,52.30149381100006],[4.948326689000055,52.301676556000075],[4.9465456700000345,52.299992829000075],[4.945330736000074,52.298844263000035],[4.943543908000038,52.29715504400008],[4.9433029220000435,52.29692722300007],[4.942669903000024,52.29632878400008],[4.946711634000053,52.29614459800007],[4.946930200000054,52.29633272800004]]]}},{"type":"Feature","properties":{"service_id":377,"population_total":3032.16,"thiessen_area_km2":0.6527},"geometry":{"type":"Polygon","coordinates":[[[4.9585071880000555,52.290993394000054],[4.95886815800003,52.291116353000064],[4.9592233390000615,52.29124549800008],[4.959572447000028,52.291380727000046],[4.959915206000062,52.29152193200008],[4.960251344000028,52.29166900100006],[4.9605805930000315,52.29182181700003],[4.960662146000061,52.291861933000064],[4.960902693000037,52.29198025900007],[4.961214742000038,52.29214282300006],[4.961217389000069,52.29214420200003],[4.961524429000065,52.292313515000046],[4.961823571000025,52.292488063000064],[4.962114577000023,52.292667710000046],[4.962397216000056,52.29285231100005],[4.962516634000053,52.292934847000026],[4.961372218000065,52.29577414200003],[4.960907872000064,52.29623168300003],[4.960780914000054,52.29635678100004],[4.960590547000038,52.29654435800006],[4.960471167000037,52.29666198900003],[4.960289673000034,52.29684082300008],[4.959837943000025,52.29728593300007],[4.959279107000043,52.297836579000034],[4.958825206000029,52.29828382800008],[4.958591368000043,52.29851424000003],[4.957436105000056,52.29965257200007],[4.9560078220000605,52.30105992400007],[4.955468246000066,52.30159159300007],[4.953540331000056,52.30349125500004],[4.95214943600007,52.30289798200005],[4.95197188100002,52.30282224800004],[4.950828797000042,52.302334676000044],[4.949745128000075,52.30187244800004],[4.948857434000047,52.30149381100006],[4.949008056000025,52.29948725000003],[4.949046202000034,52.298979073000055],[4.9490868420000425,52.298437679000074],[4.949104373000068,52.29820414000005],[4.9514544960000535,52.29639447300008],[4.955145464000054,52.29355231400007],[4.956926246000023,52.29218105700005],[4.9584798910000245,52.29098470300005],[4.9585071880000555,52.290993394000054]]]}},{"type":"Feature","properties":{"service_id":378,"population_total":1395.23,"thiessen_area_km2":0.4913},"geometry":{"type":"Polygon","coordinates":[[[4.953324528000053,52.287043434000054],[4.953717754000024,52.28712064500007],[4.954107279000027,52.28720461800003],[4.954492793000043,52.28729528500003],[4.954873990000067,52.28739257600006],[4.955250569000043,52.28749641300004],[4.955622229000028,52.28760671300006],[4.95598867700005,52.287723389000064],[4.956349621000072,52.28784634900006],[4.956704775000048,52.28797549400008],[4.957053858000052,52.288110723000045],[4.957396591000077,52.28825192800008],[4.957732704000023,52.28839899700006],[4.958061930000042,52.288551813000026],[4.958384006000074,52.28871025500007],[4.958528085000069,52.288785320000045],[4.958698678000076,52.28887419800003],[4.959005696000077,52.289043511000045],[4.959304816000042,52.28921806000005],[4.9595958010000345,52.289397706000045],[4.959878419000063,52.289582308000035],[4.960101166000072,52.28973627200003],[4.959684267000057,52.29005729700003],[4.9584798910000245,52.29098470300005],[4.956926246000023,52.29218105700005],[4.955145464000054,52.29355231400007],[4.9514544960000535,52.29639447300008],[4.949104373000068,52.29820414000005],[4.946930200000054,52.29633272800004],[4.946711634000053,52.29614459800007],[4.949842812000043,52.291589316000056],[4.950961090000021,52.28996242900007],[4.950982999000075,52.28993055600006],[4.953006344000073,52.28698696500004],[4.953324528000053,52.287043434000054]]]}},{"type":"Feature","properties":{"service_id":379,"population_total":1757.77,"thiessen_area_km2":0.52},"geometry":{"type":"Polygon","coordinates":[[[4.960617253000066,52.29667727300006],[4.960761480000031,52.296692363000034],[4.9609143670000435,52.29671109100008],[4.96108364600002,52.29673182600004],[4.961166457000047,52.29674197000003],[4.96145843100004,52.29678300900008],[4.9615316000000576,52.29763923100006],[4.9615720860000465,52.298112993000075],[4.9617448050000235,52.30013415800005],[4.961821344000043,52.30102982000005],[4.961883012000044,52.301751453000065],[4.960374168000044,52.305190079000056],[4.960364413000036,52.30521231000006],[4.959882029000028,52.30631165300008],[4.959702352000022,52.30672113300005],[4.9594715740000765,52.30724707200005],[4.959389433000069,52.307434270000044],[4.958480160000022,52.30950648600003],[4.958143706000044,52.31027326000003],[4.953392888000053,52.30819615200005],[4.953404508000062,52.30782536500004],[4.953415137000036,52.30748617900008],[4.953426866000029,52.30711192500007],[4.953447083000071,52.30646680900003],[4.953459346000045,52.30607548800003],[4.95350882300005,52.30449668800003],[4.953511726000045,52.304404040000065],[4.9535181330000455,52.30419959500006],[4.953540331000056,52.30349125500004],[4.955468246000066,52.30159159300007],[4.9560078220000605,52.30105992400007],[4.957436105000056,52.29965257200007],[4.958591368000043,52.29851424000003],[4.958825206000029,52.29828382800008],[4.959279107000043,52.297836579000034],[4.959837943000025,52.29728593300007],[4.960289673000034,52.29684082300008],[4.960471167000037,52.29666198900003],[4.960617253000066,52.29667727300006]]]}},{"type":"Feature","properties":{"service_id":380,"population_total":1153.54,"thiessen_area_km2":0.4078},"geometry":{"type":"Polygon","coordinates":[[[4.963186789000076,52.30439005000005],[4.963526843000068,52.30507825500007],[4.964341506000039,52.30672697700004],[4.96551557600003,52.30910307100004],[4.965934712000035,52.30995132100003],[4.96616528800007,52.31041796300008],[4.966433240000072,52.31096024700008],[4.967211316000032,52.31253492500008],[4.9670181460000435,52.31256056700005],[4.966271772000027,52.312659643000075],[4.965290582000023,52.312789889000044],[4.964824295000028,52.31285178500008],[4.964442507000058,52.31290246400005],[4.96386625100007,52.31297895800003],[4.961390168000037,52.31330763900007],[4.960936780000054,52.31336782300008],[4.960746999000037,52.31315755700007],[4.960042448000024,52.31237695500005],[4.959492356000055,52.311767486000065],[4.959300739000071,52.31155518500003],[4.958549134000066,52.31072245000007],[4.958143706000044,52.31027326000003],[4.958480160000022,52.30950648600003],[4.959389433000069,52.307434270000044],[4.9594715740000765,52.30724707200005],[4.959702352000022,52.30672113300005],[4.959882029000028,52.30631165300008],[4.960364413000036,52.30521231000006],[4.960374168000044,52.305190079000056],[4.961883012000044,52.301751453000065],[4.963186789000076,52.30439005000005]]]}},{"type":"Feature","properties":{"service_id":381,"population_total":3493.57,"thiessen_area_km2":0.6491},"geometry":{"type":"Polygon","coordinates":[[[4.9672558260000415,52.31254413800008],[4.96764366900004,52.31262441300004],[4.96887214700007,52.312878682000076],[4.96926548600004,52.31296009500005],[4.9699605110000675,52.31310395100007],[4.970046047000039,52.31351237400003],[4.970127521000052,52.313901404000035],[4.9702308030000495,52.31439456000004],[4.970244609000076,52.31446048000004],[4.970355921000021,52.31499198300003],[4.969765486000028,52.31672885900008],[4.969000742000048,52.318978498000035],[4.9689891030000695,52.31901273600005],[4.967899361000036,52.32221842000007],[4.966722869000023,52.325679294000054],[4.9644057290000205,52.32300358600003],[4.962820802000067,52.32117339800004],[4.962651162000043,52.320977507000066],[4.96062067500003,52.318632810000054],[4.960446469000033,52.31843164700007],[4.959381370000074,52.31720172900003],[4.959846920000075,52.316015271000026],[4.960482665000029,52.31439507200008],[4.960812790000034,52.31355374700007],[4.960936780000054,52.31336782300008],[4.961390168000037,52.31330763900007],[4.96386625100007,52.31297895800003],[4.964442507000058,52.31290246400005],[4.964824295000028,52.31285178500008],[4.965290582000023,52.312789889000044],[4.966271772000027,52.312659643000075],[4.9670181460000435,52.31256056700005],[4.967211316000032,52.31253492500008],[4.9672558260000415,52.31254413800008]]]}},{"type":"Feature","properties":{"service_id":382,"population_total":977.76,"thiessen_area_km2":0.2325},"geometry":{"type":"Polygon","coordinates":[[[4.952630275000047,52.31305153000005],[4.9530561540000235,52.31373068400006],[4.9531242910000515,52.31383934200005],[4.953229615000055,52.31400730300004],[4.953354431000037,52.314206349000074],[4.9536028200000715,52.31460245800008],[4.953826721000041,52.314959515000055],[4.953608577000068,52.31561045500007],[4.9534586060000265,52.31605796700006],[4.9532043530000465,52.316816654000036],[4.952267283000026,52.319612859000074],[4.95151151400006,52.32186806100003],[4.9515055520000715,52.321885853000026],[4.951485534000028,52.32187054900004],[4.950125591000074,52.32083085900007],[4.9486346390000335,52.31969101000004],[4.9478036290000205,52.31905569400004],[4.947647177000022,52.318854384000076],[4.947462959000063,52.318617345000064],[4.948818675000041,52.31666631600007],[4.949477659000024,52.315717964000044],[4.949557784000035,52.31560265500008],[4.950310032000061,52.31452008400004],[4.95055535900002,52.31416703000008],[4.951075099000036,52.31341906500006],[4.951127580000048,52.31334353800003],[4.952013713000042,52.31206829200005],[4.952630275000047,52.31305153000005]]]}},{"type":"Feature","properties":{"service_id":383,"population_total":1944.54,"thiessen_area_km2":0.3434},"geometry":{"type":"Polygon","coordinates":[[[4.960482665000029,52.31439507200008],[4.959846920000075,52.316015271000026],[4.959381370000074,52.31720172900003],[4.957340922000071,52.31938473300005],[4.9569437350000385,52.31980966900005],[4.955818131000058,52.32101391300006],[4.95448282600006,52.32244251000003],[4.953136622000045,52.32388276700004],[4.9518257420000396,52.32227786000004],[4.9515055520000715,52.321885853000026],[4.95151151400006,52.32186806100003],[4.952267283000026,52.319612859000074],[4.9532043530000465,52.316816654000036],[4.9534586060000265,52.31605796700006],[4.953608577000068,52.31561045500007],[4.953826721000041,52.314959515000055],[4.954294660000073,52.31486535400006],[4.955864465000047,52.31454947100008],[4.956125752000048,52.31449689400006],[4.956350591000046,52.31445165000008],[4.960812790000034,52.31355374700007],[4.960482665000029,52.31439507200008]]]}},{"type":"Feature","properties":{"service_id":384,"population_total":1054.66,"thiessen_area_km2":0.2772},"geometry":{"type":"Polygon","coordinates":[[[4.958143706000044,52.31027326000003],[4.958549134000066,52.31072245000007],[4.959300739000071,52.31155518500003],[4.959492356000055,52.311767486000065],[4.960042448000024,52.31237695500005],[4.960746999000037,52.31315755700007],[4.960936780000054,52.31336782300008],[4.960812790000034,52.31355374700007],[4.956350591000046,52.31445165000008],[4.956125752000048,52.31449689400006],[4.955864465000047,52.31454947100008],[4.954294660000073,52.31486535400006],[4.953826721000041,52.314959515000055],[4.9536028200000715,52.31460245800008],[4.953354431000037,52.314206349000074],[4.953229615000055,52.31400730300004],[4.9531242910000515,52.31383934200005],[4.9530561540000235,52.31373068400006],[4.952630275000047,52.31305153000005],[4.952013713000042,52.31206829200005],[4.952277585000047,52.30897741300004],[4.952905440000052,52.308537605000026],[4.953130319000024,52.308380079000074],[4.953190775000053,52.30833773000006],[4.953392888000053,52.30819615200005],[4.958143706000044,52.31027326000003]]]}},{"type":"Feature","properties":{"service_id":385,"population_total":1768.76,"thiessen_area_km2":0.3133},"geometry":{"type":"Polygon","coordinates":[[[4.952013713000042,52.31206829200005],[4.951127580000048,52.31334353800003],[4.951075099000036,52.31341906500006],[4.95055535900002,52.31416703000008],[4.950310032000061,52.31452008400004],[4.949557784000035,52.31560265500008],[4.949477659000024,52.315717964000044],[4.948818675000041,52.31666631600007],[4.947462959000063,52.318617345000064],[4.947025671000063,52.31831618100006],[4.945576523000057,52.317318140000054],[4.945531192000033,52.31678331900008],[4.9454055230000336,52.31530064400005],[4.9452914180000676,52.313954412000044],[4.945243196000035,52.31338548000008],[4.945241017000058,52.313359768000055],[4.945169058000033,52.31251077500008],[4.945114942000032,52.31187229600005],[4.946554872000036,52.311074002000055],[4.946834739000053,52.31091884400007],[4.947965574000023,52.310291911000036],[4.95017309900004,52.30906806300004],[4.951620966000064,52.30900569700003],[4.952277585000047,52.30897741300004],[4.952013713000042,52.31206829200005]]]}},{"type":"Feature","properties":{"service_id":386,"population_total":1032.69,"thiessen_area_km2":0.1933},"geometry":{"type":"Polygon","coordinates":[[[4.943558851000034,52.310528573000056],[4.945114942000032,52.31187229600005],[4.945169058000033,52.31251077500008],[4.945241017000058,52.313359768000055],[4.945243196000035,52.31338548000008],[4.9452914180000676,52.313954412000044],[4.9454055230000336,52.31530064400005],[4.945531192000033,52.31678331900008],[4.945576523000057,52.317318140000054],[4.943799880000029,52.31764043900006],[4.942919706000055,52.316549628000075],[4.942061430000024,52.31548595600003],[4.941692829000033,52.31502914400005],[4.9411561760000495,52.31463844800004],[4.940751803000069,52.31434405400006],[4.940746012000034,52.31433983800008],[4.939973235000025,52.31377723700007],[4.9395748710000476,52.313487218000034],[4.939375212000073,52.313341861000026],[4.939999798000031,52.31282646600005],[4.94033722100005,52.31254803100006],[4.943180476000066,52.31020183600003],[4.943558851000034,52.310528573000056]]]}},{"type":"Feature","properties":{"service_id":387,"population_total":703.11,"thiessen_area_km2":0.1855},"geometry":{"type":"Polygon","coordinates":[[[4.942235507000021,52.30839075400007],[4.942326589000061,52.308565317000046],[4.942520579000075,52.308937109000055],[4.943180476000066,52.31020183600003],[4.94033722100005,52.31254803100006],[4.939999798000031,52.31282646600005],[4.939375212000073,52.313341861000026],[4.938097165000045,52.31241141100003],[4.935490658000049,52.31051381000003],[4.936140565000073,52.30969737000004],[4.936777506000055,52.30889721900007],[4.939297010000075,52.308344573000056],[4.9419121150000365,52.30777095700006],[4.942235507000021,52.30839075400007]]]}},{"type":"Feature","properties":{"service_id":388,"population_total":1472.13,"thiessen_area_km2":0.2822},"geometry":{"type":"Polygon","coordinates":[[[4.9453692520000345,52.30432029200006],[4.945391220000033,52.304342004000034],[4.946279488000073,52.30521990300008],[4.946890057000076,52.30582334500008],[4.947111107000069,52.30604181500007],[4.94755972300004,52.30648519400006],[4.948375798000029,52.307291742000075],[4.94852503900006,52.307439241000054],[4.948826674000031,52.30773735500003],[4.948974927000052,52.30788387700005],[4.949716471000045,52.30861676500007],[4.95017309900004,52.30906806300004],[4.947965574000023,52.310291911000036],[4.946834739000053,52.31091884400007],[4.946554872000036,52.311074002000055],[4.945114942000032,52.31187229600005],[4.943558851000034,52.310528573000056],[4.943180476000066,52.31020183600003],[4.942520579000075,52.308937109000055],[4.942326589000061,52.308565317000046],[4.942235507000021,52.30839075400007],[4.9419121150000365,52.30777095700006],[4.942101983000043,52.30709497500004],[4.942427836000036,52.30593484600007],[4.94270782600006,52.30493800600004],[4.942767230000072,52.30472651000008],[4.9428566030000525,52.30440831800007],[4.943572062000044,52.30429340000006],[4.944397261000063,52.30416085500008],[4.945094601000051,52.30404884700005],[4.9453692520000345,52.30432029200006]]]}},{"type":"Feature","properties":{"service_id":389,"population_total":1505.09,"thiessen_area_km2":0.3109},"geometry":{"type":"Polygon","coordinates":[[[4.949745128000075,52.30187244800004],[4.950828797000042,52.302334676000044],[4.95197188100002,52.30282224800004],[4.95214943600007,52.30289798200005],[4.953540331000056,52.30349125500004],[4.9535181330000455,52.30419959500006],[4.953511726000045,52.304404040000065],[4.95350882300005,52.30449668800003],[4.953459346000045,52.30607548800003],[4.953447083000071,52.30646680900003],[4.953426866000029,52.30711192500007],[4.953415137000036,52.30748617900008],[4.953404508000062,52.30782536500004],[4.953392888000053,52.30819615200005],[4.953190775000053,52.30833773000006],[4.953130319000024,52.308380079000074],[4.952905440000052,52.308537605000026],[4.952277585000047,52.30897741300004],[4.951620966000064,52.30900569700003],[4.95017309900004,52.30906806300004],[4.949716471000045,52.30861676500007],[4.948974927000052,52.30788387700005],[4.948826674000031,52.30773735500003],[4.94852503900006,52.307439241000054],[4.948375798000029,52.307291742000075],[4.94755972300004,52.30648519400006],[4.947111107000069,52.30604181500007],[4.946890057000076,52.30582334500008],[4.946279488000073,52.30521990300008],[4.945391220000033,52.304342004000034],[4.9453692520000345,52.30432029200006],[4.945094601000051,52.30404884700005],[4.94599738200003,52.303386223000075],[4.946787717000063,52.30280613200006],[4.946850966000056,52.30275970800005],[4.948326689000055,52.301676556000075],[4.948857434000047,52.30149381100006],[4.949745128000075,52.30187244800004]]]}},{"type":"Feature","properties":{"service_id":390,"population_total":1713.83,"thiessen_area_km2":0.3234},"geometry":{"type":"Polygon","coordinates":[[[4.9393583580000495,52.29990466700008],[4.941122534000044,52.30217587300007],[4.941383661000032,52.30251204800004],[4.942221807000067,52.30359107900006],[4.9428566030000525,52.30440831800007],[4.942767230000072,52.30472651000008],[4.94270782600006,52.30493800600004],[4.942427836000036,52.30593484600007],[4.942101983000043,52.30709497500004],[4.9419121150000365,52.30777095700006],[4.939297010000075,52.308344573000056],[4.936777506000055,52.30889721900007],[4.93661621900003,52.30838636200008],[4.936262039000042,52.30726453500006],[4.935662121000064,52.305364360000056],[4.935328858000048,52.304308786000036],[4.9353125370000726,52.30425709200006],[4.936809488000051,52.30257385200008],[4.937617985000031,52.30166474100008],[4.937832646000061,52.30142336600005],[4.9380444370000305,52.30118521900005],[4.939107198000045,52.29999020300005],[4.9392767280000385,52.299799576000055],[4.9393583580000495,52.29990466700008]]]}},{"type":"Feature","properties":{"service_id":391,"population_total":538.32,"thiessen_area_km2":0.1065},"geometry":{"type":"Polygon","coordinates":[[[4.935328858000048,52.304308786000036],[4.935662121000064,52.305364360000056],[4.936262039000042,52.30726453500006],[4.93661621900003,52.30838636200008],[4.936777506000055,52.30889721900007],[4.936140565000073,52.30969737000004],[4.935490658000049,52.31051381000003],[4.935211639000045,52.310310677000075],[4.932931900000028,52.30865097100008],[4.932951927000033,52.306911469000056],[4.933829690000039,52.30592447200007],[4.933872966000024,52.30587581100008],[4.934216075000052,52.305490004000035],[4.935291427000038,52.30428082900005],[4.9353125370000726,52.30425709200006],[4.935328858000048,52.304308786000036]]]}},{"type":"Feature","properties":{"service_id":392,"population_total":1149.01,"thiessen_area_km2":0.2023},"geometry":{"type":"Polygon","coordinates":[[[4.920039283000051,52.33353141300006],[4.922397536000062,52.33426270500007],[4.923788071000047,52.334693909000066],[4.928011668000067,52.33471578600006],[4.928188986000066,52.33471670400007],[4.928180263000058,52.33475209200003],[4.927273210000067,52.33843194500008],[4.927053228000034,52.33845519700003],[4.921674464000034,52.33646925700003],[4.919002850000027,52.33548284700004],[4.918617554000036,52.335340588000065],[4.9183462130000635,52.334777400000064],[4.917792517000066,52.33362816200008],[4.91734308100007,52.33269532300005],[4.920039283000051,52.33353141300006]]]}},{"type":"Feature","properties":{"service_id":393,"population_total":856.91,"thiessen_area_km2":0.1919},"geometry":{"type":"Polygon","coordinates":[[[4.919002850000027,52.33548284700004],[4.921674464000034,52.33646925700003],[4.927053228000034,52.33845519700003],[4.926908409000021,52.33852489800006],[4.924655788000052,52.33960908000006],[4.923803078000049,52.34001948800005],[4.923375075000024,52.340225485000076],[4.921890246000032,52.340940130000035],[4.921466809000037,52.341143929000054],[4.921129022000059,52.341306505000034],[4.920522509000023,52.341598418000046],[4.920047238000052,52.34182716500004],[4.919773905000056,52.340631332000044],[4.919766438000067,52.34059866600006],[4.919764488000055,52.340590133000035],[4.919489149000071,52.33938552600006],[4.919239222000044,52.33829209800007],[4.919087768000054,52.33762948800006],[4.918790818000048,52.336330331000056],[4.9186994170000276,52.335930450000035],[4.918600660000038,52.335498389000065],[4.918617554000036,52.335340588000065],[4.919002850000027,52.33548284700004]]]}},{"type":"Feature","properties":{"service_id":394,"population_total":670.15,"thiessen_area_km2":0.1746},"geometry":{"type":"Polygon","coordinates":[[[4.9186994170000276,52.335930450000035],[4.918790818000048,52.336330331000056],[4.919087768000054,52.33762948800006],[4.919239222000044,52.33829209800007],[4.919489149000071,52.33938552600006],[4.919764488000055,52.340590133000035],[4.919766438000067,52.34059866600006],[4.919773905000056,52.340631332000044],[4.920047238000052,52.34182716500004],[4.919905718000052,52.34202173300008],[4.919246685000076,52.34292780200008],[4.918974691000074,52.34330175200006],[4.918663421000076,52.34372970100003],[4.917729286000053,52.34332994400006],[4.916645871000071,52.34286630300005],[4.916619996000065,52.342855230000055],[4.91656770000003,52.342832850000036],[4.91641932400006,52.34276935400004],[4.914453956000045,52.34192828700003],[4.914984812000057,52.341105139000035],[4.915381052000043,52.34049072700003],[4.915425373000062,52.34042200300007],[4.915844032000052,52.33977282800004],[4.916101820000051,52.339373101000035],[4.916436926000074,52.338853484000026],[4.916985378000049,52.33800305200003],[4.917394140000056,52.33736922400004],[4.91741157000007,52.337342197000055],[4.918404585000076,52.335802424000065],[4.918600660000038,52.335498389000065],[4.9186994170000276,52.335930450000035]]]}},{"type":"Feature","properties":{"service_id":395,"population_total":1669.88,"thiessen_area_km2":0.4352},"geometry":{"type":"Polygon","coordinates":[[[4.9273879390000275,52.33862552700003],[4.9290662610000595,52.34145736000005],[4.929619018000039,52.34239002700008],[4.929640733000042,52.34242666700004],[4.930018634000021,52.34306430000004],[4.930378103000066,52.34367083300003],[4.930412527000044,52.34372891700008],[4.930537685000047,52.34394009600004],[4.930586040000037,52.34402168500003],[4.930608566000046,52.34405969300008],[4.931000547000053,52.344721082000035],[4.931107853000071,52.344902140000045],[4.931165136000061,52.34499879300006],[4.930402791000063,52.34571550000004],[4.930073160000063,52.34602539700006],[4.929784027000039,52.346297220000054],[4.9293506680000405,52.34644743700005],[4.928952691000063,52.34658538900004],[4.9287224180000635,52.34660124700008],[4.928696014000025,52.34659472900006],[4.927764061000062,52.34636465300008],[4.927535954000064,52.346308339000075],[4.926893173000053,52.346149652000065],[4.926488861000053,52.346049838000056],[4.925736928000049,52.345864204000065],[4.925388302000044,52.34577813700008],[4.925263577000067,52.34574734600005],[4.924268393000034,52.34550166000008],[4.924227676000044,52.34549160800003],[4.923655383000039,52.34535032300005],[4.923150303000057,52.34522563100006],[4.922814971000037,52.345142846000044],[4.9217127230000415,52.344870728000046],[4.921627363000027,52.344849655000075],[4.9204281320000405,52.344553595000036],[4.918809269000064,52.344153938000034],[4.918663421000076,52.34372970100003],[4.918974691000074,52.34330175200006],[4.919246685000076,52.34292780200008],[4.919905718000052,52.34202173300008],[4.920047238000052,52.34182716500004],[4.920522509000023,52.341598418000046],[4.921129022000059,52.341306505000034],[4.921466809000037,52.341143929000054],[4.921890246000032,52.340940130000035],[4.923375075000024,52.340225485000076],[4.923803078000049,52.34001948800005],[4.924655788000052,52.33960908000006],[4.926908409000021,52.33852489800006],[4.927053228000034,52.33845519700003],[4.927273210000067,52.33843194500008],[4.9273879390000275,52.33862552700003]]]}},{"type":"Feature","properties":{"service_id":396,"population_total":2579.78,"thiessen_area_km2":0.8524},"geometry":{"type":"Polygon","coordinates":[[[4.9282069200000365,52.334716797000056],[4.928955078000058,52.334716797000056],[4.929418550000037,52.33471885600005],[4.930476580000061,52.334723557000075],[4.9343971640000746,52.334740976000035],[4.937073117000068,52.33475286500004],[4.9427375770000594,52.33477803100004],[4.942571457000042,52.33510501000006],[4.940349209000033,52.33947911400003],[4.939291622000042,52.34156078900003],[4.937954044000037,52.34257044900005],[4.9375351750000505,52.34288662900008],[4.936692862000029,52.34352244300004],[4.936131088000025,52.34394649400008],[4.9358095880000405,52.34418917600004],[4.935550421000073,52.34438480600005],[4.935436546000062,52.34447076300006],[4.934696960000053,52.34463762200005],[4.933741700000041,52.344853140000055],[4.933004842000059,52.34501938400007],[4.932507559000044,52.345078828000055],[4.931707213000038,52.34503111200007],[4.931165136000061,52.34499879300006],[4.931107853000071,52.344902140000045],[4.931000547000053,52.344721082000035],[4.930608566000046,52.34405969300008],[4.930586040000037,52.34402168500003],[4.930537685000047,52.34394009600004],[4.930412527000044,52.34372891700008],[4.930378103000066,52.34367083300003],[4.930018634000021,52.34306430000004],[4.929640733000042,52.34242666700004],[4.929619018000039,52.34239002700008],[4.9290662610000595,52.34145736000005],[4.9273879390000275,52.33862552700003],[4.927273210000067,52.33843194500008],[4.928180263000058,52.33475209200003],[4.928188986000066,52.33471670400007],[4.9282069200000365,52.334716797000056]]]}},{"type":"Feature","properties":{"service_id":397,"population_total":856.91,"thiessen_area_km2":0.1719},"geometry":{"type":"Polygon","coordinates":[[[4.947025671000063,52.31831618100006],[4.947462959000063,52.318617345000064],[4.947647177000022,52.318854384000076],[4.9478036290000205,52.31905569400004],[4.946194323000043,52.320808928000076],[4.946191054000053,52.32081248900005],[4.94540145600007,52.321672705000026],[4.944754244000023,52.32237780000003],[4.944735636000075,52.322398072000055],[4.944469368000057,52.32268815400005],[4.9427612960000715,52.32454898800006],[4.941587925000022,52.32400512600003],[4.9401268950000485,52.323101043000065],[4.9405854270000304,52.32264241300004],[4.941814272000045,52.32141330700006],[4.942304399000022,52.32092307500005],[4.942569531000061,52.32065788700004],[4.943113850000032,52.320113452000044],[4.943745963000026,52.319481204000056],[4.944596767000064,52.318630219000056],[4.944303036000065,52.31826400700004],[4.943799880000029,52.31764043900006],[4.945576523000057,52.317318140000054],[4.947025671000063,52.31831618100006]]]}},{"type":"Feature","properties":{"service_id":398,"population_total":1296.54,"thiessen_area_km2":0.3771},"geometry":{"type":"Polygon","coordinates":[[[4.9486346390000335,52.31969101000004],[4.950125591000074,52.32083085900007],[4.951485534000028,52.32187054900004],[4.9515055520000715,52.321885853000026],[4.9518257420000396,52.32227786000004],[4.953136622000045,52.32388276700004],[4.953156225000043,52.32398821700008],[4.953335664000065,52.32495348600003],[4.953339198000037,52.324972494000065],[4.952763712000035,52.32549116400003],[4.950369713000043,52.32764881300005],[4.950345039000069,52.32767105100004],[4.949150085000042,52.32724762000004],[4.947447777000036,52.32672119100005],[4.9427612960000715,52.32454898800006],[4.944469368000057,52.32268815400005],[4.944735636000075,52.322398072000055],[4.944754244000023,52.32237780000003],[4.94540145600007,52.321672705000026],[4.946191054000053,52.32081248900005],[4.946194323000043,52.320808928000076],[4.9478036290000205,52.31905569400004],[4.9486346390000335,52.31969101000004]]]}},{"type":"Feature","properties":{"service_id":399,"population_total":2205.1,"thiessen_area_km2":0.323},"geometry":{"type":"Polygon","coordinates":[[[4.9644057290000205,52.32300358600003],[4.966722869000023,52.325679294000054],[4.966669955000043,52.32618522100006],[4.961153515000035,52.32423399800007],[4.960732936000056,52.32408523500004],[4.960165023000059,52.32385253900003],[4.9596763030000375,52.323651065000035],[4.958752352000033,52.32327016800008],[4.958430962000023,52.323137676000044],[4.957473214000061,52.32274284600004],[4.956556124000031,52.322364777000075],[4.956334114000072,52.32227325400004],[4.956203383000059,52.32239107800007],[4.954542392000064,52.32388808600007],[4.953358324000021,52.32495525600007],[4.953339198000037,52.324972494000065],[4.953335664000065,52.32495348600003],[4.953156225000043,52.32398821700008],[4.953136622000045,52.32388276700004],[4.95448282600006,52.32244251000003],[4.955818131000058,52.32101391300006],[4.9569437350000385,52.31980966900005],[4.957340922000071,52.31938473300005],[4.959381370000074,52.31720172900003],[4.960446469000033,52.31843164700007],[4.96062067500003,52.318632810000054],[4.962651162000043,52.320977507000066],[4.962820802000067,52.32117339800004],[4.9644057290000205,52.32300358600003]]]}},{"type":"Feature","properties":{"service_id":400,"population_total":4512.93,"thiessen_area_km2":1.1478},"geometry":{"type":"Polygon","coordinates":[[[4.974635411000065,52.318318109000074],[4.977738414000044,52.32072983900008],[4.978705597000044,52.32148155700003],[4.982765835000066,52.32463727500004],[4.986052579000045,52.32719181400006],[4.986052176000044,52.32719225100004],[4.985838919000059,52.327409137000075],[4.9856157710000275,52.32762225600004],[4.985382911000045,52.32783143800003],[4.985140523000041,52.328036517000044],[4.984888798000043,52.32823733100008],[4.9846279370000275,52.32843371900003],[4.984358148000069,52.32862552700004],[4.98407964300003,52.32881260100004],[4.9837926440000615,52.32899479300005],[4.983497379000028,52.329171958000074],[4.983194083000058,52.32934395600006],[4.982882995000068,52.32951065000003],[4.982564364000041,52.32967190800008],[4.9822384410000495,52.329827601000034],[4.981905486000073,52.329977607000046],[4.981565764000038,52.33012180500003],[4.981219543000066,52.33026008100006],[4.980867099000022,52.33039232600004],[4.9805087120000735,52.330518434000055],[4.980144666000058,52.330638306000026],[4.979775251000035,52.330751846000055],[4.979670130000045,52.330781914000056],[4.971114355000054,52.32775618800008],[4.971003056000029,52.327716827000074],[4.9707951540000295,52.327644348000035],[4.969777394000062,52.327284355000074],[4.966669955000043,52.32618522100006],[4.966722869000023,52.325679294000054],[4.967899361000036,52.32221842000007],[4.9689891030000695,52.31901273600005],[4.969000742000048,52.318978498000035],[4.969765486000028,52.31672885900008],[4.970355921000021,52.31499198300003],[4.974635411000065,52.318318109000074]]]}},{"type":"Feature","properties":{"service_id":401,"population_total":1146.01,"thiessen_area_km2":1.0849},"geometry":{"type":"Polygon","coordinates":[[[5.00049686400007,52.31804275500008],[4.998651013000028,52.320477733000075],[4.99565876500003,52.32442499500007],[4.995527933000062,52.324421604000065],[4.995115720000058,52.32440378000007],[4.994704490000061,52.32437884500007],[4.994294570000022,52.32434682100006],[4.993886287000066,52.32430773200008],[4.993479963000027,52.324261610000065],[4.99307592200006,52.324208490000046],[4.992674485000066,52.32414841600007],[4.992275971000026,52.32408143400005],[4.99188069500002,52.324007599000026],[4.99148897300006,52.32392696900007],[4.991101115000049,52.32383960700008],[4.9907174290000285,52.32374558400005],[4.990338220000069,52.32364497300006],[4.989963789000058,52.32353785600003],[4.989810906000059,52.32349086000005],[4.9903290490000245,52.322116821000066],[4.990746028000046,52.32101105300006],[4.991041383000038,52.32022781400008],[4.992689012000028,52.31585854200006],[4.993070982000063,52.314845613000045],[4.993714904000058,52.31313802500006],[4.9947760050000625,52.310324140000034],[4.995479416000023,52.308458795000035],[4.995528989000036,52.30832733500006],[4.995866166000042,52.30743319000004],[4.997081369000057,52.30751298600006],[4.99818547600006,52.30758548600005],[4.99926156600003,52.308463095000036],[5.00045459200004,52.30943607100005],[5.0048687760000234,52.313036071000056],[5.005060102000073,52.31319210800007],[5.0065680380000686,52.31442191000008],[5.006605686000057,52.31445261400006],[5.006626047000054,52.314469219000046],[5.006645447000039,52.31448504100007],[5.00722287800005,52.31495596600007],[5.008207693000031,52.315759135000064],[5.008338055000024,52.31586545200008],[5.008653920000029,52.31639332900005],[5.008641368000042,52.31676620500008],[5.008581561000028,52.318542861000026],[5.007467099000053,52.31796080200007],[5.007254765000027,52.31784990400007],[5.006849784000053,52.31763839100006],[5.006847076000042,52.31763697700006],[5.006446394000022,52.31742771000006],[5.004013051000072,52.31615682700004],[5.0007290840000564,52.31444168100006],[5.00049686400007,52.31804275500008]]]}},{"type":"Feature","properties":{"service_id":402,"population_total":1351.29,"thiessen_area_km2":0.9455},"geometry":{"type":"Polygon","coordinates":[[[5.005202770000039,52.29553985600006],[5.006181327000036,52.29737089200006],[5.0063594370000715,52.29770416400004],[5.006646156000045,52.29824066100008],[5.009692444000052,52.30012018700006],[5.010015378000048,52.30031943400007],[5.010055421000061,52.30034414000005],[5.009591383000043,52.304538054000034],[5.008990795000045,52.30996607800006],[5.008952837000038,52.31030913800004],[5.008924557000057,52.310564731000056],[5.008918086000051,52.31062321600007],[5.008906839000076,52.31072486800008],[5.008898914000042,52.31079648900004],[5.008850055000039,52.31123807400007],[5.0086931360000335,52.312656281000045],[5.0086564300000305,52.31298802500004],[5.008393309000041,52.313022627000066],[5.008374498000023,52.313024763000044],[5.007990151000058,52.313068401000066],[5.00798708800005,52.31306874900008],[5.007578908000028,52.313107838000064],[5.00725458900007,52.31313318200006],[5.0071690920000265,52.31313986300006],[5.007079537000038,52.31314529400004],[5.006987095000056,52.31315090100003],[5.006982422000021,52.31315118400005],[5.006864389000043,52.313158343000055],[5.0067579670000555,52.31316479700007],[5.0063458580000315,52.31318262100007],[5.005933093000067,52.31319332100003],[5.005520000000047,52.31319688900004],[5.005106907000027,52.31319332100003],[5.005060102000073,52.31319210800007],[5.0048687760000234,52.313036071000056],[5.00045459200004,52.30943607100005],[4.99926156600003,52.308463095000036],[4.99818547600006,52.30758548600005],[4.998601524000037,52.30686034900003],[4.998759666000069,52.306584720000046],[4.999058597000044,52.30606370800007],[4.999094985000056,52.30600028600003],[4.999102090000065,52.30598790200003],[4.999179643000048,52.30585273300005],[5.00138206500003,52.302014092000036],[5.002109566000058,52.300746117000074],[5.003242454000031,52.298771585000054],[5.005204534000029,52.295351839000034],[5.005202770000039,52.29553985600006]]]}},{"type":"Feature","properties":{"service_id":403,"population_total":2924.8,"thiessen_area_km2":0.6406},"geometry":{"type":"Polygon","coordinates":[[[5.011035919000051,52.30094909700006],[5.0116901400000415,52.301353454000036],[5.011745800000028,52.301387790000035],[5.015425205000042,52.303657532000045],[5.017633915000033,52.303665161000026],[5.017739037000069,52.30366570700005],[5.0175374330000295,52.30553425900007],[5.017464155000027,52.30621343300004],[5.017431373000022,52.30651727400004],[5.017393585000036,52.306867511000064],[5.017316840000035,52.30757880800007],[5.017222471000025,52.30845345800003],[5.017084422000039,52.309732946000054],[5.01701993100005,52.310330675000046],[5.013133303000075,52.31335446800006],[5.012920915000052,52.31351970600008],[5.012180211000043,52.31404958600007],[5.011986874000058,52.31403786100003],[5.011577050000028,52.31400583700008],[5.011168862000034,52.31396674800004],[5.010804497000038,52.31392537800008],[5.01076263300007,52.31392062500004],[5.010358686000075,52.313867506000065],[5.009957343000053,52.31380743100004],[5.009558921000064,52.31374045000007],[5.009163738000041,52.313666614000056],[5.008772107000027,52.31358598400004],[5.008594691000042,52.313546013000064],[5.0086564300000305,52.31298802500004],[5.0086931360000335,52.312656281000045],[5.008850055000039,52.31123807400007],[5.008898914000042,52.31079648900004],[5.008906839000076,52.31072486800008],[5.008918086000051,52.31062321600007],[5.008924557000057,52.310564731000056],[5.008952837000038,52.31030913800004],[5.008990795000045,52.30996607800006],[5.009591383000043,52.304538054000034],[5.010055421000061,52.30034414000005],[5.011035919000051,52.30094909700006]]]}},{"type":"Feature","properties":{"service_id":404,"population_total":2433.08,"thiessen_area_km2":0.6687},"geometry":{"type":"Polygon","coordinates":[[[5.0052057160000345,52.295225851000055],[5.005204534000029,52.295351839000034],[5.003242454000031,52.298771585000054],[5.002109566000058,52.300746117000074],[5.00138206500003,52.302014092000036],[4.999179643000048,52.30585273300005],[4.999102090000065,52.30598790200003],[4.999094985000056,52.30600028600003],[4.999058597000044,52.30606370800007],[4.998759666000069,52.306584720000046],[4.998601524000037,52.30686034900003],[4.99818547600006,52.30758548600005],[4.997081369000057,52.30751298600006],[4.995866166000042,52.30743319000004],[4.99421516600006,52.306559003000075],[4.993081327000027,52.30595864700007],[4.992974030000028,52.30590183400005],[4.992912784000055,52.30586940500007],[4.992678076000061,52.304273572000056],[4.992581342000051,52.303615851000075],[4.992416122000066,52.30249248400003],[4.992270938000047,52.301505347000045],[4.992203741000026,52.301048457000036],[4.999466838000046,52.296590010000045],[5.000968897000064,52.29566797200005],[5.001800097000057,52.29515774100008],[5.004954035000026,52.29322169800008],[5.005226090000065,52.29305469700006],[5.0052057160000345,52.295225851000055]]]}},{"type":"Feature","properties":{"service_id":405,"population_total":2471.87,"thiessen_area_km2":0.7075},"geometry":{"type":"Polygon","coordinates":[[[4.981282563000036,52.29782818600006],[4.98289611000007,52.298241232000066],[4.987637606000021,52.29945499000007],[4.9896050190000665,52.29995862100003],[4.99199242800006,52.300569765000034],[4.992040290000034,52.300678187000074],[4.992203741000026,52.301048457000036],[4.992270938000047,52.301505347000045],[4.992416122000066,52.30249248400003],[4.992581342000051,52.303615851000075],[4.992678076000061,52.304273572000056],[4.992912784000055,52.30586940500007],[4.992854065000074,52.30588605600008],[4.99141992400007,52.30629272600004],[4.991275759000075,52.30633360600007],[4.990321325000025,52.30660424800004],[4.99014530200003,52.30659562900007],[4.989111661000038,52.306545017000076],[4.988096794000057,52.30649532500007],[4.983977407000054,52.306293622000055],[4.9837605680000365,52.30628300500007],[4.982051277000039,52.30619931100006],[4.981566249000025,52.30587104700004],[4.981290407000074,52.305684359000054],[4.9808884390000685,52.305412310000065],[4.978801065000027,52.30399958900006],[4.978459341000075,52.303768312000045],[4.9784214320000615,52.30352083300005],[4.978398808000065,52.303373134000026],[4.978297022000049,52.302708651000046],[4.979373012000053,52.30081424300005],[4.980008038000051,52.29969620300005],[4.980314612000029,52.29915644300007],[4.980860966000023,52.29819452100003],[4.980980587000033,52.29798391500003],[4.981096143000059,52.29778046500007],[4.981282563000036,52.29782818600006]]]}},{"type":"Feature","properties":{"service_id":406,"population_total":1340.3,"thiessen_area_km2":0.4894},"geometry":{"type":"Polygon","coordinates":[[[4.9837605680000365,52.30628300500007],[4.983977407000054,52.306293622000055],[4.988096794000057,52.30649532500007],[4.989111661000038,52.306545017000076],[4.99014530200003,52.30659562900007],[4.990321325000025,52.30660424800004],[4.990287896000041,52.30669793000004],[4.990062385000044,52.30732990800004],[4.990061462000028,52.307332495000026],[4.989165644000025,52.30984295800005],[4.9891160240000545,52.30998201300008],[4.9861639440000545,52.31825499800004],[4.985646187000043,52.319705972000065],[4.983759737000071,52.316313078000064],[4.982984028000033,52.31491791900004],[4.982691736000049,52.312185803000034],[4.982424293000065,52.30968596000008],[4.982281001000047,52.30834658500004],[4.9821719780000535,52.30732752600005],[4.982051277000039,52.30619931100006],[4.9837605680000365,52.30628300500007]]]}},{"type":"Feature","properties":{"service_id":407,"population_total":2252.15,"thiessen_area_km2":0.6594},"geometry":{"type":"Polygon","coordinates":[[[4.992974030000028,52.30590183400005],[4.993081327000027,52.30595864700007],[4.99421516600006,52.306559003000075],[4.995866166000042,52.30743319000004],[4.995528989000036,52.30832733500006],[4.995479416000023,52.308458795000035],[4.9947760050000625,52.310324140000034],[4.993714904000058,52.31313802500006],[4.993070982000063,52.314845613000045],[4.992689012000028,52.31585854200006],[4.991041383000038,52.32022781400008],[4.990746028000046,52.32101105300006],[4.9903290490000245,52.322116821000066],[4.990207000000055,52.32211787500006],[4.98979382400006,52.32211430800004],[4.989380976000064,52.32210360700003],[4.98935059400003,52.32210229300006],[4.988968784000065,52.322085783000034],[4.988557576000062,52.32206084900008],[4.988147678000075,52.322028825000075],[4.988010947000021,52.32201573400005],[4.987739416000068,52.321989736000035],[4.987333113000034,52.32194361300003],[4.986929094000061,52.32189049400006],[4.986527678000073,52.32183041900004],[4.986159070000042,52.32176846100003],[4.985896503000049,52.320712583000045],[4.9858378650000645,52.320476779000046],[4.985646187000043,52.319705972000065],[4.9861639440000545,52.31825499800004],[4.9891160240000545,52.30998201300008],[4.989165644000025,52.30984295800005],[4.990061462000028,52.307332495000026],[4.990062385000044,52.30732990800004],[4.990287896000041,52.30669793000004],[4.990321325000025,52.30660424800004],[4.991275759000075,52.30633360600007],[4.99141992400007,52.30629272600004],[4.992854065000074,52.30588605600008],[4.992912784000055,52.30586940500007],[4.992974030000028,52.30590183400005]]]}},{"type":"Feature","properties":{"service_id":408,"population_total":3559.49,"thiessen_area_km2":0.7309},"geometry":{"type":"Polygon","coordinates":[[[4.971756668000069,52.313161560000026],[4.971804669000051,52.313169069000026],[4.972352262000072,52.313254732000075],[4.9747494560000405,52.31362973900008],[4.975580726000032,52.313759779000065],[4.975909730000069,52.31381124700005],[4.978099764000035,52.31415384600007],[4.981739404000052,52.31472321500007],[4.982984028000033,52.31491791900004],[4.983759737000071,52.316313078000064],[4.985646187000043,52.319705972000065],[4.9858378650000645,52.320476779000046],[4.985896503000049,52.320712583000045],[4.986159070000042,52.32176846100003],[4.986199867000039,52.321932522000054],[4.986599358000035,52.323539021000045],[4.986371372000065,52.32363009000005],[4.986018981000029,52.323762335000026],[4.9856606470000315,52.323888443000044],[4.98529665600006,52.32400831500007],[4.984927295000034,52.324121855000044],[4.984552859000075,52.32422897300006],[4.984173645000055,52.324329583000065],[4.983789954000031,52.32442360600004],[4.983402091000073,52.32451096800003],[4.983010364000052,52.32459159800004],[4.982765835000066,52.32463727500004],[4.978705597000044,52.32148155700003],[4.977738414000044,52.32072983900008],[4.974635411000065,52.318318109000074],[4.970355921000021,52.31499198300003],[4.970244609000076,52.31446048000004],[4.9702308030000495,52.31439456000004],[4.970127521000052,52.313901404000035],[4.970046047000039,52.31351237400003],[4.9699605110000675,52.31310395100007],[4.97013886700006,52.312908478000054],[4.971756668000069,52.313161560000026]]]}},{"type":"Feature","properties":{"service_id":409,"population_total":3372.72,"thiessen_area_km2":0.6264},"geometry":{"type":"Polygon","coordinates":[[[4.978801065000027,52.30399958900006],[4.9808884390000685,52.305412310000065],[4.981290407000074,52.305684359000054],[4.981566249000025,52.30587104700004],[4.982051277000039,52.30619931100006],[4.9821719780000535,52.30732752600005],[4.982281001000047,52.30834658500004],[4.982424293000065,52.30968596000008],[4.982691736000049,52.312185803000034],[4.982984028000033,52.31491791900004],[4.981739404000052,52.31472321500007],[4.978099764000035,52.31415384600007],[4.975909730000069,52.31381124700005],[4.975580726000032,52.313759779000065],[4.9747494560000405,52.31362973900008],[4.972352262000072,52.313254732000075],[4.971804669000051,52.313169069000026],[4.971756668000069,52.313161560000026],[4.97013886700006,52.312908478000054],[4.970259441000053,52.31270671000004],[4.9705350170000315,52.312245559000075],[4.971109762000026,52.31163071100008],[4.971659645000045,52.31104246000007],[4.97517018800005,52.30728696700004],[4.9755544360000385,52.30687590800005],[4.976245354000071,52.30613678100008],[4.977919677000045,52.30434563100005],[4.977949888000069,52.30431331200003],[4.978459341000075,52.303768312000045],[4.978801065000027,52.30399958900006]]]}},{"type":"Feature","properties":{"service_id":410,"population_total":2164.26,"thiessen_area_km2":0.7655},"geometry":{"type":"Polygon","coordinates":[[[4.967142165000041,52.295861212000034],[4.972494278000056,52.299146621000034],[4.973459475000027,52.299739110000075],[4.978297022000049,52.302708651000046],[4.978398808000065,52.303373134000026],[4.9784214320000615,52.30352083300005],[4.978459341000075,52.303768312000045],[4.977949888000069,52.30431331200003],[4.977919677000045,52.30434563100005],[4.976245354000071,52.30613678100008],[4.9755544360000385,52.30687590800005],[4.97517018800005,52.30728696700004],[4.971659645000045,52.31104246000007],[4.971109762000026,52.31163071100008],[4.9705350170000315,52.312245559000075],[4.97023781200005,52.31131760100004],[4.970049234000044,52.31072880800008],[4.969483998000044,52.30896398100003],[4.968604322000033,52.306217383000046],[4.967287402000068,52.30210558400006],[4.966226294000023,52.29879250600004],[4.966146126000069,52.29854220000004],[4.965954932000045,52.29794524000005],[4.965288453000028,52.29586430300003],[4.965210270000057,52.29562019300005],[4.965075911000042,52.295200685000054],[4.965433694000069,52.29513044500004],[4.965830382000036,52.29506005700006],[4.965835671000036,52.29505921700007],[4.967142165000041,52.295861212000034]]]}},{"type":"Feature","properties":{"service_id":411,"population_total":1911.58,"thiessen_area_km2":0.5629},"geometry":{"type":"Polygon","coordinates":[[[4.965954932000045,52.29794524000005],[4.966146126000069,52.29854220000004],[4.966226294000023,52.29879250600004],[4.967287402000068,52.30210558400006],[4.968604322000033,52.306217383000046],[4.969483998000044,52.30896398100003],[4.970049234000044,52.31072880800008],[4.97023781200005,52.31131760100004],[4.9705350170000315,52.312245559000075],[4.970259441000053,52.31270671000004],[4.97013886700006,52.312908478000054],[4.9699605110000675,52.31310395100007],[4.96926548600004,52.31296009500005],[4.96887214700007,52.312878682000076],[4.96764366900004,52.31262441300004],[4.9672558260000415,52.31254413800008],[4.967211316000032,52.31253492500008],[4.966433240000072,52.31096024700008],[4.96616528800007,52.31041796300008],[4.965934712000035,52.30995132100003],[4.96551557600003,52.30910307100004],[4.964341506000039,52.30672697700004],[4.963526843000068,52.30507825500007],[4.963186789000076,52.30439005000005],[4.961883012000044,52.301751453000065],[4.961821344000043,52.30102982000005],[4.9617448050000235,52.30013415800005],[4.9615720860000465,52.298112993000075],[4.9615316000000576,52.29763923100006],[4.96145843100004,52.29678300900008],[4.961421319000067,52.29634872200006],[4.961593280000045,52.296311658000036],[4.9619865870000694,52.296234447000074],[4.962383285000044,52.296164059000034],[4.96278305900006,52.29610054900007],[4.9631855910000695,52.29604396900004],[4.963590562000036,52.295994362000044],[4.96369743300005,52.295983180000064],[4.9639976510000565,52.295951769000055],[4.964406535000023,52.29591622300006],[4.964816889000076,52.295887752000056],[4.965228388000071,52.295866380000064],[4.965288453000028,52.29586430300003],[4.965954932000045,52.29794524000005]]]}},{"type":"Feature","properties":{"service_id":412,"population_total":9349.15,"thiessen_area_km2":1.5354},"geometry":{"type":"Polygon","coordinates":[[[4.975523439000028,52.28560197400003],[4.975936152000031,52.28560910600004],[4.976348374000054,52.28562336400006],[4.976759779000076,52.28564473700004],[4.977170038000054,52.28567320800005],[4.977578827000059,52.28570875400004],[4.977985822000051,52.28575134700003],[4.97805806100007,52.28576019800005],[4.978540493000025,52.28726404000008],[4.979470683000045,52.29016364000006],[4.979580530000021,52.29050605800006],[4.9803894130000685,52.29302751500006],[4.9813429330000645,52.29599983900005],[4.981449037000061,52.29633058700006],[4.981235431000073,52.29720819500005],[4.981096143000059,52.29778046500007],[4.980980587000033,52.29798391500003],[4.980860966000023,52.29819452100003],[4.980314612000029,52.29915644300007],[4.980008038000051,52.29969620300005],[4.979373012000053,52.30081424300005],[4.978297022000049,52.302708651000046],[4.973459475000027,52.299739110000075],[4.972494278000056,52.299146621000034],[4.967142165000041,52.295861212000034],[4.965835671000036,52.29505921700007],[4.964833589000023,52.294444086000055],[4.962940175000028,52.29276990400007],[4.962676934000058,52.29253714300006],[4.96262471700004,52.292250239000055],[4.96229902500005,52.29046074300004],[4.962358504000065,52.29038931900004],[4.962556576000054,52.290167147000034],[4.962764775000039,52.28994848500008],[4.962982934000024,52.28973350500007],[4.963210882000055,52.28952238000005],[4.9634484360000215,52.28931527600008],[4.9636954090000245,52.28911235700008],[4.963951603000055,52.288913785000034],[4.964216816000032,52.28871971700005],[4.964490837000028,52.28853030700003],[4.964773449000063,52.28834570500004],[4.9650644270000726,52.28816605900005],[4.965363539000066,52.28799151000004],[4.965670550000027,52.28782219700008],[4.965985215000046,52.287658254000064],[4.966307284000038,52.28749981200008],[4.966636501000039,52.287346995000064],[4.96697260600007,52.28719992600003],[4.967315332000055,52.28705872200004],[4.96766440600004,52.286923493000074],[4.968019552000044,52.28679434700007],[4.968380487000047,52.28667138800006],[4.968746927000041,52.286554712000054],[4.969118578000064,52.28644441100005],[4.969495148000021,52.286340575000054],[4.969876336000027,52.28624328400008],[4.970261841000024,52.28615261600004],[4.970651356000076,52.28606864300008],[4.971044573000029,52.28599143200006],[4.971441179000067,52.28592104400008],[4.971840861000032,52.28585753400006],[4.972243300000059,52.28580095400008],[4.972648178000043,52.28575134700003],[4.973055173000034,52.28570875400004],[4.973463962000039,52.28567320800005],[4.973874221000074,52.28564473700004],[4.9741122900000505,52.28563236900004],[4.974285626000039,52.28562336400006],[4.974697848000062,52.28560910600004],[4.975110561000065,52.28560197400003],[4.975523439000028,52.28560197400003]]]}},{"type":"Feature","properties":{"service_id":413,"population_total":3460.61,"thiessen_area_km2":0.3066},"geometry":{"type":"Polygon","coordinates":[[[4.989887812000063,52.29555972000003],[4.990931583000076,52.29611008300003],[4.991791147000072,52.29730988600005],[4.991920256000071,52.299400898000044],[4.99199242800006,52.300569765000034],[4.9896050190000665,52.29995862100003],[4.987637606000021,52.29945499000007],[4.98289611000007,52.298241232000066],[4.981282563000036,52.29782818600006],[4.981096143000059,52.29778046500007],[4.981235431000073,52.29720819500005],[4.981449037000061,52.29633058700006],[4.98457907300002,52.29519316600005],[4.98731033100006,52.294200656000044],[4.989887812000063,52.29555972000003]]]}},{"type":"Feature","properties":{"service_id":414,"population_total":2372.99,"thiessen_area_km2":0.4597},"geometry":{"type":"Polygon","coordinates":[[[4.98828046400007,52.290395285000045],[4.987834489000022,52.29214463200003],[4.987658511000063,52.292834912000046],[4.98731033100006,52.294200656000044],[4.98457907300002,52.29519316600005],[4.981449037000061,52.29633058700006],[4.9813429330000645,52.29599983900005],[4.9803894130000685,52.29302751500006],[4.979580530000021,52.29050605800006],[4.979470683000045,52.29016364000006],[4.978540493000025,52.28726404000008],[4.97805806100007,52.28576019800005],[4.977734420000047,52.28475133900008],[4.980220200000076,52.28609533900004],[4.9802956150000455,52.286136114000044],[4.9826493310000615,52.28740871000008],[4.9851356190000615,52.28875298500003],[4.985835075000068,52.28913116400008],[4.987189535000027,52.28986350200006],[4.9875988960000655,52.29008483800004],[4.987976198000069,52.29006083400003],[4.988372150000032,52.290035644000056],[4.98828046400007,52.290395285000045]]]}},{"type":"Feature","properties":{"service_id":415,"population_total":1922.56,"thiessen_area_km2":0.1714},"geometry":{"type":"Polygon","coordinates":[[[4.992459181000072,52.291089423000074],[4.991968937000024,52.29270067700003],[4.990931583000076,52.29611008300003],[4.989887812000063,52.29555972000003],[4.98731033100006,52.294200656000044],[4.987658511000063,52.292834912000046],[4.987834489000022,52.29214463200003],[4.98828046400007,52.290395285000045],[4.988372150000032,52.290035644000056],[4.992866810000066,52.28974969400008],[4.992459181000072,52.291089423000074]]]}},{"type":"Feature","properties":{"service_id":416,"population_total":1768.76,"thiessen_area_km2":0.3225},"geometry":{"type":"Polygon","coordinates":[[[5.001967377000028,52.290161718000036],[5.001002048000032,52.29083980200005],[5.000076327000045,52.291490063000026],[4.9992487430000665,52.29207138900006],[4.9961982150000495,52.29421419500005],[4.991791147000072,52.29730988600005],[4.990931583000076,52.29611008300003],[4.991968937000024,52.29270067700003],[4.992459181000072,52.291089423000074],[4.992866810000066,52.28974969400008],[4.994509786000037,52.28964516800005],[4.999698740000042,52.28931504700006],[5.000850201000048,52.28924179100005],[5.001967377000028,52.290161718000036]]]}},{"type":"Feature","properties":{"service_id":417,"population_total":2152.61,"thiessen_area_km2":0.4023},"geometry":{"type":"Polygon","coordinates":[[[5.00341948800002,52.291357445000074],[5.004988771000058,52.29264965500005],[5.005228042000056,52.29284668000008],[5.005226090000065,52.29305469700006],[5.004954035000026,52.29322169800008],[5.001800097000057,52.29515774100008],[5.000968897000064,52.29566797200005],[4.999466838000046,52.296590010000045],[4.992203741000026,52.301048457000036],[4.992040290000034,52.300678187000074],[4.99199242800006,52.300569765000034],[4.991920256000071,52.299400898000044],[4.991791147000072,52.29730988600005],[4.9961982150000495,52.29421419500005],[4.9992487430000665,52.29207138900006],[5.000076327000045,52.291490063000026],[5.001002048000032,52.29083980200005],[5.001967377000028,52.290161718000036],[5.00341948800002,52.291357445000074]]]}},{"type":"Feature","properties":{"service_id":418,"population_total":1501.9,"thiessen_area_km2":0.3872},"geometry":{"type":"Polygon","coordinates":[[[5.025414943000044,52.304241180000076],[5.025215266000032,52.30513328400008],[5.024975654000059,52.306203810000056],[5.024911944000053,52.306488450000074],[5.02482726900007,52.30686675700008],[5.024667696000051,52.30757968800003],[5.024515296000061,52.30826057300004],[5.024204227000041,52.30965034700006],[5.019095779000054,52.31037472200006],[5.01701993100005,52.310330675000046],[5.017084422000039,52.309732946000054],[5.017222471000025,52.30845345800003],[5.017316840000035,52.30757880800007],[5.017393585000036,52.306867511000064],[5.017431373000022,52.30651727400004],[5.017464155000027,52.30621343300004],[5.0175374330000295,52.30553425900007],[5.017739037000069,52.30366570700005],[5.018367767000029,52.30366897600004],[5.020127972000068,52.30346119600006],[5.02573585500005,52.30279922500006],[5.025414943000044,52.304241180000076]]]}},{"type":"Feature","properties":{"service_id":419,"population_total":610.64,"thiessen_area_km2":0.1143},"geometry":{"type":"Polygon","coordinates":[[[5.023766939000041,52.31160403600006],[5.023032959000034,52.314883268000074],[5.0228705940000395,52.31560867500008],[5.022306855000068,52.31500005200007],[5.022253324000076,52.314922944000045],[5.02086644700006,52.31292524500003],[5.019095779000054,52.31037472200006],[5.024204227000041,52.30965034700006],[5.023766939000041,52.31160403600006]]]}},{"type":"Feature","properties":{"service_id":420,"population_total":1071.23,"thiessen_area_km2":0.1856},"geometry":{"type":"Polygon","coordinates":[[[5.019095779000054,52.31037472200006],[5.02086644700006,52.31292524500003],[5.022253324000076,52.314922944000045],[5.022306855000068,52.31500005200007],[5.0204514620000396,52.31507634400003],[5.019315799000026,52.31484159100006],[5.015388511000026,52.31402978300008],[5.014342704000057,52.313813604000075],[5.012920915000052,52.31351970600008],[5.013133303000075,52.31335446800006],[5.01701993100005,52.310330675000046],[5.019095779000054,52.31037472200006]]]}},{"type":"Feature","properties":{"service_id":421,"population_total":62.23,"thiessen_area_km2":0.0084},"geometry":{"type":"Polygon","coordinates":[[[5.022793161000038,52.315954625000074],[5.022652678000043,52.31597118600007],[5.0204514620000396,52.31507634400003],[5.022306855000068,52.31500005200007],[5.0228705940000395,52.31560867500008],[5.022793161000038,52.315954625000074]]]}},{"type":"Feature","properties":{"service_id":422,"population_total":326.55,"thiessen_area_km2":0.0617},"geometry":{"type":"Polygon","coordinates":[[[5.014342704000057,52.313813604000075],[5.015388511000026,52.31402978300008],[5.019315799000026,52.31484159100006],[5.0204514620000396,52.31507634400003],[5.022652678000043,52.31597118600007],[5.022121215000027,52.31610253000008],[5.011788448000061,52.31432984300005],[5.012180211000043,52.31404958600007],[5.012920915000052,52.31351970600008],[5.014342704000057,52.313813604000075]]]}},{"type":"Feature","properties":{"service_id":423,"population_total":431.41,"thiessen_area_km2":0.4039},"geometry":{"type":"Polygon","coordinates":[[[5.022121215000027,52.31610253000008],[5.014003220000063,52.32126328600003],[5.013907199000073,52.32132432800006],[5.009723830000041,52.31913944400003],[5.008581561000028,52.318542861000026],[5.008641368000042,52.31676620500008],[5.008653920000029,52.31639332900005],[5.010985749000042,52.314858266000044],[5.011788448000061,52.31432984300005],[5.022121215000027,52.31610253000008]]]}},{"type":"Feature","properties":{"service_id":424,"population_total":418.3,"thiessen_area_km2":0.2628},"geometry":{"type":"Polygon","coordinates":[[[5.021233749000032,52.322921672000064],[5.02112102500007,52.32342529300007],[5.0203893380000295,52.323866000000066],[5.019933008000066,52.32414085500005],[5.0196390150000525,52.32431793200004],[5.019201154000029,52.324089247000074],[5.018496365000033,52.32372115100003],[5.013907199000073,52.32132432800006],[5.014003220000063,52.32126328600003],[5.022121215000027,52.31610253000008],[5.022652678000043,52.31597118600007],[5.022793161000038,52.315954625000074],[5.021233749000032,52.322921672000064]]]}},{"type":"Feature","properties":{"service_id":425,"population_total":98.87,"thiessen_area_km2":0.0498},"geometry":{"type":"Polygon","coordinates":[[[5.004740077000065,52.34994390500003],[5.007377056000053,52.35222315100003],[5.004888207000022,52.35338249600005],[5.004228928000032,52.353689598000074],[5.004221073000053,52.35289325300005],[5.004192801000045,52.35002695800006],[5.004232615000035,52.34987998300005],[5.004740077000065,52.34994390500003]]]}},{"type":"Feature","properties":{"service_id":426,"population_total":32.96,"thiessen_area_km2":0.1145},"geometry":{"type":"Polygon","coordinates":[[[5.008697922000067,52.35277736900008],[5.00958229500003,52.35314844100003],[5.0095833060000245,52.35314886500004],[5.009582928000043,52.35314998100006],[5.0090250970000625,52.354797363000046],[5.007542134000062,52.35568618700006],[5.0073290950000455,52.35579834500004],[5.007132625000054,52.35590178000007],[5.005151204000072,52.35694493600005],[5.0041185720000385,52.35404409400007],[5.004228928000032,52.353689598000074],[5.004888207000022,52.35338249600005],[5.007377056000053,52.35222315100003],[5.008697922000067,52.35277736900008]]]}},{"type":"Feature","properties":{"service_id":427,"population_total":65.92,"thiessen_area_km2":0.1821},"geometry":{"type":"Polygon","coordinates":[[[5.0041185720000385,52.35404409400007],[5.005151204000072,52.35694493600005],[5.001770196000052,52.35872493000005],[4.9992574390000755,52.360047817000066],[4.99906029400006,52.357831790000034],[4.998881593000021,52.355823083000075],[5.002537676000031,52.35363640400004],[5.0041185720000385,52.35404409400007]]]}},{"type":"Feature","properties":{"service_id":428,"population_total":54.93,"thiessen_area_km2":0.0429},"geometry":{"type":"Polygon","coordinates":[[[5.004221073000053,52.35289325300005],[5.004228928000032,52.353689598000074],[5.0041185720000385,52.35404409400007],[5.002537676000031,52.35363640400004],[5.0018405640000765,52.35242959300007],[5.002409210000053,52.35184876400007],[5.004192801000045,52.35002695800006],[5.004221073000053,52.35289325300005]]]}},{"type":"Feature","properties":{"service_id":429,"population_total":21.97,"thiessen_area_km2":0.0505},"geometry":{"type":"Polygon","coordinates":[[[5.002537676000031,52.35363640400004],[4.998881593000021,52.355823083000075],[4.998705571000073,52.35532056900007],[5.000353967000024,52.352107688000046],[5.0018405640000765,52.35242959300007],[5.002537676000031,52.35363640400004]]]}},{"type":"Feature","properties":{"service_id":430,"population_total":197.75,"thiessen_area_km2":0.229},"geometry":{"type":"MultiPolygon","coordinates":[[[[4.9985837540000375,52.34301306200007],[4.998616130000073,52.34317939500005],[4.998655144000054,52.343379835000064],[4.998745149000058,52.343842245000076],[4.998863519000054,52.34445038200005],[4.9988683610000635,52.344475258000045],[4.998939235000023,52.34483938100004],[4.999078447000045,52.34555459500007],[4.999170532000051,52.34602768900004],[4.999314372000072,52.346766682000066],[4.999855850000074,52.34954857000008],[4.998010410000063,52.35038085300005],[4.996445230000063,52.351086741000074],[4.9964616120000755,52.35011603000004],[4.996520457000031,52.346629291000056],[4.996521939000047,52.346541503000026],[4.996523214000035,52.346465926000064],[4.996541895000064,52.34535903400007],[4.996550626000044,52.34484166300007],[4.996554284000069,52.344624915000054],[4.996558891000063,52.344351936000066],[4.996559643000069,52.34430737000008],[4.996564841000065,52.34399936900007],[4.998002184000029,52.34325868500008],[4.99847587000005,52.343014588000074],[4.998564294000062,52.34301306200007],[4.9985837540000375,52.34301306200007]]],[[[5.000126314000056,52.350938100000064],[5.000353967000024,52.352107688000046],[4.998705571000073,52.35532056900007],[4.998246337000069,52.354866696000045],[4.996697884000071,52.35180961900005],[4.998588526000049,52.35050990600007],[4.999871321000057,52.34962805500004],[5.000126314000056,52.350938100000064]]]]}},{"type":"Feature","properties":{"service_id":431,"population_total":208.74,"thiessen_area_km2":0.2234},"geometry":{"type":"MultiPolygon","coordinates":[[[[5.00023698800004,52.349376679000045],[4.999855850000074,52.34954857000008],[4.999314372000072,52.346766682000066],[4.999170532000051,52.34602768900004],[4.999078447000045,52.34555459500007],[4.998939235000023,52.34483938100004],[4.9988683610000635,52.344475258000045],[4.998863519000054,52.34445038200005],[4.998745149000058,52.343842245000076],[4.998655144000054,52.343379835000064],[4.998616130000073,52.34317939500005],[4.9985837540000375,52.34301306200007],[4.998574189000067,52.34296392300007],[4.999381061000065,52.34254813000007],[4.999515874000053,52.34253404000003],[4.999925187000031,52.34249849400004],[5.0003359730000625,52.34247002300003],[5.00048098000002,52.34246250000007],[5.000747904000036,52.34244865100004],[5.001160654000046,52.342434393000076],[5.001573897000071,52.34242726100007],[5.001987303000021,52.34242726100007],[5.002400546000047,52.342434393000076],[5.002813296000056,52.34244865100004],[5.003027527000029,52.34245976600005],[5.003203546000066,52.34343283100003],[5.003212914000073,52.34348462000003],[5.003228473000036,52.34357063200008],[5.003383848000055,52.34442957300007],[5.00341852400004,52.344621267000036],[5.003490627000076,52.34501986300006],[5.0035049070000355,52.345098808000046],[5.002783598000065,52.34574922300004],[5.002691721000076,52.34583207000003],[5.001739025000063,52.34669113100006],[5.0014332670000385,52.34723780600007],[5.00023698800004,52.349376679000045]]],[[[5.00023698800004,52.349376679000045],[5.004232615000035,52.34987998300005],[5.004192801000045,52.35002695800006],[5.002409210000053,52.35184876400007],[5.0018405640000765,52.35242959300007],[5.000353967000024,52.352107688000046],[5.000126314000056,52.350938100000064],[4.999871321000057,52.34962805500004],[5.00023698800004,52.349376679000045]]]]}},{"type":"Feature","properties":{"service_id":432,"population_total":281.03,"thiessen_area_km2":0.2443},"geometry":{"type":"MultiPolygon","coordinates":[[[[5.008165240000039,52.34332253100007],[5.0072152730000425,52.343511543000034],[5.006186445000026,52.34371624500005],[5.005181952000044,52.34391610600005],[5.00471305800005,52.34400940000006],[5.0041595970000685,52.34450846500005],[5.004108117000044,52.344554885000036],[5.003555197000026,52.34505346100008],[5.0035049070000355,52.345098808000046],[5.003490627000076,52.34501986300006],[5.00341852400004,52.344621267000036],[5.003383848000055,52.34442957300007],[5.003228473000036,52.34357063200008],[5.003212914000073,52.34348462000003],[5.003203546000066,52.34343283100003],[5.003027527000029,52.34245976600005],[5.002915370000039,52.34183973900008],[5.003054195000061,52.341812514000026],[5.003451301000041,52.34174212600004],[5.003851485000041,52.34167861700007],[5.004254431000049,52.341622037000036],[5.00465981800005,52.34157243100003],[5.005067325000027,52.34152983800004],[5.005476629000043,52.34149429200005],[5.005887405000067,52.34146582200003],[5.006299327000022,52.34144444900005],[5.00671206800007,52.34143019100003],[5.0071253010000305,52.34142306000007],[5.007538699000065,52.34142306000007],[5.007951932000026,52.34143019100003],[5.008364673000074,52.34144444900005],[5.008776595000029,52.34146582200003],[5.009187371000053,52.34149429200005],[5.0095966750000684,52.34152983800004],[5.010004182000046,52.34157243100003],[5.010409569000046,52.341622037000036],[5.010812515000055,52.34167861700007],[5.011212699000055,52.34174212600004],[5.011609805000035,52.341812514000026],[5.012003517000039,52.341889724000055],[5.012393523000071,52.34197369600008],[5.012779513000055,52.34206436300008],[5.013161181000044,52.34216165300006],[5.0135382250000475,52.342265489000056],[5.013662903000068,52.34230244500003],[5.016499042000021,52.34405136100003],[5.009141921000037,52.34312820400004],[5.008165240000039,52.34332253100007]]],[[[5.007417887000031,52.35028121100004],[5.007596016000036,52.35030364900007],[5.008526792000055,52.35030726400004],[5.009285756000054,52.35031021200007],[5.010542869000062,52.35031509400005],[5.010021681000069,52.35185426100003],[5.0095833060000245,52.35314886500004],[5.00958229500003,52.35314844100003],[5.008697922000067,52.35277736900008],[5.007377056000053,52.35222315100003],[5.004740077000065,52.34994390500003],[5.007417887000031,52.35028121100004]]]]}},{"type":"Feature","properties":{"service_id":433,"population_total":142.82,"thiessen_area_km2":0.1747},"geometry":{"type":"Polygon","coordinates":[[[4.9941271110000685,52.35432930800005],[4.998246337000069,52.354866696000045],[4.998705571000073,52.35532056900007],[4.998881593000021,52.355823083000075],[4.99906029400006,52.357831790000034],[4.9992574390000755,52.360047817000066],[4.999184355000068,52.36008629300005],[4.99188216400006,52.355673367000065],[4.991807380000068,52.35562817300007],[4.991453914000033,52.35541456300007],[4.991651113000046,52.35527899900006],[4.9916735210000525,52.355263595000054],[4.993117164000068,52.35427116900007],[4.99326441900007,52.35421676200008],[4.9941271110000685,52.35432930800005]]]}},{"type":"Feature","properties":{"service_id":434,"population_total":54.93,"thiessen_area_km2":0.6414},"geometry":{"type":"MultiPolygon","coordinates":[[[[4.99326441900007,52.35421676200008],[4.993117164000068,52.35427116900007],[4.993468467000071,52.35402966700008],[4.99326441900007,52.35421676200008]]],[[[4.996559643000069,52.34430737000008],[4.996558891000063,52.344351936000066],[4.996554284000069,52.344624915000054],[4.996550626000044,52.34484166300007],[4.996541895000064,52.34535903400007],[4.996523214000035,52.346465926000064],[4.996521939000047,52.346541503000026],[4.996520457000031,52.346629291000056],[4.9964616120000755,52.35011603000004],[4.996445230000063,52.351086741000074],[4.994316101000038,52.352046966000046],[4.993160522000039,52.35274163200006],[4.991386624000029,52.35380799500007],[4.991114651000032,52.35397148900006],[4.989524445000029,52.35492742800005],[4.988699911000026,52.35483290800005],[4.988168545000065,52.35477199500008],[4.98757794900007,52.354704293000054],[4.9868420770000625,52.35461993700005],[4.984613292000063,52.354364442000076],[4.981027845000028,52.35395342800007],[4.980959961000053,52.35394564600006],[4.9809111360000315,52.35394004900007],[4.979741539000031,52.35380597300008],[4.979704634000029,52.35369678200004],[4.980078221000042,52.353473663000045],[4.980989363000049,52.35292592400003],[4.981416201000059,52.35266932800005],[4.984186590000036,52.35100389200005],[4.986430168000027,52.349655151000036],[4.987693056000069,52.348896850000074],[4.991150661000063,52.346820732000026],[4.99151897400003,52.34659957800005],[4.99258721700005,52.34604909600006],[4.994273073000045,52.34518035000008],[4.995384472000069,52.34460763000004],[4.996564841000065,52.34399936900007],[4.996559643000069,52.34430737000008]]]]}},{"type":"Feature","properties":{"service_id":435,"population_total":87.89,"thiessen_area_km2":0.0545},"geometry":{"type":"Polygon","coordinates":[[[4.998246337000069,52.354866696000045],[4.9941271110000685,52.35432930800005],[4.99326441900007,52.35421676200008],[4.993468467000071,52.35402966700008],[4.993760632000033,52.35382881900006],[4.996697884000071,52.35180961900005],[4.998246337000069,52.354866696000045]]]}},{"type":"Feature","properties":{"service_id":436,"population_total":472.4,"thiessen_area_km2":0.6004},"geometry":{"type":"MultiPolygon","coordinates":[[[[4.984613292000063,52.354364442000076],[4.9868420770000625,52.35461993700005],[4.98757794900007,52.354704293000054],[4.988168545000065,52.35477199500008],[4.988699911000026,52.35483290800005],[4.989524445000029,52.35492742800005],[4.988924214000065,52.35528825100005],[4.988664566000068,52.35544433600006],[4.988382816000069,52.35561370800008],[4.987708446000056,52.356018894000044],[4.987445606000051,52.35617681800005],[4.986381984000047,52.356815881000045],[4.98541784300005,52.357395172000054],[4.982849002000023,52.357698053000036],[4.98259390000004,52.357728131000044],[4.98126822200004,52.35788443600006],[4.9786585280000395,52.358192133000045],[4.9786743980000665,52.35806731300005],[4.978718095000033,52.35781552900005],[4.9787733590000585,52.35756459900006],[4.978840147000028,52.35731472100008],[4.9789184050000586,52.35706609500005],[4.979008071000067,52.356818916000066],[4.979109073000075,52.35657338300007],[4.979221332000066,52.35632968900006],[4.979344757000035,52.356088028000045],[4.979479251000043,52.35584859200003],[4.979624706000038,52.355611570000065],[4.979781008000032,52.355377152000074],[4.979948032000038,52.35514552200004],[4.980125645000044,52.35491686600005],[4.980201955000041,52.35482536300003],[4.980313706000061,52.35469136300003],[4.980512065000028,52.354469194000046],[4.980720566000059,52.35425053400007],[4.980866984000045,52.35410646100007],[4.9809390420000454,52.35403555700003],[4.9809637950000365,52.35401266400004],[4.981027845000028,52.35395342800007],[4.984613292000063,52.354364442000076]]],[[[4.9888621150000745,52.361569340000074],[4.98831892000004,52.36189651500007],[4.986652691000074,52.362647492000065],[4.982394219000071,52.36456680300006],[4.980930805000071,52.363662720000036],[4.9849361290000616,52.36173612200008],[4.986870371000066,52.36080573300006],[4.98822089500004,52.36015611800008],[4.988337993000073,52.360099793000074],[4.988940343000024,52.35867194300005],[4.988960634000023,52.35862384500007],[4.98910849300006,52.35827335000005],[4.989809478000041,52.35661169000008],[4.98981806200004,52.35659134100007],[4.989849090000064,52.356517791000044],[4.991453914000033,52.35541456300007],[4.991807380000068,52.35562817300007],[4.99188216400006,52.355673367000065],[4.999184355000068,52.36008629300005],[4.998916754000049,52.36022717600008],[4.998654553000051,52.36036521600005],[4.998369154000045,52.36051547000005],[4.997717214000033,52.36085869600004],[4.997682519000023,52.36087696200008],[4.997536333000028,52.36095392400006],[4.996088865000047,52.361715970000034],[4.995687961000044,52.36192703300003],[4.992245826000044,52.361387265000076],[4.989800930000058,52.36100387600004],[4.9888621150000745,52.361569340000074]]]]}}]}