{"type":"FeatureCollection","features":[{"type":"Feature","properties":{"service_id":5,"population_total":101350.19,"thiessen_area_km2":6.2794,"population_share":0.11576138340589102,"area_share":0.05958745891235572,"population_covered":21747.05,"area_covered_km2":1.8736,"population_coverage_ratio":0.21457330399490313,"area_coverage_ratio":0.2983775408457748},"geometry":{"type":"Polygon","coordinates":[[[14.20324934100006,40.87417754000006],[14.203225317000033,40.87389036800005],[14.203301518000046,40.87363182000007],[14.203302295000071,40.87356705600007],[14.203388791000066,40.87346587500008],[14.203524016000074,40.87336503000006],[14.203604927000072,40.87327060200005],[14.20370456300003,40.873229183000035],[14.203643851000038,40.87313379700004],[14.203514433000066,40.872986601000036],[14.203396772000076,40.87295141200008],[14.203123892000065,40.87295025000003],[14.202767021000057,40.87299340000004],[14.202433682000049,40.87306249400007],[14.202350566000064,40.87307075500007],[14.201818828000057,40.87287873200006],[14.201736762000053,40.87280591800004],[14.201630114000068,40.87278823300005],[14.201436616000024,40.87269344900005],[14.201358879000054,40.872647449000056],[14.20124041300005,40.87263029800005],[14.201309319000075,40.872511974000076],[14.201375907000056,40.87236475100008],[14.20142511000006,40.87231586300004],[14.20149258400005,40.87209480200005],[14.201510413000051,40.871959547000074],[14.201544611000031,40.87183278100008],[14.201451926000061,40.87176109400008],[14.201371469000037,40.871645089000026],[14.201384121000046,40.87156525000006],[14.201432278000027,40.87145013500003],[14.201479687000074,40.87139718000003],[14.201565784000024,40.87122623300007],[14.201671348000048,40.87101663800007],[14.202080821000038,40.87002483800006],[14.202070089000074,40.86994483700005],[14.201872288000061,40.869863543000065],[14.201744211000062,40.86981825300006],[14.201592111000025,40.86982608100004],[14.20153343800007,40.86984343600005],[14.201486458000034,40.86986087200006],[14.201287697000055,40.86985949500007],[14.201303837000069,40.87027204200007],[14.201092611000036,40.870319807000044],[14.201182133000032,40.870960396000044],[14.200695454000027,40.871006253000076],[14.200633308000022,40.87078429400003],[14.200503686000047,40.870783395000046],[14.200486003000037,40.87090634400005],[14.199919199000021,40.87087779800004],[14.199971661000063,40.87055817700008],[14.199907145000054,40.87053311500006],[14.199862390000021,40.87021282000006],[14.199747193000064,40.870359705000055],[14.19964849400003,40.87048209100004],[14.199613717000034,40.87067876400005],[14.199613272000022,40.87071568300007],[14.199368599000024,40.87084936200006],[14.19927227100004,40.87077485000003],[14.199109057000044,40.870872173000066],[14.198896639000054,40.871018383000035],[14.19871766500006,40.871078676000025],[14.19845827100005,40.87108918000007],[14.198298482000041,40.87097531400008],[14.198016540000026,40.87080278700006],[14.197799617000044,40.87071599500007],[14.197694306000074,40.87068516100004],[14.197659951000048,40.87079528900006],[14.19713254900006,40.87071135100007],[14.19729712000003,40.870210831000065],[14.19740091500006,40.86982025400005],[14.197077838000041,40.869772855000065],[14.196961806000047,40.86953626300004],[14.196970835000059,40.86933565900006],[14.197047547000068,40.86900007700007],[14.19717745500003,40.86863476600007],[14.197285308000062,40.868454917000065],[14.197047549000047,40.86845326200006],[14.196810094000057,40.86842652400003],[14.196408378000058,40.86832840900007],[14.196322946000066,40.868292696000026],[14.196311280000032,40.86816452100004],[14.195578725000075,40.86822812400004],[14.195456156000034,40.86824194800005],[14.195609700000034,40.86863772500004],[14.195213255000056,40.86873503100003],[14.195106895000038,40.868616022000026],[14.194088934000035,40.869591435000075],[14.194050694000055,40.869807578000064],[14.193790112000045,40.86969541900004],[14.193380587000036,40.86950537000007],[14.193332620000035,40.86973170600004],[14.193316887000037,40.87004090900007],[14.193299589000048,40.87022469300007],[14.19326701700004,40.87021350100008],[14.19324686300007,40.87011615200004],[14.193085653000026,40.87003916900005],[14.193107982000072,40.869995636000056],[14.192949827000064,40.869948892000025],[14.19276003300007,40.869935748000046],[14.192658978000054,40.869860594000045],[14.192530397000041,40.86976497000006],[14.192412855000043,40.86970308100007],[14.19209565500006,40.86970535300003],[14.192096443000025,40.86976870900003],[14.19204221900003,40.869778058000065],[14.19195953700006,40.86980136400007],[14.191382719000046,40.86930253400004],[14.191318047000038,40.86968619100003],[14.190468790000068,40.86973882500007],[14.190525616000059,40.869999638000024],[14.189976424000065,40.870047863000025],[14.189947287000052,40.869837862000054],[14.189921268000035,40.869650345000025],[14.189784130000078,40.869649381000045],[14.189760726000031,40.869502526000076],[14.189709679000032,40.86954991500005],[14.189588110000045,40.869663434000074],[14.189533656000037,40.869706405000045],[14.18943839800005,40.86979622900003],[14.189347182000063,40.86989037400008],[14.189321221000057,40.86991855400004],[14.189197078000063,40.86998926900003],[14.189250365000078,40.87003967900006],[14.189470163000067,40.870186783000065],[14.189649042000042,40.870251722000035],[14.189822265000032,40.87028933100004],[14.189989667000077,40.87031324900005],[14.190005969000026,40.870449826000026],[14.189854703000037,40.87057612700005],[14.189991053000028,40.87069080400005],[14.19006091600005,40.870722457000056],[14.190193388000068,40.87079684500003],[14.190213939000046,40.870868603000076],[14.190264228000046,40.870942859000024],[14.190377123000076,40.871059305000074],[14.190482630000076,40.87117608400007],[14.190618305000044,40.871313834000034],[14.190063804000033,40.87160105800007],[14.190210466000053,40.87173304300006],[14.190262378000057,40.871771214000034],[14.19047019900006,40.87167214300007],[14.190684351000073,40.87179191300004],[14.190368285000034,40.87217178700007],[14.19021923300005,40.87211615600006],[14.190128848000029,40.872161007000045],[14.190044174000036,40.872228644000074],[14.190002033000042,40.872246543000074],[14.189845743000035,40.87227249000006],[14.189542638000034,40.87231314600007],[14.189504898000052,40.872488539000074],[14.189280760000031,40.872622085000046],[14.188931146000073,40.872826814000064],[14.188579386000072,40.872963965000054],[14.188355684000044,40.873061481000036],[14.188182140000038,40.873181868000074],[14.188059299000031,40.87328009400005],[14.188039683000056,40.87342858900007],[14.188008163000063,40.87380133600004],[14.188598888000058,40.87383770400004],[14.188731697000037,40.87463118200003],[14.189208767000025,40.87445661100003],[14.189541101000032,40.87445962500004],[14.189671641000075,40.874413222000044],[14.189769709000075,40.874400474000026],[14.18984959100004,40.87442320000008],[14.189934899000036,40.874374802000034],[14.189993293000043,40.87431768400006],[14.190261139000029,40.87410303200005],[14.190412930000036,40.87400615400003],[14.190472096000065,40.873985478000066],[14.190773028000024,40.87382286600007],[14.190838911000071,40.87363878700006],[14.19107682300006,40.873443687000076],[14.191157217000068,40.873400881000066],[14.19157292500006,40.87323807300004],[14.19164924100005,40.873225846000025],[14.191890003000026,40.873395723000044],[14.191910508000035,40.873646303000044],[14.192548033000037,40.873516608000045],[14.192629703000023,40.87357978800003],[14.192698945000075,40.873696547000065],[14.19269818400005,40.87375915000007],[14.192001452000056,40.87391526400006],[14.192127724000045,40.87418447300007],[14.191311920000032,40.87444707700007],[14.191273871000021,40.874670414000036],[14.19175146300006,40.87510308100008],[14.191668052000068,40.87518299300007],[14.191798025000026,40.875278421000075],[14.191641379000032,40.875395196000056],[14.192156340000054,40.875705175000064],[14.192015843000036,40.87588295300003],[14.191673734000062,40.87573634100005],[14.191426918000047,40.87558542700003],[14.191332617000057,40.87552666200003],[14.190951497000071,40.875071208000065],[14.190855936000048,40.87495848100008],[14.190798692000044,40.87500695700004],[14.19058301800004,40.87530954300007],[14.190784647000044,40.875618416000066],[14.190624051000043,40.87556688700005],[14.190441619000069,40.875508352000054],[14.190261449000047,40.87549847500003],[14.189826549000031,40.87537855100004],[14.189198744000066,40.87529433700007],[14.18835512100003,40.87534139400003],[14.187831760000051,40.87545502900008],[14.186926223000057,40.87542189100003],[14.186393985000052,40.87539961900006],[14.186686632000033,40.87507082700006],[14.18679060900007,40.87463682500004],[14.186828449000075,40.874488678000034],[14.186846607000064,40.87441394500007],[14.186909366000066,40.87393425700003],[14.186928192000039,40.87378020700004],[14.18693369600004,40.873736646000054],[14.186976231000074,40.87341326400008],[14.187069328000064,40.87267531700007],[14.187289813000064,40.87212069000003],[14.187453516000062,40.871784183000045],[14.187678576000053,40.871319896000045],[14.187734026000044,40.87127912900007],[14.187947476000033,40.87112511200007],[14.18800335800006,40.87108479800003],[14.18837690600003,40.87081531900003],[14.188432570000032,40.87077596600005],[14.18835782800005,40.870766607000064],[14.187580834000073,40.87065357800003],[14.18695862100003,40.87065476200007],[14.186908294000034,40.87065496800005],[14.186840096000026,40.87065547100008],[14.186784701000022,40.870657969000035],[14.186430225000038,40.87067395100007],[14.198258863000035,40.86388632000006],[14.198272817000031,40.86388305200006],[14.198474582000074,40.86383792300006],[14.198582096000052,40.863819560000024],[14.198652680000066,40.863802865000025],[14.198802466000075,40.86373757800004],[14.19886721100005,40.86370314100003],[14.199122880000061,40.86365289300005],[14.200351357000045,40.86304585200003],[14.200607989000048,40.86293801000005],[14.20138148600006,40.862855747000026],[14.201547623000067,40.86285723800006],[14.201713725000047,40.86286773300003],[14.202127808000057,40.86300655900004],[14.20258115300004,40.863179348000074],[14.202680856000029,40.86319690200003],[14.202782698000021,40.863220021000075],[14.202979662000075,40.86327486000005],[14.203223674000071,40.86329341100003],[14.203536474000032,40.86325795000005],[14.203929370000026,40.86314564700007],[14.204581177000023,40.86303294500004],[14.20492132000004,40.86303251900006],[14.204973792000033,40.862565663000055],[14.204927199000053,40.862493276000066],[14.204937119000022,40.862407767000036],[14.204967535000037,40.862344920000055],[14.20523200200006,40.86230620600003],[14.205410183000026,40.862289418000046],[14.205636359000039,40.86222791900008],[14.205740602000049,40.86219260400003],[14.205798465000044,40.86206688800007],[14.205885773000034,40.861959392000074],[14.20606562100005,40.86180298800008],[14.206200224000042,40.861709329000064],[14.20641776900004,40.86162524900004],[14.206643618000044,40.86159077100007],[14.206830480000065,40.86159205600006],[14.207030389000067,40.861494341000025],[14.207183430000043,40.861346758000025],[14.207410462000041,40.86121319700004],[14.207667099000048,40.86108434200003],[14.207898986000032,40.86104089500003],[14.208147206000035,40.86087144500004],[14.208281037000063,40.86059311100007],[14.208372163000035,40.86041357300007],[14.208315632000051,40.860178973000075],[14.208219633000056,40.86002067100003],[14.208231373000046,40.85978203500008],[14.208396149000066,40.85939581500003],[14.208617169000036,40.85901899000004],[14.208768254000063,40.85878581400004],[14.208545508000043,40.85831135700005],[14.208676920000073,40.858235689000026],[14.208670596000047,40.85801945000003],[14.208658281000055,40.85791881800003],[14.211456028000043,40.85631338600007],[14.211292684000057,40.85655606100005],[14.211346805000062,40.856789812000045],[14.211559910000062,40.85705058000008],[14.211788289000026,40.85698299100005],[14.21171172000004,40.85768261000004],[14.212296012000024,40.85785980500003],[14.212466430000063,40.85767249200006],[14.21283100900007,40.856917733000046],[14.213230043000067,40.85632796700003],[14.213650726000026,40.85587226100006],[14.214142327000047,40.85540433700004],[14.214262417000043,40.85527285300003],[14.214305446000026,40.85521688500006],[14.214341962000049,40.85512520000003],[14.214351660000034,40.85509775300005],[14.214474351000035,40.854961650000064],[14.21465930200003,40.85475970300007],[14.215028464000056,40.85435584500004],[14.215193760000034,40.854177295000056],[14.215199816000052,40.85416508700007],[14.245930009000062,40.83653117000006],[14.248728293000056,40.849155050000036],[14.20324934100006,40.87417754000006]]]}},{"type":"Feature","properties":{"service_id":4,"population_total":72052.72,"thiessen_area_km2":6.3718,"population_share":0.08229804441642259,"area_share":0.06046477751563663,"population_covered":17001.87,"area_covered_km2":2.6051,"population_coverage_ratio":0.23596436850048086,"area_coverage_ratio":0.4088411474852728},"geometry":{"type":"Polygon","coordinates":[[[14.290272379000044,40.84519799700007],[14.292752738000047,40.85642512600003],[14.25004610800005,40.853958746000046],[14.248728293000056,40.849155050000036],[14.245930009000062,40.83653117000006],[14.246352448000039,40.82965241000005],[14.246359441000038,40.829652501000055],[14.246700391000047,40.82965693600005],[14.247556158000066,40.82965420600004],[14.247608868000043,40.829660517000036],[14.247609042000022,40.82960649200004],[14.247590734000028,40.829562313000054],[14.247567404000051,40.82947334900007],[14.247534210000026,40.829353325000056],[14.247518465000041,40.829200994000075],[14.247454950000076,40.82910036000004],[14.247424137000053,40.82900401100005],[14.24749434100005,40.82897557100006],[14.247551208000061,40.82896182300004],[14.247605123000028,40.82893100000007],[14.247588891000078,40.82881510800007],[14.247540564000076,40.828691408000054],[14.247473370000023,40.82867373600004],[14.247404857000049,40.82867289600006],[14.247345020000068,40.828687615000035],[14.247284956000044,40.828722474000074],[14.247245402000033,40.828857836000054],[14.247271083000044,40.82897727500006],[14.247216469000023,40.829014173000076],[14.247111546000042,40.82908257400004],[14.247142601000064,40.82899853200007],[14.247123311000053,40.82897333100004],[14.247119195000039,40.82894070200007],[14.24711551400003,40.82890645700007],[14.247114433000036,40.82885689700004],[14.247119509000072,40.82880919300004],[14.247141936000048,40.82876434800005],[14.247162838000065,40.828574023000044],[14.247151528000074,40.82850253400005],[14.247155925000072,40.82839904700006],[14.24720353500004,40.82834455500006],[14.247256014000072,40.828297804000044],[14.247270422000042,40.82824898600006],[14.247354309000059,40.82827264900004],[14.247386521000067,40.828234706000046],[14.247420555000076,40.828164353000034],[14.247470665000037,40.828098769000064],[14.247508249000077,40.82802405700005],[14.247532037000042,40.82798417300006],[14.247547318000045,40.827959974000066],[14.247570659000075,40.827909703000046],[14.247621194000033,40.827859303000025],[14.247700340000051,40.82779607000003],[14.24775156100003,40.827753388000076],[14.247870712000065,40.82764963000005],[14.247924405000049,40.827609117000065],[14.24802978100007,40.82754007300008],[14.24808759900003,40.82750413600007],[14.248152570000059,40.827463323000075],[14.248200888000042,40.82743232000007],[14.24830730900004,40.827269915000045],[14.248372450000033,40.827181316000065],[14.248408071000028,40.827156615000035],[14.248488966000025,40.82709196900004],[14.248598051000045,40.82693062900006],[14.248667383000054,40.826947551000046],[14.248774782000055,40.826838612000074],[14.248820815000045,40.826843164000024],[14.24888898000006,40.82677603500008],[14.248925478000046,40.82670361900006],[14.249012483000058,40.82663116200007],[14.249041833000035,40.826611556000046],[14.249139408000076,40.82654637500008],[14.249296277000042,40.82645171000007],[14.249387236000075,40.82641863500004],[14.249450582000065,40.82638708200005],[14.249491713000054,40.82636583000004],[14.24955353200005,40.82633427600007],[14.249593841000035,40.82631354500006],[14.24965553100003,40.826281968000046],[14.249721179000062,40.82624921300004],[14.249777409000046,40.826212017000046],[14.249880031000032,40.82620858200005],[14.249999505000062,40.82622490400007],[14.250057171000037,40.82630780100004],[14.25004959000006,40.82637116600006],[14.250072069000055,40.82649617900006],[14.25009706000003,40.826643586000046],[14.250099730000045,40.82675874000006],[14.250102901000048,40.82689539900008],[14.250103918000036,40.82703939700008],[14.250121941000032,40.82717361700003],[14.250143906000062,40.82746070600007],[14.250180442000044,40.82792268500003],[14.250183174000028,40.828139442000065],[14.25018633600007,40.82839056200004],[14.250228540000023,40.82881177000007],[14.250272752000058,40.828949296000076],[14.250400628000023,40.829001979000054],[14.250699246000067,40.82908738200007],[14.251349643000026,40.829305101000045],[14.251418895000029,40.82935040600006],[14.251429077000068,40.82939940500006],[14.251367759000061,40.82945027400007],[14.251288785000042,40.82946781700008],[14.251200616000062,40.829434622000065],[14.251163766000047,40.82937117800003],[14.250805542000023,40.82925467300004],[14.250661586000035,40.82921063900005],[14.250513072000047,40.82914989500006],[14.250273742000047,40.829102299000056],[14.250139635000039,40.82903639600005],[14.250118195000027,40.82896659200003],[14.250098731000037,40.82890322000003],[14.250091717000032,40.82884498800007],[14.250075004000053,40.82870624000003],[14.250057025000046,40.82844147800006],[14.250052873000072,40.828374402000065],[14.250043689000051,40.828226018000066],[14.249981283000068,40.82800829700005],[14.249965080000038,40.82776596000008],[14.249953048000066,40.82760445800005],[14.249931488000072,40.82743255500003],[14.24992498000006,40.82738066700006],[14.249879510000028,40.82725286400006],[14.249838304000036,40.82713704500003],[14.249752109000042,40.82697442600005],[14.249720814000057,40.82695334700003],[14.249665366000045,40.827006045000076],[14.24958418500006,40.82708309700007],[14.249527209000064,40.827138123000054],[14.249460376000059,40.827185531000055],[14.249413600000025,40.82721796300007],[14.249386715000071,40.82725052200004],[14.249359998000045,40.82726797400005],[14.249345861000052,40.827229645000045],[14.249312367000073,40.82721389300008],[14.249300170000026,40.827243689000056],[14.249290875000042,40.82727990200004],[14.249278763000063,40.82736924400007],[14.249185866000062,40.82744452400004],[14.249116669000045,40.82747451600005],[14.248968597000044,40.827482823000025],[14.24892533700006,40.82751043800005],[14.248945046000074,40.82757842800004],[14.248945410000033,40.82769544800004],[14.248949348000053,40.82784831600003],[14.24896536500006,40.828032144000076],[14.24896194200005,40.82841041900008],[14.248970674000077,40.828680105000046],[14.248911991000057,40.82868741800007],[14.248661409000022,40.82869421500004],[14.248576447000062,40.82870654800007],[14.24848051400005,40.82872047300003],[14.248410053000043,40.82871995600004],[14.248225543000046,40.82871860000006],[14.248054273000037,40.82873541500004],[14.247985751000044,40.82874590200004],[14.247886665000067,40.82876106700007],[14.247887003000073,40.82879268700003],[14.247903324000049,40.82885933700004],[14.247905307000053,40.82907492000004],[14.248333295000066,40.82903867400006],[14.248373148000042,40.82903599600007],[14.248365526000043,40.82895845200005],[14.248399515000074,40.828958673000045],[14.248434583000062,40.82923981700003],[14.248396343000024,40.82923956700006],[14.248372783000036,40.82906828100005],[14.248331785000062,40.829072722000035],[14.247925505000069,40.82911226400006],[14.247933320000072,40.82914982900007],[14.247963554000023,40.82929322800004],[14.248027604000072,40.82945685800007],[14.248061470000039,40.829482323000036],[14.248164806000034,40.82947760900004],[14.24835524100007,40.829468922000046],[14.248646410000049,40.82946014000004],[14.248872686000027,40.82943631300003],[14.249141743000052,40.829419536000046],[14.24932919400004,40.82941998600006],[14.249513251000053,40.829411450000066],[14.24965542800004,40.82940937600006],[14.249769626000045,40.82943711300004],[14.249907312000062,40.82948299800006],[14.250094657000034,40.82948859000004],[14.250200685000038,40.82951264400003],[14.250259850000077,40.82952606600003],[14.250366264000036,40.82959773400006],[14.250390715000037,40.829657714000064],[14.250411301000042,40.82970821300006],[14.25050834800004,40.82990757700003],[14.250450534000038,40.82991978100006],[14.250401208000028,40.829967133000025],[14.250431026000058,40.83000440700005],[14.250473466000074,40.83011950700006],[14.250505000000032,40.830174674000034],[14.25059383200005,40.830330082000046],[14.250638707000064,40.83041245800007],[14.250813957000048,40.83073416600007],[14.25085232500004,40.83085395300003],[14.250964873000044,40.83108739100004],[14.251020960000062,40.83118086200005],[14.251062148000074,40.83124950300004],[14.251135975000068,40.83135866900005],[14.251158715000031,40.83140264600007],[14.251212839000061,40.831440687000054],[14.251317810000046,40.83150341800007],[14.251446784000052,40.83156055000006],[14.251513316000057,40.831643040000074],[14.251561722000076,40.83173986200006],[14.251548575000072,40.83180880200007],[14.251539208000054,40.831857927000044],[14.251549087000058,40.83200152000006],[14.251583907000054,40.832101685000055],[14.251599919000057,40.83214774700008],[14.251622632000021,40.83220072700004],[14.25170892500006,40.83233633200007],[14.251817986000049,40.83250690800003],[14.251900588000069,40.83264268200003],[14.251947191000056,40.83272608100003],[14.25197335100006,40.832786886000065],[14.25200146900005,40.83282503000004],[14.252036359000044,40.832895757000074],[14.252085522000073,40.83296657600005],[14.25216286500006,40.833070116000044],[14.25226192200006,40.83314668100007],[14.252311329000065,40.83319581000006],[14.253125186000034,40.83328899300005],[14.25321662600004,40.833293867000066],[14.253259322000076,40.833304990000045],[14.253373020000026,40.833349111000075],[14.253608037000049,40.833394018000035],[14.253871357000037,40.83346079800003],[14.254305590000058,40.83356122200007],[14.254433567000035,40.83361268300007],[14.254632680000043,40.83363427900008],[14.255008231000033,40.83367114300006],[14.25525581200003,40.83368234100004],[14.255440321000037,40.833682914000065],[14.255603370000074,40.83370247400006],[14.25567264700004,40.83385205400003],[14.255621434000034,40.83389473100004],[14.255541394000034,40.83396408400006],[14.255421350000063,40.83398600900006],[14.25526513400007,40.83391450000005],[14.255072569000049,40.833902410000064],[14.254994189000058,40.83389105800006],[14.254887262000068,40.83387952100003],[14.25481209000003,40.83385115500005],[14.254429240000036,40.83378761600005],[14.253959399000053,40.83369203600006],[14.253527561000055,40.83359922200003],[14.253115654000055,40.83350549600004],[14.25307754000005,40.83355064600005],[14.253058407000026,40.83357466600006],[14.25301823500007,40.833611863000044],[14.25287699200004,40.83369971800005],[14.252822871000035,40.833738829000026],[14.252725514000076,40.83382237600006],[14.252676413000074,40.83385402400006],[14.252625960000046,40.83388611200007],[14.25255674500005,40.83394084100007],[14.252503119000039,40.83398172100004],[14.251991158000067,40.83436114800003],[14.252404437000052,40.834671599000046],[14.253034759000059,40.83417812500005],[14.253086234000023,40.834137945000066],[14.252974720000054,40.83406672600006],[14.253025034000075,40.834029188000045],[14.25316446100004,40.83411543400007],[14.253191547000029,40.83413672900008],[14.253142704000027,40.83418058700005],[14.253109626000025,40.83421470600007],[14.253059909000058,40.83425698900004],[14.252984496000067,40.83430965000008],[14.252927714000066,40.83434783400003],[14.252791440000067,40.834436262000054],[14.252734882000027,40.83447509500007],[14.252678523000043,40.83451643500007],[14.252628214000026,40.83455873500003],[14.252529896000055,40.834652206000044],[14.252576741000041,40.83472747700006],[14.252736500000026,40.83485522500007],[14.252911790000041,40.83497326200006],[14.252961324000069,40.834969046000026],[14.253018513000029,40.834933069000044],[14.25307646500005,40.834895594000045],[14.253178974000036,40.83482727000006],[14.253232874000048,40.834787136000045],[14.25344033500005,40.834615169000074],[14.25349251700004,40.83457350000003],[14.253744163000022,40.83438012500005],[14.253797276000057,40.83433885800008],[14.253839791000075,40.83436624800004],[14.25388926100004,40.83440995400008],[14.254016807000028,40.834492125000054],[14.254229265000049,40.834639922000065],[14.254326745000071,40.83470690000007],[14.254356752000035,40.83472751700003],[14.254406759000062,40.834586555000044],[14.254424714000038,40.83452753900008],[14.254398824000077,40.834474800000066],[14.254404055000066,40.83444199100006],[14.254443111000057,40.83442910300005],[14.254499165000027,40.83444260500005],[14.254524700000047,40.83447890800005],[14.25452389000003,40.83455117600005],[14.254484171000058,40.83462319300003],[14.254452878000052,40.834714975000054],[14.254434450000076,40.83475851600008],[14.254605440000034,40.83482674000004],[14.254854676000036,40.83487715800004],[14.255082381000022,40.83493828300004],[14.255338937000033,40.834972478000054],[14.255574568000043,40.834963154000036],[14.255896567000036,40.83488930900006],[14.256025573000045,40.83484133300004],[14.256221320000066,40.83483560600007],[14.25661801800004,40.83471845100007],[14.256759397000053,40.83468536100003],[14.256952598000055,40.83464014300006],[14.257348035000064,40.83457255800005],[14.258177837000062,40.83437708400004],[14.258536800000059,40.83428865500008],[14.258863255000051,40.83421071400005],[14.259033957000042,40.83416623000005],[14.259099301000049,40.83413240200008],[14.259278836000021,40.83407017800005],[14.259506240000064,40.83404177700004],[14.259836823000057,40.83406267400005],[14.260129734000031,40.83409429500006],[14.260363565000034,40.834137621000025],[14.260773377000078,40.83419540500006],[14.261069924000026,40.83424486400003],[14.26112001100006,40.83427858500005],[14.261269063000043,40.83428977500006],[14.261696972000038,40.83422069000005],[14.262150679000058,40.83415245400005],[14.262557184000059,40.83409131600007],[14.263126457000055,40.83401125700004],[14.263494923000053,40.833977007000044],[14.263542187000041,40.83395393200004],[14.263573742000062,40.833935806000056],[14.263598346000038,40.83391764500004],[14.26362940200005,40.83389821800006],[14.263722276000067,40.83388403600003],[14.263797752000073,40.83387251100004],[14.264134371000068,40.83384810600006],[14.264450458000056,40.833779625000034],[14.264752765000026,40.83375228700004],[14.265009337000038,40.83371803800003],[14.265154034000034,40.83368697700007],[14.26519479600006,40.833646531000056],[14.265332090000072,40.83364024700006],[14.265459405000058,40.833638921000045],[14.265860677000035,40.83358904500005],[14.266407901000036,40.83347396800008],[14.266773081000053,40.83339873300008],[14.266973801000063,40.83340754900007],[14.267072019000068,40.833393400000034],[14.267126752000024,40.83334653000003],[14.267184282000073,40.833347565000054],[14.26722985400005,40.83333634400003],[14.267343719000053,40.833314045000066],[14.267495328000052,40.83330349700003],[14.267660501000023,40.83329508400004],[14.267798608000021,40.83327664500007],[14.268162589000042,40.83321807600004],[14.26848777400005,40.83318968000003],[14.268829581000034,40.833156021000036],[14.269313976000035,40.83307081600003],[14.269638934000056,40.832992913000055],[14.269973487000073,40.832914568000035],[14.270280928000034,40.832895982000025],[14.270603607000055,40.832821257000035],[14.270659043000023,40.83280841800007],[14.270648653000023,40.83267647200006],[14.270702221000022,40.83263433700006],[14.27075300000007,40.83259481400006],[14.270858389000068,40.83255504300007],[14.270935837000025,40.832504751000045],[14.27100116400004,40.83245715400005],[14.271091483000077,40.832425288000024],[14.271149967000042,40.832383124000046],[14.271229034000044,40.83236263900005],[14.271277716000043,40.83233519200007],[14.271336443000052,40.83230740700003],[14.272629478000056,40.83177664300007],[14.27325290500005,40.83153904000005],[14.275042533000033,40.83085694400006],[14.275038316000064,40.831003904000056],[14.276130201000058,40.830228275000024],[14.276184345000047,40.83018770900003],[14.276285792000067,40.830283535000035],[14.276230171000066,40.83032246000005],[14.275129467000056,40.83105702200004],[14.27509412300003,40.831126908000044],[14.275052993000031,40.83114375300005],[14.27499511700006,40.83116745900003],[14.274969460000023,40.83110561600006],[14.273296518000052,40.83178025800004],[14.273168517000045,40.83183187600008],[14.272273839000036,40.832217566000054],[14.27227745600004,40.83229948700006],[14.272260569000025,40.83238426300005],[14.272265231000063,40.83244042300004],[14.272267619000047,40.83246919100003],[14.272282830000051,40.832542895000074],[14.272313635000046,40.83263924700003],[14.272321016000035,40.83269386100005],[14.272333280000055,40.83276276700008],[14.272381203000066,40.83289158800005],[14.272451813000032,40.833137289000035],[14.27239147000006,40.833147817000054],[14.272208916000068,40.83317967100004],[14.272078754000063,40.83316010600004],[14.271987817000024,40.83309795100007],[14.271942366000076,40.83306553300008],[14.27191580300007,40.83303937900007],[14.27180996800007,40.83306490900003],[14.271719910000058,40.83308663200006],[14.271306024000069,40.833164115000045],[14.271067150000022,40.83320657000007],[14.270897238000032,40.83322145300008],[14.270571109000059,40.83325968100007],[14.270335997000075,40.83328697200005],[14.270025142000065,40.83331378300005],[14.269934191000061,40.83331896200008],[14.26995957400004,40.83335562800005],[14.269970798000031,40.83343430600007],[14.269909120000023,40.833448039000075],[14.269854573000032,40.83346018300006],[14.269774549000033,40.83344134200007],[14.269752221000033,40.83333507700007],[14.269588086000056,40.833350851000034],[14.269205746000068,40.833414781000045],[14.269068998000023,40.83343764600005],[14.268352009000068,40.83356051100003],[14.26811903600003,40.83360268900003],[14.268120256000032,40.833634646000064],[14.268121780000058,40.83367458600003],[14.268068499000037,40.83368538800005],[14.267949716000032,40.833709473000056],[14.26706516400003,40.833840002000045],[14.26593207600007,40.83403141500003],[14.265170583000042,40.83411988200004],[14.265162083000064,40.83416198300006],[14.265116625000076,40.83417103900007],[14.265049798000064,40.83418752000006],[14.264987397000027,40.83419413900003],[14.264823316000047,40.834210633000055],[14.264787082000055,40.83414725600005],[14.264585488000023,40.83416506700007],[14.26370176100005,40.834320185000024],[14.263197973000047,40.834408610000025],[14.262060487000042,40.83458218100003],[14.262069542000063,40.83461611600006],[14.262010261000057,40.834628836000036],[14.261975324000048,40.83464435600007],[14.261878658000057,40.834671522000065],[14.261435248000055,40.834741318000056],[14.261366013000043,40.834744484000055],[14.26129499800004,40.83474773100005],[14.261208304000036,40.83473819100004],[14.26105334500005,40.834727273000055],[14.260909131000062,40.83470235800007],[14.260730714000033,40.834638494000046],[14.260476622000056,40.83458259200006],[14.260198801000058,40.83456378600005],[14.259982084000058,40.83459620100007],[14.259919972000034,40.834627641000054],[14.259812502000045,40.83464683200003],[14.259715036000046,40.83467593100005],[14.259441180000067,40.834809989000064],[14.259395073000064,40.83484926300008],[14.259347632000072,40.83488979800006],[14.25923375800005,40.83494100900003],[14.25890765500003,40.835023438000064],[14.258395751000023,40.835163874000045],[14.258262170000023,40.835160977000044],[14.258213589000036,40.83511818200003],[14.258222499000055,40.83505309800006],[14.25823095100003,40.83499135000005],[14.258193880000022,40.83492552300004],[14.258194153000034,40.83483548300006],[14.258167006000065,40.834782706000055],[14.258129387000054,40.83477542300005],[14.25803908000006,40.83478497600004],[14.257979513000066,40.83479127600003],[14.257570023000028,40.834868508000056],[14.257408909000048,40.83492043800004],[14.257260841000061,40.83496816500008],[14.256833522000022,40.83508222000006],[14.256273332000035,40.835202346000074],[14.255772576000027,40.83531525200004],[14.255340962000048,40.83538448500008],[14.255039211000053,40.83546578900007],[14.254982049000034,40.83550250900004],[14.254901730000029,40.835544061000064],[14.254882525000028,40.835576916000036],[14.254888810000068,40.835652879000065],[14.254923948000055,40.83570191500007],[14.254958356000031,40.83581602100003],[14.255021069000065,40.835952003000045],[14.254961121000065,40.83620650100005],[14.254955438000025,40.83625688800004],[14.254903262000028,40.83629857900007],[14.254848387000038,40.836353374000055],[14.254790283000034,40.836363937000044],[14.25469686200006,40.83638170800003],[14.254665092000039,40.83639216200004],[14.25457044500007,40.836328965000064],[14.254346811000062,40.83620863800007],[14.25415079100003,40.83610955700004],[14.253954416000056,40.83600599000005],[14.25378341000004,40.835932773000025],[14.253765821000059,40.83589210700006],[14.253719228000023,40.83585609600004],[14.253662957000074,40.83584502000008],[14.253578449000031,40.835861108000074],[14.25327307200007,40.83562954900003],[14.25304092700003,40.835453518000065],[14.25300011400003,40.83550235600006],[14.252958513000067,40.83553997200005],[14.252841276000026,40.835621951000064],[14.252787794000028,40.835662107000076],[14.252754031000052,40.83568960300005],[14.252702311000064,40.83573172700005],[14.252670318000071,40.835758068000075],[14.25261951300007,40.835801065000055],[14.252505390000067,40.83590021600003],[14.252455890000022,40.83594368900003],[14.252344506000043,40.83604242700005],[14.252291102000072,40.836082684000075],[14.252235215000042,40.83611855000004],[14.252178771000047,40.83615611700003],[14.252045250000037,40.83624774800006],[14.252065966000032,40.83626777200004],[14.252154761000043,40.836313234000045],[14.252329429000042,40.83639528800006],[14.252605501000062,40.83650422100004],[14.252913230000047,40.836638718000074],[14.253069612000047,40.83666758900006],[14.253254897000033,40.836659128000065],[14.253381296000043,40.83659933900003],[14.253495472000054,40.836553613000035],[14.25365869500007,40.83651915100006],[14.253795343000036,40.83648590300004],[14.253988177000053,40.83642307900004],[14.254180868000049,40.83638835600004],[14.25433272600003,40.83644561800003],[14.25445833300006,40.83651264500003],[14.254402743000071,40.836552091000044],[14.254366576000052,40.83657835100007],[14.254297870000073,40.836624382000025],[14.254254914000057,40.836647913000036],[14.254290917000048,40.83667709400004],[14.254303617000062,40.83671028200007],[14.254325103000042,40.836736907000045],[14.254359217000058,40.836803340000074],[14.254436490000046,40.83690646900004],[14.254509593000023,40.83699301900003],[14.254629507000061,40.83717919000003],[14.254702648000034,40.83726242900008],[14.254904159000034,40.83755506800003],[14.254985717000068,40.83766484600005],[14.25515106000006,40.83796346400004],[14.255313931000046,40.837924515000054],[14.255523640000035,40.837876890000075],[14.255544794000059,40.83793330800006],[14.255596328000024,40.838019648000056],[14.255649257000073,40.83808925300008],[14.255716816000074,40.83808166400007],[14.255852783000023,40.83803043900008],[14.256047806000026,40.83797651400005],[14.256167832000074,40.83794852400007],[14.256284524000023,40.837925186000064],[14.256440721000047,40.83789554300006],[14.25672060900007,40.83784674300006],[14.257122407000054,40.83775636100006],[14.257486174000064,40.837672215000055],[14.25767750500006,40.837618457000076],[14.25776462500005,40.83760997500008],[14.257857185000034,40.83775429000008],[14.25787213600006,40.837798804000045],[14.257898878000049,40.83787842500004],[14.25794062600005,40.83786301200007],[14.258108991000029,40.83783731200003],[14.258308413000066,40.83779218500007],[14.258587204000037,40.83773893000006],[14.25886779800004,40.83769909500006],[14.259239409000031,40.83758307700003],[14.259590951000064,40.83751298800007],[14.25987933600004,40.83745929000003],[14.260199873000033,40.83739061800003],[14.260572955000043,40.83727452800008],[14.260937125000055,40.83717685000005],[14.261106277000067,40.83713310300004],[14.261288333000039,40.83709326800005],[14.261316303000058,40.83711899600007],[14.261352997000074,40.837189341000055],[14.261413398000059,40.837353130000054],[14.261461224000072,40.837526498000045],[14.261507244000029,40.83768644400004],[14.261573634000058,40.83782295100008],[14.261641414000053,40.83790427800005],[14.261678435000022,40.83794869900004],[14.26172732300006,40.83801398400004],[14.26166693500005,40.83804986300004],[14.261447661000034,40.83811230100008],[14.261193124000044,40.838200466000046],[14.260680410000077,40.83835895400006],[14.259345175000021,40.838609063000035],[14.25813523100004,40.838916450000056],[14.257426905000045,40.83907486100003],[14.257358749000048,40.83908472500008],[14.257300599000075,40.83911946000006],[14.25742737400003,40.839321453000025],[14.257369310000058,40.83935448600005],[14.257323279000047,40.83936016400003],[14.257219183000075,40.83939887400004],[14.257169002000069,40.83942740300006],[14.257190561000073,40.839486288000046],[14.257274744000028,40.83959497600006],[14.257490489000077,40.83988671000003],[14.257729915000027,40.84015935600007],[14.257800646000021,40.84023375700008],[14.257951380000065,40.84039231200006],[14.258032448000051,40.84055515800003],[14.25828281500003,40.84087231700005],[14.258524463000072,40.84114486000004],[14.258635964000064,40.841252299000075],[14.258794193000028,40.841407117000074],[14.258933910000053,40.84133771000006],[14.259056711000028,40.841306055000075],[14.259173531000044,40.84124737600007],[14.259233105000021,40.84121377100007],[14.259366598000042,40.841124938000064],[14.259422674000064,40.841086734000044],[14.259352010000043,40.841032132000066],[14.25927230700006,40.840921957000035],[14.259334330000058,40.84087449400005],[14.259466587000077,40.84100781300003],[14.259546148000027,40.84110715800006],[14.259601788000055,40.84114712100006],[14.259687561000021,40.84120872600005],[14.259721575000071,40.84118916500006],[14.259943823000071,40.841111752000074],[14.260131056000034,40.84101154000007],[14.260188348000042,40.84097426300008],[14.260426013000028,40.84088858400003],[14.260478381000041,40.840831431000026],[14.260520709000048,40.84078351000005],[14.260597322000024,40.84083402500005],[14.260649796000052,40.84087332300004],[14.260721854000053,40.84092729100007],[14.26086355600006,40.84103341500003],[14.261062915000025,40.84125837200003],[14.261014989000046,40.84130272300007],[14.260860944000058,40.841391172000044],[14.260801531000027,40.841424188000076],[14.260597001000065,40.84155668000005],[14.260539462000054,40.841593540000076],[14.260398140000063,40.841682939000066],[14.260339103000035,40.841719133000026],[14.260128585000075,40.84184467400007],[14.260068881000052,40.84187849400007],[14.259965044000069,40.841929495000045],[14.260020068000074,40.84201576500004],[14.260114174000023,40.84213935400004],[14.26005142300005,40.84217257700004],[14.25997484000004,40.84220726400008],[14.259938515000044,40.842230596000036],[14.26013619500003,40.84236308000004],[14.260348213000043,40.84255144600007],[14.260667910000052,40.84277090100005],[14.260838832000047,40.842880121000064],[14.260908504000042,40.842908445000035],[14.261009837000074,40.842962328000056],[14.261311161000037,40.84315561300008],[14.261722985000063,40.84342486800006],[14.261948024000048,40.84358112600006],[14.262225268000066,40.84379022200005],[14.262261336000051,40.843763384000056],[14.262311502000045,40.84372655000004],[14.262395281000067,40.84359446700006],[14.26243372700003,40.84354639800006],[14.26260187500003,40.84334189700007],[14.262643493000041,40.84329463900008],[14.26277667200003,40.84315286300006],[14.262821763000034,40.84310747500007],[14.262954000000036,40.84298179900003],[14.262999438000065,40.84293655100004],[14.263185368000052,40.842742385000065],[14.263229009000042,40.842696326000066],[14.263331519000076,40.842587508000065],[14.26337529600005,40.84254071600003],[14.263535919000049,40.842366595000044],[14.263574462000065,40.84231884800005],[14.263779141000043,40.84201666200005],[14.263818460000039,40.84196958200005],[14.263903607000032,40.842006198000036],[14.264161341000033,40.84208893500005],[14.26438730600006,40.84218212700006],[14.26460230300006,40.842239809000034],[14.264726577000033,40.842274633000045],[14.264730503000067,40.842445507000036],[14.264632114000051,40.84314772700003],[14.264497308000045,40.84418926400008],[14.26445159900004,40.84454241900005],[14.264444663000063,40.84464176700004],[14.264586331000032,40.844662293000056],[14.264756843000043,40.84466349100006],[14.265023712000072,40.84465578000004],[14.265376146000051,40.844653598000036],[14.265819835000059,40.84465085000005],[14.266194103000032,40.84463371800007],[14.266328574000056,40.84462324500004],[14.26638732500004,40.844618670000045],[14.266375955000058,40.84455337000003],[14.266371761000073,40.84447253700006],[14.266372946000047,40.844319435000045],[14.266373748000035,40.84404923000005],[14.266366856000047,40.843800147000024],[14.266398609000078,40.843357952000076],[14.266401027000029,40.84332426100008],[14.266536235000046,40.84330314700003],[14.26652215200005,40.843705915000044],[14.266529935000051,40.843874431000074],[14.26651856500007,40.84424974900003],[14.26651358600003,40.84443903600004],[14.26652170500006,40.84460254500004],[14.26658889600003,40.84460754300005],[14.266589343000021,40.84456703300003],[14.266589809000038,40.84452482300003],[14.267139713000063,40.84452418200004],[14.26788556300005,40.84452892000007],[14.268255583000041,40.84454781300008],[14.268249411000056,40.844613956000046],[14.268637826000031,40.84462987500007],[14.268689494000057,40.844631992000075],[14.26869791100006,40.843758335000075],[14.26870542000006,40.84353257300006],[14.268742754000073,40.842410365000035],[14.268712997000023,40.84184905400008],[14.268759848000059,40.841599331000054],[14.268748623000022,40.84140512300007],[14.268746100000044,40.84136149200003],[14.268987022000033,40.84137034500003],[14.268996099000049,40.84142167500005],[14.269262696000055,40.841423365000026],[14.269314221000059,40.841423691000045],[14.269317697000076,40.84022979000008],[14.268935561000035,40.83991240800003],[14.265985600000022,40.83990831700004],[14.265987725000059,40.839715752000075],[14.265988186000072,40.83967394500007],[14.266460539000036,40.83967695000007],[14.266507607000051,40.83977979500003],[14.269014209000034,40.83977373700003],[14.269568657000036,40.840202082000076],[14.26958705100003,40.840282769000055],[14.26964416800007,40.84034905400006],[14.269778483000039,40.84040850200006],[14.269825879000052,40.84048204800007],[14.269893867000064,40.84060659700003],[14.26992597900005,40.84099224600004],[14.269910974000027,40.84133503900006],[14.269898000000069,40.841533507000065],[14.269890905000068,40.841642053000044],[14.269882314000029,40.842065578000074],[14.269888107000043,40.842362405000074],[14.269862947000036,40.84264264300003],[14.269846220000034,40.84288978200004],[14.269836359000067,40.84303548200006],[14.269794194000042,40.843325503000074],[14.269959267000047,40.84335788900006],[14.270165423000037,40.84337569600007],[14.27034373400005,40.843384892000074],[14.270393366000064,40.84338745200006],[14.270401578000076,40.843264902000044],[14.27040332200005,40.84322249100006],[14.270574364000026,40.843223573000046],[14.270576513000037,40.84327515700005],[14.270722209000041,40.84326828300004],[14.27075952000007,40.843269356000064],[14.27077511300007,40.84322204600005],[14.27081312000007,40.84322480600008],[14.271022445000028,40.84321609300008],[14.271386226000061,40.84322045400006],[14.271388172000059,40.843290602000025],[14.271453354000073,40.843288951000034],[14.27155926000006,40.84328755700005],[14.271674523000058,40.84328117300004],[14.271730472000058,40.843281801000046],[14.27172764900007,40.843246289000035],[14.271740082000065,40.84321159000007],[14.27191818700004,40.84320117800007],[14.272132551000027,40.84313890100003],[14.272188424000035,40.84310794000004],[14.27214661100004,40.842959155000074],[14.272173568000028,40.842480753000075],[14.27212060000005,40.84136650500005],[14.272154571000044,40.84117822200005],[14.272125144000029,40.841143560000035],[14.272030322000035,40.84100386100005],[14.271847144000049,40.84078718500007],[14.271675454000047,40.84058199400005],[14.271636756000078,40.84053574600006],[14.271191571000031,40.84018253000005],[14.270249224000054,40.83946789000004],[14.269906196000022,40.83921324200003],[14.270238714000072,40.83891850400005],[14.270289422000076,40.83887603800008],[14.270769404000077,40.83917268300007],[14.270825112000068,40.83914149300006],[14.271015156000033,40.83927683100006],[14.270977385000037,40.83931620300007],[14.27161525400004,40.839658960000065],[14.272098972000038,40.839978280000025],[14.27214624800007,40.83994522200004],[14.27233639900004,40.840044541000054],[14.272322958000075,40.840099174000045],[14.272444889000042,40.840179112000044],[14.273226500000021,40.84058892500008],[14.273361958000066,40.84067804400007],[14.273403773000041,40.84064206200003],[14.273526377000053,40.840526047000026],[14.273571634000064,40.840480558000024],[14.273620777000076,40.84042803700004],[14.27366809800003,40.84038412500007],[14.273245584000051,40.840101900000036],[14.272709086000077,40.839802390000045],[14.27268024600005,40.83982171800005],[14.27259212000007,40.83979424700004],[14.272440331000041,40.83970217400008],[14.272432389000073,40.83963951800007],[14.27155841900003,40.83913940200006],[14.271353203000047,40.83901826600004],[14.271273172000065,40.83899942600004],[14.271197241000039,40.838966895000056],[14.271160078000037,40.83892808400003],[14.271112197000036,40.83889426700006],[14.271131467000032,40.838866376000055],[14.270583145000046,40.83857791100007],[14.270808061000025,40.838348550000035],[14.270855891000053,40.83830500400006],[14.272367978000034,40.83914788100003],[14.273080297000035,40.839560307000056],[14.273370685000032,40.83971287900005],[14.273655537000025,40.83986253900008],[14.273923916000058,40.84009781300006],[14.273945639000033,40.84019831100005],[14.27396727100006,40.840298388000065],[14.273955454000031,40.84035170000004],[14.273934006000047,40.840448458000026],[14.273879195000063,40.84047798700004],[14.273760553000045,40.840447407000056],[14.273722218000046,40.84049218000007],[14.273683023000046,40.84054550400003],[14.273639934000073,40.84059185000007],[14.273492977000046,40.84071571900006],[14.273505776000036,40.84075617900004],[14.273534490000031,40.840781872000036],[14.273489936000033,40.840821635000054],[14.273451374000047,40.84085483700005],[14.273403579000046,40.840895799000066],[14.273331409000036,40.84096099200008],[14.273293618000025,40.841005041000074],[14.27323236500007,40.841128824000066],[14.273234987000023,40.841245739000044],[14.273241382000037,40.84146601400005],[14.273216082000033,40.84166973600003],[14.273188722000043,40.841950077000035],[14.273163650000072,40.84212694100006],[14.273145045000035,40.84225817400005],[14.27311796500004,40.84257001100008],[14.273106108000036,40.842849640000054],[14.273093897000024,40.84325532400004],[14.273085729000059,40.84353478600008],[14.27306247000007,40.84393197400004],[14.273060902000054,40.84449021900008],[14.273147711000036,40.844463732000065],[14.273371526000062,40.84440845800003],[14.27365315000003,40.84434931100003],[14.273620951000055,40.84447938500006],[14.273637005000069,40.84461978200005],[14.273720213000047,40.84465037000007],[14.27393283400005,40.84469332200007],[14.274112949000028,40.84464375700003],[14.274205302000041,40.84459031100005],[14.274260971000047,40.84455223900005],[14.274353684000062,40.84452548200005],[14.274469450000026,40.84448806600005],[14.27461997100005,40.84446285400003],[14.274680885000066,40.84445265100004],[14.274599416000058,40.84414207800006],[14.274592238000025,40.84411471400006],[14.274689218000049,40.844091941000045],[14.274817190000022,40.84404932100006],[14.274940729000036,40.84401001300006],[14.27508892800006,40.84397861100007],[14.275227697000048,40.84393787600004],[14.275295455000048,40.843901620000054],[14.27582138200006,40.84376946800006],[14.275853136000023,40.84376092400004],[14.275911419000067,40.84374524500004],[14.275597004000076,40.84215381900003],[14.27558159800003,40.84211593400005],[14.275664352000035,40.842111964000026],[14.275996109000062,40.84372246100003],[14.27654751800003,40.843574113000045],[14.276970701000039,40.843449193000026],[14.27715147300006,40.843408483000076],[14.277212262000035,40.84337686400005],[14.277668309000035,40.84323548200007],[14.277773851000063,40.84320276100004],[14.277849179000043,40.84318509800005],[14.27792452500006,40.84316884000003],[14.277477903000033,40.84236282000006],[14.276632936000055,40.84083785300004],[14.276328965000062,40.84030701300003],[14.276135637000039,40.83996938800004],[14.275339893000023,40.84007275700003],[14.275298665000037,40.84011029200008],[14.275180502000069,40.84011222100003],[14.275169938000033,40.84005360200007],[14.275229485000068,40.84001544500006],[14.275389725000025,40.83999009200005],[14.275630471000056,40.83995410400007],[14.275845060000051,40.83992614600004],[14.27609731800004,40.83988788900007],[14.276431595000076,40.839843279000036],[14.276855775000058,40.83979231400008],[14.277329845000054,40.83971655000005],[14.278093665000029,40.839622991000056],[14.278536939000048,40.83955810900005],[14.278631215000075,40.839544310000065],[14.279255489000036,40.83946614800004],[14.279257966000046,40.839507715000025],[14.279259989000025,40.839566270000034],[14.279205812000043,40.83956064100005],[14.279150040000047,40.83956551600005],[14.279154048000066,40.83953532800007],[14.278806044000078,40.83958130100007],[14.278440990000036,40.839627764000056],[14.278047946000072,40.839671261000035],[14.278077684000039,40.83971594600007],[14.278162236000071,40.839852112000074],[14.278337303000058,40.840123712000036],[14.278482996000037,40.84040925700003],[14.278597747000049,40.84060780600004],[14.278708645000052,40.84078764100008],[14.278887194000049,40.84108554100004],[14.279014525000036,40.841354283000044],[14.27919722300004,40.84164476300003],[14.279313598000044,40.84188895300008],[14.279407900000024,40.84206311200006],[14.27945896500006,40.842135133000056],[14.279687977000037,40.84253443100005],[14.279727594000065,40.842513076000046],[14.279784663000044,40.84247579500004],[14.280033208000077,40.84241487200006],[14.280486126000028,40.84225003900008],[14.28105427500003,40.84205290600005],[14.281253414000048,40.84199844300008],[14.281648658000051,40.841854829000056],[14.28180085400004,40.84181938200004],[14.281865261000064,40.84178720700004],[14.281922507000047,40.841754980000076],[14.28183914400006,40.841601042000036],[14.281798641000023,40.84141507100003],[14.281695334000062,40.84113988800004],[14.281592200000034,40.840848555000036],[14.28146973400004,40.84037945700004],[14.281316696000033,40.83978904800006],[14.281252474000041,40.83958761200006],[14.28168183300005,40.83938178400007],[14.28230579500007,40.83914156900005],[14.282358845000033,40.83931468700007],[14.282490799000072,40.83979027700008],[14.282816652000065,40.840765617000045],[14.283008977000065,40.84130145100005],[14.28327532700007,40.84120369400006],[14.283509707000064,40.841099186000065],[14.283691747000034,40.84101801700007],[14.283798476000072,40.84099060800003],[14.284565773000054,40.84069878400004],[14.285021698000037,40.84054459200007],[14.285076292000042,40.84051328100003],[14.285053979000054,40.84043778300003],[14.28501475400003,40.84036356800004],[14.28499387000005,40.84027699600006],[14.284870803000047,40.839999566000074],[14.284762542000067,40.83964773900004],[14.28468857300004,40.83940115900003],[14.284397242000068,40.838453677000075],[14.284318092000035,40.838303790000055],[14.28436534900004,40.838280359000066],[14.28604559200005,40.83761975600004],[14.286789768000062,40.839979527000025],[14.287056996000047,40.83987476900006],[14.287577007000039,40.83965113800008],[14.287884058000031,40.83952790200004],[14.290272379000044,40.84519799700007]]]}},{"type":"Feature","properties":{"service_id":7,"population_total":148854.11,"thiessen_area_km2":11.4401,"population_share":0.17001998236455518,"area_share":0.10855955833268523,"population_covered":32945.28,"area_covered_km2":2.4323,"population_coverage_ratio":0.22132596524430148,"area_coverage_ratio":0.21261345305841164},"geometry":{"type":"MultiPolygon","coordinates":[[[[14.221487769000078,40.82545696100004],[14.22165553900004,40.825546650000035],[14.222241219000068,40.82590819700005],[14.222203517000025,40.82594751600004],[14.221968332000074,40.82580299500006],[14.221633014000076,40.825567730000046],[14.221487769000078,40.82545696100004]]],[[[14.220621066000035,40.826391356000045],[14.22068751300003,40.82638383900007],[14.22073834300005,40.826408541000035],[14.220700668000063,40.82641925400003],[14.220621066000035,40.826391356000045]]],[[[14.221806096000023,40.82720882000007],[14.221754342000054,40.82725071900006],[14.221150464000061,40.827748134000046],[14.221729713000059,40.82722559200005],[14.221780085000034,40.82718293500005],[14.221806096000023,40.82720882000007]]],[[[14.220621066000035,40.826391356000045],[14.220582038000032,40.82643489600008],[14.220544511000071,40.826475204000076],[14.22053105200007,40.82658900200005],[14.220547538000062,40.82672329700006],[14.220567428000038,40.82706811400004],[14.221255519000067,40.826531689000035],[14.221308600000043,40.826489706000075],[14.221357692000026,40.82651086800007],[14.221304644000043,40.82655233300005],[14.220594671000072,40.827101792000065],[14.220792137000046,40.82746480600008],[14.221771907000061,40.82664260400003],[14.221823309000058,40.826600893000034],[14.221839695000028,40.82662636200007],[14.22178854200007,40.82666852600005],[14.220810910000068,40.827498760000026],[14.220940228000075,40.82761927200005],[14.221119224000063,40.827774387000034],[14.221200358000033,40.827828038000064],[14.221252673000038,40.82787228700005],[14.221299587000033,40.82783704000008],[14.221374457000024,40.82784714600007],[14.221496375000072,40.82790913500003],[14.221582044000058,40.82793718000005],[14.221747458000038,40.827810638000074],[14.221805950000032,40.82775813100005],[14.221860325000023,40.82770270900005],[14.221899875000076,40.82766236100008],[14.221947441000054,40.82761742300005],[14.22210301900003,40.82748090200005],[14.222157550000077,40.827440559000024],[14.222206407000044,40.827407814000026],[14.222255124000071,40.827375037000024],[14.222272626000063,40.82733101500003],[14.222307946000058,40.827279711000074],[14.222352873000034,40.82723252300008],[14.222436371000072,40.82717487700006],[14.222491864000062,40.82713606400006],[14.22255257200004,40.827093442000034],[14.222607571000026,40.82705294200008],[14.22265737600003,40.82705518300003],[14.22270089400007,40.827062209000076],[14.22273141200003,40.82709233500003],[14.222741519000067,40.827154895000035],[14.222725824000065,40.82720962500008],[14.222706087000063,40.82726003700003],[14.222701561000065,40.82728725100003],[14.22265617000005,40.82731798200007],[14.222581520000062,40.82731971000004],[14.222546040000054,40.82733482400005],[14.22252123100003,40.82736005900006],[14.222494745000063,40.82737738700007],[14.222467033000044,40.827403031000074],[14.222465615000033,40.827433005000046],[14.222461827000075,40.82746018600005],[14.22245431600004,40.82749653800005],[14.222451619000026,40.82752817100004],[14.222407075000035,40.82753854900005],[14.222350465000034,40.827541764000046],[14.222300592000067,40.82755753300006],[14.222246830000074,40.82759907800005],[14.222163825000052,40.82766288500005],[14.222111873000074,40.82770561700005],[14.221989465000036,40.82781353400003],[14.22194010800007,40.82785760400003],[14.221810875000074,40.82797461900003],[14.221761179000055,40.82801780400007],[14.221737720000021,40.82803726000003],[14.221940330000052,40.828204087000074],[14.222233681000034,40.82841134300003],[14.22245847000005,40.82853060900004],[14.222504062000041,40.82849295700004],[14.222550625000054,40.828448277000064],[14.222641600000031,40.82834922200004],[14.222689248000052,40.82830529300003],[14.222910184000057,40.82813161100006],[14.222961670000075,40.82808959300007],[14.223225808000052,40.82786612500007],[14.223278390000075,40.827824176000036],[14.223459694000042,40.82768735500008],[14.223513548000028,40.82764651700006],[14.223496959000045,40.827563345000044],[14.223527279000052,40.827512452000065],[14.22356919400005,40.82746778400008],[14.223621704000038,40.827430038000045],[14.223665637000067,40.827423542000076],[14.223711305000052,40.827448477000075],[14.223728858000072,40.827492695000046],[14.223696091000022,40.82757520800004],[14.223633414000062,40.827663581000024],[14.223582941000075,40.82769871000005],[14.223512347000053,40.827747499000054],[14.223455671000067,40.82778513200003],[14.223349874000064,40.82785421900007],[14.223297097000057,40.827895116000036],[14.223124258000041,40.82805432600003],[14.223076719000062,40.82809905000005],[14.222946716000024,40.82822414700007],[14.222899187000053,40.82826856400004],[14.222769649000043,40.82838555200004],[14.22272640600005,40.82843244600008],[14.222660726000072,40.828519448000065],[14.222622536000074,40.82856701000003],[14.222560821000059,40.828645030000075],[14.222515740000063,40.82868470600005],[14.22256098400004,40.828720591000035],[14.222733144000074,40.82882966100004],[14.222793555000067,40.82878081200005],[14.22285002500007,40.82874184900004],[14.223053341000025,40.828623907000065],[14.223110026000029,40.82858590500007],[14.223174307000022,40.82864185100004],[14.223120362000031,40.82868108800005],[14.222942343000057,40.82880787500005],[14.222902805000047,40.82878034600003],[14.222849439000072,40.82882120600004],[14.222798829000055,40.82886015400004],[14.222891632000028,40.82892165000004],[14.22309195300005,40.82903859700008],[14.223159776000045,40.82911815600005],[14.22321101700004,40.82907370400005],[14.223290190000057,40.82911962600008],[14.223245331000044,40.82916828800006],[14.223736246000044,40.82945048700003],[14.224287157000049,40.829767582000045],[14.224656969000023,40.82995785700007],[14.224753890000045,40.829993967000064],[14.224702510000043,40.83012234100005],[14.224765509000065,40.83015099000005],[14.224812047000057,40.83016344600003],[14.224832344000049,40.83014217400006],[14.224877652000032,40.83010535900007],[14.22493701600007,40.83007117900007],[14.225393420000046,40.83029803000005],[14.225833715000022,40.83048960000008],[14.22577986400006,40.83058657600003],[14.225845784000057,40.83062409400003],[14.226272742000049,40.83079787500003],[14.226343242000041,40.830826570000056],[14.22691369000006,40.831050764000054],[14.227963940000052,40.83136063000006],[14.228901517000054,40.83160161300003],[14.229585798000073,40.83174428700005],[14.22961288600004,40.831727400000034],[14.229669148000028,40.83168826100007],[14.229840465000052,40.83166246800005],[14.230010368000023,40.831618734000074],[14.230123956000057,40.83158514200005],[14.230184677000068,40.83154798700008],[14.230246976000046,40.83151281600004],[14.230300432000035,40.83147438300006],[14.230344131000038,40.83146401600004],[14.230359166000028,40.831278773000065],[14.229365717000064,40.83108085600003],[14.229330381000068,40.83105545300003],[14.229325779000021,40.83101447200005],[14.229363142000068,40.83097293800006],[14.229491164000024,40.83098062300007],[14.231541483000058,40.83133879300004],[14.231801666000024,40.83138424200007],[14.23185808900007,40.83139518000007],[14.231958470000052,40.831413061000035],[14.231938150000076,40.83144625500006],[14.23192535000004,40.83151889100003],[14.23188054700006,40.831516527000076],[14.231793849000042,40.831511954000064],[14.231706238000072,40.83150228100004],[14.231431588000078,40.83146106000004],[14.231414684000072,40.83150248800007],[14.231347282000058,40.83172039800007],[14.231366054000034,40.83178736100007],[14.231395702000043,40.83180624400006],[14.231411335000075,40.831833618000076],[14.231422947000056,40.83186399600004],[14.23144651900003,40.831894453000075],[14.231485969000062,40.831931076000046],[14.231580046000033,40.831964295000034],[14.231601831000035,40.831992798000044],[14.231678504000058,40.83199422900003],[14.231727085000045,40.831999031000066],[14.231815833000041,40.83201384700004],[14.231988816000069,40.83202922400005],[14.232185321000031,40.83203408800006],[14.232400419000044,40.83204974600005],[14.232606160000046,40.83206533900005],[14.23276986600007,40.83207354100006],[14.233041030000038,40.832079614000065],[14.233209331000069,40.832071960000064],[14.233646645000022,40.832065571000044],[14.233835644000067,40.83205825400006],[14.234133378000024,40.832046725000055],[14.234311341000023,40.83203983400006],[14.234797539000056,40.83200140500003],[14.23498780400007,40.831986365000034],[14.23508072900006,40.83197902000006],[14.235250755000038,40.83196558000003],[14.235878189000061,40.83193702800003],[14.236031591000028,40.83190519600004],[14.236100495000073,40.83189089900003],[14.237744598000063,40.83176585600006],[14.237968390000049,40.83174883300006],[14.240113853000025,40.831570956000064],[14.240198982000038,40.83156175100004],[14.240917875000036,40.831487035000066],[14.240968638000027,40.83144857100007],[14.240969955000025,40.83140949700004],[14.240995136000038,40.83137586200007],[14.241033108000067,40.83135232200004],[14.241051416000062,40.83132153200006],[14.241088140000045,40.83132177400006],[14.24112477400007,40.83132998900004],[14.24123372400004,40.83133981100008],[14.241281082000057,40.831357910000065],[14.241365398000028,40.83139464300007],[14.241420368000036,40.83141908500005],[14.241419231000066,40.831349645000046],[14.241418526000075,40.83130663400004],[14.241547234000052,40.83131061500006],[14.241653934000055,40.83131391500007],[14.241786061000028,40.831307895000066],[14.241861706000066,40.83130895000005],[14.242123363000076,40.83130152900003],[14.242453311000077,40.83128649500003],[14.242627102000029,40.831256229000076],[14.24270690700007,40.831261435000044],[14.242842974000041,40.83122993100005],[14.242973169000038,40.83119978600007],[14.243323963000023,40.83112978100007],[14.243523999000047,40.831053301000054],[14.243663515000037,40.830977982000036],[14.243720396000072,40.830940276000035],[14.243921482000076,40.83077753600003],[14.243967648000023,40.83073231100008],[14.244052155000077,40.830630668000026],[14.244094596000025,40.83058344300008],[14.244241119000037,40.83043195500005],[14.24429010600005,40.830388629000026],[14.244344331000036,40.83034856800003],[14.244404832000043,40.83030315100007],[14.244457815000032,40.83026334400006],[14.244463035000024,40.83021484500006],[14.244562934000044,40.83009837600008],[14.244603827000049,40.83005105500007],[14.244710036000072,40.82992965300008],[14.244754226000055,40.82988308700004],[14.244834224000044,40.82980731300006],[14.24487788600004,40.82976704400005],[14.245069590000071,40.82970878900005],[14.24524378600006,40.829700847000026],[14.245521733000032,40.82967467100008],[14.245705827000052,40.82967234100005],[14.24593171400005,40.82966948100005],[14.246005445000037,40.82966324600005],[14.246162774000027,40.82964994300005],[14.246352448000039,40.82965241000005],[14.245930009000062,40.83653117000006],[14.215199816000052,40.85416508700007],[14.215273720000027,40.85401612000004],[14.215339934000042,40.85387807500007],[14.215403933000061,40.85374013000006],[14.215447092000034,40.85364814400003],[14.215474159000053,40.853615406000074],[14.215664306000065,40.85340422100006],[14.215745123000033,40.853310529000055],[14.216115221000052,40.85305066900003],[14.21614296000007,40.85303590800004],[14.216193943000064,40.85302459300004],[14.216520265000042,40.85292426900003],[14.216543960000024,40.85290518800008],[14.216616553000051,40.85283887600008],[14.216713097000024,40.85278498200006],[14.216782418000037,40.85270531400005],[14.216843935000043,40.85263950500007],[14.216102939000052,40.85216894200005],[14.215785062000066,40.85192523400008],[14.215332624000041,40.851485558000036],[14.215276312000071,40.85141396200004],[14.21523748900006,40.85136460000007],[14.215070497000056,40.85115228300003],[14.214905676000058,40.85069030600005],[14.214806421000048,40.850083244000075],[14.214844837000044,40.849533714000074],[14.214878264000049,40.849449080000056],[14.214943568000024,40.84928374700007],[14.21503619400005,40.84903477900008],[14.21508076400005,40.84915426100008],[14.21505849700003,40.84937779200004],[14.215086089000067,40.84953455600004],[14.215122405000045,40.84978261400005],[14.215192132000027,40.849792957000034],[14.215311298000074,40.849810062000074],[14.215492354000048,40.84955877500005],[14.215567964000059,40.849172725000074],[14.215595768000071,40.848838357000034],[14.215630718000057,40.848748888000046],[14.215749990000063,40.84866978300005],[14.215855877000024,40.84861056700004],[14.215895555000031,40.84859085700003],[14.216066947000058,40.848552065000035],[14.216204918000074,40.84850914100008],[14.216241746000037,40.848430947000054],[14.21607778400005,40.848249320000036],[14.21598418800005,40.848105016000034],[14.21600750500005,40.847986922000075],[14.216022603000056,40.847896207000076],[14.216070375000072,40.84785352800003],[14.216300946000047,40.84738392600008],[14.216369577000023,40.847088220000046],[14.216472381000074,40.84693501100003],[14.215804423000066,40.84635803800006],[14.215248295000038,40.84616224100006],[14.21519260100007,40.846151262000035],[14.214834199000052,40.84605047100007],[14.21472762600007,40.84602379100005],[14.214217566000059,40.84601089900008],[14.213778675000071,40.84601728600006],[14.213398882000035,40.84601199100007],[14.213113298000053,40.84608345000004],[14.21300662300007,40.84608378200005],[14.212770370000044,40.84599095500005],[14.212581623000062,40.845927483000025],[14.212579277000032,40.84616166500007],[14.212578303000043,40.846224730000074],[14.212447785000052,40.84618562900005],[14.212317518000077,40.846178027000065],[14.212135818000036,40.84620426500004],[14.211758054000029,40.84653715600007],[14.211477226000056,40.84671089600005],[14.21095820000005,40.84696407800004],[14.21042778900005,40.84717664500005],[14.20983964900006,40.84735631700005],[14.209591402000058,40.84743215200007],[14.208733822000056,40.84772354100005],[14.207513369000026,40.84817366400006],[14.206414292000034,40.84874804700007],[14.205978810000033,40.84920446600006],[14.205962304000025,40.84922867200004],[14.205199492000077,40.85014045100007],[14.204578243000071,40.85075322800003],[14.204258663000076,40.85094019500008],[14.20427985300006,40.85115203300006],[14.204134649000025,40.85138974800003],[14.204054685000074,40.851627912000026],[14.203980006000052,40.851920163000045],[14.203819914000064,40.85216227800004],[14.203597113000058,40.85243999200003],[14.203447913000048,40.85251553200004],[14.20313619500007,40.852540403000035],[14.202662392000036,40.85247857400003],[14.20265856800006,40.85230288900004],[14.202842392000036,40.85181321400006],[14.202866068000048,40.85157015800007],[14.202183809000076,40.85182667600003],[14.201395160000061,40.85205092500007],[14.200796749000062,40.852126801000054],[14.20079839400006,40.85232167600003],[14.200798253000073,40.852357693000044],[14.20074558300007,40.85261215600008],[14.200731941000072,40.85270280200007],[14.200694917000021,40.85282601500006],[14.200635633000047,40.852977244000044],[14.200573011000074,40.853133125000056],[14.200517138000066,40.853261692000046],[14.200437776000058,40.85344983900006],[14.200380003000078,40.853591996000034],[14.20031702700004,40.85374339200007],[14.200219555000047,40.85384232800004],[14.199788940000076,40.85426692400006],[14.199699085000077,40.85435613400006],[14.199554677000037,40.85465053300004],[14.199428597000065,40.85477577200004],[14.199433118000059,40.854892910000046],[14.199063845000069,40.85501646000006],[14.198841404000063,40.85454553900007],[14.197108752000076,40.854227371000036],[14.196790006000072,40.85418990900007],[14.196621829000037,40.854607617000056],[14.19631431700003,40.85452890400006],[14.19637668100006,40.854277111000044],[14.195774124000025,40.85407022600003],[14.195443708000028,40.85392379000007],[14.195483353000043,40.85383398500005],[14.195028652000076,40.85366416100004],[14.194872559000032,40.85357298900004],[14.194705043000056,40.85344570600006],[14.19494704400006,40.85305554000007],[14.194838567000033,40.852951189000066],[14.194327275000035,40.85284027500006],[14.194206455000028,40.85279955100003],[14.194129332000045,40.85277241800003],[14.194202958000062,40.85269561800004],[14.193688622000025,40.85254843900003],[14.193455422000056,40.85259651000007],[14.193116609000072,40.85236219700005],[14.193293133000054,40.852192236000064],[14.192912522000029,40.851808522000056],[14.193185279000033,40.85149565100005],[14.193340933000059,40.85124822900008],[14.194325304000074,40.85159750400004],[14.19431843700005,40.85156432100007],[14.194445615000063,40.85126699600005],[14.19445177800003,40.85117244600008],[14.194461986000022,40.85101893600006],[14.194465930000035,40.85095573700005],[14.194498428000031,40.850859738000054],[14.193663163000053,40.85064986800006],[14.193556551000029,40.850632174000054],[14.192950890000077,40.85051546700004],[14.192831376000072,40.850493853000046],[14.192658454000025,40.850817962000065],[14.192076601000053,40.85062665500004],[14.192304677000038,40.850202523000064],[14.191781983000055,40.85008369500008],[14.191921274000038,40.84988170500003],[14.191977103000056,40.84980074500004],[14.192074153000021,40.84960522800003],[14.191369820000034,40.84944976000003],[14.191233534000048,40.84941277400003],[14.191075493000028,40.84972695100004],[14.190951987000062,40.849883729000055],[14.190815025000063,40.849927808000075],[14.190362072000028,40.850104791000035],[14.190008295000041,40.850174372000026],[14.189753877000044,40.85034640600003],[14.189733583000077,40.850395244000026],[14.188913236000076,40.85026237500006],[14.189085486000067,40.850006602000065],[14.189178471000048,40.84986852700007],[14.18870488400006,40.84967416200004],[14.189253389000044,40.84887977200003],[14.188708057000042,40.84867808000007],[14.188955442000065,40.84827009600008],[14.188697843000057,40.84829457300003],[14.188080951000074,40.848223362000056],[14.187810199000069,40.84808702300006],[14.187756407000052,40.848062439000046],[14.187432991000037,40.84789696400003],[14.186961749000034,40.84759410400005],[14.186359948000074,40.847355648000075],[14.186300952000067,40.84734030100003],[14.185539058000074,40.84716492500007],[14.214544825000075,40.820968433000075],[14.21460528700004,40.82101837600004],[14.214863025000056,40.82119182200006],[14.215261129000055,40.821434898000064],[14.215738146000035,40.821691387000044],[14.215873799000065,40.82174409400005],[14.215990469000076,40.82160204500008],[14.216033412000058,40.821556042000054],[14.216190720000043,40.82162578700007],[14.216143374000069,40.821669378000024],[14.216036809000059,40.821785128000045],[14.216017223000051,40.82180728900005],[14.216033951000043,40.82183687000003],[14.216124113000035,40.821900303000064],[14.216266998000037,40.82196967700003],[14.216330338000034,40.821921015000044],[14.216380016000073,40.821875453000075],[14.216431349000061,40.82183235700006],[14.216538488000026,40.821895022000035],[14.216597666000041,40.821940305000055],[14.216695110000046,40.821852110000066],[14.216727160000062,40.821835959000055],[14.216746537000063,40.821809064000036],[14.216786425000066,40.821798252000065],[14.216846909000026,40.821808935000035],[14.216908106000062,40.82181974400004],[14.216984833000026,40.821825268000055],[14.216988424000021,40.82185211400008],[14.216973563000067,40.821879797000065],[14.216933021000045,40.821882007000056],[14.216855593000048,40.82186252300005],[14.216784074000032,40.821851528000025],[14.216725116000077,40.821896081000034],[14.216635045000032,40.82198317700005],[14.216682012000035,40.82199654900006],[14.216750906000073,40.82202493600005],[14.216781034000064,40.822059581000076],[14.216879449000032,40.82208662900007],[14.216887369000062,40.822140287000025],[14.216954180000073,40.82213275700008],[14.217099480000059,40.822153177000075],[14.217214914000067,40.82213503000003],[14.217260446000068,40.82212787200007],[14.217276212000058,40.82205513400004],[14.21729907300005,40.82199530400004],[14.217368386000032,40.821811927000056],[14.217416172000071,40.82177329600006],[14.217471549000038,40.82173332100007],[14.217526103000068,40.82169819200004],[14.217582073000074,40.821658641000056],[14.217648883000038,40.82165111000006],[14.21776735800006,40.82164123600006],[14.218351894000023,40.82171825900008],[14.218394956000054,40.82174781700007],[14.218751750000024,40.82186632100007],[14.219399041000031,40.82204773900003],[14.219422770000051,40.82213105200003],[14.21936203000007,40.82214415400006],[14.219348051000054,40.822098641000025],[14.21927508500005,40.82208010200003],[14.219225249000033,40.822119533000034],[14.218737686000054,40.82203411300003],[14.218690645000038,40.82201463400003],[14.218627905000062,40.82199025700004],[14.218574184000033,40.821973763000074],[14.218504075000055,40.82193857400006],[14.218352104000076,40.82186229600006],[14.218225733000054,40.82184511500003],[14.217731435000076,40.82177790800006],[14.217677352000067,40.821817862000046],[14.217536520000067,40.821914449000076],[14.217511535000028,40.82200349000004],[14.217489347000026,40.82209048400006],[14.217528684000058,40.82212921400003],[14.217565555000022,40.822136545000035],[14.217618980000054,40.82215101700007],[14.217654081000035,40.82216734900004],[14.217784000000051,40.82222455900006],[14.21781343400005,40.82225584500003],[14.217874363000021,40.822290450000025],[14.217923528000028,40.822318374000076],[14.217923429000052,40.82234538700004],[14.218027464000045,40.82234967200003],[14.21840028400004,40.82234139500008],[14.218389223000031,40.82238155600004],[14.218388564000065,40.82243788000005],[14.218336753000074,40.82243201400007],[14.218286122000052,40.82244523400004],[14.218148515000053,40.82244161800003],[14.21802642800003,40.82243074500008],[14.217929708000042,40.82244413400008],[14.21789284600004,40.82248350000003],[14.217877714000053,40.82253605500006],[14.217785981000077,40.82269823200005],[14.217912545000047,40.82269699400007],[14.217979648000039,40.82269529600006],[14.218089022000072,40.82269871900007],[14.218173282000066,40.82273684300003],[14.218200768000031,40.82278295400005],[14.218287244000066,40.82284655400008],[14.218400066000072,40.822961013000054],[14.21846993500003,40.82295002200004],[14.218516701000055,40.82291502100003],[14.218551088000027,40.82288041100003],[14.218572540000025,40.822854231000065],[14.218599802000028,40.82283687900008],[14.218618354000057,40.82280902900004],[14.218493089000049,40.82265716000006],[14.218453402000023,40.82259544200008],[14.21844704700004,40.82256702900003],[14.218500112000072,40.82255665900004],[14.218602334000025,40.82254867100005],[14.21874934300007,40.82250599200006],[14.218867180000075,40.82246913700004],[14.218942491000064,40.82245504400004],[14.219055740000044,40.82242898900006],[14.219165239000063,40.82242168200003],[14.219230564000043,40.82256965400006],[14.219166661000031,40.822584507000045],[14.219037853000032,40.822614445000056],[14.219052655000041,40.822640242000034],[14.219075616000055,40.82268025400003],[14.219220631000042,40.82267817700006],[14.21933413000005,40.822718043000066],[14.21962938300004,40.82279917900007],[14.219867068000042,40.822882926000034],[14.220078305000072,40.82303539500003],[14.220067135000022,40.82306291100008],[14.220029456000077,40.82308109400003],[14.220012320000023,40.82310299100004],[14.219843275000073,40.82295263200007],[14.219628284000066,40.822898261000034],[14.219506247000027,40.82287228700005],[14.21947040200007,40.82288741800005],[14.219451389000028,40.82291240700005],[14.219417885000041,40.82293639300008],[14.21937653200007,40.822994539000035],[14.219421901000032,40.823033664000036],[14.219468301000063,40.82305856800008],[14.219493683000053,40.82307992400007],[14.219516466000073,40.82310589800005],[14.219546626000067,40.82313153900003],[14.21958298100003,40.823179406000065],[14.219605632000025,40.82324139900004],[14.219615095000051,40.82327698100005],[14.219614160000049,40.82333104000003],[14.219616210000027,40.823375963000046],[14.219609339000044,40.823439294000025],[14.219673034000039,40.82347691800004],[14.22000351500003,40.823714005000056],[14.220334671000046,40.82396906800005],[14.220450398000025,40.82406979800004],[14.220821297000043,40.82439263100008],[14.221134713000026,40.82465749800008],[14.221326820000058,40.82472788700005],[14.221544841000025,40.82470178300008],[14.223616953000032,40.825672809000025],[14.224902133000057,40.82627503400005],[14.225268179000068,40.82644861700004],[14.226138109000033,40.82685923100007],[14.226222794000023,40.82702434200007],[14.226172836000046,40.82706764100004],[14.226118954000071,40.827120586000035],[14.226039445000026,40.827151455000035],[14.225841339000056,40.82705798200004],[14.225817083000038,40.82690973000007],[14.225323063000076,40.826731583000026],[14.225271604000056,40.826675400000056],[14.225113503000046,40.82661956100003],[14.224859656000035,40.82650955100007],[14.224631998000064,40.82640285000008],[14.224572875000035,40.82641580600006],[14.22451307700004,40.826467441000034],[14.224356813000043,40.82637933500007],[14.223474182000075,40.825984739000035],[14.223353706000069,40.82593087500004],[14.223195974000078,40.82586035700007],[14.223173883000072,40.82591555500005],[14.223036797000077,40.826258092000046],[14.222994673000073,40.82623768800005],[14.223150661000034,40.825839907000045],[14.222927437000067,40.82573300300004],[14.222878641000023,40.82577724400005],[14.22266234500006,40.82600787200005],[14.222622700000045,40.82599608000004],[14.222844611000028,40.82575636800004],[14.22289319600003,40.82571205000005],[14.22169444900004,40.82517226900006],[14.221652095000024,40.825216141000055],[14.221641685000066,40.82527369600007],[14.221594778000053,40.82531794600004],[14.221565671000064,40.82535074400005],[14.221528628000044,40.82539866400003],[14.221487769000078,40.82545696100004],[14.221458829000028,40.82550175500006],[14.221424658000046,40.82554119400004],[14.221401787000048,40.825595184000065],[14.221351673000072,40.82563861400007],[14.221221870000022,40.82576351500006],[14.221289329000058,40.82577584300003],[14.221311375000028,40.82580185200004],[14.221972350000044,40.82607795200005],[14.22195675200004,40.826105668000025],[14.221517720000065,40.825948192000055],[14.221333756000035,40.825847801000066],[14.221247509000023,40.82581309700004],[14.221177628000078,40.82580041400007],[14.22112773200007,40.82584104100005],[14.221077230000049,40.82589062400007],[14.221013134000032,40.82596106200003],[14.220971832000032,40.82600835200003],[14.22095291100004,40.82603080200005],[14.220994651000069,40.82604129600003],[14.221091244000036,40.82606392100007],[14.221202248000054,40.82608139100006],[14.221271885000021,40.82610974200003],[14.22135628500007,40.826137421000055],[14.221470915000054,40.82617273300008],[14.221674373000042,40.82623552200005],[14.221738779000077,40.826282115000026],[14.22169150600007,40.826293263000025],[14.221625594000045,40.82627534400007],[14.22142606400007,40.82621230700005],[14.221305782000059,40.82617374800003],[14.221233386000051,40.826146848000064],[14.221184441000048,40.82612516800003],[14.221151017000068,40.826117690000046],[14.221051584000065,40.826101994000055],[14.220942487000059,40.82608105600008],[14.220906616000036,40.82607472900003],[14.22073817300003,40.82604843300004],[14.220727047000025,40.826085877000025],[14.22070423100007,40.82614900500005],[14.220777222000038,40.82616820000004],[14.22091877500003,40.82620679100006],[14.220967263000034,40.82626761200004],[14.220873127000061,40.82624898300003],[14.22073167600007,40.82620565600007],[14.220669792000024,40.826185097000064],[14.220670923000057,40.826236848000065],[14.220621066000035,40.826391356000045]]],[[[14.208658281000055,40.85791881800003],[14.208643564000056,40.85779856400006],[14.208487246000061,40.85715963100006],[14.208361205000074,40.85711893100006],[14.208465512000032,40.856994806000046],[14.208557770000027,40.85689171400003],[14.208571309000035,40.85671029000008],[14.20857305800007,40.85656335800007],[14.208541497000056,40.85634704900008],[14.208486872000037,40.85615651200004],[14.20846382600007,40.85599170800003],[14.208713146000036,40.85596998200003],[14.208832934000043,40.855928454000036],[14.20948534200005,40.85590341300008],[14.209957693000035,40.85590728600005],[14.209967016000064,40.85608022500003],[14.210398588000032,40.856019606000075],[14.210513803000026,40.856108918000075],[14.210553545000039,40.85614312800004],[14.210628986000074,40.85620723300008],[14.210660571000062,40.856250817000046],[14.210740272000066,40.85635974400003],[14.21078181100006,40.85640737800003],[14.21088267400006,40.85653300400003],[14.211378070000023,40.85607259600005],[14.211535924000032,40.85619468800007],[14.211456028000043,40.85631338600007],[14.208658281000055,40.85791881800003]]],[[[14.174954395000043,40.86732226600003],[14.174953725000023,40.86737623500005],[14.174939104000032,40.86742136500004],[14.174772145000077,40.86792501000008],[14.174435127000038,40.86793105300006],[14.174430479000023,40.867902523000055],[14.174462113000061,40.86783833900006],[14.174477172000024,40.86773907300005],[14.174560963000033,40.86753149000003],[14.17455201000007,40.867435045000036],[14.17445237100003,40.867189719000066],[14.174102825000034,40.86672828300004],[14.173953324000024,40.86659802300005],[14.173668838000026,40.866932363000046],[14.173502031000055,40.86686079100008],[14.173023120000039,40.86665530100004],[14.172803277000071,40.866579890000025],[14.172668372000032,40.86673048700004],[14.172435779000068,40.86659402200007],[14.171991452000043,40.86634040100006],[14.17196442900007,40.86660320500005],[14.171888478000028,40.866746790000036],[14.17150655000006,40.86692420900005],[14.171314687000063,40.86708497700005],[14.171040170000026,40.86697490600005],[14.170932328000049,40.86686633900007],[14.17081285300003,40.86684346200008],[14.170713720000037,40.866792228000065],[14.170639212000026,40.86676643100003],[14.170572939000067,40.86674700800006],[14.170498273000021,40.86673384100004],[14.170398590000048,40.866726809000056],[14.170317407000027,40.86672742300004],[14.170185545000038,40.86673785200003],[14.170114909000063,40.86676353300004],[14.170042562000049,40.866843310000036],[14.169921620000025,40.86706031500006],[14.169813274000035,40.86718222400003],[14.169706638000036,40.867250037000076],[14.169598760000042,40.867263888000025],[14.169556854000064,40.86722075600005],[14.169531507000045,40.86719038500007],[14.16948237300005,40.86702603700007],[14.169437241000026,40.86687501500006],[14.169478420000075,40.86640500800007],[14.169493898000042,40.866156731000046],[14.169495027000039,40.86606665000005],[14.169484804000035,40.86604010100007],[14.16944810700005,40.865987731000075],[14.169409389000066,40.865958861000024],[14.169355238000037,40.86594689000003],[14.169317997000064,40.86593505900004],[14.169269869000061,40.86596423100008],[14.169182208000052,40.86599968100006],[14.16913893900005,40.86601512900006],[14.168972282000027,40.866130654000074],[14.168940054000075,40.866154609000034],[14.168754931000024,40.866270963000034],[14.16866940500006,40.866324322000025],[14.168529143000058,40.86639814600005],[14.168414151000036,40.86643482300008],[14.168361320000031,40.866441698000074],[14.168273833000057,40.86643662600005],[14.168230742000048,40.866411552000045],[14.168177462000074,40.86635041100004],[14.16819309500005,40.86632321400003],[14.168218644000035,40.86627431800008],[14.168313523000052,40.866193518000046],[14.168367730000057,40.86614807600006],[14.167389412000034,40.865856276000045],[14.167418354000063,40.865773200000035],[14.167421099000023,40.86555408500004],[14.167143743000054,40.86517970700004],[14.166855291000047,40.86498784400004],[14.16675663500007,40.86492025100006],[14.166662019000057,40.864856978000034],[14.166803688000073,40.864593401000036],[14.166620677000026,40.86454725600004],[14.166674374000024,40.864448035000066],[14.166476838000051,40.86438092600008],[14.183683297000073,40.84884095100006],[14.183770243000026,40.848860742000056],[14.183859218000066,40.84888099400007],[14.183878696000022,40.849132593000036],[14.184023719000038,40.84923452700008],[14.184075722000046,40.84924568800005],[14.18411847300007,40.84926176700003],[14.184127923000062,40.84929735400004],[14.18414099100005,40.849350782000045],[14.184149555000033,40.84942242000005],[14.184184193000021,40.84970445300007],[14.184206523000057,40.84983849100007],[14.184259086000054,40.85016022900004],[14.18426523200003,40.850191463000044],[14.184333407000054,40.85066554700006],[14.184455219000029,40.85093464800008],[14.184479474000057,40.85096056400005],[14.184557705000032,40.85114610100004],[14.184668921000025,40.85147870000003],[14.184717413000044,40.85162506300003],[14.184720764000076,40.85188599800006],[14.184722495000074,40.85209298900003],[14.184745043000078,40.85244308800003],[14.184759975000077,40.85249193100003],[14.184775977000072,40.852639758000066],[14.18472616200006,40.85290309000004],[14.184734572000025,40.85319080600004],[14.184731352000028,40.85343403100006],[14.184757879000074,40.85353636900004],[14.18475193100005,40.85372569900005],[14.184749231000069,40.85384286000004],[14.184761817000037,40.85401334900007],[14.184763949000057,40.85439137700007],[14.184764242000028,40.854499399000076],[14.184752747000061,40.85495906800003],[14.184751823000056,40.85500412500005],[14.184767177000026,40.85521950400005],[14.184772051000039,40.85529130800006],[14.184777662000045,40.85536307900003],[14.18482464300007,40.85551851400004],[14.184964673000025,40.855669754000075],[14.185046623000062,40.855760591000035],[14.18514005700007,40.85593193700004],[14.185151762000032,40.855958419000046],[14.185186414000043,40.856060392000074],[14.18519944600007,40.85612282400007],[14.185201513000038,40.85615874400003],[14.185183419000055,40.85624958900007],[14.185158530000024,40.856376752000074],[14.185144681000054,40.85651242000006],[14.185216258000025,40.85661272800007],[14.185248530000024,40.85666529200006],[14.185380440000074,40.856816897000044],[14.18542635600005,40.85687334800008],[14.18572763800006,40.857314416000065],[14.18570511400003,40.85740546100004],[14.185692374000041,40.857451050000066],[14.18565181100007,40.85752940400005],[14.185505531000047,40.857819591000066],[14.185485793000055,40.85786099400008],[14.18533803400004,40.85815124700008],[14.185143654000058,40.85855613900003],[14.184951712000043,40.858726843000056],[14.184931273000075,40.85875927400008],[14.184864788000027,40.85885680200005],[14.184799075000058,40.85894529300003],[14.184602164000069,40.85915673300008],[14.184530768000059,40.85919146100008],[14.184344751000026,40.85926736600004],[14.184176721000028,40.85927944000008],[14.183937051000044,40.85929474100004],[14.183725095000057,40.85930429300004],[14.183674488000065,40.85931107400006],[14.183848906000037,40.85936173400006],[14.183918217000041,40.85938562000007],[14.184298770000055,40.85967457100003],[14.184458909000057,40.860054482000066],[14.184396626000023,40.86038589700007],[14.184199816000046,40.86075038300004],[14.184158937000063,40.86081524600007],[14.184045883000067,40.86092387600007],[14.183914291000065,40.86105134500008],[14.183890434000034,40.861106437000046],[14.183832217000031,40.861167581000075],[14.183793626000067,40.86121433400007],[14.183922800000062,40.861306195000054],[14.184141522000061,40.86165915400005],[14.184118625000053,40.86181639200004],[14.183642587000065,40.86259690500003],[14.182508847000065,40.863428431000045],[14.182267456000034,40.86357236900005],[14.182242981000059,40.86354709400007],[14.182295088000046,40.86342455600004],[14.182127949000062,40.863496077000036],[14.18198697500003,40.86353900300003],[14.181819904000065,40.86368842300004],[14.18158752000005,40.863774626000065],[14.181377367000039,40.86406806900004],[14.18120072000005,40.864324098000054],[14.181015453000043,40.86446547800006],[14.180828012000063,40.86439531800005],[14.180729385000063,40.86435840200005],[14.180304496000076,40.86416692700004],[14.180256187000055,40.864241125000035],[14.179981145000056,40.864411063000034],[14.179694085000051,40.86460903500006],[14.179647983000052,40.86464082800006],[14.179799823000053,40.86472304400007],[14.179876397000044,40.864764507000075],[14.180114511000056,40.86475128700005],[14.181412154000043,40.86537685600007],[14.180907777000073,40.86606548100008],[14.180040555000062,40.865886603000035],[14.179247877000023,40.86604942300005],[14.178912653000054,40.86594344200006],[14.178789624000046,40.86579763800006],[14.178405782000027,40.865681737000045],[14.178121323000028,40.86575791400003],[14.177745954000045,40.86558978700003],[14.177234665000071,40.865389390000075],[14.176789081000038,40.86519756300004],[14.176618912000038,40.86516284600003],[14.176299651000022,40.865159051000035],[14.176257168000063,40.86514649900005],[14.176037433000033,40.86505118500003],[14.17645017600006,40.86454482900007],[14.176256014000046,40.86450277600005],[14.176126371000066,40.86449089600006],[14.17596782000004,40.86448428600005],[14.175759004000042,40.86446088500003],[14.175712844000032,40.86443212200004],[14.175602483000034,40.864423583000075],[14.175453893000054,40.864404584000056],[14.175220937000063,40.86479569900007],[14.175303985000028,40.864836608000076],[14.175533708000046,40.86501051600004],[14.175763993000032,40.86538591400006],[14.175763829000061,40.86543166400003],[14.175751932000026,40.86547690100008],[14.175815150000062,40.865742590000025],[14.175845430000038,40.86598278500003],[14.175672015000032,40.86638789500006],[14.175555717000066,40.86654908100007],[14.175521287000038,40.866643563000025],[14.17532551100004,40.86686614700005],[14.175350861000027,40.86697704900007],[14.175343611000073,40.867043618000025],[14.175338152000052,40.86707442000005],[14.17532742800006,40.86712060700006],[14.175326663000021,40.86718228500007],[14.175290465000046,40.86723600000005],[14.175249433000033,40.86727040400007],[14.175163105000024,40.86727364200004],[14.175000934000025,40.86725320600004],[14.174960523000038,40.86723749500004],[14.174954395000043,40.86732226600003]]],[[[14.180050495000046,40.87403147100008],[14.179121345000055,40.87428688600005],[14.178956054000025,40.87433280700003],[14.17890871800006,40.87434570400006],[14.178383864000068,40.874489134000044],[14.177681423000024,40.874518554000076],[14.176933441000074,40.87454992100004],[14.17680795900003,40.87453971300005],[14.176866537000024,40.87449830700007],[14.177167589000021,40.87440679500003],[14.177352281000026,40.874341325000046],[14.17747604300007,40.874333472000046],[14.177637704000063,40.874323213000025],[14.177696325000056,40.87431949300003],[14.177819844000055,40.87402893800004],[14.177987718000054,40.874030134000066],[14.178014104000056,40.87383603100005],[14.177862142000038,40.873841019000054],[14.177858941000068,40.87360410600007],[14.177829761000055,40.873227557000064],[14.178056405000063,40.87314087500005],[14.17797224900005,40.87302845700003],[14.177946316000032,40.872726500000056],[14.177908463000051,40.87242896200007],[14.177765501000067,40.87223426700007],[14.177497009000035,40.872353962000034],[14.177456146000054,40.87229962200007],[14.17754541000005,40.87203902200008],[14.177492513000061,40.87199810900006],[14.177493963000074,40.87188101400005],[14.17765515900004,40.871801090000076],[14.177939775000027,40.87181663200005],[14.178129978000072,40.872029679000036],[14.178190270000073,40.87219225500007],[14.178229516000044,40.87237720200005],[14.178206354000054,40.87257071100004],[14.178248848000067,40.87273316100004],[14.17842489000003,40.87289205800005],[14.178680013000076,40.872893875000045],[14.178817437000077,40.873057000000074],[14.178935692000039,40.872850655000036],[14.17922517200003,40.87271309000005],[14.179523828000072,40.87255306900005],[14.17996146400003,40.872430070000064],[14.180034627000055,40.87251166300007],[14.180665451000039,40.87211978900007],[14.181314316000055,40.87194873800007],[14.180624486000056,40.87159252200007],[14.180698626000037,40.871354333000056],[14.181036637000034,40.871370246000026],[14.181544264000024,40.87158554200005],[14.18189611200006,40.87168262500006],[14.182096931000046,40.87139378200004],[14.181864616000041,40.87131510000006],[14.181781125000043,40.871287143000075],[14.182025014000033,40.87103624400004],[14.18176354600007,40.87095247000008],[14.181693799000072,40.870942108000065],[14.181580859000064,40.87092918900004],[14.181539533000034,40.87092204800007],[14.18146310000003,40.87092098900007],[14.18138783300003,40.870906373000025],[14.180764598000053,40.87086616200003],[14.180263455000045,40.87079724000006],[14.18030881900006,40.87048678100007],[14.179327040000032,40.87047079000007],[14.179244536000056,40.87042516200006],[14.179277372000058,40.87016866400006],[14.179586936000021,40.87008529000008],[14.180158509000023,40.87016592400005],[14.180305642000064,40.87002283900006],[14.181022690000077,40.87028656900003],[14.18128411400005,40.87040274700007],[14.181931969000061,40.87017870100004],[14.181997735000039,40.870302681000055],[14.182184155000073,40.87065411300006],[14.182397906000062,40.87061325500008],[14.182615468000051,40.87069781300005],[14.182648665000045,40.87066484200005],[14.182931394000036,40.87078306700005],[14.18317255200003,40.87072666500006],[14.183629437000036,40.87090423200004],[14.183817784000041,40.87069802900004],[14.184184567000045,40.87082088100004],[14.184446216000026,40.87049848700008],[14.184424340000078,40.87018716800003],[14.184875955000052,40.87013180900004],[14.185484734000056,40.87008206200005],[14.186295505000032,40.87001121700007],[14.186924736000037,40.86986943100004],[14.186916105000023,40.86969391800005],[14.186891141000046,40.86944118500003],[14.18682902200004,40.86935070900006],[14.186649498000065,40.86908922900005],[14.186616866000065,40.869005180000045],[14.186516785000038,40.86882478600006],[14.186477943000057,40.86875486000008],[14.186123033000058,40.86859121800006],[14.186019444000067,40.868329250000045],[14.18561618700005,40.86831289100007],[14.185343835000026,40.86826592600005],[14.185065274000067,40.86824143800004],[14.184867061000034,40.86771306000003],[14.185006754000028,40.867691526000044],[14.185059336000052,40.86751624000004],[14.185190626000065,40.86745411000004],[14.185478358000069,40.86745614400007],[14.185636180000074,40.867407713000034],[14.185710888000074,40.86736320000006],[14.185849607000023,40.86677018700004],[14.185737219000032,40.866735117000076],[14.18560891900006,40.86667705000008],[14.185794170000065,40.866474210000035],[14.186141772000042,40.86618269100006],[14.186369721000062,40.86600464900005],[14.186520620000067,40.86597304900005],[14.186843619000058,40.86593449800006],[14.18715566700007,40.86591220100007],[14.187305967000043,40.86592959300003],[14.187509018000071,40.86602901400005],[14.18767962100003,40.86614454000005],[14.18772014700005,40.86616683800003],[14.188100966000036,40.86597602200004],[14.188209162000021,40.865919622000035],[14.188317360000042,40.865863223000076],[14.188393808000058,40.86576576900006],[14.188341355000034,40.86565924300004],[14.18820250300007,40.86558477300008],[14.188106452000056,40.86552693500005],[14.187988702000041,40.86548527600007],[14.187892652000073,40.86542743800004],[14.187865733000024,40.86537268700005],[14.187917201000062,40.86497778700004],[14.188172541000029,40.86500308600006],[14.188213071000064,40.86485528000003],[14.188118432000067,40.864556124000046],[14.187984849000031,40.86432097100004],[14.187801057000058,40.86431066700004],[14.187480379000021,40.864335434000054],[14.187280821000058,40.86440158700003],[14.18699551700007,40.86444461700006],[14.186145373000045,40.86458725500006],[14.186095830000056,40.86451484000003],[14.186089371000037,40.86407339500005],[14.186446025000066,40.86401735900006],[14.186535341000024,40.86399096400004],[14.18687019600003,40.86377713100006],[14.186724259000073,40.86358242700004],[14.186799569000073,40.86348837200006],[14.187009512000031,40.863300681000055],[14.18733452600003,40.86316334600008],[14.18767914600005,40.86312073400006],[14.187818008000022,40.86292353300007],[14.187906447000046,40.862725975000046],[14.188090896000062,40.86268223400003],[14.188349607000077,40.862630007000064],[14.188404264000042,40.86228357700003],[14.18838581500006,40.861851055000045],[14.188312213000074,40.861805497000034],[14.18794228300004,40.861735331000034],[14.187537200000065,40.86162888500007],[14.187574829000027,40.86146249800004],[14.187738187000036,40.86120241200007],[14.18785353800007,40.86098703000005],[14.188016345000051,40.86077198100003],[14.188128617000075,40.86056558300004],[14.188354147000041,40.86031494200006],[14.188552758000071,40.86032534900005],[14.18913019300004,40.86040598000005],[14.189559219000046,40.86049457400003],[14.189841923000074,40.86066321100003],[14.190063771000041,40.86071431400006],[14.190163186000063,40.86058889900005],[14.190142858000058,40.86030950300005],[14.190146042000038,40.860048289000076],[14.190331085000025,40.85995500300004],[14.19060395400004,40.85995691800008],[14.190739561000044,40.85978221100004],[14.19116323000003,40.85989882400003],[14.191203563000045,40.85972781700008],[14.191253913000025,40.85950947500004],[14.191489484000044,40.85931878500003],[14.191584401000057,40.85931000000005],[14.191602244000023,40.85918765500003],[14.191390916000046,40.85894961100007],[14.191250937000063,40.858780370000034],[14.191214785000057,40.85869183700004],[14.190304355000023,40.85646223700007],[14.190276381000047,40.85624109300005],[14.190425882000056,40.856311868000034],[14.190708517000076,40.85648500600007],[14.191033935000064,40.856554851000055],[14.191318270000068,40.85658837400007],[14.191711138000073,40.85672174700005],[14.19186393800004,40.85683992400004],[14.191932873000042,40.857025074000035],[14.192057229000056,40.85728718300004],[14.19221734100006,40.85753602900007],[14.19235597100004,40.85760005700007],[14.192550296000036,40.85771852400006],[14.192836207000028,40.85835560100003],[14.192911078000066,40.85854079200004],[14.192916804000049,40.858802070000024],[14.192816590000064,40.859238263000066],[14.192840275000037,40.85948615400008],[14.192878134000068,40.85978819200005],[14.192850688000021,40.86009427700003],[14.192637106000063,40.86058372600007],[14.192417961000046,40.860798388000035],[14.192260827000041,40.86103600300004],[14.192216840000071,40.86123837800005],[14.19216055000004,40.861476700000026],[14.192280187000051,40.86163968500006],[14.192319741000063,40.86180210900005],[14.192326942000022,40.861941786000045],[14.192360402000077,40.86211767900005],[14.19237606400003,40.86229344800006],[14.192382663000046,40.86248266600006],[14.19245770200007,40.86265434500007],[14.192565313000046,40.862830759000076],[14.192728955000064,40.86303458700007],[14.192827996000062,40.863183916000025],[14.19273105600007,40.86334988800007],[14.192602199000078,40.86345708300007],[14.192400632000044,40.86366346700004],[14.192454251000072,40.86366723900005],[14.192555166000034,40.863708890000055],[14.192809797000052,40.86381398200007],[14.19295298700007,40.86387307900003],[14.194100055000035,40.86409382900007],[14.19449468700003,40.864149575000056],[14.195156174000033,40.86425133900008],[14.195668075000071,40.864221488000055],[14.196238221000044,40.864188236000075],[14.196668266000074,40.864200064000045],[14.197017144000029,40.86419366300004],[14.197238567000056,40.86415104800005],[14.197390234000068,40.86410794600005],[14.197541581000053,40.86409133700005],[14.19801080600007,40.863944409000055],[14.198258863000035,40.86388632000006],[14.186430225000038,40.87067395100007],[14.185978047000049,40.87069433900007],[14.185918633000028,40.870697018000044],[14.185330966000038,40.87084476700005],[14.18497641700003,40.87093055200006],[14.184141777000036,40.87137485200003],[14.184082679000028,40.871410240000046],[14.183538092000049,40.871866666000074],[14.183486555000059,40.871909549000065],[14.183438926000065,40.87194823900006],[14.183386591000044,40.871990752000045],[14.183333679000043,40.87203376400004],[14.183306224000034,40.87205664800007],[14.183281124000075,40.872076536000066],[14.183254619000024,40.87209946400003],[14.182890171000054,40.87236596100007],[14.182835050000051,40.87240679900003],[14.182623157000023,40.872562654000035],[14.182568055000047,40.87260317100004],[14.182447141000068,40.872692064000034],[14.18239155200007,40.872732478000046],[14.182324951000055,40.872779310000055],[14.182268170000043,40.87281899900006],[14.181155713000066,40.873584307000044],[14.18110020100005,40.87362406500006],[14.180698009000025,40.87377973200006],[14.180050495000046,40.87403147100008]]]]}},{"type":"Feature","properties":{"service_id":14,"population_total":11323.3,"thiessen_area_km2":4.6632,"population_share":0.012933385677711098,"area_share":0.04425047173522121,"population_covered":8518.01,"area_covered_km2":2.7076,"population_coverage_ratio":0.752254669171314,"area_coverage_ratio":0.5806333371670682},"geometry":{"type":"Polygon","coordinates":[[[14.296752140000024,40.892160991000026],[14.296730441000022,40.892151925000064],[14.296205580000048,40.892310175000034],[14.29571272100003,40.892648062000035],[14.295656483000073,40.89268623800007],[14.295585945000028,40.89273284800004],[14.295529142000078,40.89277038200004],[14.295103268000048,40.893050376000076],[14.295046798000044,40.89308895500005],[14.294725633000041,40.89333517000006],[14.29467222900007,40.89337638300003],[14.294524588000058,40.89349251900006],[14.294471697000063,40.893534299000066],[14.294335182000054,40.893585253000026],[14.294138983000039,40.89365126000007],[14.294067072000075,40.89368346900005],[14.29399243100005,40.89366397100008],[14.293903907000072,40.893640952000055],[14.293690423000044,40.893576487000075],[14.293639546000065,40.89360223400007],[14.293230306000055,40.893805575000044],[14.292920565000031,40.89413823500007],[14.292874682000047,40.89418399200008],[14.292669897000053,40.894495008000035],[14.29263811100003,40.89454518600007],[14.289443463000055,40.86762276500008],[14.293815757000061,40.85779199900003],[14.298798090000048,40.85793502000007],[14.308843042000035,40.85871578300004],[14.311978550000049,40.86523194100005],[14.296752140000024,40.892160991000026]]]}},{"type":"Feature","properties":{"service_id":6,"population_total":79463.48,"thiessen_area_km2":12.1909,"population_share":0.09076256033201238,"area_share":0.11568435304460671,"population_covered":5302.94,"area_covered_km2":1.8923,"population_coverage_ratio":0.0667343020392341,"area_coverage_ratio":0.15522156561690575},"geometry":{"type":"Polygon","coordinates":[[[14.250470403000065,40.85992844100008],[14.226440726000021,40.90934941300003],[14.226315545000034,40.90932817000004],[14.225936348000062,40.909264230000076],[14.22594699900003,40.90898289200004],[14.22595278800003,40.90883128300004],[14.225918500000034,40.908643779000045],[14.225899054000024,40.908370381000054],[14.225877728000057,40.90809195200006],[14.22587911200003,40.908001857000045],[14.225880333000077,40.90790723300006],[14.225885337000022,40.90748840600003],[14.225736591000043,40.90695498600007],[14.225316006000071,40.90635288800007],[14.225306215000046,40.906310260000055],[14.225224107000031,40.90595010900006],[14.225212836000026,40.905905080000025],[14.225137750000044,40.90558280300007],[14.225123067000027,40.90551987900005],[14.225119950000021,40.905364560000066],[14.225115433000042,40.90513950900004],[14.225111365000032,40.905002198000034],[14.225107559000037,40.90487237200006],[14.225125237000043,40.904765557000076],[14.225210447000052,40.90423298800005],[14.225295088000053,40.90405357900005],[14.225192390000075,40.90372963900006],[14.225102118000052,40.90329716700006],[14.225095404000058,40.90325385700004],[14.225057628000059,40.90319148000003],[14.224977197000044,40.903007358000025],[14.224930203000042,40.90289977700007],[14.224696318000042,40.902527777000046],[14.224519752000049,40.902310724000074],[14.224335230000065,40.90193198000003],[14.224331086000063,40.901884851000034],[14.224282298000048,40.901380705000065],[14.22420438100005,40.90088457600007],[14.223985079000045,40.900313847000064],[14.223637847000077,40.89956436500006],[14.223423575000027,40.89924999300007],[14.223262713000054,40.89901371800005],[14.223174646000075,40.89902271400007],[14.22292027900005,40.899038776000054],[14.222123244000045,40.89916049200008],[14.221148327000037,40.899168744000065],[14.220857212000055,40.899168778000046],[14.22075084000005,40.899168780000025],[14.220115489000023,40.89916161700006],[14.219446638000022,40.89919617000004],[14.219344028000023,40.89920112200008],[14.218728316000067,40.899071510000056],[14.218115502000046,40.898752709000064],[14.217855302000032,40.89868798400005],[14.217263564000064,40.89870306100005],[14.216987862000053,40.898709335000035],[14.216555539000069,40.89867010100005],[14.215838115000054,40.898603930000036],[14.21554025000006,40.89858142700007],[14.215355443000021,40.898582901000054],[14.215083633000063,40.89858445700003],[14.214710186000048,40.89858755600005],[14.214097018000075,40.89856765600007],[14.21390350400003,40.89856111000006],[14.213560654000048,40.89857215100005],[14.212714942000048,40.898610477000034],[14.211811457000067,40.89869194400006],[14.211157193000076,40.89890615400003],[14.210882809000054,40.898882566000054],[14.210707526000022,40.898871918000054],[14.210560521000048,40.89886289100008],[14.210507208000024,40.89885908200006],[14.210396677000062,40.89885249800005],[14.210089339000035,40.89883299200005],[14.20990305500004,40.89877397400005],[14.209563294000077,40.89866126600003],[14.209302253000033,40.89857457900007],[14.209270057000026,40.898563925000076],[14.20922488900004,40.898548144000074],[14.208159513000055,40.89838921900008],[14.207020697000075,40.89827423100007],[14.206581225000036,40.89824010600006],[14.206337689000065,40.89822625000005],[14.206232636000038,40.89821993000004],[14.205881558000044,40.898199756000054],[14.20565853100004,40.898119819000044],[14.205563766000068,40.89808359500006],[14.20539519700003,40.89801904900003],[14.205290964000028,40.89797891200004],[14.205042923000065,40.89787309600007],[14.20499632700006,40.897845732000064],[14.204796349000048,40.89772670100007],[14.204492578000043,40.89758984800005],[14.204342171000064,40.897522183000035],[14.204339527000059,40.89749528800007],[14.204314105000037,40.89728036400004],[14.204256486000077,40.89708040700003],[14.204229373000032,40.89702799100007],[14.204081950000045,40.89673718700004],[14.203960877000043,40.89663505600004],[14.203868065000052,40.896557432000066],[14.203659218000041,40.89638268600004],[14.203582279000045,40.896311886000035],[14.20320558900005,40.895966533000035],[14.203108517000032,40.895876420000036],[14.203024981000056,40.895758896000075],[14.202921855000056,40.89561477800004],[14.202888268000038,40.895413732000065],[14.202855398000054,40.89521715500007],[14.202812016000053,40.89511991000006],[14.202708185000063,40.89488834700006],[14.202669315000037,40.89480242500008],[14.202674320000028,40.894640448000075],[14.20267933200006,40.894478381000056],[14.202682647000074,40.89436711800005],[14.202689806000024,40.894171293000056],[14.202798529000063,40.89396405900004],[14.20283491400005,40.89389463300006],[14.203078161000064,40.89354299000007],[14.203114546000052,40.89349529900005],[14.203245195000022,40.89348941700007],[14.203578940000057,40.89333927500007],[14.20399440400007,40.893360991000065],[14.204215227000077,40.89337801000005],[14.204611447000048,40.89340959700007],[14.205080169000041,40.89333516600004],[14.205185378000067,40.89199219600005],[14.205267869000068,40.89179458700005],[14.20530860200006,40.89161470400006],[14.205604965000077,40.89164827600007],[14.205812683000033,40.89164970600007],[14.206207778000078,40.89161639500003],[14.206674143000043,40.891579069000045],[14.207196998000029,40.89153312000008],[14.207739978000063,40.89154135600006],[14.208243952000032,40.891585355000075],[14.208934766000027,40.89163964200003],[14.209032690000072,40.891640315000075],[14.209042307000061,40.89182955100006],[14.209279324000022,40.89186270400006],[14.209484557000053,40.891823575000046],[14.209557277000044,40.891697960000045],[14.20972409500007,40.891645055000026],[14.210071550000066,40.89162491600007],[14.210416357000042,40.89157773300008],[14.210660784000027,40.891500773000075],[14.210735208000074,40.891467316000046],[14.210762832000057,40.890890985000055],[14.210773073000041,40.89077845300005],[14.21083477600007,40.890580698000065],[14.210837078000054,40.890387039000075],[14.210712426000043,40.89013846300003],[14.210568075000026,40.88979967000006],[14.210549607000075,40.88960586800005],[14.21058184900005,40.88938989500008],[14.210584528000027,40.889164709000056],[14.210503652000057,40.888820241000076],[14.211137894000046,40.88866207600006],[14.211271894000049,40.88902673000007],[14.211303041000065,40.88915078600007],[14.211316236000073,40.889288228000055],[14.211402388000067,40.88952524300004],[14.211493056000052,40.88963169200008],[14.211584555000059,40.889668345000075],[14.211640767000063,40.88969127900003],[14.211730298000077,40.889702156000055],[14.214112692000072,40.88845981700007],[14.213953953000043,40.88833647100006],[14.213400550000074,40.88796542800003],[14.213306730000056,40.88786614800006],[14.213165347000029,40.887642982000045],[14.213148231000048,40.88757623600003],[14.213121479000051,40.887518930000056],[14.213059724000061,40.887337169000034],[14.213021634000029,40.88724886700004],[14.212989875000062,40.88714677300004],[14.21286942100005,40.88675610400003],[14.212845624000067,40.88669866400005],[14.212776351000059,40.88655325600007],[14.212598608000064,40.88637675100006],[14.21257689600003,40.88635522900006],[14.212371145000077,40.88616198600005],[14.212131644000067,40.88590725500006],[14.21208819800006,40.88576967900008],[14.212086500000055,40.885729242000025],[14.212086632000023,40.88569322500007],[14.212082331000033,40.88565740900003],[14.212095992000059,40.88555775800006],[14.212138560000028,40.88547987100003],[14.21206956900005,40.88510881000008],[14.21203728200004,40.88484918900008],[14.21200467600005,40.884576078000066],[14.211947205000058,40.88433560500005],[14.211925757000074,40.884242045000065],[14.211928029000035,40.88402587300004],[14.211932561000026,40.88399865900004],[14.211971923000021,40.883839325000054],[14.212040528000045,40.88356162700006],[14.212058669000044,40.88337661500003],[14.211987392000026,40.883046368000066],[14.211976804000074,40.88295862900003],[14.211474337000027,40.88295519400003],[14.211444081000025,40.882504581000035],[14.211773524000023,40.88249782500003],[14.211868418000051,40.88183771000007],[14.211812572000042,40.88177587800004],[14.211506891000056,40.881546650000075],[14.211388826000075,40.88151349800006],[14.211335962000021,40.88186426300007],[14.20995496300003,40.88171968700004],[14.210080646000051,40.88118661200008],[14.20962434200004,40.88110075700007],[14.20943559400007,40.88101027400006],[14.209319191000077,40.880830986000035],[14.209301377000031,40.880755269000076],[14.209274479000044,40.88063944900006],[14.20927639000007,40.880522324000026],[14.209481550000078,40.88017092200005],[14.209941423000032,40.87944786800006],[14.210096986000053,40.879323784000064],[14.210264822000056,40.87917663700006],[14.210432237000077,40.87904301300006],[14.210698612000044,40.87861231100004],[14.210735362000037,40.878561131000026],[14.211375025000052,40.877645366000024],[14.211394307000035,40.87702329200005],[14.211381277000044,40.876950676000035],[14.21137187200003,40.87689826800005],[14.211361024000041,40.87683573900006],[14.21140960300005,40.876680488000034],[14.211446351000063,40.87662930700003],[14.211518655000077,40.87654950700005],[14.211763319000056,40.87631687500004],[14.211926289000075,40.87616191800004],[14.211986739000054,40.876091658000064],[14.212122801000078,40.87593203200004],[14.212238591000073,40.87570040500003],[14.212241670000026,40.87544079000003],[14.212145401000043,40.875188869000056],[14.211758742000029,40.87431518400007],[14.211528808000025,40.87394300100004],[14.211334829000066,40.873771599000065],[14.21128002200004,40.87381778300005],[14.211269445000028,40.873854237000046],[14.211279956000055,40.87398222400003],[14.211270020000029,40.87414357400007],[14.211224284000025,40.87428031200005],[14.21116702300003,40.87437433500003],[14.211142762000065,40.87443665300003],[14.211481642000024,40.87455922200007],[14.211407655000073,40.87471099700008],[14.211027971000021,40.874601803000076],[14.211238292000075,40.87512708500003],[14.211029264000047,40.87516829300006],[14.210986672000047,40.87504008700006],[14.210697663000076,40.87506247400006],[14.210663628000077,40.87522670300007],[14.210362949000057,40.87521855400007],[14.210211364000031,40.87515051200006],[14.210200883000027,40.87535754100003],[14.20990392300007,40.87537377900003],[14.209876116000032,40.87501420800004],[14.209619476000057,40.87501245000004],[14.209474971000077,40.87502364100004],[14.209361675000025,40.875108141000055],[14.209321326000065,40.875516606000076],[14.209084137000048,40.875514348000024],[14.208854827000039,40.876584826000055],[14.208109311000044,40.87654925100003],[14.208106988000054,40.87674415400005],[14.207890224000039,40.876760939000064],[14.20788307500004,40.876687795000066],[14.207377510000072,40.87670868600003],[14.20739456800004,40.87662352600006],[14.207395149000035,40.87657480000007],[14.207429192000063,40.876410573000044],[14.207446686000026,40.876288869000064],[14.207447413000068,40.87622796100004],[14.207515135000051,40.875929959000075],[14.207581692000076,40.87572940700005],[14.207574545000057,40.87565626300005],[14.20751956600003,40.875558426000055],[14.207384752000053,40.875429584000074],[14.207353180000041,40.87538672900007],[14.207214045000057,40.87524997200006],[14.207168335000063,40.87513050100006],[14.207152497000038,40.87507044900008],[14.207170590000032,40.87492333300003],[14.207184664000067,40.87471562800005],[14.207145182000033,40.87460938000004],[14.207135429000061,40.87455130400008],[14.207210862000068,40.87442635000008],[14.207092026000055,40.87452770200008],[14.206957798000076,40.87454528400008],[14.206848265000076,40.87453527800005],[14.206787574000032,40.874516355000026],[14.206726441000058,40.87453444000005],[14.206652573000042,40.874598700000035],[14.20652831600006,40.87480140400004],[14.206502776000036,40.87489401300007],[14.206477375000077,40.87498610800003],[14.206415358000072,40.87507820800005],[14.20615764300004,40.87523372900006],[14.206035375000056,40.875269899000045],[14.205742549000036,40.87530489200003],[14.205499228000065,40.87527545800003],[14.20519532700007,40.875217846000055],[14.203320837000035,40.87503218900008],[14.20324934100006,40.87417754000006],[14.248728293000056,40.849155050000036],[14.25004610800005,40.853958746000046],[14.250470403000065,40.85992844100008]]]}},{"type":"Feature","properties":{"service_id":8,"population_total":129022.35,"thiessen_area_km2":21.4672,"population_share":0.14736829980714064,"area_share":0.20371081313818898,"population_covered":28983.06,"area_covered_km2":3.0817,"population_coverage_ratio":0.22463596636333671,"area_coverage_ratio":0.14355322167398324},"geometry":{"type":"MultiPolygon","coordinates":[[[[14.159209059000034,40.808043213000076],[14.159158067000021,40.80802466700004],[14.159071293000068,40.80804206200003],[14.158935179000025,40.807958135000035],[14.158931652000035,40.807887712000024],[14.159004577000076,40.80787708500003],[14.15909676900003,40.80791346400008],[14.159139602000039,40.80799110800007],[14.159209059000034,40.808043213000076]]],[[[14.159209059000034,40.808043213000076],[14.159265181000023,40.80800115200003],[14.159322147000069,40.80796329200007],[14.15936199600003,40.80796150600003],[14.159976688000029,40.808267056000034],[14.160790376000023,40.80869383900006],[14.16104174700007,40.80882568100003],[14.161352412000042,40.808988621000026],[14.16362698200004,40.810174009000036],[14.163955045000023,40.81036097200007],[14.164491002000034,40.81066641100006],[14.164810296000041,40.81084016800003],[14.165461497000024,40.81119454100008],[14.165675296000074,40.811316110000064],[14.166267321000078,40.810527207000064],[14.166821177000031,40.80973187200004],[14.167356460000065,40.80897085300006],[14.166185643000063,40.80836036000005],[14.16609307400006,40.80837447600004],[14.166039634000072,40.808370394000065],[14.165638794000074,40.80814939700008],[14.165615270000046,40.808086385000024],[14.165619452000044,40.80805133900003],[14.165630690000057,40.808019958000045],[14.165669728000069,40.80800915100008],[14.165771883000048,40.80800619300004],[14.16614396500006,40.80819371300004],[14.166225884000028,40.80825345000005],[14.16628372300005,40.80829453000007],[14.167363902000034,40.80885820200007],[14.168301048000046,40.80753712400008],[14.168445100000042,40.807330542000045],[14.169165299000042,40.80627736900004],[14.165661126000032,40.80476289400008],[14.165700480000055,40.80472200200006],[14.165743932000055,40.80467527800005],[14.165812199000072,40.80459330800005],[14.165857753000068,40.80454844700006],[14.16780152900003,40.80541307900006],[14.169349450000027,40.80605374100003],[14.169438943000046,40.80592534200008],[14.169477493000045,40.80587820000005],[14.17011670200003,40.806136759000026],[14.170457273000068,40.80630200200005],[14.17071276400003,40.80642105100003],[14.170823381000048,40.80648045200007],[14.170925755000042,40.806513746000064],[14.171010677000027,40.806572962000075],[14.171121698000036,40.806599807000055],[14.171266413000069,40.80667247700006],[14.171411695000074,40.80669956700007],[14.171531768000023,40.80668740600004],[14.171626226000058,40.80666854900005],[14.17171236300004,40.80663009800003],[14.171784560000049,40.806602689000044],[14.17184551500003,40.80655088200007],[14.171905740000057,40.80651230800004],[14.17195620900003,40.80647242500004],[14.171975731000032,40.80644954500008],[14.172031552000021,40.806405882000035],[14.172080722000032,40.80636950500008],[14.172116292000055,40.80633129600005],[14.17215090600007,40.80630316400004],[14.172197083000071,40.806265920000044],[14.172255979000056,40.806222674000026],[14.172300051000036,40.806181552000055],[14.172331170000064,40.80614131300007],[14.172361314000057,40.80610989000007],[14.172390420000056,40.806068407000055],[14.172418739000022,40.80601418100008],[14.172459803000038,40.80596762000005],[14.172491683000032,40.80589105400003],[14.172544112000026,40.805838976000075],[14.172561229000053,40.805794201000026],[14.172570937000046,40.805747386000064],[14.172583061000068,40.80568891000007],[14.172574178000048,40.80552725500007],[14.172562648000053,40.80546475300008],[14.172396071000037,40.80542722400003],[14.171363529000075,40.805176532000075],[14.170268658000055,40.804924130000074],[14.16996374200005,40.80488831300005],[14.16973580900003,40.80479501900004],[14.169714660000068,40.80474569100005],[14.169776446000071,40.80469866100003],[14.169901304000064,40.804729543000064],[14.171344477000048,40.805086463000066],[14.172466925000037,40.80535172100008],[14.172558985000023,40.80537488700003],[14.172521645000074,40.80530904300008],[14.172456944000032,40.805257933000064],[14.17243333500005,40.80517346600004],[14.17246351800003,40.80510458600003],[14.172555226000043,40.804969921000065],[14.172604891000049,40.80474834600005],[14.172625009000058,40.80472541300003],[14.172664327000064,40.804689730000064],[14.172710795000057,40.80465682600004],[14.172689362000028,40.804581264000035],[14.172684418000074,40.80452674800006],[14.172746267000036,40.804475171000036],[14.172797038000056,40.80433784400003],[14.172878070000024,40.80411362800004],[14.172905497000045,40.803999857000065],[14.172946556000056,40.80388997600005],[14.172957980000035,40.803808436000054],[14.172909790000062,40.803693562000035],[14.172810336000055,40.803576494000026],[14.172754879000024,40.803520466000066],[14.172710890000076,40.803571860000034],[14.172686079000073,40.80360479800004],[14.172574301000054,40.80381668000007],[14.17257550100004,40.80387964600004],[14.172522546000039,40.803917299000034],[14.17246582100006,40.80390708500005],[14.172419102000049,40.803877673000045],[14.173218175000045,40.80241495100006],[14.173258597000029,40.80238145000004],[14.173329788000046,40.802373042000056],[14.173393204000035,40.802388904000054],[14.173398726000073,40.80230762900004],[14.173372211000071,40.80212507400006],[14.173333599000046,40.801938094000036],[14.173254446000044,40.801719707000075],[14.173225971000022,40.80154057800007],[14.17316670300005,40.80136900900004],[14.173128287000054,40.801166472000034],[14.173108883000054,40.80108076100004],[14.173099617000048,40.80100290200005],[14.173060428000042,40.80086259300003],[14.173022204000063,40.80064449900004],[14.172998250000035,40.80051152900006],[14.172850350000033,40.80017156100007],[14.172767813000064,40.799929847000044],[14.172695936000025,40.79971935000003],[14.172593318000054,40.79946117600008],[14.17256547200003,40.79939111700003],[14.172541247000026,40.799330170000076],[14.17248945800003,40.799241530000074],[14.172459740000022,40.799190665000026],[14.172425923000048,40.799132787000076],[14.172375160000058,40.79917637600005],[14.17232761300005,40.79922013000004],[14.172275476000038,40.79920462700005],[14.171864363000054,40.79908875900003],[14.171627958000045,40.79907869800007],[14.171540163000031,40.79906133800006],[14.171469025000022,40.79903155300008],[14.171473309000078,40.798993987000074],[14.171525015000043,40.79895249400005],[14.171509035000042,40.798910559000035],[14.171366914000032,40.79883844300008],[14.171295515000054,40.79882956600005],[14.171240878000049,40.79879989800003],[14.171106391000023,40.79855636900004],[14.171047935000047,40.79859333500008],[14.170943454000053,40.79864843100006],[14.171115138000062,40.79917956600008],[14.171063911000033,40.79922244100004],[14.170401680000055,40.79980491800006],[14.17035265100003,40.79984929900007],[14.16964377000005,40.800509860000034],[14.169606012000031,40.80048763100007],[14.16953167500003,40.80044371900004],[14.16893630900006,40.79996464800007],[14.16897700800007,40.79992950700006],[14.16963129100003,40.80046616200008],[14.16990787900005,40.80020557900008],[14.16994759000005,40.800162871000055],[14.169239590000075,40.79960519400004],[14.169267404000038,40.79958030200004],[14.169982876000063,40.80012648400003],[14.170281441000043,40.79985256700007],[14.170318717000043,40.79981567500005],[14.169545019000054,40.799266372000034],[14.169590798000058,40.79923133400007],[14.17035743200006,40.79977906600004],[14.17071362300004,40.79947048300005],[14.17075952500005,40.799429942000074],[14.169975374000046,40.79888048300006],[14.170019161000027,40.79884548000007],[14.170800808000024,40.79939236100006],[14.171002929000053,40.79921313400007],[14.171050645000037,40.79917153400004],[14.170893319000072,40.79867804700007],[14.170878033000065,40.798623709000026],[14.171005624000031,40.79856081200006],[14.171068254000033,40.79852682000006],[14.17097026700003,40.79844456500007],[14.170905617000074,40.79833536500007],[14.170835418000024,40.79823030800003],[14.170715663000067,40.798129076000066],[14.170573650000051,40.79804859500007],[14.170447772000045,40.79799750500007],[14.17031079000003,40.79795469900006],[14.170261673000027,40.79799824400004],[14.170222484000021,40.79803934000006],[14.169980991000045,40.79793559700005],[14.169263658000034,40.79767532400007],[14.169104938000032,40.797611449000044],[14.16905696300006,40.79765607400003],[14.168764317000068,40.79798448200006],[14.169785519000072,40.798613783000064],[14.169745301000034,40.79864922200005],[14.168727709000052,40.798031827000045],[14.168703051000023,40.79806980400008],[14.168400871000074,40.79841664600008],[14.169433559000026,40.79904828000008],[14.169384270000023,40.79908995200003],[14.168358005000073,40.79845814600003],[14.168317448000039,40.79850225300004],[14.168110323000064,40.798751234000065],[14.169082299000024,40.799426322000045],[14.169039132000023,40.799459684000055],[14.168083567000053,40.79879585700007],[14.168053515000054,40.79883651500006],[14.167832832000045,40.799071627000046],[14.168584460000034,40.799648569000055],[14.168747877000044,40.79977730000007],[14.168702044000042,40.79981253300008],[14.168536820000043,40.79968516000008],[14.167793608000068,40.79910542600004],[14.167766236000034,40.79906891300004],[14.168266111000037,40.79849728600004],[14.168307020000043,40.79844955000004],[14.169037028000048,40.79758079700008],[14.169083877000048,40.79753602100004],[14.168985345000067,40.79749767100003],[14.168908814000076,40.79745948100003],[14.16869858800004,40.797391624000056],[14.168386610000027,40.79729309900006],[14.168136731000061,40.797164774000066],[14.167815284000028,40.79728724600005],[14.167479936000063,40.79738333200004],[14.167419406000022,40.79730952400007],[14.167350946000056,40.797276587000056],[14.167362038000022,40.797349593000035],[14.167371083000035,40.79739272100005],[14.16731412100006,40.79742477700006],[14.16724875400007,40.79745743400008],[14.166826129000071,40.797592749000046],[14.166534324000054,40.79768560900004],[14.166348517000074,40.79774473600003],[14.165697613000077,40.797963019000065],[14.16545154000005,40.79805509300007],[14.165240657000027,40.79811407500006],[14.165169798000022,40.798040729000036],[14.165089265000063,40.79798582400008],[14.165057084000068,40.79792424800007],[14.164273870000045,40.79820468400004],[14.163846377000027,40.79836880600004],[14.163824946000034,40.79844770100004],[14.163848934000043,40.79868970500007],[14.163887325000076,40.79876450800003],[14.16386919100006,40.79894088100008],[14.163749640000049,40.79919382800006],[14.163709401000062,40.79920727000007],[14.163502493000067,40.79927638800007],[14.163344404000043,40.79932454900006],[14.163325263000047,40.799355510000055],[14.16308391900003,40.79974587400005],[14.163163018000034,40.79979184200005],[14.163289526000028,40.799876195000024],[14.163314369000034,40.79992909900005],[14.163306704000036,40.79999246400007],[14.163248297000052,40.80003743100008],[14.163117438000029,40.80008198300004],[14.162982568000075,40.800052022000045],[14.162931128000025,40.80002448300007],[14.162796373000049,40.79995234000006],[14.162645473000055,40.79987808100003],[14.162645250000025,40.799780600000076],[14.162754542000073,40.79973971100003],[14.162809282000069,40.79970867900005],[14.162799103000054,40.79958060300004],[14.162946416000068,40.79942890900003],[14.162995182000031,40.799385233000066],[14.163101354000048,40.799236421000046],[14.163132383000061,40.79916449900003],[14.163180796000063,40.79912482000003],[14.163305004000051,40.799065229000064],[14.163469359000032,40.799022802000025],[14.163515734000043,40.79898906300008],[14.163570002000029,40.798949804000074],[14.163579470000059,40.79881433400004],[14.163560322000023,40.798644136000064],[14.163550933000067,40.798599542000034],[14.163382083000045,40.798580110000046],[14.163163116000021,40.798583320000034],[14.163084023000067,40.798584479000056],[14.162991975000068,40.79862912300007],[14.162935897000068,40.798631639000064],[14.16292435500003,40.79849261000004],[14.162927920000072,40.79835740400006],[14.162838493000038,40.798311900000044],[14.162604712000075,40.79829538000007],[14.162427090000051,40.798258332000046],[14.162255453000057,40.798203010000066],[14.162049814000056,40.79808169100005],[14.16179973800007,40.797998377000056],[14.161618428000054,40.79796149400005],[14.161473355000055,40.79798210200005],[14.161375901000042,40.798010102000035],[14.161213256000053,40.79807453800004],[14.160991251000041,40.79808165400004],[14.160738607000042,40.79796389400008],[14.160535892000041,40.79791733800005],[14.160359154000048,40.79782589000007],[14.160199115000069,40.79775388400003],[14.16002205600006,40.79768819200007],[14.159929533000025,40.79763599800003],[14.159853872000042,40.797590366000065],[14.159799296000074,40.79756946800006],[14.159779452000066,40.797500082000056],[14.159743570000046,40.79738835200004],[14.159674342000073,40.79720239200003],[14.15965346300004,40.79700976300006],[14.159648330000039,40.79692838400007],[14.159643837000033,40.79685714300007],[14.15965759900007,40.796811767000065],[14.159675671000059,40.796752181000045],[14.159699531000058,40.79665806000003],[14.159753027000022,40.79661366700003],[14.159830892000059,40.79660567500008],[14.159898038000051,40.796664563000036],[14.159941976000027,40.796672717000035],[14.159993550000024,40.79652635700006],[14.15989945800004,40.79637302300006],[14.159771139000043,40.79621772300004],[14.15970578300005,40.796138625000026],[14.159602018000044,40.79600373000005],[14.159501636000073,40.79585517900006],[14.159483446000024,40.79580385000003],[14.159451387000047,40.79571338400007],[14.159434436000026,40.795656859000076],[14.159391447000075,40.79551350300005],[14.159368847000053,40.795321056000034],[14.15936305100007,40.795271694000064],[14.159363958000029,40.795194311000046],[14.15936547800004,40.795064516000025],[14.159454292000078,40.79492098800006],[14.15947122700004,40.79482252200006],[14.159480820000056,40.79476674700004],[14.159510978000071,40.79469190300006],[14.159556559000066,40.79457878800008],[14.159616388000074,40.79448157400003],[14.159654724000063,40.79434487700007],[14.159681900000066,40.79432392000007],[14.159730468000078,40.79428022700006],[14.159771399000022,40.79423714600006],[14.159819836000054,40.794193359000076],[14.159851181000022,40.79411464400005],[14.159910207000053,40.794070014000056],[14.159965641000042,40.79403449700004],[14.160021393000022,40.79399525800005],[14.160115486000052,40.79398653700008],[14.160215275000041,40.79402257700008],[14.160232140000062,40.79412535600005],[14.160172534000026,40.79417224900004],[14.160158741000032,40.794286200000045],[14.160141399000054,40.794368004000034],[14.160092596000027,40.794473727000025],[14.160092701000053,40.794520635000026],[14.160092838000025,40.794581753000045],[14.16007397900006,40.79467262900005],[14.16013384300004,40.79472846400006],[14.160197788000062,40.79477961500004],[14.160317104000057,40.794981335000045],[14.160454892000075,40.79509669600003],[14.160655230000032,40.79524526600005],[14.160759940000048,40.79533510200008],[14.160824884000021,40.795344027000056],[14.160908122000023,40.795355466000046],[14.16124826500004,40.79534021100005],[14.161407331000078,40.79531957200004],[14.161577002000058,40.79528093400006],[14.161770833000048,40.79518220700004],[14.161838739000075,40.79514783800005],[14.161902544000043,40.79510829800006],[14.16204358400006,40.79507625300005],[14.162105894000035,40.79503339400003],[14.162168020000024,40.794991881000044],[14.162242420000041,40.79498951700003],[14.162213296000061,40.794905295000035],[14.162024617000043,40.794706688000076],[14.162067231000037,40.794587189000026],[14.162139142000058,40.79452936500007],[14.162191962000065,40.79448761100008],[14.162262076000047,40.79439893700004],[14.16223135100006,40.79434263500008],[14.162197333000051,40.794280300000025],[14.162151055000038,40.79423736200005],[14.16215076900005,40.794138341000064],[14.162092174000065,40.793965410000055],[14.161996816000055,40.793904059000056],[14.16190903200004,40.79384758300006],[14.161598083000058,40.79377150000005],[14.161330890000045,40.793724964000035],[14.161281275000022,40.79369710700007],[14.161229513000023,40.79366804700004],[14.161167547000048,40.79363325700007],[14.161020252000071,40.793500315000074],[14.160822540000026,40.79342365400004],[14.160610770000062,40.79333137100008],[14.16059595300004,40.79328976600004],[14.160698941000021,40.793271643000026],[14.160790657000064,40.79331104400006],[14.16084433800006,40.793276287000026],[14.160883777000038,40.79324009100003],[14.16090891400006,40.793210817000045],[14.160942329000022,40.79316765200008],[14.160978829000044,40.79312325800004],[14.161027873000023,40.79308048300004],[14.161121415000025,40.79302693900007],[14.161182934000067,40.79299538200007],[14.161281244000065,40.79294833800003],[14.161339303000034,40.79291296700006],[14.161373913000034,40.79288381900005],[14.161421596000025,40.792843101000074],[14.16165238800005,40.79278323300008],[14.16188531000006,40.79274127600007],[14.16220869700004,40.792758280000044],[14.16254845700007,40.79282406600004],[14.16260709200003,40.79282593700003],[14.162691551000023,40.79282665000005],[14.162807858000065,40.792798925000056],[14.162912585000072,40.79280322900007],[14.16305746300003,40.79281923700006],[14.163213552000059,40.79277532000003],[14.163269983000077,40.79272788900005],[14.163325625000027,40.79268988900003],[14.163444000000027,40.79262502500006],[14.163500739000028,40.79258777800004],[14.163659489000054,40.792553646000044],[14.163836032000063,40.79266276300007],[14.163932716000033,40.792721175000054],[14.164030242000024,40.792780091000054],[14.164159891000054,40.79281928800003],[14.164271444000065,40.79286380000008],[14.164441144000023,40.79301823800006],[14.164504309000051,40.79310450200006],[14.164549648000047,40.793166419000045],[14.164776079000035,40.79333631800006],[14.16495627300003,40.793454274000055],[14.165040588000068,40.79354349000005],[14.165095028000053,40.79360109700008],[14.16522989300006,40.793793110000024],[14.16529104600005,40.79392440100003],[14.165322313000047,40.79399153000003],[14.165340312000069,40.79408975500007],[14.165381345000071,40.79415093500006],[14.165450027000077,40.79421537400003],[14.165509198000052,40.794262235000076],[14.165687556000023,40.794461298000044],[14.165970629000071,40.79475019200004],[14.166158905000032,40.79487678600003],[14.166313647000038,40.79491485400007],[14.166489745000035,40.794960966000076],[14.166616288000057,40.795036312000036],[14.166660983000043,40.79507983900004],[14.166753265000068,40.79516971000004],[14.166813429000058,40.79532456100003],[14.166895517000057,40.79541691600008],[14.166932702000054,40.79545875200006],[14.16705051300005,40.795507480000026],[14.167055810000022,40.79564228800007],[14.167037457000049,40.79578715900004],[14.16715017000007,40.79590364000006],[14.167317215000025,40.79599517200006],[14.167433364000033,40.796003461000055],[14.167815175000044,40.795990817000074],[14.16823597900003,40.79600122800008],[14.168332237000072,40.796003608000035],[14.168336801000066,40.79613844900007],[14.168274822000058,40.79614495700008],[14.168114868000032,40.796139921000076],[14.16799622800005,40.796134763000055],[14.167907270000057,40.796130893000054],[14.16770172300005,40.79612195500005],[14.16739248700003,40.79614959400004],[14.167248781000069,40.79616492400004],[14.167199947000029,40.796201790000055],[14.16716772600006,40.79624006500006],[14.167197481000073,40.79629314600004],[14.167322780000063,40.796400058000074],[14.167491263000045,40.796500528000024],[14.167654044000074,40.79655624000003],[14.16793724200005,40.79665606000003],[14.168258459000072,40.79674967100004],[14.168358667000064,40.79678555100003],[14.168417259000023,40.79680653100007],[14.168513098000062,40.796840848000045],[14.168593577000024,40.79686966500003],[14.168653277000033,40.79689676100003],[14.168855302000054,40.79698845300004],[14.168930910000029,40.79698955900005],[14.169035708000024,40.797078906000024],[14.16913154100007,40.79716060700008],[14.169397373000038,40.79735123300003],[14.169802163000043,40.79748159800005],[14.170215608000035,40.79765658900004],[14.17040098900003,40.79777430200005],[14.170516563000035,40.79774660100003],[14.170599671000048,40.79772035900004],[14.170748401000026,40.797774815000025],[14.170807737000075,40.797796539000046],[14.171083287000044,40.79795971600004],[14.171167690000061,40.79803766900005],[14.171297089000063,40.798157178000054],[14.171509146000062,40.79833221000007],[14.171564108000041,40.798353054000074],[14.171625878000043,40.79837648100005],[14.17180326600004,40.798467541000036],[14.17199443800007,40.79853884200003],[14.172071391000031,40.79856754300005],[14.172147951000056,40.798596098000075],[14.172328298000025,40.79864093700007],[14.172531000000049,40.79869133400007],[14.172588162000068,40.798705547000054],[14.17274595400005,40.798744777000024],[14.17286592000005,40.79877925400007],[14.173049769000045,40.79883208900003],[14.173215080000034,40.79887959800004],[14.173328386000037,40.79891216000004],[14.173476587000039,40.79894907100004],[14.173569223000072,40.79897214400006],[14.173772377000034,40.799022742000034],[14.174098119000064,40.799098127000036],[14.174305223000033,40.79914283200003],[14.174476009000045,40.79915933900003],[14.174498880000044,40.799135283000055],[14.174547050000058,40.799091445000045],[14.174618261000035,40.799071387000026],[14.17466207800004,40.79906089100007],[14.174670898000045,40.79902735700006],[14.174790759000075,40.799005614000066],[14.17491744800003,40.798926521000055],[14.174973313000066,40.798887215000036],[14.175275125000041,40.79864360500005],[14.175330882000026,40.79860294100007],[14.175390846000028,40.79856279000006],[14.175450038000065,40.79852262700007],[14.175511631000063,40.79847961400003],[14.175564974000054,40.798442468000076],[14.175600467000038,40.798366490000035],[14.175620822000042,40.798322917000064],[14.175620437000077,40.79824190700003],[14.175571275000038,40.79818109800004],[14.175568095000074,40.798064202000035],[14.17559000700004,40.79795465900003],[14.175660679000032,40.79789695800008],[14.175714605000053,40.79785624800007],[14.175745205000055,40.79783467200008],[14.17579553400003,40.79779827700003],[14.175837302000048,40.79776765100007],[14.175888604000022,40.79773018100008],[14.175931631000026,40.79775975500007],[14.176001143000065,40.79780614500004],[14.176129179000043,40.797795886000074],[14.176287997000031,40.797725677000074],[14.176333430000057,40.79767222000004],[14.176387951000038,40.79761673100006],[14.176444189000051,40.79756944500008],[14.176496244000077,40.79752729100005],[14.176499627000055,40.79742810500005],[14.176441453000052,40.79740371300005],[14.176321419000033,40.79735509400007],[14.176079602000073,40.79732095600008],[14.175970999000072,40.797297971000035],[14.175904192000075,40.79728383100007],[14.175711774000035,40.79717094500006],[14.175648853000041,40.79710951100003],[14.175553106000052,40.79701602700004],[14.175600017000022,40.79692402200004],[14.175641037000048,40.796902343000056],[14.175698348000026,40.79686544600003],[14.175901768000074,40.79681500200007],[14.175953771000025,40.796768169000075],[14.175947858000029,40.796741687000065],[14.17595387800003,40.79671440800007],[14.176069252000048,40.796731726000075],[14.176116046000061,40.79674312600008],[14.176158024000074,40.796759243000054],[14.176170090000028,40.79683049400006],[14.176179962000049,40.79688880000003],[14.176327565000065,40.79695868500005],[14.176429890000065,40.79700810200006],[14.176489046000029,40.797076824000044],[14.17654148500003,40.79705224400004],[14.176595089000045,40.79701867600005],[14.176684056000056,40.797001170000044],[14.17690766100003,40.796982107000076],[14.17701037200004,40.79695907000007],[14.177058296000041,40.79694832200005],[14.177078725000058,40.796830363000026],[14.177049471000032,40.79678755900005],[14.17701604900003,40.796738652000045],[14.176946307000037,40.796660762000045],[14.176927163000073,40.79656709200003],[14.176955962000022,40.79651363800008],[14.17697438600004,40.79647944000004],[14.177058189000036,40.79646216500004],[14.177146378000032,40.79645369600007],[14.177268431000073,40.796461710000074],[14.177345593000041,40.79644473400003],[14.177523953000048,40.796481724000046],[14.177697693000027,40.79656393700003],[14.177940984000031,40.79668353400007],[14.178070297000033,40.79680375600003],[14.178279298000064,40.79692039400004],[14.178405858000076,40.796910198000035],[14.178534317000071,40.796920502000035],[14.17863722900006,40.796797335000065],[14.178668673000061,40.79677473800007],[14.178746326000066,40.79674386700003],[14.178812993000065,40.796697565000045],[14.17886657500003,40.79664638500003],[14.178768442000035,40.79657574200007],[14.178832464000038,40.79653590100003],[14.178897446000065,40.79650094700003],[14.178805993000026,40.79641053200004],[14.178816727000026,40.79636281200004],[14.178871843000024,40.79630918100003],[14.178932270000075,40.79625939300007],[14.178995691000068,40.79621293100007],[14.179031959000042,40.79609876200004],[14.179000699000028,40.79607766100003],[14.179009671000074,40.79601902100006],[14.179057378000039,40.795964999000034],[14.179099154000028,40.79592221000007],[14.179142435000074,40.79588222000007],[14.17911556200005,40.795784397000034],[14.17895125900003,40.79573777200005],[14.178891880000037,40.79568233700007],[14.178921540000033,40.795659957000055],[14.17897537400006,40.79561964900006],[14.178982985000061,40.795565288000034],[14.178910793000057,40.79545600000006],[14.178904975000023,40.79541760200004],[14.178898599000036,40.79537552200003],[14.179054978000067,40.79537748800004],[14.179112141000076,40.79546494500005],[14.17911377300004,40.795599915000025],[14.179086863000066,40.795682154000076],[14.179220254000029,40.79571216200003],[14.179292457000031,40.79571456200006],[14.17945037800007,40.795719811000026],[14.17952159600003,40.795712104000074],[14.179564546000051,40.79575968700004],[14.179697587000021,40.795785210000076],[14.179899170000056,40.795825653000065],[14.180040635000069,40.79577877100007],[14.18017552200007,40.79583572000007],[14.180227772000023,40.79583336800005],[14.180250435000062,40.79574582200007],[14.180273009000075,40.79569178600008],[14.180389895000076,40.795700028000056],[14.180539595000027,40.79571129500005],[14.180705488000058,40.795730836000075],[14.180821913000045,40.79584713400004],[14.180952426000033,40.795897496000066],[14.180992397000068,40.79587166500005],[14.181047337000052,40.79583248400007],[14.181246864000059,40.795922534000056],[14.181383595000057,40.79594788800006],[14.181614292000063,40.795972608000056],[14.181650610000077,40.79595387100005],[14.181691896000075,40.79587790200003],[14.18173746900004,40.795833584000036],[14.18179393400004,40.79578003900008],[14.181852955000068,40.795728688000054],[14.181818891000034,40.79558617400005],[14.181774186000041,40.79543063500006],[14.181723661000035,40.79534288100007],[14.181617292000055,40.79520362100004],[14.181456092000076,40.79503532200005],[14.181278774000077,40.79484073800006],[14.181149923000078,40.79469799100008],[14.180992141000047,40.794507029000044],[14.180951979000042,40.794238748000055],[14.180957694000028,40.79402162100007],[14.181008469000062,40.793966115000046],[14.181104462000064,40.794029316000035],[14.181200188000048,40.79415554900004],[14.181284962000063,40.79425526700004],[14.181439984000065,40.79440133700007],[14.181523869000046,40.794481820000044],[14.181641648000038,40.79459482400006],[14.181757881000067,40.794756146000054],[14.181838076000076,40.79489208100006],[14.181874429000061,40.795016486000065],[14.181909658000052,40.79514544300008],[14.181926167000029,40.79525273400003],[14.181977456000027,40.79530022600005],[14.182023525000034,40.79534288100007],[14.182023879000042,40.79543289600008],[14.18202879000006,40.79547943700004],[14.182038995000028,40.79557616000005],[14.182046569000022,40.79564794600003],[14.182049972000073,40.79575089300005],[14.182054739000023,40.79589516000004],[14.182054814000026,40.795957190000024],[14.182054901000072,40.79603019700005],[14.182050162000053,40.79608939600007],[14.18204477300003,40.796156695000036],[14.182054021000056,40.796237305000034],[14.18210423000005,40.79622604200006],[14.182198361000076,40.79620829800007],[14.18229750300003,40.79622634100008],[14.182383795000021,40.79631698600008],[14.182460573000071,40.79639005400003],[14.182644914000036,40.79640876000008],[14.18285340600005,40.79638586600004],[14.182974759000047,40.79638490200006],[14.183100227000068,40.79637024900006],[14.183234276000064,40.79633270000005],[14.183352483000021,40.79630943300003],[14.183441322000022,40.79624064700005],[14.183493436000049,40.79619896600008],[14.183603881000067,40.79610798900006],[14.183650314000033,40.796075244000065],[14.183715389000042,40.79604776100007],[14.183788014000072,40.796003115000076],[14.183841126000061,40.79595875100006],[14.183822323000072,40.79586956800006],[14.183813340000029,40.79575664200007],[14.183873492000032,40.79571871300004],[14.183834966000063,40.79567093300005],[14.183771354000044,40.79562428200006],[14.183767676000059,40.795577113000036],[14.183762959000035,40.79551662400007],[14.18375134400003,40.79547213300003],[14.183704186000057,40.79528519400003],[14.18370380600004,40.79519913300004],[14.18370324500006,40.79511403300006],[14.183753409000076,40.795074416000034],[14.183805943000038,40.795033028000034],[14.183782989000065,40.794966540000075],[14.183791721000034,40.79490762800003],[14.183813347000068,40.79485263600003],[14.183851968000056,40.794777673000056],[14.183906379000064,40.79474491000008],[14.183900043000051,40.794673172000046],[14.183838760000071,40.79459940800007],[14.183782095000026,40.79448041900008],[14.183760351000046,40.79441820300008],[14.183744924000052,40.79437405800007],[14.183677017000036,40.79424023400003],[14.183740218000025,40.794199337000066],[14.183793020000053,40.794164823000074],[14.183820234000052,40.79409607500003],[14.183824408000078,40.79405207900004],[14.183827955000027,40.79401470100004],[14.183923982000067,40.79400709400005],[14.183959671000025,40.79400426500007],[14.183982369000034,40.79396774500003],[14.183990576000042,40.79393535100007],[14.184050376000073,40.79392365500007],[14.184107624000035,40.793960940000034],[14.184162768000022,40.79395750700007],[14.184166008000034,40.79391984100005],[14.184253907000027,40.79392493600005],[14.184294313000066,40.79389015700008],[14.18422829800005,40.793888630000026],[14.184200348000047,40.79384771100007],[14.184251825000047,40.79382004800004],[14.184348509000074,40.793832321000025],[14.184382688000028,40.79383665900008],[14.184415391000073,40.79376460900005],[14.184468340000024,40.79372926700006],[14.184613874000036,40.793723484000054],[14.184659861000057,40.79368943400004],[14.184712466000065,40.793650746000026],[14.184791955000037,40.79352660200004],[14.184851270000024,40.79348430600004],[14.184905126000046,40.79344400000008],[14.185074734000068,40.793390575000046],[14.185121914000035,40.793375713000046],[14.185149744000057,40.793248418000076],[14.185182587000043,40.79315690800007],[14.185270364000075,40.793049352000025],[14.185353317000022,40.79298561000007],[14.185407357000031,40.792944214000045],[14.185452693000059,40.79277561500004],[14.185412958000029,40.79266486900008],[14.185376941000072,40.79259228800004],[14.185327746000041,40.79249315100003],[14.185393623000039,40.79239708700004],[14.185446709000075,40.79235724600005],[14.185510584000042,40.79234086400004],[14.185661742000036,40.79235440900004],[14.185711145000027,40.79235883600006],[14.185732267000049,40.79233537600004],[14.185695954000039,40.79228749600003],[14.185684604000073,40.79217997200004],[14.185684133000052,40.79211697300008],[14.185689827000033,40.79199067400003],[14.185705993000056,40.791936451000026],[14.185719754000047,40.79189029300005],[14.185825917000045,40.79190351500006],[14.185964590000026,40.79199179700004],[14.185986109000055,40.792049346000056],[14.186076126000046,40.79213081800003],[14.186310021000054,40.792291334000026],[14.186494398000036,40.79238655800003],[14.186643117000074,40.792366351000055],[14.186775878000049,40.79236937100006],[14.186982942000043,40.79241930100005],[14.187117338000064,40.79235155400005],[14.18717779800005,40.79231873900005],[14.18728615300006,40.79225582200007],[14.187343017000046,40.79221776500003],[14.187639790000048,40.79215937300006],[14.187764936000065,40.79213122400006],[14.187818805000063,40.79221432300005],[14.187912127000061,40.792406252000035],[14.187953741000058,40.79249183400003],[14.187963118000027,40.79263095700003],[14.187926067000035,40.792583111000056],[14.187895584000046,40.79252289000004],[14.18778801600007,40.792521813000064],[14.187728242000048,40.79255669600008],[14.187648811000031,40.792592625000054],[14.187669596000035,40.792617180000036],[14.18774187200006,40.792708453000046],[14.187747437000041,40.79278923000004],[14.187736506000022,40.79293376900006],[14.187717174000056,40.792970653000054],[14.187670867000065,40.79301528700006],[14.187646820000055,40.79304684400006],[14.187605983000026,40.79309426200007],[14.187584920000063,40.79311757000005],[14.187669479000022,40.79317537000003],[14.187803755000061,40.793169318000025],[14.187877109000055,40.79317951500008],[14.187963509000042,40.793235578000065],[14.188016087000051,40.793195757000035],[14.18802181600006,40.79316883900003],[14.188029630000074,40.79313212500006],[14.188190504000033,40.793115870000065],[14.18827329800007,40.79316165200004],[14.18833606000004,40.79323534900004],[14.188365196000063,40.793324065000036],[14.18839110600004,40.79339041900005],[14.188450191000072,40.79354980800008],[14.188526747000026,40.79367690000004],[14.188531499000021,40.79377571800006],[14.188644933000035,40.79381561800005],[14.188743558000056,40.79377966200008],[14.188806836000026,40.79376387000008],[14.188856239000074,40.79373406700006],[14.188898391000066,40.79361963000008],[14.188829989000055,40.79348316700003],[14.188858258000039,40.79336853800004],[14.188892931000055,40.79334890400003],[14.188949095000055,40.79331124300006],[14.189070628000024,40.79326524900006],[14.189243046000058,40.793311491000054],[14.189384288000042,40.793404155000076],[14.189420090000056,40.79339803900007],[14.189467121000064,40.793440933000056],[14.18956471100006,40.79347704600008],[14.189568511000061,40.79344986500007],[14.18964551700003,40.79346890000005],[14.189740817000029,40.79352312200007],[14.189830953000069,40.793577576000075],[14.189924778000034,40.793631864000076],[14.19001701600007,40.79371323200007],[14.190097413000046,40.79380413700005],[14.190260204000026,40.793859815000076],[14.190497451000056,40.79401567000008],[14.190602085000023,40.79413249000004],[14.190608576000045,40.79416820900008],[14.190877864000072,40.79433612200006],[14.190934377000076,40.79440559600005],[14.191113291000022,40.794487555000046],[14.191262951000056,40.79450781300005],[14.191355800000053,40.794528643000035],[14.191414424000072,40.794492228000024],[14.19147164900005,40.79445512800004],[14.191558710000038,40.79439658200005],[14.191613221000068,40.794356968000045],[14.19178527400004,40.79431319300005],[14.191951240000037,40.79431470900005],[14.192162101000065,40.79434120600007],[14.19249288900005,40.79444332000003],[14.192617261000066,40.79448913300007],[14.192841273000056,40.794571646000065],[14.192825522000021,40.79463537700008],[14.19278627500006,40.79462276800007],[14.192704209000055,40.79462734700007],[14.192547392000051,40.79455339700007],[14.192198897000026,40.794452084000056],[14.191818032000072,40.79441975100008],[14.191652267000052,40.79445873900005],[14.191599368000027,40.79450052800007],[14.191563097000028,40.79452979300004],[14.191504426000051,40.794577160000074],[14.191610449000052,40.79467219600008],[14.191740005000042,40.794738374000076],[14.191707559000065,40.794825366000055],[14.191687933000026,40.794934288000036],[14.191750773000024,40.794989971000064],[14.191829182000049,40.79502694800004],[14.19194658400005,40.795089173000065],[14.191979748000051,40.79509667900004],[14.192342762000067,40.79516582900004],[14.192448803000048,40.795120531000066],[14.192583395000042,40.79512796200004],[14.192578453000067,40.795254226000054],[14.192517138000028,40.795303456000056],[14.192337044000055,40.79539211400004],[14.192329389000065,40.79545902800004],[14.192424204000076,40.79550369300006],[14.192477687000064,40.79545233700003],[14.192499120000036,40.79538749000005],[14.192526893000036,40.79536520400006],[14.192551560000027,40.79533646600004],[14.19265169700003,40.795291435000024],[14.192685840000024,40.79533040800004],[14.192824676000043,40.795382662000065],[14.192922853000027,40.79538658900003],[14.193089085000054,40.79539323600005],[14.193134959000076,40.79544968600004],[14.193059212000037,40.79546243600004],[14.193025340000077,40.79546813700006],[14.19288006000005,40.79543258700005],[14.192764717000045,40.79541976000007],[14.192651992000037,40.79539945700003],[14.192594445000054,40.79540205300003],[14.192602202000046,40.79544025700005],[14.192620600000055,40.79549990500004],[14.192672799000036,40.79554256600005],[14.192820175000065,40.79558093000003],[14.193007652000063,40.79555446300003],[14.19310699700003,40.79561300100005],[14.193047678000028,40.795687702000066],[14.193111830000078,40.795693810000046],[14.19324210800005,40.79567442600006],[14.19331268700006,40.79570966600005],[14.193995542000039,40.79561911400003],[14.194045754000058,40.795679043000064],[14.19396646000007,40.79568932300003],[14.193849537000062,40.795704482000076],[14.193858716000022,40.79574093300005],[14.19379798500006,40.79575454700006],[14.193750871000077,40.79576337100008],[14.193743539000025,40.79572161500005],[14.193312001000038,40.79576626100004],[14.193300209000029,40.795800953000025],[14.193318141000077,40.795906314000035],[14.19343501000003,40.795868314000074],[14.193491572000028,40.795821138000065],[14.193557300000066,40.79580424900007],[14.193601902000069,40.79590126800008],[14.193710988000078,40.795923353000035],[14.193800392000071,40.795977839000045],[14.193859623000037,40.795979628000055],[14.19410573600004,40.795902882000064],[14.194180283000037,40.79589446600005],[14.19421899300005,40.79593346300004],[14.194352380000055,40.795919499000036],[14.194517320000045,40.795999496000036],[14.194604438000056,40.79607208900006],[14.194660015000068,40.796101090000036],[14.194806525000047,40.79608097100004],[14.194850150000036,40.79614652500004],[14.194845285000042,40.79625478000003],[14.194817897000064,40.79636855200005],[14.194892511000035,40.796432707000065],[14.195021818000043,40.796441825000045],[14.195076336000056,40.796397400000046],[14.195098448000067,40.79631087300004],[14.195059877000062,40.796272101000056],[14.195008303000066,40.79619783100003],[14.195044857000028,40.796155741000064],[14.195079498000041,40.796163179000075],[14.195126534000053,40.79619375500005],[14.195150460000036,40.79621849500006],[14.195178919000057,40.79620370600003],[14.195183565000036,40.796149479000064],[14.19516502600004,40.79608279400003],[14.195131488000072,40.79598527500008],[14.195123972000033,40.795929615000034],[14.195112153000025,40.79584210100006],[14.19508284400007,40.79573679600003],[14.195098018000067,40.79568968800004],[14.195178014000021,40.795699581000065],[14.195279261000053,40.79574452700007],[14.19536719100006,40.79579907600004],[14.195555076000062,40.795853614000066],[14.195737204000068,40.795872400000064],[14.195887608000078,40.79589261700005],[14.195994529000075,40.79586721900006],[14.19604933100004,40.79584930400006],[14.196045049000077,40.79581348600004],[14.196024259000069,40.79575590500008],[14.196017032000043,40.79569077200006],[14.19605456000005,40.795651004000035],[14.19613828100006,40.79565172400004],[14.196188380000024,40.79566746800003],[14.19619631300003,40.79571212400003],[14.19619050800003,40.795758103000026],[14.196182595000039,40.79582077900005],[14.196230093000054,40.79584114200003],[14.196319608000067,40.795868609000024],[14.196452692000037,40.79588510800005],[14.196547445000022,40.795894332000046],[14.196638472000075,40.795912730000055],[14.196722969000064,40.79590441300007],[14.19680071700003,40.79592341000006],[14.196779138000068,40.79596939800007],[14.19673842900005,40.79596513700005],[14.19667669100005,40.796011484000076],[14.196621908000054,40.796050398000034],[14.196620813000038,40.79608458300004],[14.19667701800006,40.79614056500003],[14.196790447000069,40.79627498700006],[14.196823153000025,40.79630502100008],[14.196952365000072,40.79636670700006],[14.197017498000037,40.79640428000005],[14.197094218000075,40.79649534600003],[14.197176624000065,40.796640172000025],[14.197225658000036,40.796736990000056],[14.197270373000038,40.79678143800004],[14.197309974000063,40.79677369600006],[14.197324137000066,40.796737044000054],[14.19733664000006,40.79666675400006],[14.197407594000026,40.79662073800006],[14.197500521000052,40.79662554400005],[14.197652679000043,40.79666818800007],[14.197734783000044,40.79671759900003],[14.197805747000075,40.79676030600007],[14.197947782000028,40.79684392000007],[14.198048042000039,40.796951928000055],[14.198123000000066,40.79711509600003],[14.198145692000026,40.79715908700007],[14.198195404000046,40.79717934800004],[14.19830259500003,40.79721501900008],[14.198359765000077,40.79723072200005],[14.198443337000072,40.797253676000025],[14.198607554000034,40.79723275300006],[14.198669809000023,40.79725244700006],[14.198725848000038,40.79725891900006],[14.198795130000065,40.79727379500008],[14.19886135300004,40.79731581800007],[14.198907936000069,40.797381236000035],[14.198919309000075,40.79748875800004],[14.19885492800006,40.797631211000066],[14.198826280000048,40.797785556000065],[14.198900791000028,40.79787672000003],[14.198987988000056,40.79793130000007],[14.198977370000023,40.79800380300003],[14.19904107800005,40.797996339000065],[14.19909963300006,40.79795992800007],[14.199148059000038,40.797933071000045],[14.199160342000027,40.79790550700005],[14.199144257000057,40.79783211000006],[14.199133843000027,40.79779866800004],[14.199202616000036,40.79778432000006],[14.199271537000072,40.79776994000008],[14.199341024000034,40.79776924200007],[14.19938716300004,40.797771468000064],[14.199395103000029,40.79771617200004],[14.199389245000077,40.797665590000065],[14.199385635000056,40.79755321600004],[14.19939449800006,40.79745828400007],[14.199323891000063,40.797312927000064],[14.199328791000028,40.79728760800003],[14.199339709000071,40.797231185000044],[14.199418162000029,40.79725915100005],[14.199515832000031,40.79727724600008],[14.199608338000075,40.79729557300004],[14.199623688000031,40.79733089100006],[14.199704174000033,40.797403778000046],[14.199829460000046,40.797434130000056],[14.199914551000063,40.79746179400007],[14.200005997000062,40.79756119600006],[14.200188474000072,40.797678992000044],[14.200285372000053,40.79770612300007],[14.200379245000022,40.797709686000076],[14.200441718000036,40.79771706300005],[14.20043197700005,40.79765987900004],[14.200421173000052,40.79759645200005],[14.200410753000028,40.79754791200003],[14.200399763000064,40.79749671800005],[14.200394376000077,40.797471622000046],[14.200492225000062,40.797444693000045],[14.200614667000025,40.797448161000034],[14.200678012000026,40.79747230800007],[14.200721929000053,40.79746582100006],[14.200680710000029,40.797514155000044],[14.200692654000022,40.79759318600003],[14.200769172000037,40.79764374500007],[14.200850505000062,40.79768958600005],[14.200975089000053,40.79771096400003],[14.201071213000034,40.79774713300003],[14.20112657900006,40.79783015800007],[14.201201094000055,40.79792132100005],[14.201151848000052,40.79796326300004],[14.20115295100004,40.79806304300007],[14.201180076000071,40.79812866200007],[14.201205925000068,40.79819119000007],[14.201305526000056,40.798281219000046],[14.20134360700007,40.798351523000065],[14.201435039000046,40.798363807000044],[14.201492906000055,40.79837564500008],[14.201541104000057,40.79834450800007],[14.20159127200003,40.79830881700008],[14.201685921000035,40.79834505100007],[14.201812996000058,40.79848335500003],[14.201922083000056,40.79859996300007],[14.201999237000052,40.79867043100006],[14.202048877000038,40.79871577000006],[14.202091916000029,40.798745335000035],[14.202129225000022,40.79882467500005],[14.202162006000037,40.79883669800006],[14.202193644000033,40.79882689400006],[14.202233260000071,40.79881997200005],[14.202242368000043,40.79878096400006],[14.20226434500006,40.79875925600004],[14.20231663800007,40.798721672000056],[14.202342509000061,40.79867670700003],[14.202339057000074,40.79864863500006],[14.202407699000048,40.79863303900004],[14.202487467000026,40.79861491500003],[14.202523407000058,40.79866730900005],[14.202532119000068,40.79870292600003],[14.202738533000058,40.798738609000054],[14.20285758700004,40.79874214200004],[14.202918879000038,40.798743959000035],[14.20310484600003,40.79872654800005],[14.203154913000049,40.798751293000066],[14.203284068000073,40.798736450000035],[14.203283854000063,40.79879047700007],[14.203216251000072,40.79882872100006],[14.203366347000042,40.79891729000008],[14.203489881000053,40.79892520800007],[14.20349919000006,40.79899681000006],[14.203638357000045,40.79906254100007],[14.203697522000027,40.79911838500004],[14.203763820000063,40.79914239500005],[14.204061516000024,40.79922796500006],[14.204399863000049,40.79929368900008],[14.204653782000037,40.79934972700005],[14.204735119000077,40.799395564000065],[14.204788115000042,40.79940155000003],[14.204950970000027,40.799267875000055],[14.205003936000026,40.79922585400004],[14.205075717000057,40.799263120000035],[14.205032810000034,40.79930250900003],[14.204995856000039,40.79928973700004],[14.204949061000036,40.79933364300007],[14.204902142000037,40.79938835200005],[14.204857052000023,40.79944078600005],[14.204883142000028,40.79955542400006],[14.204937659000052,40.79960618500007],[14.204994484000053,40.79956839300007],[14.205014651000056,40.79969352200004],[14.205029127000046,40.79976489000006],[14.205065562000073,40.79978574900008],[14.205087345000038,40.79987479300007],[14.205383993000055,40.80013596400005],[14.205625457000053,40.80018394500007],[14.205660788000046,40.80019096500007],[14.205684406000046,40.80012411400003],[14.205694728000026,40.800094899000044],[14.205788152000025,40.80006816400004],[14.205793142000061,40.80011295400004],[14.20577690400006,40.80016366700005],[14.20575804300006,40.800222577000056],[14.205863836000049,40.80024029800006],[14.205990885000062,40.800293070000066],[14.206077702000073,40.800302559000045],[14.20616214000006,40.800308889000064],[14.206194775000029,40.800315355000066],[14.206216188000042,40.80026431300007],[14.20627809900003,40.80013676400006],[14.20628524500006,40.80009969300005],[14.206339108000066,40.80009725600007],[14.206282367000028,40.80027088000003],[14.206383734000042,40.80028880000003],[14.206477194000058,40.80034759200004],[14.206614959000035,40.80030084600003],[14.20676301800006,40.80026263600007],[14.206807326000046,40.80034615900007],[14.206858799000031,40.80038884500004],[14.206950365000068,40.80046122600004],[14.207097375000046,40.80059862000007],[14.207258300000035,40.80076239300007],[14.207433002000073,40.80098856500007],[14.207624047000024,40.80104690400003],[14.207766795000055,40.80109049600003],[14.207723556000076,40.801148253000065],[14.20767214700004,40.80112808900003],[14.207645871000068,40.801111207000076],[14.207626639000068,40.80108783700007],[14.207573757000034,40.80108195300005],[14.207461840000065,40.80105243000003],[14.207457069000043,40.80109705000007],[14.207445520000022,40.801186062000056],[14.207368472000041,40.80136510600005],[14.207361031000062,40.80157250900004],[14.207452455000066,40.80183333700006],[14.207469755000034,40.80188269200005],[14.20744621600005,40.80196028300003],[14.207398286000057,40.802004176000025],[14.207305395000049,40.802096283000026],[14.207262145000072,40.80213983600004],[14.207292363000022,40.80216080800005],[14.207326059000025,40.802222303000065],[14.207382242000051,40.80233336800006],[14.207408426000029,40.80238513100005],[14.207424207000031,40.80250145400004],[14.207375682000077,40.80254521200004],[14.207334371000059,40.80258850200005],[14.207323373000065,40.80272658800004],[14.207305672000075,40.802916452000034],[14.207277746000045,40.80307976800003],[14.207226500000047,40.80310896300006],[14.207158071000038,40.803121195000074],[14.207083298000043,40.80309306800007],[14.207116276000022,40.80300405000003],[14.207147244000055,40.802973879000035],[14.207196430000067,40.802931122000075],[14.207225641000036,40.80275922000004],[14.207243361000053,40.802527643000076],[14.207283940000025,40.80242574300007],[14.207276682000042,40.802274226000065],[14.207237028000065,40.802202686000044],[14.207219445000021,40.802177793000055],[14.207205730000055,40.80214984400004],[14.20704642100003,40.802221031000045],[14.206993675000035,40.802262549000034],[14.20694207400004,40.80230265800003],[14.206908259000045,40.80238075500006],[14.206860048000067,40.80241103600008],[14.206809836000048,40.802430325000046],[14.206751649000068,40.80246657200007],[14.206661053000062,40.80253223300008],[14.206613267000023,40.80257607100003],[14.206546796000055,40.80265486700006],[14.206495226000072,40.80281695700006],[14.206434881000064,40.80298286300007],[14.206397781000021,40.80313309100006],[14.206486648000066,40.80333163500006],[14.20663714400007,40.80352289000007],[14.206739364000043,40.80370282500007],[14.206866389000027,40.803859129000045],[14.206909646000042,40.80392919600007],[14.206951569000069,40.80405784100003],[14.207004595000058,40.80417698200006],[14.207059206000054,40.80436357100007],[14.207056504000036,40.80448973500006],[14.206992507000052,40.80453906900004],[14.206982355000036,40.80435262900005],[14.206972533000055,40.80431710700003],[14.206914012000027,40.804230596000025],[14.206841558000065,40.80417535500004],[14.206742396000038,40.80406280500006],[14.206539619000068,40.80403596900004],[14.206487106000054,40.804084798000076],[14.206365164000033,40.80412488800005],[14.206274054000062,40.80412450800003],[14.206207293000034,40.80412302800005],[14.206223561000058,40.80416538600008],[14.206239831000062,40.80419808100004],[14.206216855000037,40.80432066000003],[14.206202219000033,40.804376526000055],[14.20617866400005,40.80446643500005],[14.206220936000022,40.804505035000034],[14.206247678000068,40.80464787200003],[14.206189830000028,40.80466222000007],[14.20607007700005,40.80469191900005],[14.206067963000066,40.80472075800003],[14.206063455000049,40.80478224800004],[14.206139284000074,40.80491836300007],[14.206239711000023,40.80499034300004],[14.20637931500005,40.80504254600004],[14.206496006000066,40.80501025800004],[14.206521321000025,40.80508323500004],[14.206555112000046,40.80513137300005],[14.206664753000041,40.805443765000064],[14.206809731000021,40.80544170700006],[14.206818381000062,40.80558986400007],[14.206764075000024,40.80559818200004],[14.206651545000057,40.80561541800006],[14.206651948000058,40.80564938800006],[14.206686651000041,40.80569485700005],[14.206651726000075,40.80575945800007],[14.206602291000024,40.805802861000075],[14.206547792000038,40.80585641400006],[14.206585248000067,40.80587500200005],[14.206545764000055,40.80591898400007],[14.206517998000038,40.80599958400006],[14.206508136000025,40.80596258300005],[14.206496494000078,40.80590527100003],[14.206439117000059,40.80594911800006],[14.206409436000058,40.805967045000045],[14.206329199000038,40.805981118000034],[14.206276943000034,40.80602330600004],[14.206254513000033,40.80604226400004],[14.206238230000054,40.806133782000074],[14.206239391000054,40.80621475600003],[14.206192557000065,40.806401436000044],[14.206146169000021,40.80641724800006],[14.206055519000074,40.80644814900006],[14.205963526000062,40.80648382100003],[14.205910749000054,40.80649071000005],[14.205779294000024,40.80642913600008],[14.20562721400006,40.806454022000025],[14.20557210800007,40.80649290300005],[14.205529630000058,40.806519508000065],[14.205531078000035,40.806606919000046],[14.205552057000034,40.80671400500006],[14.205497218000062,40.80675318700003],[14.205422223000028,40.806806685000026],[14.205373425000062,40.80684950600005],[14.205323013000054,40.806905363000055],[14.205284155000072,40.806945764000034],[14.205266035000022,40.80712757400005],[14.205205457000034,40.80724285200006],[14.20522113100003,40.807386189000056],[14.205313795000052,40.80755755500007],[14.205482080000024,40.80773000000005],[14.205583913000055,40.807725393000055],[14.205680194000024,40.807725540000035],[14.205739158000029,40.80774087700007],[14.205894123000064,40.807733867000024],[14.205975805000037,40.80772805500004],[14.206067921000056,40.80772150200005],[14.206100179000032,40.80777406000004],[14.206094140000062,40.807904876000066],[14.206145309000021,40.80812313200005],[14.206183784000075,40.80822002300005],[14.20619974400006,40.808260215000075],[14.206198727000071,40.80833228400007],[14.206144169000027,40.808366514000056],[14.20606680700007,40.80841384100006],[14.205995904000076,40.80840898300005],[14.205907808000063,40.808390462000034],[14.205890612000076,40.808439562000046],[14.205880577000073,40.80846821800003],[14.205838099000061,40.808479470000066],[14.205798597000069,40.80848993300003],[14.205736927000032,40.808506227000066],[14.205645740000023,40.80852385800006],[14.205649553000057,40.80855420600005],[14.205653612000049,40.80858652100005],[14.205672906000075,40.80865317100006],[14.205712475000041,40.808723404000034],[14.205807422000078,40.80868759800006],[14.205849835000038,40.80869018100003],[14.205919977000065,40.80877253500006],[14.206028386000071,40.80888016700004],[14.206089075000023,40.80892693700008],[14.206063354000037,40.80899562400003],[14.20603161300005,40.80897976500006],[14.205972340000073,40.80896823100005],[14.205819059000078,40.808921148000024],[14.205702852000059,40.808921904000044],[14.205586574000051,40.80894066800005],[14.205548479000072,40.808978651000075],[14.205600739000033,40.80909307700006],[14.20574014400006,40.80929383700004],[14.205858849000037,40.809410007000054],[14.205991965000067,40.80952102300006],[14.206108886000038,40.80954860600008],[14.206261046000066,40.80944198100008],[14.206315952000068,40.80940283000007],[14.206294727000056,40.80935877600007],[14.206149735000054,40.80926630400006],[14.206054136000034,40.80911018200004],[14.206122461000064,40.80906947400007],[14.206205391000026,40.809088229000054],[14.206321287000037,40.80916851300003],[14.20642252600004,40.80922245100004],[14.206611721000058,40.80923639800005],[14.206672162000075,40.80925166800006],[14.206787810000037,40.80930045300005],[14.206916884000066,40.80940714900004],[14.20694117100004,40.809518586000024],[14.206906421000042,40.80963269500006],[14.206859264000059,40.809677427000054],[14.206809109000062,40.80973719900004],[14.206769441000063,40.809778677000054],[14.206725448000043,40.809818257000074],[14.206680991000042,40.80985775500005],[14.20665103500005,40.80994585000008],[14.206611051000039,40.809948003000045],[14.206627845000071,40.81002792600003],[14.206716689000075,40.81023547400008],[14.206807182000034,40.81039793400004],[14.206850475000067,40.810392695000075],[14.206895322000037,40.81033909900003],[14.206942347000052,40.81029458200004],[14.206979818000036,40.81026975700007],[14.207034709000027,40.81023008600005],[14.20710249800004,40.81025402700004],[14.207057100000043,40.81035511300007],[14.207104333000075,40.81044750700005],[14.207136427000023,40.81049389900005],[14.207182843000055,40.810560992000035],[14.20727647900003,40.81064763200004],[14.207307783000033,40.810625024000046],[14.207361676000062,40.81058440900006],[14.20742946300004,40.81060835000005],[14.207394329000067,40.81072697800005],[14.20732173700003,40.81089681700007],[14.207267939000076,40.81097577700007],[14.207218819000047,40.81100822600007],[14.20718388000006,40.81103190600004],[14.207126261000042,40.811085641000034],[14.207060296000066,40.811057197000025],[14.207031585000038,40.81104049100003],[14.206927989000064,40.811022672000036],[14.206962674000067,40.811080350000054],[14.206885597000053,40.81109672700006],[14.206824362000077,40.81110838700005],[14.206764871000075,40.81115761700005],[14.206781212000067,40.81120036900006],[14.206873705000078,40.811227693000035],[14.207010897000032,40.81123949100004],[14.207129956000074,40.811265613000046],[14.20717968100007,40.81128587100005],[14.207315713000071,40.811311224000065],[14.207390008000061,40.81134765100006],[14.207447036000076,40.81131428400005],[14.207485445000032,40.811303544000054],[14.207570524000062,40.81134020600007],[14.207663338000032,40.81147555100006],[14.207740404000049,40.81148556800008],[14.207807333000062,40.81182915100004],[14.20775877400007,40.81186663600005],[14.207801084000039,40.81191946300004],[14.20789009400005,40.81189292700003],[14.207961891000025,40.811930191000044],[14.208003645000076,40.812009327000055],[14.208064526000044,40.812087520000034],[14.208095054000069,40.81212672800007],[14.208088875000044,40.81219903300007],[14.20812718600007,40.812309835000065],[14.20807160000004,40.812352144000045],[14.207937567000045,40.81240394500003],[14.207816717000071,40.81245261500004],[14.207780420000063,40.812496585000076],[14.207733340000061,40.812534009000046],[14.207736182000076,40.81258411500005],[14.207690014000036,40.81262374900007],[14.207616071000075,40.81263906700008],[14.207629982000071,40.81266704600006],[14.207603812000059,40.81275666000005],[14.207623599000044,40.81279177600004],[14.207825437000054,40.81307073500005],[14.207871577000049,40.813064145000055],[14.207944946000055,40.81310287000008],[14.207990709000057,40.813072257000044],[14.20804701000003,40.813110222000034],[14.208202909000022,40.81324721200008],[14.20835775300003,40.81337074600003],[14.208454292000056,40.81340238800004],[14.20856000300006,40.813447119000045],[14.208624421000025,40.81348471700005],[14.208742746000041,40.81351087000007],[14.208860720000075,40.81353611500003],[14.20891552200004,40.813482401000044],[14.208974781000052,40.813420489000066],[14.209023728000034,40.81337697500004],[14.209067455000024,40.813343743000075],[14.209126522000076,40.813298399000075],[14.209186817000045,40.813252189000025],[14.209285044000069,40.81332426700004],[14.20933037900005,40.813335719000065],[14.209369356000025,40.81336996600004],[14.209378107000077,40.81339657800004],[14.209452721000048,40.81346972400007],[14.209411342000067,40.813513648000026],[14.209537426000054,40.813605436000046],[14.209486421000065,40.81364868400004],[14.209418080000034,40.81371257500007],[14.209384054000054,40.81367540000008],[14.209346853000056,40.81365907800006],[14.209328176000042,40.81371547900005],[14.20928402900006,40.81378346200006],[14.209279542000047,40.81386953800006],[14.209273679000034,40.81398199500006],[14.209293262000074,40.81407113800003],[14.209389705000035,40.81408447500007],[14.209435499000051,40.81405916700004],[14.209493042000076,40.81402157900004],[14.209587121000027,40.814018858000054],[14.20965220000005,40.813982862000046],[14.20974887500006,40.81397848600005],[14.209784197000033,40.81400389500004],[14.209926714000062,40.814168497000026],[14.210002204000034,40.814205593000054],[14.210037456000066,40.81424901100007],[14.210003596000035,40.81442159900007],[14.20999052600007,40.81446270500004],[14.21002388200003,40.81451971300004],[14.209978203000048,40.81459830600005],[14.209941884000045,40.81461082100003],[14.209872919000077,40.81463458400003],[14.209854483000072,40.814664030000074],[14.209794599000077,40.81475966900007],[14.209812739000029,40.814839875000075],[14.20985625700007,40.81494143800006],[14.209944792000044,40.81504096300006],[14.209974242000044,40.81505763500007],[14.210000905000072,40.815093983000054],[14.210050350000074,40.81504447900005],[14.210056719000022,40.815004384000076],[14.210107287000028,40.814997593000044],[14.210251545000062,40.81495750700003],[14.21030081500004,40.81494381500005],[14.210310880000065,40.814862463000054],[14.210338007000075,40.81484152300004],[14.21039083100004,40.814800054000045],[14.21045828900003,40.81474634500006],[14.210510910000039,40.81470472700005],[14.210591350000072,40.814701084000035],[14.210652013000072,40.81475685600003],[14.21068705600004,40.81480703600005],[14.210728399000061,40.81494695900005],[14.210673898000039,40.81495066200006],[14.210686773000077,40.814998854000066],[14.210700649000046,40.81506525400005],[14.210786609000024,40.81506586300003],[14.210783452000044,40.81512002300008],[14.210776605000035,40.81517435100005],[14.210830636000026,40.81532495300007],[14.210814865000032,40.815397691000044],[14.210770469000067,40.81536523500006],[14.21072330800007,40.81531631000007],[14.21065137000005,40.81531506600004],[14.210597998000026,40.81534822000003],[14.210540267000056,40.81537620100005],[14.210442340000043,40.81542269000005],[14.210414436000065,40.81543930700008],[14.210434984000074,40.81555894100006],[14.210501914000076,40.81571346000004],[14.210487095000076,40.81582666800006],[14.210438924000073,40.81587091100005],[14.210454316000039,40.81590917900007],[14.210467498000071,40.81593559100003],[14.210536381000054,40.81596398200003],[14.210576733000039,40.81602517500005],[14.21062730500006,40.81601838300003],[14.210689307000052,40.81611010600005],[14.210616328000071,40.81615345600005],[14.210607397000047,40.816208345000064],[14.21065969500006,40.816232986000045],[14.210956512000052,40.816120768000076],[14.211123943000075,40.81619868900003],[14.211162693000063,40.81624374000006],[14.211116658000037,40.81629940800008],[14.210994098000072,40.81626391300006],[14.210932625000055,40.81624216600005],[14.210870697000075,40.81625880300004],[14.21083063900005,40.81629531600004],[14.21083124100005,40.81639182500004],[14.210834830000067,40.81644410000007],[14.210843422000039,40.81652626400006],[14.210956554000063,40.816561653000065],[14.210979501000054,40.81654260800008],[14.21105804900003,40.816552555000044],[14.211011394000025,40.81659686900008],[14.210983001000045,40.81662929000004],[14.210992271000066,40.816681009000035],[14.211088138000036,40.81662688600005],[14.211144612000055,40.81658914800005],[14.211220868000055,40.816598390000024],[14.21128387300007,40.816551332000074],[14.211408797000047,40.81648361600003],[14.211466141000074,40.81644628500004],[14.21150233700007,40.816469991000076],[14.21156353300006,40.81651519600007],[14.211618939000061,40.81657528800008],[14.21161823400007,40.81663499800004],[14.211694812000076,40.81680212100008],[14.211742985000058,40.81676920500007],[14.21191523300007,40.81681837900004],[14.212088891000064,40.817029234000074],[14.212005612000041,40.81704566500008],[14.211847269000032,40.81694422100003],[14.211790380000025,40.81698068600008],[14.211705593000033,40.81702361600003],[14.211980279000045,40.817271531000074],[14.212108809000028,40.81733323000003],[14.212096492000057,40.81746883200003],[14.212206258000037,40.81751943200004],[14.212252148000061,40.817479787000025],[14.212344752000035,40.81748009300003],[14.212432759000023,40.81752562200006],[14.21254129600004,40.81760623300005],[14.212624739000034,40.81768798000007],[14.212570301000028,40.81772339100007],[14.212507746000028,40.81769778100005],[14.212390386000038,40.817608567000036],[14.212321432000067,40.817598187000044],[14.212272621000068,40.81764241600007],[14.212215357000048,40.817703632000075],[14.212205203000053,40.81779701600004],[14.212242570000058,40.81786734600007],[14.212328670000034,40.81783193500007],[14.212361846000022,40.81783943500005],[14.212410204000037,40.817832743000054],[14.212444891000075,40.81783117200007],[14.212512471000025,40.81781460600007],[14.212499723000064,40.817869200000075],[14.212624793000032,40.81806610000007],[14.21262940400004,40.81811540800004],[14.212628429000063,40.818178472000056],[14.212625728000035,40.81821010400006],[14.212619249000056,40.818363447000024],[14.212614096000038,40.81845737200007],[14.212611326000058,40.81850785300003],[14.21255939300005,40.81858222900007],[14.212600553000073,40.818625379000025],[14.212724509000054,40.818628766000074],[14.21286998000005,40.818571950000035],[14.21290704200004,40.81855747600008],[14.212959042000023,40.818465091000064],[14.212910400000055,40.81844928900006],[14.212768331000063,40.818356693000055],[14.212768131000075,40.818326038000066],[14.212767864000057,40.81828469100003],[14.212875969000038,40.81828429500007],[14.21298274700007,40.818342477000044],[14.213081792000025,40.818396509000024],[14.213227232000065,40.818475447000026],[14.213407158000052,40.81860684000003],[14.213575493000064,40.81877927100004],[14.213753492000023,40.818933257000026],[14.213866427000028,40.81902267100003],[14.213893398000039,40.819111477000035],[14.213829944000054,40.81914337300003],[14.213789660000032,40.81916974400008],[14.213793576000057,40.819264548000035],[14.213856491000058,40.81935901800006],[14.21411044000007,40.81916287900003],[14.214163345000031,40.81912179100004],[14.214074198000048,40.81904093400004],[14.21413573600006,40.818992868000066],[14.214193928000043,40.81895399300004],[14.21413083300007,40.81888655100005],[14.214105318000065,40.81886709100007],[14.214068773000065,40.81884383800008],[14.214106496000056,40.81880386900008],[14.214151644000026,40.81880221600005],[14.214253427000074,40.81891855500004],[14.214508146000071,40.81918686300003],[14.214589671000056,40.81927170100005],[14.214638018000073,40.819326913000054],[14.214575127000046,40.819361653000044],[14.214531604000058,40.81931558100007],[14.214454099000022,40.819228784000074],[14.214315631000034,40.81907419200007],[14.214269886000068,40.81910880400005],[14.213908316000072,40.81938131900006],[14.214013427000054,40.81948767100005],[14.214079949000052,40.81944917200008],[14.214099229000055,40.819427921000056],[14.214136839000048,40.81941254600008],[14.214149545000055,40.81938346100003],[14.214251110000077,40.81935635100007],[14.214360105000026,40.81941443300008],[14.21448964900003,40.81951847300007],[14.21455941000005,40.819594462000055],[14.214671575000068,40.81969291200005],[14.214739652000048,40.819794098000045],[14.214835304000076,40.81994281600004],[14.21487843400007,40.82000233600007],[14.214926086000048,40.820091500000046],[14.214868660000036,40.820122637000054],[14.214782340000056,40.82016242200007],[14.21465667900003,40.820125725000025],[14.214599151000073,40.82016164700008],[14.214556768000023,40.82018016200004],[14.214494147000039,40.820209496000075],[14.214433177000046,40.82024150700005],[14.214380295000069,40.820265723000034],[14.214433217000021,40.82028890200007],[14.214377239000044,40.820327306000024],[14.21430560400006,40.82037003800008],[14.21425402400007,40.82042045000003],[14.21422737000006,40.82050073000005],[14.214232662000029,40.820530811000026],[14.214256284000044,40.82063903100004],[14.21430979300004,40.82073563800003],[14.214404917000024,40.82085286700004],[14.214544825000075,40.820968433000075],[14.185539058000074,40.84716492500007],[14.185401511000066,40.847133264000036],[14.184322956000074,40.847127853000075],[14.183953388000077,40.84723453600003],[14.183357999000066,40.84740991100006],[14.18260041800005,40.84786623400004],[14.182401124000023,40.847990766000066],[14.182493781000062,40.84797406400003],[14.182659326000078,40.84796952200003],[14.182875625000065,40.84811964600004],[14.182957660000056,40.84817737700007],[14.183031894000067,40.848257914000044],[14.183096920000025,40.84847554500004],[14.183192947000066,40.848619100000064],[14.183289115000036,40.84875122700004],[14.183683297000073,40.84884095100006],[14.166476838000051,40.86438092600008],[14.166419747000077,40.86436153000005],[14.165962193000041,40.86424865300006],[14.16609943900005,40.86367942600003],[14.165705935000062,40.86363447400004],[14.165863462000061,40.86317506800003],[14.165783674000068,40.86314265300007],[14.165693146000024,40.86309228300007],[14.165497706000053,40.86301984800008],[14.165420934000053,40.862990883000066],[14.164973571000075,40.86325823900006],[14.164658876000033,40.86345242800007],[14.164531504000024,40.86351592800003],[14.164318652000077,40.86349534100003],[14.164168472000028,40.86347520700008],[14.163868595000054,40.863396856000065],[14.16338663700003,40.86384090400003],[14.162966029000074,40.86439013700004],[14.162947927000062,40.864440427000034],[14.162836122000044,40.864751037000076],[14.162782263000054,40.86504583300007],[14.162653552000052,40.865311520000034],[14.162778665000076,40.865331473000026],[14.162737819000029,40.86558827500005],[14.162587396000049,40.86558718200007],[14.162480755000047,40.86609108400006],[14.162004653000054,40.86606858000005],[14.162013825000031,40.86633526800006],[14.161537121000038,40.86636036900006],[14.161539282000035,40.866188985000065],[14.161530077000066,40.86577157800008],[14.161529820000055,40.86566355300005],[14.161525710000035,40.86559171400006],[14.161497637000025,40.865097809000076],[14.16139497000006,40.865102414000035],[14.161331449000045,40.86510526400008],[14.161097243000029,40.865109946000075],[14.161096317000045,40.86525536000005],[14.161085815000035,40.86529184400007],[14.16107558300007,40.86541801300007],[14.160734705000039,40.865373747000035],[14.160776999000063,40.86500269000004],[14.160144399000046,40.86461914900008],[14.160141001000056,40.86452032400007],[14.160145170000021,40.86440771400004],[14.160238099000026,40.864372831000026],[14.160525463000056,40.86424083700007],[14.16062733700005,40.864082791000044],[14.160815627000034,40.86386798500007],[14.161149284000032,40.863564920000044],[14.161288475000049,40.863401123000074],[14.161114785000052,40.86343592400004],[14.160508426000035,40.86353965200004],[14.15998423600007,40.86368020400005],[14.15970107000004,40.86375592600007],[14.159596376000025,40.863801135000074],[14.159466570000063,40.86384747000005],[14.159345546000054,40.863911417000054],[14.15930523000003,40.86392673000006],[14.15908130300005,40.863801727000066],[14.158959320000065,40.86358662300006],[14.158939150000037,40.863556018000054],[14.158886994000056,40.86349533500004],[14.158860176000076,40.863465028000064],[14.158727085000066,40.863435276000075],[14.158600694000029,40.86328309900006],[14.15855795300007,40.86318148100003],[14.15850277800007,40.86305341100007],[14.158463340000026,40.862956146000045],[14.158443798000064,40.862704938000036],[14.158384029000047,40.86261308600007],[14.158364772000027,40.862298845000055],[14.158343427000034,40.86211974100007],[14.158379901000046,40.862055085000065],[14.158522651000055,40.86200366800006],[14.158547431000045,40.86191252800006],[14.15858539800007,40.861762275000046],[14.158669857000064,40.861618942000064],[14.15868363900006,40.861510288000034],[14.158672024000055,40.861465793000036],[14.158543627000029,40.86128248700004],[14.158640843000057,40.86109356600008],[14.158691773000044,40.860852702000045],[14.158695248000072,40.860573454000075],[14.158686785000043,40.860321749000036],[14.158771118000061,40.860205429000075],[14.15886813000003,40.86006153200003],[14.158916501000022,40.85997833600004],[14.158990284000026,40.85974545000005],[14.158970206000049,40.85944925200005],[14.158879779000074,40.859115694000025],[14.158799043000045,40.858925749000036],[14.158777391000058,40.85873315500004],[14.158744312000067,40.85853657200005],[14.158687129000043,40.85836357800008],[14.158557942000073,40.858274839000046],[14.15854710900004,40.858221307000065],[14.158465351000075,40.85809442900006],[14.158445787000062,40.857766696000056],[14.158473206000053,40.857499878000056],[14.158504734000076,40.85689526200008],[14.15862061100006,40.85608879800003],[14.158647272000053,40.85590754300006],[14.158656233000045,40.85580360600005],[14.158656129000065,40.85574509000003],[14.157533661000059,40.856117694000034],[14.157467262000068,40.856136347000074],[14.157337092000034,40.85622287000007],[14.157302567000045,40.856264931000055],[14.157277992000047,40.856311048000066],[14.157146167000064,40.85639798400007],[14.15708019300007,40.856454960000065],[14.156978689000027,40.856531534000055],[14.156942378000053,40.85656017100007],[14.156906806000052,40.856588774000045],[14.156855349000068,40.856629618000056],[14.156438494000042,40.85662615500007],[14.155634122000038,40.85661658200007],[14.155608720000032,40.855718258000024],[14.155482594000034,40.85567577900008],[14.155388740000035,40.85561246100008],[14.154453673000035,40.855570742000054],[14.15465062800007,40.85592358300005],[14.154425959000037,40.85598995000004],[14.154791042000056,40.856616074000044],[14.154416949000051,40.856698347000076],[14.154357566000044,40.856590478000044],[14.15434261200005,40.85655063400003],[14.15373024400003,40.856721648000075],[14.153759670000056,40.85678567600007],[14.153795583000033,40.85686382000006],[14.15342836900004,40.85699148300006],[14.153268792000063,40.85663324500007],[14.152591012000073,40.85712702500007],[14.152765002000024,40.85752504300007],[14.152435808000064,40.85759630500007],[14.152398043000062,40.857524537000074],[14.15237326600004,40.85745917200006],[14.151375281000071,40.85767918700003],[14.151380570000072,40.857849258000044],[14.151156832000026,40.85784194400003],[14.15115024000005,40.85777388300005],[14.150851536000062,40.85779435400008],[14.150717805000056,40.85781760200007],[14.150657204000026,40.857821261000026],[14.150672788000065,40.857925901000044],[14.150694458000032,40.85810949300003],[14.15060561200005,40.85855912000005],[14.150421966000067,40.85899048500005],[14.150363231000028,40.85955229000007],[14.15097578800004,40.85954564300005],[14.151007216000039,40.85964523500007],[14.151562909000063,40.85966174500004],[14.151771478000057,40.859973781000065],[14.151523395000027,40.86019551600003],[14.151251958000046,40.86016143100005],[14.151083424000035,40.86014026600003],[14.150739610000073,40.86011522600006],[14.15038406800005,40.86007704700006],[14.150289224000062,40.86006778800004],[14.150231655000027,40.86041084800007],[14.150211054000067,40.86053361300003],[14.150187646000063,40.860591132000025],[14.150586572000066,40.86062392900004],[14.15098557500005,40.86071912800003],[14.151449241000023,40.86079467900004],[14.151600888000075,40.86082976400007],[14.151856320000036,40.86085272300005],[14.152178717000027,40.86089064200007],[14.152330004000078,40.86089300700007],[14.15234815100007,40.86107686400004],[14.151769720000061,40.86108601900003],[14.151626546000045,40.86137299600006],[14.151345235000065,40.861301842000046],[14.15111703100007,40.86163031600006],[14.151916998000047,40.86184574400005],[14.152099817000021,40.861928281000075],[14.151881669000034,40.86227200700006],[14.151294432000043,40.862063298000066],[14.151116822000063,40.86226994900005],[14.15088909900004,40.86243605400006],[14.150910450000026,40.86295663400006],[14.150558105000073,40.862993344000074],[14.150544523000065,40.86335966100006],[14.150509980000038,40.86351968200006],[14.150023909000026,40.863492517000054],[14.150047404000077,40.86325746700004],[14.150052886000026,40.863173231000076],[14.150076167000066,40.86300018400004],[14.150114292000069,40.86285191300004],[14.149507013000061,40.862560845000075],[14.149230610000075,40.86283703400005],[14.149023656000054,40.86272904600003],[14.148866658000031,40.86263728000006],[14.148761450000052,40.862747685000045],[14.14869808800006,40.86280345700004],[14.148604944000056,40.86288544200005],[14.148537322000038,40.86293064500006],[14.148420487000067,40.86300874600005],[14.14840016200003,40.86303781400005],[14.147742682000057,40.86340935000004],[14.147463247000076,40.863552398000024],[14.147346642000059,40.86361613500003],[14.147681353000053,40.86381273000006],[14.14792542400005,40.86396836500006],[14.148306767000065,40.86422139100006],[14.148601554000038,40.86440222700003],[14.148690180000074,40.86444256100003],[14.148922683000023,40.86436530000003],[14.149060311000028,40.86460400100003],[14.14853454100006,40.86477871500006],[14.148408073000041,40.86475287900004],[14.147856521000051,40.86491614500005],[14.147748085000046,40.865122573000065],[14.147354172000064,40.86532896600005],[14.147280981000051,40.86525643500005],[14.146985169000061,40.86537223800008],[14.146771105000028,40.86548864400004],[14.146631333000073,40.86554971000004],[14.146782130000076,40.86570462100008],[14.14686339900004,40.86578334300003],[14.14660146500006,40.865965559000074],[14.146697819000053,40.86605971000006],[14.146790449000036,40.866150219000076],[14.146909626000024,40.86626666900003],[14.146972894000044,40.86632848900007],[14.145650438000075,40.86696384800007],[14.145888617000026,40.867377110000064],[14.145934966000027,40.86743318600003],[14.146251010000071,40.867815552000025],[14.146301683000047,40.86787630500004],[14.146430442000053,40.867978582000035],[14.146673272000044,40.86816578600008],[14.146836161000067,40.868392577000066],[14.14685786900003,40.86856716500006],[14.146950324000045,40.868613921000076],[14.14709797200004,40.86865756700007],[14.146896965000053,40.868656575000045],[14.146781993000047,40.868655439000065],[14.146552510000049,40.86861168400003],[14.145896661000052,40.86848607100006],[14.145161649000045,40.868345291000026],[14.144806566000057,40.86828003800008],[14.14394082900003,40.868120788000056],[14.143512971000064,40.867948873000046],[14.142962314000044,40.86772789300005],[14.142800124000075,40.86763762500004],[14.14233291100004,40.86737789700004],[14.141983390000064,40.86718644300004],[14.141463405000025,40.86710725100005],[14.140635136000071,40.86698115100006],[14.140745477000053,40.86671959600005],[14.140807633000065,40.866564149000055],[14.140892345000054,40.86635290800007],[14.141075021000063,40.86594860100007],[14.140937846000043,40.865522585000065],[14.140670195000041,40.86512490100006],[14.140145747000076,40.864455091000025],[14.139539237000065,40.863698561000035],[14.139490590000037,40.86363809800008],[14.139429097000061,40.86364897800007],[14.13966507400005,40.86338504200006],[14.140176647000033,40.86313396700007],[14.140307278000023,40.863075593000076],[14.140367667000078,40.86303238100004],[14.14046733500004,40.862960404000034],[14.140523293000058,40.862917390000064],[14.140762554000048,40.862762650000036],[14.140834065000035,40.862709937000034],[14.140929954000057,40.862656136000055],[14.141061770000022,40.862578220000046],[14.14163486800004,40.86225550900008],[14.141766682000025,40.86217759200008],[14.141886288000023,40.86210472500005],[14.14204303200006,40.86190865400005],[14.142178347000026,40.861560491000034],[14.142082729000037,40.861015579000025],[14.142023795000057,40.860676097000066],[14.141888339000047,40.860123963000035],[14.141764012000067,40.859638854000025],[14.141768641000056,40.85928752800004],[14.141914255000074,40.85902443200007],[14.141962867000075,40.85897274300004],[14.142324906000056,40.858461394000074],[14.142506272000048,40.858210204000045],[14.142627080000068,40.85803824800007],[14.143254660000025,40.85719541800006],[14.143850456000052,40.856471175000024],[14.143870108000044,40.85641614800005],[14.144075569000051,40.85637754900006],[14.145944676000056,40.85655295000004],[14.14625316400003,40.856507640000075],[14.14640838300005,40.85647368800005],[14.146694353000044,40.85634835700006],[14.147843958000067,40.85549115200007],[14.148021646000075,40.855546222000044],[14.148269632000051,40.85564766200008],[14.148655655000027,40.855790537000075],[14.148779639000054,40.85584991600007],[14.148847889000024,40.85586036600006],[14.148948577000056,40.85589011800005],[14.150394532000064,40.855488183000034],[14.150563786000077,40.855435724000074],[14.150629311000046,40.85541541600003],[14.150945791000026,40.85530129700004],[14.151121035000074,40.85523810500007],[14.152085424000063,40.85502669300007],[14.153044650000027,40.85477691600005],[14.153905612000074,40.854675076000035],[14.154580598000052,40.854641024000045],[14.154702850000035,40.854634857000065],[14.15514648800007,40.85467413400005],[14.155572084000028,40.85485455300005],[14.155767557000047,40.85514070200003],[14.156377335000059,40.85499582400007],[14.156511200000068,40.85473106300003],[14.156653959000039,40.85446636700004],[14.156656530000078,40.854263702000026],[14.156623626000055,40.85405177100006],[14.156535062000046,40.85378538200007],[14.156558735000033,40.85355584600006],[14.156622563000042,40.85320049100005],[14.156589659000076,40.85298855900004],[14.156288193000023,40.85290528000007],[14.15561505900007,40.85266163700004],[14.15518727600005,40.852482845000054],[14.154663908000032,40.85235739900003],[14.154805697000029,40.85216926700008],[14.154410012000028,40.85197792200006],[14.154606379000029,40.85173486100007],[14.154943027000058,40.85128399300004],[14.154991434000067,40.851247718000025],[14.155362952000075,40.85089533400003],[14.155410711000059,40.85084987100004],[14.155545776000054,40.850721297000064],[14.155585382000027,40.85067318100005],[14.15582984200006,40.85034758000006],[14.156127565000077,40.84996292000005],[14.156165989000044,40.84992267500007],[14.156210633000057,40.849872695000045],[14.156581062000043,40.849487020000026],[14.156628574000024,40.84944113600005],[14.156755065000027,40.849323551000055],[14.157134946000042,40.84896388200008],[14.157183281000073,40.84891821300005],[14.157518142000072,40.848602663000065],[14.15756809800007,40.84855864700006],[14.15787118000003,40.84829821000005],[14.158211763000054,40.84800394400003],[14.158263823000027,40.84796140000003],[14.159002093000026,40.84736961100003],[14.159056587000066,40.847327989000064],[14.15967924000006,40.84685997100007],[14.159733669000047,40.846818822000046],[14.160583583000061,40.846180944000025],[14.16078864900004,40.84583975600003],[14.161030849000042,40.84550028000007],[14.161252025000067,40.844909649000044],[14.161136741000064,40.84433463900007],[14.161129883000058,40.84430148300004],[14.161190845000021,40.84429410600006],[14.16126528600006,40.844275270000026],[14.161366374000067,40.84445079500006],[14.161474870000063,40.84470251400006],[14.161550222000074,40.844937713000036],[14.161606926000047,40.84513323600004],[14.161626211000055,40.84552400100006],[14.16163692400005,40.84560454800004],[14.161655002000032,40.84601787500003],[14.161664490000021,40.84620651300003],[14.161695511000062,40.846614758000044],[14.161669571000061,40.84671945700006],[14.161631722000038,40.84692822400007],[14.161570016000042,40.847106551000024],[14.161410121000074,40.84761339200003],[14.161347594000063,40.847809761000065],[14.161113784000065,40.848499977000074],[14.161039238000058,40.84874190100004],[14.161002703000065,40.848934910000025],[14.160924512000065,40.84938176000003],[14.160899657000073,40.84949091100003],[14.160885355000062,40.84971662800007],[14.160858228000052,40.849920412000074],[14.160711891000062,40.850204587000064],[14.16070393900003,40.850327967000055],[14.160698406000051,40.85040924300006],[14.160673243000076,40.85050490400005],[14.160763743000075,40.85082045100006],[14.160800894000033,40.85085029500004],[14.160876711000071,40.85090091200004],[14.160938190000024,40.85093866700004],[14.161252424000054,40.85092007000003],[14.161320709000051,40.850921508000056],[14.161745575000054,40.85101048200005],[14.161829169000043,40.85105624800008],[14.162206371000025,40.85123739000005],[14.16237985500004,40.85132413700006],[14.16261851300004,40.85144847300006],[14.162938269000051,40.85168170700007],[14.163453817000061,40.852050200000065],[14.163653258000068,40.852194300000065],[14.163693611000042,40.85183686900007],[14.163719479000065,40.85166465100008],[14.163757403000034,40.851437874000055],[14.163738524000053,40.85136669800005],[14.163796575000049,40.85117953100007],[14.163786448000053,40.85104944200003],[14.163764238000056,40.85089738700003],[14.163743944000032,40.85064621500004],[14.163770872000043,40.85040192400004],[14.16384325000007,40.850313147000065],[14.163997705000043,40.85027920500005],[14.164105248000055,40.85025187100007],[14.164263316000074,40.850235772000076],[14.164403242000049,40.850148465000075],[14.164582464000034,40.85002338000004],[14.164693740000075,40.84998687400008],[14.164857134000044,40.84993452400005],[14.164848238000047,40.84990116200004],[14.165015159000063,40.84959431800007],[14.165168610000023,40.84949514900006],[14.165234644000066,40.84946292400008],[14.165324893000047,40.84942286000006],[14.165364418000024,40.84941658400004],[14.165473517000066,40.849371173000065],[14.165533449000066,40.84934147200005],[14.16559963900005,40.84931599300006],[14.16588353700007,40.84939327600006],[14.165990101000034,40.849420001000055],[14.16601982900005,40.84945918000005],[14.166038909000065,40.84948533200003],[14.166071201000022,40.84952889700003],[14.166200379000031,40.84961762800003],[14.166366367000023,40.849646187000076],[14.166496990000041,40.84965832600005],[14.166670443000044,40.84959837400004],[14.166753953000068,40.84957789600003],[14.166855531000067,40.84949957500004],[14.166622346000054,40.849284442000055],[14.166466154000034,40.84913632800004],[14.166288358000031,40.848948404000055],[14.166022042000066,40.848707330000025],[14.165869944000065,40.848543102000065],[14.165989847000048,40.84847469700003],[14.166323194000029,40.84838770500005],[14.166537534000042,40.84833306500008],[14.166834228000027,40.84827022400003],[14.16688958800006,40.84824381800007],[14.16683989300003,40.84872564300008],[14.167148277000024,40.848966587000064],[14.16735826100006,40.84901314500007],[14.167499250000049,40.84912226100005],[14.167680209000025,40.84919647400005],[14.167892824000035,40.84904645200004],[14.168011559000036,40.84899160200007],[14.168226447000052,40.848896420000074],[14.168536945000028,40.84871591600006],[14.16870414400006,40.84863638000007],[14.168929672000047,40.84863975300004],[14.169179804000066,40.84858800200004],[14.169310194000047,40.848568638000074],[14.169690209000066,40.84852905400004],[14.16981753400006,40.84846848500007],[14.169903533000024,40.84847957000005],[14.170449373000054,40.848152913000035],[14.17091791200005,40.84781835100006],[14.171220443000038,40.84760748200006],[14.171504266000056,40.84734505400007],[14.17188436300006,40.84712004800008],[14.171980293000047,40.84704898000007],[14.171496864000062,40.84652066500007],[14.171470513000031,40.84649345100007],[14.171964669000033,40.846343862000026],[14.17239022800004,40.846225307000054],[14.172263564000048,40.84591812000008],[14.172395160000065,40.84582898200006],[14.172878229000048,40.84585496900007],[14.173040540000045,40.845919191000064],[14.173209003000068,40.84596544000004],[14.173462233000066,40.84587266800003],[14.173586329000045,40.845670874000064],[14.173588233000032,40.84551774900007],[14.173459326000057,40.84539071000006],[14.173380942000051,40.845255026000075],[14.173361641000042,40.84513778200005],[14.173502521000046,40.84501718100006],[14.173665612000036,40.84501834900004],[14.173736555000062,40.84503687400007],[14.17388924100004,40.84492086100005],[14.17400802000003,40.84490820000008],[14.174108560000036,40.84493144100003],[14.174335821000057,40.84454121300007],[14.174338001000024,40.84436556900005],[14.17445196600005,40.84402407400006],[14.174494989000038,40.843902772000035],[14.174656007000067,40.843831858000044],[14.17484913900006,40.84380171200007],[14.175082382000028,40.84364573900007],[14.17526477000007,40.843525431000046],[14.175417448000076,40.84340941700003],[14.175662271000022,40.84327604500004],[14.175862344000052,40.84340359000004],[14.17599281400004,40.84340452200007],[14.176161609000076,40.84342374400006],[14.176424509000071,40.843506697000066],[14.17655392100005,40.843593198000065],[14.176551914000072,40.84375533000008],[14.176470235000068,40.84388536600005],[14.176389056000062,40.84397486800003],[14.176073792000068,40.844049185000074],[14.175791926000045,40.844060683000066],[14.175538428000038,40.84417597800007],[14.175414841000077,40.84433724100006],[14.175293774000068,40.84453455600004],[14.175139528000045,40.84477667300007],[14.175036697000053,40.844938084000034],[14.174972470000057,40.84509526800008],[14.174931798000046,40.84526613200006],[14.174929506000069,40.84545078300005],[14.174935065000057,40.845693922000066],[14.175001738000049,40.84569279800007],[14.175108733000059,40.845693563000054],[14.17545579700004,40.84575024500003],[14.175748105000025,40.84590816100007],[14.175862841000026,40.846003831000075],[14.175923913000076,40.84611266600007],[14.176011901000038,40.84620814600004],[14.176233216000071,40.846338452000055],[14.176517701000023,40.84640823400008],[14.17660644600005,40.84644274200008],[14.177224272000046,40.84652921500003],[14.177449251000041,40.84657310800003],[14.177554808000025,40.84666288900007],[14.177754497000024,40.84683846300004],[14.17788200900003,40.84688674200004],[14.178018293000036,40.846927065000045],[14.17814379400005,40.84687376000005],[14.178985623000074,40.84658165600007],[14.179243781000025,40.84661736900006],[14.179968936000023,40.846385403000056],[14.180227010000067,40.84642788700006],[14.180324507000023,40.846476005000056],[14.18036883800005,40.84649664600005],[14.181146736000073,40.84632602200003],[14.181298899000069,40.84627967700004],[14.181381315000067,40.846104111000045],[14.18143681500004,40.845941906000064],[14.181491146000042,40.84587454100006],[14.18160722600004,40.845861815000035],[14.181705388000069,40.84585573600003],[14.181749804000049,40.84586960200005],[14.181838468000024,40.845910881000066],[14.181899673000032,40.846009553000044],[14.182014211000023,40.84612215200008],[14.182120791000045,40.84615678500006],[14.182263119000027,40.84618489300004],[14.182414366000046,40.846213066000075],[14.182565527000065,40.846248013000036],[14.182663108000042,40.84628935500007],[14.182985431000077,40.84618323800004],[14.18306651000006,40.84611606300007],[14.183183421000024,40.84603559000004],[14.183400326000026,40.84580000200003],[14.183462229000042,40.84569015000005],[14.183668217000047,40.84532975400003],[14.183886905000065,40.84493277300004],[14.18400590300007,40.84472034300006],[14.184368567000035,40.844316873000025],[14.18441849800007,40.84427297000008],[14.184337238000069,40.844039192000025],[14.184280080000065,40.84384820400004],[14.184094884000046,40.843469422000055],[14.183789856000033,40.84315005600007],[14.183578702000034,40.84297951100007],[14.18343720300004,40.84292286500005],[14.183366084000056,40.84289455800007],[14.182995297000048,40.84278904700005],[14.182751524000025,40.84271967800004],[14.18199454200004,40.84253320400006],[14.181651668000029,40.84244061100003],[14.18077162700007,40.84216943500007],[14.180708423000056,40.842136475000075],[14.180548545000022,40.842062647000034],[14.18047634100003,40.842029886000034],[14.180435069000055,40.84201373900004],[14.180338651000056,40.84194605600004],[14.18025878800006,40.84189113300005],[14.180256025000062,40.84184624200003],[14.180248907000077,40.84178354200003],[14.180242491000058,40.84172981300003],[14.180239765000067,40.84167591800008],[14.180190201000073,40.84073733900004],[14.180179734000035,40.840593762000026],[14.180149810000046,40.840162967000026],[14.180126006000023,40.83994346600008],[14.180096838000054,40.83968369300004],[14.180075844000044,40.839585605000025],[14.180073819000029,40.83954068200006],[14.180055792000076,40.83917687300004],[14.180087828000069,40.83893235100004],[14.180120137000074,40.83871032300004],[14.180157811000072,40.838528567000026],[14.180230270000038,40.83841276700008],[14.180446147000055,40.83824549600007],[14.18062909400004,40.83792215300008],[14.180641209000044,40.837849584000026],[14.180659422000076,40.837731725000026],[14.180665518000069,40.83768643700006],[14.180688358000054,40.83760888200004],[14.180728832000057,40.83746301200006],[14.180770792000033,40.837402603000044],[14.18089775900006,40.83722583000008],[14.181054796000069,40.83700718800003],[14.181156309000073,40.83682705900003],[14.181187543000021,40.83677163500005],[14.181271509000055,40.83672733900005],[14.181570413000031,40.836560828000074],[14.181755985000052,40.836489450000045],[14.18182433000004,40.836472867000055],[14.182003181000027,40.836419797000076],[14.182102923000059,40.836397299000055],[14.18431778400003,40.83592839600004],[14.184736102000045,40.83588703800007],[14.185314121000033,40.835869993000074],[14.185432982000066,40.835864635000064],[14.185516092000057,40.83584738500008],[14.185465712000052,40.83571461200006],[14.185420984000075,40.835464545000036],[14.18540402800005,40.835370778000026],[14.185302008000065,40.83523132700003],[14.185256887000037,40.83516583900007],[14.185118741000053,40.83497174900003],[14.185019299000032,40.83478941900006],[14.184903017000067,40.83461910200003],[14.184851713000057,40.83453138400006],[14.184754589000022,40.834369206000076],[14.184725671000024,40.83431198900007],[14.18466165500007,40.83417532900006],[14.184636779000073,40.834122431000026],[14.184564718000047,40.83396812700005],[14.184547150000071,40.83393290600003],[14.18446184000004,40.833770196000046],[14.184445010000047,40.833734942000035],[14.184381734000056,40.833598248000044],[14.184379043000035,40.833535348000055],[14.184347986000034,40.83346022200004],[14.18432573900003,40.83330817400008],[14.184303116000024,40.83324617200003],[14.184268407000047,40.83316220800003],[14.184245934000046,40.83306418800004],[14.184236627000075,40.83303039700007],[14.184210249000046,40.83294875800004],[14.184188014000028,40.832882237000035],[14.184181557000045,40.83283751300007],[14.184163214000023,40.83281133100007],[14.183978919000026,40.83228214800005],[14.184308668000028,40.83223043100003],[14.185125018000065,40.832150624000064],[14.185840731000042,40.83205658900005],[14.186392390000037,40.832042466000075],[14.186131669000076,40.83178389200003],[14.185715476000041,40.831389098000045],[14.185441537000031,40.83082285200004],[14.185412244000076,40.83081040400003],[14.185318702000075,40.830675074000055],[14.185214164000058,40.83052223300007],[14.185084801000073,40.83039301900004],[14.184908047000022,40.83030195200007],[14.184743340000068,40.83024185100004],[14.184660499000074,40.83019606800008],[14.184566235000034,40.830146299000035],[14.184460547000072,40.830092541000056],[14.184357109000075,40.83014350600007],[14.184200788000055,40.830150881000066],[14.184089411000059,40.830133131000025],[14.184079501000042,40.83003129400004],[14.184241170000064,40.82979119000004],[14.183304532000022,40.82925061800006],[14.183078247000026,40.82908686800005],[14.182760837000046,40.82885941500007],[14.182117991000041,40.82857560200006],[14.181851154000071,40.82881693200005],[14.181571484000074,40.82841408300004],[14.181261452000058,40.828069570000025],[14.181073384000058,40.82793311200004],[14.180952835000028,40.827851182000074],[14.18085744800004,40.82771428700005],[14.180517855000062,40.82754181300004],[14.180029296000043,40.82725007700003],[14.179115632000048,40.826811185000054],[14.179195320000076,40.82660005900004],[14.178361728000027,40.826400447000026],[14.177707748000046,40.826301199000056],[14.177034814000024,40.82629639900006],[14.175973592000048,40.826284318000035],[14.176244764000046,40.825482056000055],[14.175422740000045,40.82533971200007],[14.174022712000067,40.825092177000045],[14.173999241000047,40.825261848000025],[14.173980756000049,40.825395495000066],[14.173917696000046,40.825851399000044],[14.173735058000034,40.82595347400007],[14.173537590000024,40.82603246800005],[14.173370778000049,40.82607722000006],[14.173249302000045,40.82612229700004],[14.173232905000077,40.82622556100006],[14.172991098000068,40.826223828000025],[14.17281102800007,40.826119154000025],[14.172752431000049,40.825969404000034],[14.17261641500005,40.82596842800007],[14.172613701000046,40.826186661000065],[14.172492512000076,40.82620876500005],[14.172396276000029,40.82623540600008],[14.172249846000057,40.82627594400003],[14.172148433000075,40.82622503300007],[14.17199449900005,40.82614775600007],[14.171920791000048,40.82599789500006],[14.171906679000074,40.82591738600007],[14.171187368000062,40.82590112500003],[14.171206969000025,40.825746335000076],[14.171233356000073,40.82561910700008],[14.171174501000053,40.82557673700006],[14.171346206000067,40.82512787400003],[14.171552290000022,40.824749488000066],[14.17168521900004,40.82452690500003],[14.171698148000075,40.82447284300008],[14.17180826300006,40.824184298000034],[14.171918181000024,40.823940778000065],[14.171957237000072,40.82370044400005],[14.171162417000062,40.82370015600003],[14.170569768000064,40.823708784000075],[14.170213912000065,40.82365725200003],[14.169913111000028,40.824008380000066],[14.169769237000025,40.82416789500007],[14.169275600000049,40.824734755000065],[14.167895457000043,40.826084181000056],[14.167570860000069,40.82638685500007],[14.167271132000053,40.826656902000025],[14.167227032000028,40.82669939600004],[14.167139217000056,40.82677986500005],[14.166861969000024,40.827138931000036],[14.166168632000051,40.82853852000005],[14.165500501000054,40.82982443700007],[14.165439971000069,40.830074737000075],[14.165218486000072,40.83050332000005],[14.165027958000053,40.830691933000026],[14.164786681000066,40.83092333800005],[14.163850427000057,40.83182965000003],[14.163658417000022,40.83201832700007],[14.163574204000042,40.83211663900005],[14.163773663000029,40.832242732000054],[14.163938425000026,40.83237038200008],[14.16399767200005,40.83240823600005],[14.165182585000025,40.832431575000044],[14.165409534000048,40.83243489100005],[14.165538337000044,40.832433610000066],[14.166155349000064,40.832441920000065],[14.166427013000032,40.832515251000075],[14.166825387000074,40.83289349300003],[14.166838306000045,40.83295486800006],[14.166958386000033,40.833061179000026],[14.167129009000064,40.83328647800005],[14.16738568900007,40.83356512100005],[14.167696381000042,40.83368598800007],[14.168128307000075,40.83382090900005],[14.168457497000077,40.833849644000054],[14.168838220000055,40.83391829100003],[14.169253138000045,40.83402672300008],[14.169581999000059,40.83408181400006],[14.169824967000068,40.83407038200005],[14.170119142000033,40.83412522100008],[14.17029777600004,40.83407445300003],[14.170617554000046,40.834118602000046],[14.170996394000042,40.83416009700005],[14.171387474000028,40.83418753400008],[14.171790834000035,40.83419191200005],[14.172194153000078,40.834205292000036],[14.172572761000026,40.83421528000008],[14.17292840600004,40.83424430600007],[14.173308063000036,40.83426774900005],[14.173707419000038,40.83425879500004],[14.174090845000023,40.834264060000066],[14.174256915000058,40.83426559500003],[14.175051392000057,40.83428838300006],[14.175389008000025,40.83430470800005],[14.175536621000049,40.83430707100007],[14.17568458200003,40.83431391900007],[14.175845094000067,40.83432020200007],[14.176177192000068,40.83433227200004],[14.17635503400004,40.83434227600003],[14.176473505000047,40.83434144800003],[14.176959820000036,40.834364582000035],[14.177185222000048,40.83438595100006],[14.177343396000026,40.834456997000075],[14.177508232000037,40.834578143000044],[14.177738343000044,40.83466716200007],[14.17764790900003,40.83432461600006],[14.177613245000032,40.834231646000035],[14.17755616200003,40.834117175000074],[14.177450626000052,40.83402739300004],[14.177344856000047,40.83390611100003],[14.177215660000059,40.83382639600006],[14.177024247000077,40.833537910000075],[14.176935578000041,40.83347437700007],[14.176909866000074,40.833361817000025],[14.177286590000051,40.83348153700007],[14.177985284000044,40.83375313400006],[14.178391302000023,40.834037453000064],[14.17894162500005,40.83527076000007],[14.179327791000048,40.83558455800005],[14.179399580000052,40.83608867300006],[14.179314818000023,40.83663611000003],[14.17925467200007,40.83676898900006],[14.178664169000058,40.83720914100007],[14.178170795000028,40.83767960600005],[14.177732989000049,40.83838745600008],[14.17737171300007,40.83921434500007],[14.177054744000031,40.83961200500005],[14.17683863700006,40.83987971300007],[14.176781528000049,40.83985424800005],[14.176501572000063,40.83991748600005],[14.175837396000077,40.839912741000035],[14.175584807000064,40.839955977000045],[14.175207913000065,40.84021902300003],[14.174952528000063,40.84048744200004],[14.174736023000037,40.840729114000055],[14.174481813000057,40.84114167100006],[14.174427550000075,40.84169078100007],[14.174093331000051,40.84209826100005],[14.172686389000035,40.841966565000064],[14.173090384000034,40.84143347600008],[14.173295652000036,40.841142181000066],[14.17334538800003,40.84095787000007],[14.173105829000065,40.84090660800007],[14.172797459000037,40.84090439600004],[14.172391238000046,40.84090148200005],[14.172083314000076,40.84086323900004],[14.171736845000055,40.84082471800008],[14.17155727900007,40.843575427000076],[14.17154563500003,40.843796043000054],[14.171061571000052,40.84385111800003],[14.170960819000072,40.843607173000066],[14.170176986000058,40.84368260800005],[14.169820990000062,40.84369355900003],[14.169779856000048,40.843900451000025],[14.16976670200006,40.84400395000006],[14.169187971000042,40.844040319000044],[14.169088183000042,40.84371981000004],[14.16892488800005,40.84349793200005],[14.168721677000065,40.84362258300007],[14.168605244000048,40.84368480100005],[14.167960063000066,40.84358105800004],[14.16757571100004,40.84348820200006],[14.166883804000065,40.84333910600003],[14.166800088000059,40.84314479400007],[14.166316646000041,40.84315030700003],[14.16633051100007,40.842754048000074],[14.166343640000036,40.84241633700003],[14.166359453000041,40.84210116400004],[14.166362162000041,40.84188498800006],[14.166452669000023,40.841625167000075],[14.166336201000036,40.841684385000065],[14.166242113000067,40.84176063500007],[14.166144333000034,40.84183704900005],[14.165922858000044,40.84192352000008],[14.165577859000052,40.84239816400003],[14.165397729000063,40.842649331000075],[14.165305583000077,40.84277299300004],[14.164317939000057,40.84239671500006],[14.164546596000037,40.84297563800004],[14.164584997000077,40.84322149600007],[14.164509083000041,40.843359949000046],[14.164487859000076,40.84340141500007],[14.16436800300005,40.843460813000036],[14.164273224000056,40.84344256000003],[14.16429499800006,40.84336055600005],[14.164323147000061,40.843255757000065],[14.164315529000078,40.84297700600007],[14.164151876000062,40.84275927700003],[14.163681832000066,40.84238424200004],[14.163295065000057,40.842041479000045],[14.163048416000038,40.841813968000054],[14.162859679000064,40.84175941700005],[14.16268197900007,40.84171337300006],[14.162148743000046,40.841687783000054],[14.161554515000034,40.84176395900005],[14.161376735000033,40.841735922000055],[14.161248642000032,40.84157511300003],[14.161108428000034,40.84140134200004],[14.160802638000064,40.841194485000074],[14.160555756000065,40.841020997000044],[14.159802360000072,40.84054611700003],[14.159331272000031,40.84032866300004],[14.159020743000042,40.84059100600007],[14.158968592000065,40.84063492000007],[14.15883971200003,40.84044877200006],[14.15870661200006,40.84033769700005],[14.158031163000032,40.83976927200007],[14.156640106000054,40.83902585100003],[14.154677676000063,40.83853759300007],[14.153399210000032,40.838284255000076],[14.153440857000021,40.83813834400007],[14.15390695900004,40.83646988700008],[14.154112736000059,40.83573901200003],[14.154134810000073,40.83565867000004],[14.154201701000034,40.83542135500005],[14.154213870000035,40.835376962000055],[14.154408204000049,40.834682573000066],[14.154595722000067,40.83401269600006],[14.15463842400004,40.833966118000035],[14.15507940200007,40.83343031100003],[14.155120030000035,40.83338062800004],[14.155160695000063,40.833330724000064],[14.155428079000046,40.833004826000035],[14.155623422000076,40.832319073000065],[14.155609153000057,40.83180124900008],[14.155607131000068,40.831727847000025],[14.155601163000028,40.83165859500008],[14.155594266000037,40.83160025900003],[14.155576666000059,40.831451842000035],[14.155567589000043,40.83138076300003],[14.155564987000048,40.83134494700005],[14.155622120000032,40.83134490500004],[14.156584476000035,40.83134417200006],[14.156600336000054,40.83130236400007],[14.156902373000037,40.830506144000026],[14.157028689000072,40.830232745000046],[14.157102216000055,40.83007360000005],[14.15713622900006,40.830023753000035],[14.157160679000071,40.82994537800005],[14.157219218000023,40.829816709000056],[14.157464823000055,40.82928802200007],[14.15755040700003,40.829054608000035],[14.157270186000062,40.82891861400003],[14.156252603000041,40.828437086000065],[14.156123141000023,40.828375823000044],[14.156219583000052,40.82810064200004],[14.156237788000055,40.82804930100008],[14.15627102600007,40.82795505100006],[14.156371515000046,40.82756791400004],[14.15637607900004,40.82713555600003],[14.156689401000051,40.82672987900003],[14.15675901000003,40.82661482800006],[14.156980548000035,40.82624866400005],[14.157366681000042,40.82565515600004],[14.15766022400004,40.824971266000034],[14.157680557000049,40.82439866400006],[14.157635378000066,40.82422995500008],[14.157525865000025,40.82381443200006],[14.157504060000065,40.82373169300007],[14.157488130000047,40.82367353400008],[14.157317115000069,40.82302396800003],[14.157298986000058,40.82283588000007],[14.157286640000052,40.822710233000066],[14.157327678000058,40.82266180000005],[14.157771293000053,40.82211866400007],[14.157824517000051,40.82206288000003],[14.157872344000054,40.82201515400004],[14.15829807800003,40.82159059700007],[14.158343839000054,40.82154455300008],[14.158707733000028,40.82115339300003],[14.159080869000036,40.820532064000076],[14.159074685000064,40.82010919600003],[14.158996797000043,40.81963102200007],[14.159024326000065,40.81925615600005],[14.159129771000039,40.81908486200007],[14.159147376000021,40.81905707200008],[14.15918242400005,40.81901546600005],[14.159242531000075,40.81890425100005],[14.15925313400004,40.81884525300006],[14.159320383000022,40.81850012600006],[14.15925532600005,40.81795835400004],[14.159244442000045,40.81782605600006],[14.159241441000063,40.817789627000025],[14.159233570000026,40.817713723000054],[14.15923069300004,40.81765784800007],[14.159218554000063,40.817527848000054],[14.15921469500006,40.81748300900006],[14.159212137000054,40.81744929400003],[14.159187345000078,40.81713371200004],[14.159161288000064,40.81694527600007],[14.15914189800003,40.81692356900004],[14.159190806000026,40.81688376900007],[14.159250170000064,40.816851848000056],[14.159319511000035,40.81682406200008],[14.159511356000053,40.816762950000054],[14.159568845000024,40.81672586600007],[14.159711822000077,40.816650182000046],[14.15977312700005,40.816618695000045],[14.159953866000023,40.81653417000007],[14.160016359000053,40.81650400900003],[14.160064953000074,40.81648034500006],[14.16012308300003,40.81644421500005],[14.160219654000059,40.81636850000007],[14.16027273900005,40.81632706900007],[14.160524046000035,40.81621550400007],[14.160677815000042,40.816148585000064],[14.160870973000044,40.81609604800008],[14.160980531000064,40.81603947600007],[14.161042683000062,40.81600634200004],[14.16131854300005,40.815853986000036],[14.161378052000032,40.81581836300006],[14.16145859900007,40.815766360000055],[14.161503295000045,40.81573358000003],[14.16154842700007,40.81570183100007],[14.161623557000041,40.81565842800006],[14.16168239700005,40.81562186700006],[14.161726442000031,40.81559262500008],[14.161784473000068,40.815555146000065],[14.161895247000075,40.81548542400003],[14.161954623000042,40.815449888000046],[14.16203643700004,40.81540337100006],[14.162106489000053,40.81536193100004],[14.162173342000074,40.81531795200004],[14.162213275000056,40.815288391000024],[14.162268494000045,40.81524677300007],[14.162317376000033,40.81520455800006],[14.16235389700006,40.815165680000064],[14.162383566000074,40.815130045000046],[14.162419486000033,40.81508499300003],[14.162467159000073,40.815031918000045],[14.162516347000064,40.814985472000046],[14.16253560000007,40.814937418000056],[14.162543809000056,40.814877945000035],[14.162533369000073,40.81481833600003],[14.162500410000064,40.81476990400006],[14.16244873200003,40.814727005000066],[14.162393613000063,40.81477268200007],[14.162328827000067,40.81478944200006],[14.162240699000051,40.81473379000005],[14.16221244600007,40.81462606000008],[14.162160315000051,40.81458567200008],[14.162228931000072,40.81447497800008],[14.162312869000061,40.81439948500008],[14.162358699000038,40.814354352000066],[14.162439050000046,40.81426697100005],[14.162488718000077,40.81422415800006],[14.162575489000062,40.814164127000026],[14.162630001000025,40.814123977000065],[14.162778832000072,40.81410873500005],[14.163000063000027,40.814056417000074],[14.16305441000003,40.81402514100006],[14.163086618000023,40.81400483300007],[14.163112478000073,40.81398518700007],[14.163143525000066,40.81396742900006],[14.16317682600004,40.813945312000044],[14.163238345000025,40.81390613000008],[14.163309619000074,40.81384579600007],[14.163362224000025,40.81380380600007],[14.163447695000059,40.81379247800004],[14.163507525000057,40.81385606200007],[14.163450645000069,40.813894823000055],[14.163371910000023,40.81394773300008],[14.163416105000067,40.813983406000034],[14.163600168000073,40.81391586600006],[14.163652983000077,40.81387968800004],[14.163708347000068,40.81382843600005],[14.16376213600006,40.813775365000026],[14.163790150000068,40.81366236900004],[14.16376222100007,40.81348241000006],[14.163945763000072,40.81340808500005],[14.16411615000004,40.81330738500003],[14.164175386000068,40.813271385000064],[14.164244492000023,40.813228269000035],[14.164301393000073,40.81318901800006],[14.164394282000046,40.813223107000056],[14.164358745000072,40.81326210900005],[14.164323649000039,40.813290693000056],[14.164275467000039,40.81333259100006],[14.164371774000074,40.81334997000005],[14.164435884000056,40.81334734400008],[14.164532824000048,40.81333329000006],[14.164583188000051,40.81328327600005],[14.16463318600006,40.81323979100006],[14.164636420000022,40.81317260900005],[14.164617737000071,40.81313796300003],[14.164553678000061,40.813101173000064],[14.164504144000034,40.81313539900003],[14.164477187000045,40.813098000000025],[14.164536174000034,40.81305364200006],[14.164586611000061,40.81301476800007],[14.164647725000066,40.812977844000045],[14.164700666000044,40.812937145000035],[14.164755730000024,40.812883363000026],[14.164807623000058,40.812825806000035],[14.164867894000054,40.812761730000034],[14.16492510300003,40.81271167600005],[14.164939940000068,40.81265951300003],[14.164941121000027,40.81256529900003],[14.164941731000056,40.812516696000046],[14.165029780000054,40.81252899300006],[14.165125526000054,40.81258863200003],[14.16519816500005,40.81255261900003],[14.165258565000045,40.812526372000036],[14.16531027600007,40.81249568800007],[14.165333950000047,40.81247301700006],[14.16535520800005,40.812452793000034],[14.165382187000034,40.81242313000007],[14.165434852000033,40.812375004000046],[14.165452673000061,40.812337755000044],[14.165479955000023,40.81226918800007],[14.165499219000026,40.81224811100003],[14.165545467000072,40.812205524000035],[14.165574278000065,40.81218429300003],[14.16560247700005,40.81216196200006],[14.165628931000072,40.812143554000045],[14.165659423000022,40.81212004400004],[14.165706355000054,40.812082701000065],[14.165747387000067,40.81204097700004],[14.165800083000022,40.81198091700003],[14.165852631000064,40.81193029900004],[14.165423126000064,40.81169362600008],[14.165574262000064,40.81143952600007],[14.165219573000059,40.811255225000025],[14.164612995000027,40.81094003000004],[14.163371617000053,40.81027099600004],[14.162341640000022,40.80976802300006],[14.161353330000054,40.809232774000066],[14.160722004000036,40.808890854000026],[14.160312432000069,40.80868057200007],[14.159230284000046,40.80812496400006],[14.159209059000034,40.808043213000076]]]]}},{"type":"Feature","properties":{"service_id":15,"population_total":4756.11,"thiessen_area_km2":2.4774,"population_share":0.005432391878100711,"area_share":0.02350914981694624,"population_covered":4137.38,"area_covered_km2":1.6738,"population_coverage_ratio":0.8699085371603549,"area_coverage_ratio":0.675618411636117},"geometry":{"type":"Polygon","coordinates":[[[14.331291923000038,40.87612058700006],[14.331004956000072,40.876400629000045],[14.33095614900003,40.87644433200006],[14.330586777000065,40.876701825000055],[14.330531284000074,40.87674050900006],[14.329793135000045,40.87725423300003],[14.32973686300005,40.87729253300006],[14.329409567000027,40.87750117600007],[14.329352394000068,40.87753762300008],[14.328910669000038,40.87781898500003],[14.328854294000053,40.87785648700003],[14.328784392000046,40.87790941800006],[14.328731048000066,40.877949811000065],[14.328616157000056,40.87803674300005],[14.328568544000063,40.87807174500006],[14.328532366000047,40.87809874800007],[14.328310189000035,40.87826276000004],[14.328261417000022,40.878305545000046],[14.328175029000022,40.87841750600006],[14.32813924800007,40.87846362700003],[14.328109875000052,40.87850320800004],[14.32803976200006,40.878596591000075],[14.328003244000058,40.87864555900006],[14.327816097000039,40.87889542200003],[14.327778220000027,40.878943166000056],[14.327401473000066,40.87934406200003],[14.327353757000026,40.87938681000003],[14.327229111000065,40.87945323900004],[14.327169065000078,40.87948585400005],[14.325783482000077,40.88028512600005],[14.325721336000072,40.88032329300006],[14.325648934000071,40.88036861900008],[14.325401886000066,40.88016398700006],[14.324990481000043,40.87980942000007],[14.324483994000047,40.87936472200005],[14.324095465000028,40.87902710100008],[14.323471477000055,40.87856421500004],[14.322965768000074,40.87890356100007],[14.322910518000072,40.878942281000036],[14.322279833000039,40.87944549400004],[14.322229041000071,40.87948782700005],[14.321833475000062,40.87986412300006],[14.321784969000078,40.879908295000064],[14.321703078000041,40.87997384000005],[14.321651013000064,40.88001571800004],[14.320888183000022,40.88062775700007],[14.320836285000041,40.880669400000045],[14.32053267300006,40.880912512000066],[14.320480702000054,40.88095433600006],[14.320162459000073,40.880681061000075],[14.319995519000031,40.87987304500007],[14.319481302000042,40.87985675500005],[14.319498493000026,40.87970168500004],[14.319503853000072,40.87957922000004],[14.319251633000022,40.87954178100006],[14.319218560000024,40.879537018000065],[14.31916779100004,40.87952970500004],[14.31877285400003,40.879473087000065],[14.317837280000049,40.87933892900003],[14.31779085900007,40.87933230200008],[14.31767009400005,40.88058477100003],[14.318794747000027,40.88101441200007],[14.31844484800007,40.881685194000056],[14.318422480000038,40.88172289600004],[14.318148476000033,40.881570957000065],[14.317971465000028,40.88145760300006],[14.317780434000042,40.88133139800004],[14.31758288900005,40.88121178800003],[14.317238118000034,40.881003630000066],[14.317074909000041,40.88090487900007],[14.316773964000049,40.88072523300008],[14.316617041000029,40.88062943600005],[14.31641460700007,40.88050777700005],[14.315894090000029,40.88014920900008],[14.315559671000074,40.879894773000046],[14.315082292000056,40.87952503100007],[14.314931227000045,40.879395110000075],[14.314400245000058,40.87894436100004],[14.31356093100004,40.87848798500005],[14.312986095000042,40.87809630800007],[14.312748635000048,40.87793583200005],[14.312423834000072,40.87774598000004],[14.312362514000029,40.87771058900006],[14.312147874000061,40.87758996300005],[14.311838153000053,40.87742823900004],[14.311309510000058,40.87715153500005],[14.311071431000073,40.877034027000036],[14.310994642000026,40.877153339000074],[14.310006153000074,40.87671508100004],[14.310110204000068,40.87652289600004],[14.309799440000063,40.87633899300005],[14.30942942200005,40.87609167800008],[14.309221087000026,40.87595156400005],[14.308995179000021,40.875874226000064],[14.308733317000076,40.87578502000008],[14.308442527000068,40.875687062000054],[14.307804648000058,40.875471428000026],[14.30776232200003,40.87550846600004],[14.307719791000068,40.87554443000005],[14.307505332000062,40.87572488400008],[14.307454158000041,40.87576752900003],[14.307301449000022,40.875689401000045],[14.306587167000032,40.87532489700004],[14.306488838000064,40.87527403400003],[14.306450787000074,40.875314056000036],[14.306180767000058,40.875637115000075],[14.306138270000076,40.875683680000066],[14.306208254000069,40.87602967000004],[14.306223014000068,40.87610990100006],[14.30623316200007,40.876166097000066],[14.306312691000073,40.876622644000065],[14.306322676000036,40.87667964600007],[14.306332958000041,40.876737035000076],[14.30642195400003,40.87703032400003],[14.306480151000073,40.87726406400003],[14.306490550000035,40.87730675600005],[14.306618795000077,40.877832211000054],[14.306784280000045,40.87837510000003],[14.307409611000026,40.87947821400007],[14.308492080000065,40.88029104800006],[14.308712890000038,40.88035473100007],[14.308791515000053,40.880451734000076],[14.308945119000043,40.88055135700006],[14.309043995000025,40.88065731800003],[14.309624539000026,40.880821076000075],[14.310508953000067,40.881142304000036],[14.310964066000054,40.88127867800006],[14.310930585000051,40.88134205800003],[14.31083890900004,40.88151807500003],[14.310612226000046,40.881750459000045],[14.310565619000045,40.88179777800008],[14.310513728000046,40.88184723300003],[14.310399533000066,40.88188526300007],[14.310337725000068,40.88191543200003],[14.309927954000045,40.88207032100007],[14.309377834000031,40.88239255600007],[14.30932093000007,40.88242896500003],[14.309160806000023,40.882868495000025],[14.309227383000064,40.88332006200005],[14.309410606000029,40.883643128000074],[14.309426403000032,40.88367098300006],[14.309051828000065,40.88375018900007],[14.308773846000065,40.883764126000074],[14.308687706000057,40.88376810400007],[14.308593065000025,40.88377247200003],[14.307997507000039,40.88377521700005],[14.307675946000074,40.88395705200003],[14.307617654000069,40.88399305200005],[14.30751213700006,40.88415074000005],[14.307475909000061,40.884199126000055],[14.307216109000024,40.88450302900003],[14.30717059400007,40.88454730600006],[14.306657341000061,40.884841152000035],[14.306601288000024,40.884878238000056],[14.306553074000021,40.88492707800003],[14.306507970000041,40.88497276900006],[14.306334648000075,40.88514828900003],[14.30628736600005,40.88519328700005],[14.306002635000027,40.88519292400008],[14.305552497000065,40.88517768000003],[14.304969526000036,40.88544700700004],[14.30493223700006,40.88547846400007],[14.30488170500007,40.885521632000064],[14.304539797000075,40.885814122000056],[14.304491881000047,40.885858238000026],[14.304176723000069,40.88622343500003],[14.304135983000037,40.886270738000064],[14.304076204000069,40.88634053700008],[14.304036587000041,40.88638816500003],[14.303741538000054,40.886769181000034],[14.30367129800004,40.88686011100003],[14.303615516000036,40.886893814000075],[14.303453028000035,40.886989785000026],[14.303394965000052,40.88702607500005],[14.30310698900007,40.88720049900007],[14.303049486000077,40.887237725000034],[14.302120914000056,40.887456100000065],[14.30161994100007,40.88754777200006],[14.30156190300005,40.88755839100003],[14.30160754700006,40.88778585600005],[14.30162847400004,40.88852223300006],[14.30163079600004,40.888595045000045],[14.301633565000031,40.88867593800006],[14.301664737000067,40.88909313000005],[14.301836766000065,40.88976941900006],[14.301877955000066,40.890325691000044],[14.301827479000053,40.890436048000026],[14.301733764000062,40.890634428000055],[14.301720962000047,40.89066152800007],[14.301350186000036,40.89080916100005],[14.300530331000061,40.89094148100003],[14.29986423400004,40.891026200000056],[14.29900957600006,40.89125451600006],[14.298776129000032,40.89147173500004],[14.298713774000078,40.891528322000056],[14.29866209200003,40.89157811000007],[14.29839166000005,40.89188284700003],[14.298345082000026,40.891926796000064],[14.29775967200004,40.892255927000065],[14.297702123000022,40.892291681000074],[14.297439456000063,40.892325655000036],[14.29721556100003,40.892354613000066],[14.296752140000024,40.892160991000026],[14.311978550000049,40.86523194100005],[14.331291923000038,40.87612058700006]]]}},{"type":"Feature","properties":{"service_id":12,"population_total":17652.39,"thiessen_area_km2":2.8893,"population_share":0.020162423773814,"area_share":0.02741791764978968,"population_covered":4309.41,"area_covered_km2":1.4034,"population_coverage_ratio":0.24412613032248626,"area_coverage_ratio":0.4857343833938123},"geometry":{"type":"Polygon","coordinates":[[[14.326043888000072,40.83282444500003],[14.308843042000035,40.85871578300004],[14.298798090000048,40.85793502000007],[14.301320317000034,40.84683732900004],[14.30383884500003,40.84217995500006],[14.323821175000035,40.832661339000026],[14.324514626000052,40.833044047000044],[14.32455714100007,40.83299735200006],[14.324926796000057,40.83257252300007],[14.324967248000064,40.83252580100003],[14.32515461500003,40.832309390000034],[14.325245216000042,40.83236203200005],[14.326043888000072,40.83282444500003]]]}},{"type":"Feature","properties":{"service_id":11,"population_total":425.82,"thiessen_area_km2":0.0352,"population_share":0.0004863650697108369,"area_share":0.00033400372136956297,"population_covered":425.82,"area_covered_km2":0.0352,"population_coverage_ratio":1.0,"area_coverage_ratio":1.0},"geometry":{"type":"Polygon","coordinates":[[[14.30383884500003,40.84217995500006],[14.301320317000034,40.84683732900004],[14.301758192000023,40.84304306000007],[14.30383884500003,40.84217995500006]]]}},{"type":"Feature","properties":{"service_id":13,"population_total":60494.57,"thiessen_area_km2":10.3781,"population_share":0.06909641509543868,"area_share":0.09848187127642156,"population_covered":17858.74,"area_covered_km2":3.1412,"population_coverage_ratio":0.29521231198139425,"area_coverage_ratio":0.30267308009238886},"geometry":{"type":"Polygon","coordinates":[[[14.326043888000072,40.83282444500003],[14.326757326000063,40.83323750900007],[14.327007282000068,40.83338328100007],[14.327172036000036,40.83347918900006],[14.328383317000032,40.83393161200007],[14.328442789000064,40.833953972000074],[14.328566941000076,40.834000772000024],[14.328208678000067,40.83440654800006],[14.328167281000049,40.83445352700005],[14.32809983900006,40.83452951700008],[14.328058906000024,40.83457627800004],[14.327995637000072,40.834650225000075],[14.327950047000058,40.83469454100003],[14.329169257000046,40.83518723100008],[14.329417257000046,40.83529018000007],[14.329850349000026,40.83546922600004],[14.329990507000048,40.835527298000045],[14.330229829000075,40.83562496500008],[14.33036467900007,40.83562980200003],[14.330471803000023,40.83563134000008],[14.330544971000052,40.83568971200003],[14.330507014000034,40.83573808300008],[14.330598769000062,40.83577552700007],[14.33029397000007,40.83614814500004],[14.33037687500007,40.83620786300003],[14.330366163000065,40.83623436600004],[14.330222995000042,40.836420471000054],[14.330142254000066,40.836537305000036],[14.330027075000032,40.836701927000036],[14.329935400000068,40.836839455000074],[14.329810216000055,40.837025209000046],[14.32986599700007,40.837043003000076],[14.330432579000046,40.83723084500008],[14.330561150000051,40.83727440600006],[14.330663138000034,40.83730630600007],[14.330926784000042,40.83739480300005],[14.33445929100003,40.838556125000025],[14.334490634000076,40.83856642400008],[14.334604217000049,40.83860393800006],[14.335321688000022,40.838836238000056],[14.336190758000043,40.83915394200005],[14.337987475000034,40.83981090100008],[14.338070970000047,40.839841582000076],[14.339241195000056,40.84027066800007],[14.339272458000039,40.84028241900006],[14.339758394000057,40.84045792100005],[14.339872929000023,40.840499273000034],[14.34032056500007,40.84066589100007],[14.340793310000038,40.84086901000006],[14.340920615000073,40.840887132000034],[14.340997289000029,40.84089774900008],[14.34132902600004,40.840943164000066],[14.341385843000069,40.84094953500005],[14.341324751000059,40.84107195900003],[14.341199563000032,40.84132471000004],[14.341161215000056,40.841401105000045],[14.341066415000057,40.84159188800004],[14.340581286000031,40.842558258000054],[14.340441790000057,40.842834425000035],[14.340384751000045,40.84294961200004],[14.34024547200005,40.84324818600004],[14.340211589000035,40.84329539700008],[14.340198318000034,40.84332287600006],[14.339700894000032,40.84430169600006],[14.339675845000045,40.84436444200003],[14.339123824000069,40.84547039900008],[14.33944090500006,40.84557011000004],[14.339757448000057,40.845668559000046],[14.339938972000027,40.84572518300007],[14.34002692100006,40.84575257300003],[14.341296740000075,40.846170760000064],[14.341378279000025,40.84619726400007],[14.342635545000064,40.84660818200007],[14.342947882000033,40.84669431100008],[14.343336217000058,40.84672661700006],[14.343623045000072,40.84672574200005],[14.344179801000053,40.846724040000026],[14.345023877000074,40.846652781000046],[14.345460590000073,40.846634823000045],[14.346251941000048,40.84671654500005],[14.347029672000076,40.84728181600008],[14.349377196000034,40.848084510000035],[14.348204647000045,40.84863161200008],[14.347990011000036,40.84872500100005],[14.347925779000036,40.848761608000075],[14.347552419000067,40.84893322900007],[14.347487580000063,40.84896654000005],[14.348469611000041,40.84945851600003],[14.348986406000051,40.849716098000044],[14.349467830000037,40.85002451300005],[14.349752562000049,40.85020712100004],[14.349383768000052,40.85090531800006],[14.349356623000062,40.850951820000034],[14.349176702000022,40.85127547400003],[14.348823555000024,40.85192933900004],[14.349033401000042,40.85214031400005],[14.349092314000075,40.85220041800005],[14.349517114000037,40.852446248000035],[14.349300893000077,40.853000198000075],[14.348769941000057,40.853255570000044],[14.34873904400007,40.85327017600008],[14.348295191000034,40.853876736000075],[14.34825872700003,40.85392470600004],[14.348212279000052,40.85398671100006],[14.348176701000057,40.85403484400007],[14.348130517000072,40.85409339000006],[14.348096816000066,40.854141722000065],[14.348044850000065,40.854212276000055],[14.348008051000022,40.854260245000035],[14.346905380000067,40.85564809300007],[14.346865101000049,40.85569351200007],[14.346973673000036,40.85572497800007],[14.347624284000062,40.85590819200007],[14.34793968100007,40.85599719500004],[14.348054582000032,40.856029826000054],[14.348112212000046,40.85604551500006],[14.349222647000033,40.85635563000005],[14.349720391000062,40.85649733400004],[14.34978656800007,40.85651644400008],[14.349886023000067,40.856543816000055],[14.350166492000028,40.85662587400003],[14.350457326000026,40.85670581000005],[14.350887162000049,40.85682535300003],[14.350966252000035,40.85684456400003],[14.351181240000074,40.85689719900006],[14.351249996000035,40.856917001000056],[14.352387394000061,40.85719767200004],[14.353550808000023,40.857493641000076],[14.353706636000027,40.85755113500005],[14.353609084000027,40.85766936600004],[14.353570486000024,40.85771692900005],[14.353187923000064,40.858179645000064],[14.353148789000045,40.85822698700008],[14.352592154000035,40.85890019200008],[14.352553214000068,40.858948127000076],[14.352496079000048,40.85901338600007],[14.352460815000029,40.85905871700004],[14.352422596000054,40.85910507700004],[14.352383670000052,40.85915158700004],[14.352364787000056,40.85917457100004],[14.352344756000036,40.85919867300004],[14.352329592000046,40.859222877000036],[14.35229791300003,40.85927118700005],[14.352165188000072,40.85954322600003],[14.352037628000062,40.85979214300005],[14.351358678000054,40.86112021800005],[14.351343364000059,40.86115244900003],[14.350977474000047,40.86197521400004],[14.35093930100004,40.86206241200006],[14.350724290000073,40.862545157000056],[14.350569802000052,40.862765627000044],[14.350452304000044,40.862933197000075],[14.349787082000034,40.86388516900007],[14.349756827000022,40.86392958400006],[14.349723762000053,40.86396637900003],[14.349210676000041,40.86455113900007],[14.349171335000051,40.86459614900008],[14.348881747000064,40.86491045500003],[14.348838544000046,40.86495649300008],[14.348105672000031,40.86569005200005],[14.34805890900003,40.865734813000074],[14.347701490000077,40.86603530200006],[14.347650818000034,40.866077903000075],[14.347360603000027,40.86632214300005],[14.347310796000045,40.86636406500003],[14.347259664000035,40.86640699800006],[14.347208995000074,40.86644944300008],[14.34708242000005,40.86655485400007],[14.347031593000054,40.866597359000025],[14.347003653000058,40.866621114000054],[14.346956412000054,40.86666130100008],[14.346916374000045,40.866695667000045],[14.346865445000049,40.86673829700004],[14.346840718000067,40.86675925700007],[14.346793682000055,40.86680217800006],[14.346755132000055,40.86684554800007],[14.346632595000074,40.866987454000025],[14.346591628000056,40.86703501100004],[14.346498655000062,40.867142157000046],[14.34645768300004,40.86718940500003],[14.346425324000052,40.86722659700007],[14.346228809000024,40.86711429700006],[14.345664466000073,40.867655015000025],[14.345455555000058,40.867917566000074],[14.345295560000068,40.86802397900004],[14.34504752600003,40.86828518400006],[14.344898105000027,40.86841340900003],[14.345041585000047,40.86847617400008],[14.344993470000077,40.86852006500004],[14.344966563000071,40.86854426900004],[14.344918064000069,40.868588275000036],[14.344417050000061,40.86904026500008],[14.344368287000066,40.86908425400003],[14.344300589000056,40.86914529100005],[14.344253390000063,40.86918965500007],[14.344200298000032,40.86924663000008],[14.344152607000069,40.86929877400007],[14.344098333000034,40.86935663500003],[14.343760460000055,40.86971730400006],[14.343717424000033,40.86976337700003],[14.343373186000065,40.870131678000064],[14.343330227000024,40.87017776600004],[14.342520885000056,40.87105324100003],[14.342475541000056,40.87109860400005],[14.342109621000077,40.871156608000035],[14.341881021000063,40.87119374200006],[14.341260547000047,40.87110041200003],[14.341261025000051,40.871050480000065],[14.34092957100006,40.870984616000044],[14.340656908000028,40.870940533000066],[14.340444934000061,40.87096929100005],[14.340292590000047,40.871043765000024],[14.340222822000044,40.87115293200003],[14.340177181000058,40.87116132400007],[14.340125169000032,40.871202448000076],[14.339818580000042,40.87142907600003],[14.339790119000043,40.871450897000045],[14.339765105000026,40.871469465000075],[14.339733042000034,40.87149352100005],[14.339668475000053,40.871541894000075],[14.339613065000037,40.87158375100006],[14.33939864000007,40.87174440300004],[14.33934540000007,40.871784277000074],[14.339316967000059,40.87180574800004],[14.339265695000051,40.87184711800006],[14.338628457000027,40.87247296600003],[14.338582148000057,40.87251803100003],[14.337994877000028,40.873074587000076],[14.33795105200005,40.87312022000003],[14.337870879000036,40.87322215200004],[14.337832717000026,40.87327640500007],[14.337782530000027,40.87334159400007],[14.337625433000028,40.87354948700005],[14.337587445000054,40.87359741200004],[14.337349505000077,40.87391606500006],[14.337309263000066,40.873962765000044],[14.337242149000076,40.87412966200003],[14.337119465000058,40.874428797000064],[14.337102076000065,40.87447120200005],[14.337041917000022,40.87446975200004],[14.336941293000052,40.87446588600005],[14.336577190000071,40.87445141000006],[14.336366644000066,40.874443144000054],[14.335345805000031,40.87440047700005],[14.33499475700006,40.87422599700005],[14.334650474000057,40.87405463300007],[14.334568550000029,40.87406427700006],[14.334525606000057,40.874069320000046],[14.334474929000066,40.87407576900006],[14.334334323000064,40.874091788000044],[14.334295905000033,40.87409807000006],[14.33383402800007,40.874151503000064],[14.333340622000037,40.87420858100006],[14.333245322000039,40.87426917600004],[14.333187838000072,40.874305728000024],[14.332993528000031,40.874429329000066],[14.332939459000045,40.87446807300006],[14.33280501300004,40.874606354000036],[14.332760805000078,40.87465182300008],[14.332084063000025,40.87534624400007],[14.332038857000043,40.87539203100005],[14.331488218000061,40.875929058000054],[14.331442192000054,40.875973945000055],[14.331291923000038,40.87612058700006],[14.311978550000049,40.86523194100005],[14.308843042000035,40.85871578300004],[14.326043888000072,40.83282444500003]]]}},{"type":"Feature","properties":{"service_id":3,"population_total":74772.93,"thiessen_area_km2":4.3624,"population_share":0.08540504490927847,"area_share":0.04139677481996189,"population_covered":27088.9,"area_covered_km2":2.4131,"population_coverage_ratio":0.36228223185082714,"area_coverage_ratio":0.5531513711753085},"geometry":{"type":"Polygon","coordinates":[[[14.293815757000061,40.85779199900003],[14.289443463000055,40.86762276500008],[14.261534828000038,40.867235798000024],[14.250470403000065,40.85992844100008],[14.25004610800005,40.853958746000046],[14.292752738000047,40.85642512600003],[14.293815757000061,40.85779199900003]]]}},{"type":"Feature","properties":{"service_id":1,"population_total":126229.33,"thiessen_area_km2":13.5867,"population_share":0.14417813733603127,"area_share":0.12892945430324515,"population_covered":41631.95,"area_covered_km2":3.0945,"population_coverage_ratio":0.32981203808099835,"area_coverage_ratio":0.2277585734218238},"geometry":{"type":"Polygon","coordinates":[[[14.285676015000035,40.89718618900008],[14.285513844000036,40.89729174100006],[14.285273063000034,40.89745756800005],[14.284995991000073,40.89764838700006],[14.284403844000053,40.898023574000035],[14.284380604000035,40.89808213200007],[14.284524049000026,40.89823462900006],[14.28423525900007,40.89833547600006],[14.283822498000063,40.898097859000075],[14.283676945000025,40.89797393300006],[14.283528864000061,40.89784576900007],[14.283436166000058,40.897760048000066],[14.28329827500005,40.89763178900006],[14.283000431000062,40.89735688300004],[14.282933041000035,40.89728845700006],[14.282546695000065,40.89689812200004],[14.282517368000072,40.89686807900006],[14.28242950300006,40.89677805500003],[14.282388027000025,40.89673680200008],[14.282255024000051,40.89659036900008],[14.282095938000055,40.896416601000055],[14.282004311000037,40.896315204000075],[14.281880934000071,40.896179430000075],[14.28181343700004,40.89610599100007],[14.281679472000064,40.89596574300003],[14.281615862000024,40.895900950000055],[14.281279397000048,40.89555192700004],[14.281250347000025,40.89552206400003],[14.281173204000027,40.89544217100007],[14.281050538000045,40.89531726400003],[14.280779576000043,40.89493357500004],[14.280494023000074,40.89452812700006],[14.280371932000037,40.89435810900005],[14.279834565000044,40.89349599700006],[14.279725642000074,40.89329848700004],[14.279357037000068,40.892640146000076],[14.27926945300004,40.892405315000076],[14.279141683000034,40.89206273600007],[14.279114716000038,40.89199197500005],[14.278964400000064,40.89158924900005],[14.27890738800005,40.89143640000003],[14.278858957000068,40.891352622000056],[14.278714826000055,40.89110333700006],[14.278660410000043,40.89101108300008],[14.27857425600007,40.89086157400004],[14.278360831000043,40.89048961000003],[14.278324854000061,40.89049533300005],[14.278038860000038,40.89053996000007],[14.277622403000066,40.89072300200007],[14.277555625000048,40.89075475100003],[14.27748067300007,40.89079307600008],[14.277434447000076,40.890813911000066],[14.277372874000037,40.890846434000025],[14.277109375000066,40.89097947700003],[14.277049624000028,40.89101299600003],[14.276373767000052,40.89122299100006],[14.276231752000058,40.89113609900005],[14.27599192100007,40.890980494000075],[14.275426124000035,40.89069585800007],[14.274880590000066,40.89074193600004],[14.274843167000029,40.890745097000035],[14.274802989000023,40.890850482000076],[14.274763673000052,40.89096372000006],[14.274718063000023,40.89100979600005],[14.274630236000064,40.891216231000044],[14.274601698000026,40.89126033500003],[14.273960891000058,40.89126272300007],[14.272818006000023,40.891346707000025],[14.271618742000044,40.89144662700005],[14.270724273000042,40.89155118600007],[14.270668484000055,40.89155770000008],[14.270682062000049,40.89167862100004],[14.27070055400003,40.89184691400004],[14.270722876000036,40.89205486100008],[14.270738839000046,40.89219077300004],[14.270743444000061,40.89222947900004],[14.270788551000066,40.892614535000064],[14.270760000000053,40.89289201500003],[14.270755199000064,40.89293585900003],[14.270746922000058,40.893017075000046],[14.270638017000067,40.89343793300003],[14.270602350000047,40.89359255100004],[14.270509884000035,40.893711163000035],[14.270470996000029,40.89375991800006],[14.270374877000052,40.893884951000075],[14.270335947000035,40.89393324400004],[14.270211163000056,40.894074544000034],[14.270167010000023,40.894121091000045],[14.270107995000046,40.89418429800003],[14.270064826000066,40.89423113000004],[14.269875641000056,40.89443587900007],[14.269832907000023,40.89448280200003],[14.26967852000007,40.89465718200006],[14.269630496000048,40.89470849600008],[14.26957479300006,40.89477124000007],[14.26930076900004,40.895082855000055],[14.269262523000066,40.89512664600005],[14.269231516000048,40.895163016000026],[14.269203247000064,40.89519441300007],[14.269160838000062,40.895241922000025],[14.268958320000024,40.89547382400008],[14.268916660000059,40.89552163400003],[14.268840796000063,40.89560811500007],[14.268800396000074,40.89565572400005],[14.268650077000075,40.89585045000007],[14.26857198600004,40.895964166000056],[14.268535990000032,40.89601299700007],[14.268483088000039,40.89608256100007],[14.268452232000072,40.896124429000054],[14.268425605000061,40.89616136200004],[14.268384734000051,40.896208794000074],[14.268190918000073,40.896568785000056],[14.268828387000042,40.89685918500004],[14.269075774000044,40.89702340200006],[14.269453529000032,40.89733469600003],[14.269711743000073,40.897723496000026],[14.269966532000069,40.898157464000064],[14.270012405000045,40.89831427200005],[14.270127141000046,40.89871728800006],[14.270134065000036,40.89888352100007],[14.270146238000052,40.89915754700007],[14.270143523000058,40.89942776300006],[14.270140347000051,40.89955394800006],[14.269981329000075,40.90002037900007],[14.269837627000072,40.90024303600006],[14.26972758900007,40.900405628000044],[14.269449846000043,40.90079196900007],[14.269364278000069,40.90114250200003],[14.269348755000067,40.90154834500004],[14.269295285000055,40.90195142700003],[14.269273026000064,40.90222367800004],[14.269269317000067,40.90226870400005],[14.269207063000067,40.90226521300008],[14.268959479000046,40.90224803600006],[14.267994001000034,40.90218650500003],[14.26793101800007,40.90218066600005],[14.267645486000049,40.90205845500003],[14.267245552000077,40.90188537000006],[14.267062770000052,40.901740534000055],[14.266682278000076,40.90143659600005],[14.265695765000032,40.901377539000066],[14.265432231000034,40.90136166700006],[14.26526672500006,40.901352736000035],[14.264738101000034,40.90104147400007],[14.26451214900004,40.900915112000064],[14.264473284000076,40.90094977000007],[14.264424578000046,40.900995839000075],[14.264376347000052,40.90104253900006],[14.264324758000043,40.90109228000006],[14.264276576000043,40.90113693600006],[14.264193651000028,40.901266210000074],[14.264174092000076,40.90129692000005],[14.264128737000021,40.90136634100003],[14.26407604700006,40.901455878000036],[14.263833616000056,40.90177265600005],[14.263794704000077,40.901820669000074],[14.263720024000065,40.90191228800006],[14.263680283000042,40.90196036100008],[14.263309148000076,40.90239005500007],[14.263271064000037,40.902437356000064],[14.263228383000069,40.90248203700003],[14.263012885000023,40.90269597400004],[14.26296680400003,40.902741777000074],[14.262796262000052,40.902910475000056],[14.262752564000039,40.90295731900005],[14.262531371000023,40.90324498500007],[14.262514212000042,40.903268566000065],[14.262355682000077,40.903574924000054],[14.26234604800004,40.903609551000045],[14.262291100000027,40.90380969200004],[14.262158759000044,40.904006552000055],[14.262064404000057,40.90413314800003],[14.261948107000023,40.90409975700004],[14.261915550000026,40.90416413200006],[14.261754433000021,40.904285842000036],[14.261749490000057,40.90431846300004],[14.26180339900003,40.90437310300007],[14.261707762000071,40.904454874000066],[14.261659966000025,40.904495594000025],[14.26161748100003,40.904530641000065],[14.261527289000071,40.90459863700005],[14.26147293300005,40.90464025700004],[14.261374731000046,40.90471504300007],[14.261322862000043,40.90475703300007],[14.26123221000006,40.90484552500004],[14.26118527400007,40.90489110200008],[14.260678713000061,40.90536705200003],[14.260630786000036,40.905412101000024],[14.260347686000046,40.905677629000024],[14.260299817000032,40.905722526000034],[14.260156843000061,40.90585684500007],[14.258841478000022,40.90585953100003],[14.257762906000039,40.90580820400004],[14.255878092000046,40.90591892100008],[14.255999427000063,40.90710230800005],[14.255186760000072,40.907166430000075],[14.25513296500003,40.90717067500003],[14.255177399000047,40.908282987000064],[14.255176325000036,40.90835033400003],[14.255234023000071,40.90946883600003],[14.255236318000073,40.90951347300006],[14.254860602000065,40.90949913400004],[14.25441769400004,40.90948786000007],[14.253907667000021,40.909488413000076],[14.253393398000071,40.90953434000005],[14.253003921000072,40.90957044900006],[14.252509038000028,40.90959305500007],[14.252379676000032,40.909601415000054],[14.251825518000032,40.90971462500005],[14.251847118000057,40.90857657500004],[14.251855205000027,40.90825447200007],[14.250840783000058,40.90835866500004],[14.250786878000042,40.90836420200003],[14.250816232000034,40.90928708600006],[14.250817264000034,40.909319512000025],[14.250515808000046,40.90937532700008],[14.250464246000035,40.90938487500006],[14.250440105000052,40.91013310400007],[14.25043712400003,40.91043472400003],[14.250436764000028,40.91047112800004],[14.24887605500004,40.91065088400006],[14.248817534000068,40.910657624000066],[14.24886742800004,40.91094804100004],[14.24893284600006,40.91132687800007],[14.249501050000049,40.911238952000076],[14.249938025000063,40.911288203000026],[14.250181269000052,40.911317748000045],[14.250187271000073,40.911631406000026],[14.250189030000058,40.91167513900007],[14.250192428000048,40.91172000300003],[14.250259147000065,40.912592578000044],[14.250286018000054,40.91283429600003],[14.250539574000072,40.913403609000056],[14.250806054000066,40.913542215000064],[14.25105773200005,40.91368363600003],[14.25117337200004,40.91372146600003],[14.251654342000052,40.91388098500005],[14.252020298000048,40.91400179300007],[14.252126922000059,40.91419298400007],[14.252177562000043,40.91429487100004],[14.251869670000076,40.91455124100003],[14.251817816000028,40.91459417100003],[14.251095347000046,40.91496328300008],[14.248076755000056,40.91455449100005],[14.24802152500007,40.91454701300006],[14.248119730000042,40.91588743400007],[14.248123021000026,40.91593235500005],[14.248067482000067,40.91593009200005],[14.247899301000075,40.91592042800005],[14.246629362000022,40.91584389600007],[14.246523687000035,40.91446226200003],[14.245919368000045,40.91446981800004],[14.245792745000074,40.91447411300004],[14.245598834000077,40.91447745200003],[14.245484047000048,40.913960522000025],[14.244134274000032,40.91374748900006],[14.243643572000053,40.91305866500005],[14.242787303000057,40.91323272000005],[14.241539726000042,40.91324908000007],[14.241402562000076,40.91286370600005],[14.240640446000043,40.91289394000006],[14.239734129000055,40.91243107200006],[14.239701639000032,40.912416663000045],[14.239296090000039,40.91220868000005],[14.239020056000072,40.912470847000066],[14.238972492000073,40.912515848000055],[14.238874288000034,40.91260768500007],[14.238826134000021,40.91265271800006],[14.238410611000063,40.91304084300003],[14.238364820000072,40.913083613000026],[14.238322894000078,40.91312106400005],[14.238262804000044,40.913078634000044],[14.238149502000056,40.91299866900005],[14.238052307000032,40.912930826000036],[14.23795044800005,40.91280957200007],[14.237876209000035,40.91272277400003],[14.237796992000028,40.91259134100005],[14.23768893600004,40.91241620000005],[14.237587613000073,40.91204719000007],[14.237563670000043,40.91196275800007],[14.237560120000069,40.91191790000005],[14.237555844000042,40.911869092000074],[14.237532524000073,40.91160406200004],[14.237511637000068,40.91125839800003],[14.237490739000066,40.91108111400007],[14.237459298000033,40.91082864500004],[14.237408190000053,40.910522729000036],[14.237359249000065,40.91023450400007],[14.237450757000033,40.90952360700004],[14.23744251200003,40.909410980000075],[14.237421442000027,40.909093159000065],[14.237399997000068,40.90876966800005],[14.23739521300007,40.90869039700004],[14.237391451000065,40.90863248000005],[14.237368840000045,40.908302941000045],[14.237309211000024,40.90807377800007],[14.237181436000071,40.907583568000064],[14.237166769000055,40.90751970800005],[14.237226201000055,40.907511562000025],[14.237853876000031,40.90742552200004],[14.238160036000068,40.90738286200008],[14.238294248000045,40.907365009000046],[14.239255171000025,40.90753676300005],[14.239523441000074,40.907584384000074],[14.239937619000045,40.90765895200008],[14.240118776000031,40.90769150400007],[14.24025352600006,40.90770562300003],[14.240689170000053,40.907751043000076],[14.240679819000036,40.907702279000034],[14.240518013000042,40.90685855000004],[14.24051236400004,40.90682852000003],[14.240497503000029,40.906749888000036],[14.240442074000043,40.906461394000075],[14.24025154800006,40.90648381600005],[14.239245898000036,40.90660424200007],[14.239016470000024,40.90663171400007],[14.238302189000024,40.906716420000066],[14.237898869000048,40.905402278000054],[14.23782275900004,40.905153744000074],[14.237800881000055,40.90511023500005],[14.23734569800007,40.905188972000076],[14.237180567000053,40.90521016800005],[14.23707160500004,40.905224185000066],[14.236429656000041,40.90530720700008],[14.235645386000044,40.90529340300003],[14.235444271000063,40.90520539100004],[14.235244778000038,40.90511808800005],[14.234578894000038,40.905161889000055],[14.233776073000058,40.905342364000035],[14.233674033000057,40.90545859900004],[14.233630652000045,40.90551251800008],[14.233577337000042,40.90556759800006],[14.233531117000041,40.90579717300005],[14.233488451000028,40.90601728100006],[14.233330310000042,40.90642061200003],[14.23329747300005,40.906487396000045],[14.233233760000076,40.906618568000056],[14.233188131000077,40.90671349400003],[14.23315705400006,40.906779898000025],[14.233089775000053,40.906928668000035],[14.233070353000073,40.90695445000006],[14.233380817000068,40.90693603700004],[14.233371212000065,40.90703221800004],[14.233248890000027,40.90729890400007],[14.233013623000033,40.90758813600007],[14.232689877000041,40.90784657800003],[14.23248238800005,40.90805185800008],[14.232178759000021,40.908274568000024],[14.231985329000054,40.90844004000007],[14.231687069000031,40.908658152000044],[14.231296900000075,40.90880210700004],[14.231271629000048,40.908655072000045],[14.23121541200004,40.908699848000026],[14.230823667000038,40.909002644000054],[14.230770325000037,40.90904439900004],[14.230295058000024,40.909231883000075],[14.22999307300006,40.90924139500004],[14.229778244000045,40.90924482500003],[14.22954192700007,40.90925899700005],[14.22946393500007,40.90926370600005],[14.229366592000076,40.90927041000003],[14.229116561000069,40.90928616000008],[14.228285263000032,40.909350966000034],[14.227215176000072,40.909480623000036],[14.227151545000027,40.90946988500008],[14.226693978000071,40.90939236600008],[14.226635713000064,40.90938250200003],[14.226440726000021,40.90934941300003],[14.250470403000065,40.85992844100008],[14.261534828000038,40.867235798000024],[14.285676015000035,40.89718618900008]]]}},{"type":"Feature","properties":{"service_id":9,"population_total":22613.33,"thiessen_area_km2":3.2223,"population_share":0.025828769256073175,"area_share":0.030577254908463233,"population_covered":10332.96,"area_covered_km2":1.6769,"population_coverage_ratio":0.45694103506734557,"area_coverage_ratio":0.5204028717424378},"geometry":{"type":"MultiPolygon","coordinates":[[[[14.302617718000022,40.83175816600004],[14.302563280000072,40.83179739500008],[14.302435329000048,40.83188027800003],[14.302395022000042,40.83186347000003],[14.302535657000021,40.83178040900003],[14.302591723000035,40.831742105000046],[14.302617718000022,40.83175816600004]]],[[[14.30383884500003,40.84217995500006],[14.301758192000023,40.84304306000007],[14.290272379000044,40.84519799700007],[14.287884058000031,40.83952790200004],[14.288108984000075,40.83943762700005],[14.288385365000067,40.839307887000075],[14.28862248300004,40.83923396800003],[14.289130833000058,40.839021538000054],[14.289274130000024,40.83897893900007],[14.289881346000072,40.83870368800007],[14.290177750000055,40.839116911000076],[14.290299607000065,40.839074683000035],[14.29035901800006,40.83904374700006],[14.290059573000065,40.83864810000006],[14.290047698000024,40.838619003000076],[14.290096923000021,40.83861250500007],[14.290389514000026,40.83849101700008],[14.290800271000023,40.83833366500005],[14.290859778000026,40.83830283900005],[14.290732921000028,40.83813408100008],[14.290676619000067,40.838059186000066],[14.290297089000035,40.83754547700005],[14.289861375000044,40.83692700000006],[14.289181239000072,40.83596154900005],[14.289445693000062,40.83583834600006],[14.28970479000003,40.83622277300003],[14.289917525000021,40.83615339900007],[14.290436974000045,40.835912231000066],[14.290495458000066,40.83587984900004],[14.290397449000068,40.835745261000056],[14.290128725000045,40.835376229000076],[14.290190809000023,40.83534764800004],[14.29025275600003,40.835317642000064],[14.290475173000061,40.835204730000044],[14.29077944900007,40.835583719000056],[14.290861834000054,40.835699496000075],[14.29096970300003,40.83585109000006],[14.291298083000072,40.836312570000075],[14.292234441000062,40.83757340400007],[14.29233853900007,40.83772649400004],[14.292406280000023,40.83769354800006],[14.292466047000062,40.83766220700005],[14.292748042000028,40.83750644400004],[14.292808320000063,40.83747352300003],[14.293057069000042,40.83733863900005],[14.29311722400007,40.83730611300007],[14.293656371000054,40.83701578800003],[14.293716894000056,40.83698366600004],[14.294279411000048,40.83668972900006],[14.294340391000048,40.83665787500007],[14.294544044000077,40.836551489000044],[14.294605152000031,40.836519632000034],[14.295244167000021,40.83618321700004],[14.295302053000057,40.836149352000064],[14.295130605000054,40.83594117700005],[14.294952626000054,40.83576614900005],[14.294702178000023,40.83551985200006],[14.294569427000056,40.835576968000055],[14.294397127000025,40.83539005200004],[14.29446487100006,40.83534661900006],[14.294521430000032,40.83531020600003],[14.294295150000039,40.83508097300006],[14.29417264500006,40.835130427000024],[14.29403269900007,40.83496895900004],[14.294067126000073,40.83493109400007],[14.294114240000056,40.83488677200006],[14.293883003000076,40.83464592200005],[14.293765582000049,40.83469540700003],[14.293596645000036,40.83450663100007],[14.293638670000064,40.83447544100005],[14.29369209600003,40.83443621200007],[14.293126125000072,40.83381063000007],[14.29349611400005,40.833629330000065],[14.293555556000058,40.833596845000045],[14.294154867000032,40.833276400000045],[14.294210871000075,40.83323922000005],[14.29592281600003,40.83510274300005],[14.296039202000031,40.83502270900004],[14.296097177000036,40.83498599100005],[14.296184186000062,40.83493508300006],[14.296244196000032,40.83490313000004],[14.296327922000046,40.83486172500005],[14.296388069000045,40.83483029100006],[14.29656771200007,40.83473827300003],[14.296628475000034,40.83470695200003],[14.298231325000074,40.833840405000046],[14.298289737000061,40.833805433000066],[14.296975881000037,40.832362070000045],[14.296417103000067,40.83176225200003],[14.296432665000054,40.83164696100005],[14.297036140000046,40.83130661900003],[14.297091242000022,40.83126877900003],[14.29713526200004,40.83123218600008],[14.297187097000062,40.83119041700007],[14.297204463000071,40.83110426400003],[14.297254861000056,40.831059018000076],[14.297301439000023,40.831031049000046],[14.297356625000077,40.83099264600003],[14.297429874000045,40.83099309200003],[14.297689972000057,40.831137815000034],[14.29775141600004,40.83126542400004],[14.298197306000077,40.83181878100004],[14.298247246000074,40.83188075700008],[14.29888875100005,40.83257649500007],[14.299084730000061,40.832848058000025],[14.299271417000057,40.83300823600007],[14.29941750300003,40.83304888400005],[14.299898877000032,40.83305180800005],[14.300453168000047,40.833086980000076],[14.300578827000038,40.833079791000046],[14.300683391000064,40.833088377000024],[14.300724664000029,40.83314429200004],[14.300723911000034,40.83321585600004],[14.30066602100004,40.83325666400003],[14.30037707300005,40.83335689100005],[14.299929705000068,40.83356721600006],[14.299867986000038,40.83359875700006],[14.299655244000064,40.833714583000074],[14.299692139000058,40.83380203000007],[14.299701767000045,40.83388160900006],[14.299795781000057,40.833898085000044],[14.299926499000037,40.833848217000025],[14.300560349000023,40.83351776600006],[14.300615723000021,40.83348108700005],[14.300840135000044,40.833294110000054],[14.300890533000029,40.83325234800003],[14.301040134000061,40.83312893900006],[14.301096217000065,40.83309210400006],[14.301207370000043,40.83303118100008],[14.301259906000041,40.833000421000065],[14.301282035000042,40.83288998200004],[14.301334746000066,40.832849785000064],[14.301512726000055,40.83284291100006],[14.301837547000048,40.83280511600003],[14.302162949000035,40.832711661000076],[14.302520412000035,40.832554781000056],[14.302867924000054,40.832404576000044],[14.302907747000063,40.83236800100008],[14.30292294000003,40.83234344700003],[14.30264883600006,40.83209383900004],[14.302637891000074,40.83206459400003],[14.302733801000045,40.83200384000003],[14.302788214000032,40.831965953000065],[14.302819441000054,40.831982046000064],[14.302764444000047,40.83201975800006],[14.302675677000025,40.83207218000007],[14.302951221000058,40.83232588800007],[14.303105252000023,40.83224732700006],[14.303161313000032,40.83221002500005],[14.303227329000038,40.83215375200007],[14.303252745000066,40.832125837000035],[14.303278650000038,40.83210878800003],[14.30330807200005,40.83208957700003],[14.30315459600007,40.83195624000007],[14.30318092300007,40.83194049400004],[14.303331369000034,40.83206466100006],[14.303368076000027,40.83205693000008],[14.303474799000071,40.83215175000004],[14.303583858000025,40.832080423000036],[14.303640877000078,40.83204759900008],[14.303092996000032,40.83156021000008],[14.303042308000045,40.83159793900006],[14.302913922000073,40.83168250600005],[14.302883442000052,40.831655211000054],[14.303067473000056,40.83154194700006],[14.303122718000054,40.83150277500005],[14.303695525000023,40.83201344200006],[14.30379031700005,40.83195025400005],[14.303837244000022,40.831924929000024],[14.303752527000029,40.83182068800005],[14.30377893800005,40.83179699100003],[14.303886586000033,40.83190130300005],[14.304055505000065,40.83180621400004],[14.30411409100003,40.83177118100008],[14.304069570000024,40.83172418700008],[14.303596738000067,40.83120743200004],[14.302929309000035,40.830984716000046],[14.30284586700003,40.830987581000045],[14.302759765000076,40.83100187300005],[14.302436484000054,40.83110951100008],[14.302133962000028,40.83122200100007],[14.302131770000074,40.83119460100005],[14.30280926200004,40.83095615800005],[14.302898250000055,40.83095272000003],[14.303602302000058,40.83117565800006],[14.304120238000053,40.83168374500008],[14.304313083000068,40.831756478000045],[14.304558788000065,40.83177784000003],[14.305109543000071,40.83164995000004],[14.305643451000037,40.83149796200007],[14.306384524000066,40.83123283200007],[14.306522115000064,40.831129512000075],[14.30657728600005,40.83109063200004],[14.306604611000068,40.83107236700005],[14.30666194400004,40.83103620800006],[14.306843876000073,40.83092858400005],[14.306902113000035,40.830891964000045],[14.307211235000068,40.83068655200003],[14.307269071000064,40.83065021800007],[14.307469069000035,40.83053043900003],[14.307527804000074,40.830495737000035],[14.307726455000022,40.83038076100007],[14.307777459000022,40.83034037400006],[14.307868467000048,40.830242105000025],[14.307910932000027,40.83019655800007],[14.307967524000048,40.830136295000045],[14.30801026100005,40.830089979000036],[14.30803588300006,40.83006140800006],[14.308076847000052,40.83001494900003],[14.308111933000077,40.829974426000035],[14.308157761000075,40.82993030000006],[14.308194320000041,40.82985871200003],[14.308229485000027,40.82981809700004],[14.308275094000066,40.82977399300006],[14.308317199000044,40.82969888100007],[14.308346063000045,40.82961702800003],[14.308383819000028,40.82957453500006],[14.308399347000034,40.82952444600005],[14.308410326000057,40.82948590400008],[14.308418852000045,40.82946083300004],[14.308427547000065,40.82941056400006],[14.308338757000058,40.829289138000036],[14.308390508000059,40.829190898000036],[14.308448353000074,40.82914153200005],[14.308531970000047,40.82918309100006],[14.308618325000054,40.82924975800006],[14.308681026000045,40.829282067000065],[14.308868090000033,40.829407083000035],[14.308915125000055,40.82936853700005],[14.308970567000074,40.82932531400007],[14.308673775000045,40.829113230000075],[14.308656264000035,40.82906522400003],[14.308646218000035,40.82897960500003],[14.308687700000064,40.828928553000026],[14.30877791200004,40.82891312600003],[14.308870673000058,40.82894105400004],[14.309016728000074,40.82904001300005],[14.309121165000022,40.82909994400006],[14.309245881000038,40.82913388900005],[14.309285232000036,40.82911184900007],[14.309359542000038,40.82907277900006],[14.309428754000066,40.829028882000046],[14.309532895000075,40.82893873300003],[14.30958167800003,40.82889572100004],[14.309666029000027,40.828820310000026],[14.309715898000036,40.828778028000045],[14.30976563300004,40.82873829300007],[14.309822262000068,40.828701057000046],[14.309925349000025,40.82864514600004],[14.309977803000038,40.82861198900008],[14.310037175000048,40.82856829700006],[14.310096652000027,40.828524009000034],[14.310146502000066,40.828486964000035],[14.310374129000024,40.82831784200005],[14.310431140000048,40.82828052200006],[14.31050736700007,40.828236626000034],[14.310575401000051,40.828197568000064],[14.310643060000075,40.82815924700003],[14.310697138000023,40.82812865000005],[14.310757829000067,40.82808896300003],[14.310815452000043,40.82804680500004],[14.310929110000075,40.82796328200004],[14.310988818000055,40.82792652200004],[14.31102710500005,40.82789157800005],[14.311078190000046,40.82785495400003],[14.311124199000062,40.82781494500006],[14.311153598000033,40.827785153000036],[14.311199007000027,40.82773950300003],[14.311257073000036,40.82768115500005],[14.31130534700003,40.82763776300004],[14.311374985000043,40.82751751300003],[14.31138254800004,40.82743614000003],[14.311362005000035,40.82738307100004],[14.311318563000043,40.827340064000055],[14.311262197000076,40.82730215400005],[14.311188857000047,40.827265029000046],[14.31109626600005,40.827255799000056],[14.31101779900007,40.82720090400005],[14.310959626000056,40.827146353000046],[14.311005941000076,40.82711070300007],[14.311048224000047,40.82708139700003],[14.311090429000046,40.82705728800005],[14.311144386000024,40.82702400800008],[14.31119394500007,40.82702100000006],[14.311249107000037,40.826987838000036],[14.311276117000034,40.82696670100006],[14.311329260000036,40.82692685400008],[14.311491296000042,40.826811715000076],[14.311556726000049,40.826765677000026],[14.311623264000048,40.82672076000006],[14.312298455000075,40.826286838000044],[14.31236503200006,40.82624414900005],[14.31243107000006,40.82620166000004],[14.312825584000052,40.82594768900003],[14.312883054000054,40.82591107300004],[14.312924042000077,40.82588735400003],[14.312964898000075,40.825855121000075],[14.312997389000031,40.825844618000076],[14.313039455000023,40.82584267500005],[14.313095876000034,40.82585639500007],[14.313140082000075,40.82586734700004],[14.313176174000034,40.82589346900005],[14.313216616000034,40.82593861300006],[14.313252745000057,40.82596128000006],[14.313318202000062,40.826004848000025],[14.313383517000034,40.82606223000005],[14.31344869000003,40.82613342700006],[14.313535307000052,40.82619518900003],[14.313607552000065,40.82615509900006],[14.31339242000007,40.82593419800003],[14.313309095000022,40.825788662000036],[14.313316027000042,40.82574881700003],[14.313352337000026,40.82570834000006],[14.313447843000063,40.82570085000003],[14.31360630000006,40.825758198000074],[14.313732368000046,40.82587175900005],[14.31388022300007,40.82592904300003],[14.314251067000043,40.82595542400003],[14.314474220000022,40.82590840300003],[14.314559455000051,40.82586862000005],[14.31473978300005,40.825861634000034],[14.314930795000066,40.82584665400003],[14.315463330000057,40.82561613800004],[14.315729389000069,40.82552102300008],[14.315945455000076,40.82543052700004],[14.316396801000053,40.82510660400004],[14.316438066000046,40.825066261000075],[14.316462614000045,40.82503573200006],[14.316501319000054,40.82498841000006],[14.31656954500005,40.824908891000064],[14.316611452000075,40.82486154000003],[14.316658489000076,40.824810005000074],[14.31670414100006,40.824757487000056],[14.316747887000076,40.824698553000076],[14.316792919000022,40.82464799300004],[14.31680340400004,40.82455399400004],[14.316832201000068,40.82445763700008],[14.31688859600007,40.824425545000054],[14.316944745000058,40.82438841600003],[14.317043443000045,40.82435764600007],[14.317098312000041,40.82435839300007],[14.31714846400007,40.824329326000054],[14.31718664400006,40.82431990400005],[14.317224874000033,40.82430566000005],[14.317282138000053,40.82429826500004],[14.317342713000073,40.82426535600007],[14.317393725000045,40.824254342000074],[14.31749558100006,40.82419366400006],[14.317544246000068,40.82415280200007],[14.317575387000034,40.82411568600003],[14.317622845000074,40.82407337600006],[14.318132415000036,40.82372671100006],[14.318186479000076,40.82368668400005],[14.318310119000046,40.82369947500007],[14.318399561000035,40.82367127600003],[14.318474072000072,40.823613418000036],[14.318526337000037,40.82357254000004],[14.318413252000028,40.82348705800007],[14.318458262000036,40.823431534000065],[14.318503734000046,40.82338708000003],[14.318518840000024,40.823284802000046],[14.318530764000059,40.82323023300006],[14.318316736000043,40.823025932000064],[14.318332593000036,40.822969099000034],[14.318709865000073,40.82259465200008],[14.318757919000063,40.822551866000026],[14.318983596000066,40.822162966000064],[14.319382523000058,40.82193657500005],[14.319438973000047,40.82190100500003],[14.319530495000038,40.821837034000055],[14.31958185700006,40.821795647000044],[14.319608328000072,40.82177100800004],[14.319657173000053,40.82172817600008],[14.319745007000051,40.821384125000066],[14.319907926000042,40.82146116800004],[14.321057691000021,40.82197318900006],[14.321105871000043,40.82199775700008],[14.32120565200006,40.82205171800007],[14.321576950000065,40.82181154300008],[14.321632339000075,40.82183945600008],[14.322010400000067,40.82210099000008],[14.322377989000074,40.82235913200003],[14.322603528000059,40.82249983400004],[14.322303183000031,40.82264759700007],[14.322512950000032,40.82276148300008],[14.322748905000026,40.82288960900007],[14.322798110000065,40.82291620500007],[14.323165798000048,40.823115415000075],[14.323111950000055,40.82313436700008],[14.322536188000072,40.82333847800004],[14.32227455800006,40.82342660100005],[14.321538223000061,40.82380312200007],[14.32147982400005,40.82383467400007],[14.321370709000064,40.82392648000007],[14.32131610500005,40.823971906000054],[14.321251896000035,40.82402364400008],[14.321159149000039,40.824098726000045],[14.321107181000059,40.824140416000034],[14.321020360000034,40.824304390000066],[14.320983736000073,40.82421626800004],[14.32059389400007,40.82436006900008],[14.319921259000068,40.82454362400006],[14.319276353000078,40.82476019400008],[14.318960874000027,40.82489292900004],[14.318991517000029,40.82502490300004],[14.318653913000048,40.82513198100003],[14.318460354000024,40.82522096400004],[14.318291617000057,40.82524401000006],[14.317905068000073,40.825303803000054],[14.317489476000048,40.825502140000026],[14.317545719000066,40.825640555000064],[14.31768173000006,40.82573034100005],[14.317548934000058,40.82574330800003],[14.317347637000069,40.825798346000056],[14.317261574000042,40.825726100000054],[14.317132044000061,40.82567492000004],[14.317056932000071,40.825739371000054],[14.31676056300006,40.82598555100003],[14.316553697000074,40.826158993000035],[14.316504319000046,40.82616889800005],[14.316401776000077,40.82620412700004],[14.316230508000046,40.826383544000066],[14.316167995000058,40.82654269200003],[14.316125893000049,40.82656839900005],[14.316191610000033,40.82660884100005],[14.315992662000042,40.82679819400005],[14.31604716000004,40.826822296000046],[14.316176189000032,40.82698936700007],[14.316348780000055,40.827087626000036],[14.315890468000077,40.827314863000026],[14.315577865000023,40.827666058000034],[14.315539766000029,40.82771648200003],[14.315625796000063,40.82777888100003],[14.315780152000059,40.82789328800004],[14.316291312000033,40.82794168600003],[14.316420734000076,40.82795430600004],[14.316586199000028,40.827968568000074],[14.316860138000038,40.82795113000003],[14.317172516000028,40.82793043100003],[14.317432409000048,40.82791375200003],[14.317559323000069,40.82790558900007],[14.318638446000023,40.82779268200005],[14.319599049000033,40.82777119900004],[14.319835203000025,40.82776607100004],[14.320053408000035,40.82775974700007],[14.320119060000025,40.827760227000056],[14.320264573000031,40.82775799700005],[14.320320971000058,40.827721774000054],[14.320932429000038,40.82740300800003],[14.321087403000035,40.82738477400005],[14.321763414000031,40.82730604900007],[14.321967254000072,40.82729211900005],[14.322973956000055,40.82721403100004],[14.323180043000036,40.827204495000046],[14.32342172500006,40.82719331100003],[14.323702192000042,40.82718033200007],[14.324159930000064,40.82715914800008],[14.325127232000057,40.82765484600003],[14.325222927000027,40.82770412200006],[14.325388196000063,40.827804513000046],[14.325563329000033,40.827911533000076],[14.325656686000059,40.82796933700007],[14.325902083000074,40.828118337000035],[14.32599078100003,40.82817301400007],[14.32605613000004,40.82821459200005],[14.326051151000058,40.82824237700004],[14.326038826000058,40.82829781500004],[14.326025998000034,40.828352669000026],[14.326014659000066,40.82840444900006],[14.325969095000062,40.828657081000074],[14.325925721000033,40.82882832200005],[14.32585361300005,40.82897877700003],[14.325837217000071,40.82901314600008],[14.32582082700003,40.829059450000045],[14.325788669000076,40.82910037500005],[14.325753029000055,40.82916954600006],[14.325658178000026,40.829346704000045],[14.325383203000058,40.82953721500007],[14.32532787200006,40.82957539600005],[14.32525350800006,40.82962702900005],[14.325193728000045,40.82966735200006],[14.325120275000074,40.82971325400007],[14.325077603000068,40.82974204000004],[14.324696250000045,40.830478851000066],[14.324713711000072,40.83114425000008],[14.324364373000037,40.83181017700008],[14.324314879000042,40.83186884600008],[14.324273829000049,40.83191749300005],[14.32423050400007,40.831969902000026],[14.324193206000075,40.83201735400007],[14.324152261000052,40.83206394800004],[14.323928876000025,40.83232946700008],[14.323887356000057,40.83238110000008],[14.32384365300004,40.83243305500008],[14.323744762000047,40.832549620000066],[14.323701903000028,40.83259551400005],[14.323821175000035,40.832661339000026],[14.30383884500003,40.84217995500006]]]]}},{"type":"Feature","properties":{"service_id":10,"population_total":554.51,"thiessen_area_km2":1.1245,"population_share":0.0006333537317413465,"area_share":0.010670751678357304,"population_covered":385.03,"area_covered_km2":0.8152,"population_coverage_ratio":0.6943656074271158,"area_coverage_ratio":0.7249454956316466},"geometry":{"type":"Polygon","coordinates":[[[14.301320317000034,40.84683732900004],[14.298798090000048,40.85793502000007],[14.293815757000061,40.85779199900003],[14.292752738000047,40.85642512600003],[14.290272379000044,40.84519799700007],[14.301758192000023,40.84304306000007],[14.301320317000034,40.84683732900004]]]}},{"type":"Feature","properties":{"service_id":2,"population_total":25944.39,"thiessen_area_km2":4.8924,"population_share":0.02963347798624681,"area_share":0.0464256764788924,"population_covered":10497.36,"area_covered_km2":2.6652,"population_coverage_ratio":0.4046101659398344,"area_coverage_ratio":0.5447625648366655},"geometry":{"type":"Polygon","coordinates":[[[14.29263811100003,40.89454518600007],[14.292562528000076,40.894664499000044],[14.292440597000052,40.894869339000024],[14.29240856000007,40.89491883300008],[14.292385943000056,40.89495242300006],[14.292353581000043,40.89500212400003],[14.292321568000034,40.895045751000055],[14.292305492000025,40.895072267000046],[14.292288610000071,40.89509634400008],[14.292271042000039,40.89512259800006],[14.292161970000052,40.89528805100008],[14.292130628000052,40.89533251800003],[14.292105608000043,40.89536856500007],[14.292040867000026,40.895461183000066],[14.29200503900006,40.89550961500004],[14.291923427000029,40.89562158800004],[14.29189120600006,40.89566559800005],[14.291859070000044,40.895707568000034],[14.291826879000041,40.89575394600007],[14.29179139100006,40.89580383800006],[14.29167099500006,40.895971641000074],[14.291633998000066,40.896019995000074],[14.291282498000044,40.896494465000046],[14.291087188000063,40.896833869000034],[14.290943975000062,40.897081713000034],[14.290699763000077,40.89756109900003],[14.290628345000073,40.89769943500005],[14.290517149000038,40.89795166000005],[14.290324159000022,40.89838361500006],[14.290242223000064,40.898573456000065],[14.290142263000064,40.89867588800007],[14.290097261000028,40.898722002000056],[14.289938379000034,40.89888529700005],[14.289889746000028,40.89893525200006],[14.28983091200007,40.89899115600008],[14.289546932000064,40.89919347000006],[14.289491837000071,40.899232709000046],[14.289372375000028,40.89931787800003],[14.289317951000044,40.89935733000004],[14.28912837200005,40.899231385000064],[14.288954586000045,40.89913605900006],[14.288681140000051,40.89898637300007],[14.288593591000051,40.89894059400007],[14.288356161000024,40.89881698800008],[14.288148817000035,40.89870926200007],[14.288100228000076,40.898662252000065],[14.288067463000061,40.898631299000044],[14.287946411000064,40.898515934000045],[14.287820846000045,40.89839573200004],[14.287647887000048,40.897899524000024],[14.287368294000032,40.89730018700004],[14.286883491000026,40.89700731700003],[14.286806334000062,40.89674819100003],[14.286498322000057,40.896816054000055],[14.28647588900003,40.89673266400007],[14.28628705500006,40.89688704500003],[14.28615775000003,40.89686575600007],[14.28607792500003,40.89691481300008],[14.28599906200003,40.89697593000005],[14.285676015000035,40.89718618900008],[14.261534828000038,40.867235798000024],[14.289443463000055,40.86762276500008],[14.29263811100003,40.89454518600007]]]}}]}