{"type":"FeatureCollection","features":[{"type":"Feature","geometry":{"type":"Polygon","coordinates":[[[9.100295,45.454131],[9.078047,45.468503],[9.077782,45.468024],[9.07681,45.466345],[9.076466,45.465655],[9.076249,45.464922],[9.076153,45.464374],[9.076125,45.463646],[9.076002,45.463588],[9.07571,45.46358],[9.075716,45.463531],[9.075485,45.463333],[9.075266,45.46323],[9.074443,45.463011],[9.073796,45.46284],[9.073295,45.463168],[9.072173,45.46376],[9.071846,45.463934],[9.071794,45.463963],[9.071519,45.464111],[9.07085,45.464475],[9.070459,45.464641],[9.069699,45.464862],[9.069477,45.464894],[9.069261,45.464823],[9.069378,45.46457],[9.069461,45.464579],[9.070015,45.464259],[9.069799,45.463936],[9.069789,45.463741],[9.06999,45.463355],[9.070384,45.46285],[9.070706,45.462756],[9.071011,45.462521],[9.071611,45.462359],[9.071739,45.462228],[9.071827,45.462102],[9.07183,45.461985],[9.071801,45.461886],[9.071699,45.461773],[9.072093,45.46132],[9.072139,45.461058],[9.072671,45.460603],[9.073166,45.46045],[9.07334,45.460316],[9.073414,45.46013],[9.073751,45.460013],[9.073992,45.45978],[9.074268,45.459513],[9.074474,45.459369],[9.074637,45.459063],[9.074424,45.459],[9.074686,45.458545],[9.074736,45.457897],[9.074531,45.457348],[9.074175,45.457339],[9.072525,45.457086],[9.072558,45.457004],[9.073031,45.456999],[9.074486,45.457096],[9.076232,45.457264],[9.077514,45.457363],[9.077363,45.455892],[9.076885,45.455943],[9.076632,45.455205],[9.076058,45.454859],[9.074559,45.454053],[9.074103,45.45439],[9.073186,45.454729],[9.072831,45.454556],[9.071955,45.454157],[9.070298,45.453679],[9.069378,45.453423],[9.068042,45.453058],[9.067058,45.452829],[9.066452,45.452634],[9.06589,45.452451],[9.067425,45.450391],[9.066614,45.450054],[9.066478,45.449917],[9.066525,45.449726],[9.067286,45.448884],[9.067836,45.448151],[9.068141,45.447988],[9.068408,45.447526],[9.069462,45.44788],[9.075474,45.44952],[9.076693,45.449356],[9.077345,45.449378],[9.077839,45.449441],[9.077987,45.449458],[9.077987,45.449489],[9.077987,45.449577],[9.077473,45.450554],[9.077231,45.450941],[9.077175,45.451279],[9.077162,45.45136],[9.077129,45.451562],[9.077421,45.451906],[9.077534,45.452045],[9.077569,45.452115],[9.077992,45.45297],[9.078109,45.452858],[9.07825,45.452711],[9.078279,45.452681],[9.078853,45.452101],[9.078893,45.45206],[9.078931,45.452024],[9.079658,45.451286],[9.079902,45.451389],[9.080087,45.451467],[9.080272,45.451547],[9.080384,45.451544],[9.080605,45.451537],[9.0809,45.451381],[9.08096,45.451353],[9.081145,45.451258],[9.081321,45.451163],[9.081395,45.451136],[9.081711,45.451028],[9.081806,45.450996],[9.082327,45.451128],[9.082484,45.451167],[9.082965,45.451263],[9.083207,45.451311],[9.083247,45.451324],[9.083512,45.451371],[9.083613,45.451391],[9.083677,45.451404],[9.084007,45.451472],[9.085239,45.452061],[9.085271,45.452076],[9.085606,45.452236],[9.086399,45.452582],[9.086758,45.452739],[9.087027,45.452856],[9.087219,45.452914],[9.088153,45.453197],[9.088626,45.453134],[9.088723,45.453152],[9.089078,45.453219],[9.089421,45.453165],[9.089956,45.453087],[9.091848,45.45278],[9.092184,45.452663],[9.092995,45.452379],[9.093057,45.452356],[9.093205,45.452307],[9.093283,45.452277],[9.093349,45.452253],[9.093542,45.452054],[9.093835,45.451754],[9.093876,45.451712],[9.093934,45.45163],[9.0941,45.45139],[9.094431,45.451095],[9.094639,45.45086],[9.094833,45.45062],[9.09488,45.450565],[9.094935,45.450488],[9.095083,45.450293],[9.095131,45.450172],[9.095164,45.450086],[9.100295,45.454131]]]},"properties":{"service_id":62,"population_total":15634.19,"thiessen_area_km2":2.6529,"population_share":0.01449485,"area_share":0.01807496,"population_covered":6410.39,"area_covered_km2":0.781,"population_coverage_ratio":0.410024,"area_coverage_ratio":0.294394}},{"type":"Feature","geometry":{"type":"Polygon","coordinates":[[[9.103393,45.452773],[9.100295,45.454131],[9.095164,45.450086],[9.095206,45.449974],[9.095351,45.449708],[9.095352,45.449611],[9.09535,45.449384],[9.095379,45.449123],[9.095519,45.449048],[9.095886,45.448852],[9.096213,45.448879],[9.096718,45.448905],[9.096759,45.448903],[9.096937,45.44889],[9.097242,45.448869],[9.097491,45.448851],[9.097819,45.4484],[9.098132,45.447926],[9.09816,45.447882],[9.098205,45.447815],[9.098415,45.447574],[9.098449,45.447536],[9.098483,45.447497],[9.09856,45.44741],[9.098857,45.447207],[9.099221,45.446955],[9.099278,45.446916],[9.099333,45.446878],[9.099838,45.446904],[9.100129,45.446915],[9.100583,45.446931],[9.101124,45.44693],[9.101267,45.44693],[9.101172,45.447088],[9.101088,45.447227],[9.101048,45.447335],[9.100849,45.447597],[9.100454,45.448141],[9.10005,45.448607],[9.099599,45.449245],[9.098713,45.451598],[9.099881,45.451579],[9.100979,45.451728],[9.102035,45.452079],[9.103084,45.452606],[9.103393,45.452773]]]},"properties":{"service_id":61,"population_total":883.84,"thiessen_area_km2":0.1944,"population_share":0.00081943,"area_share":0.00132429,"population_covered":883.84,"area_covered_km2":0.1944,"population_coverage_ratio":1.0,"area_coverage_ratio":1.0}},{"type":"Feature","geometry":{"type":"Polygon","coordinates":[[[9.151791,45.456331],[9.151122,45.456725],[9.141496,45.456143],[9.140072,45.455035],[9.136766,45.450813],[9.137828,45.438764],[9.138653,45.435044],[9.138856,45.435066],[9.138799,45.435258],[9.138969,45.435282],[9.139726,45.435413],[9.139775,45.435325],[9.151597,45.442517],[9.152746,45.454814],[9.151791,45.456331]]]},"properties":{"service_id":69,"population_total":26871.73,"thiessen_area_km2":2.2136,"population_share":0.02491346,"area_share":0.01508222,"population_covered":22734.02,"area_covered_km2":1.6378,"population_coverage_ratio":0.84602,"area_coverage_ratio":0.739853}},{"type":"Feature","geometry":{"type":"Polygon","coordinates":[[[9.129931,45.477394],[9.125211,45.47953],[9.122383,45.479036],[9.11878,45.471679],[9.123269,45.459383],[9.136766,45.450813],[9.140072,45.455035],[9.129931,45.477394]]]},"properties":{"service_id":53,"population_total":28458.55,"thiessen_area_km2":2.8227,"population_share":0.02638463,"area_share":0.01923232,"population_covered":20687.57,"area_covered_km2":1.8345,"population_coverage_ratio":0.726937,"area_coverage_ratio":0.649903}},{"type":"Feature","geometry":{"type":"Polygon","coordinates":[[[9.137828,45.438764],[9.11701,45.449729],[9.112811,45.446258],[9.113001,45.446271],[9.113243,45.445911],[9.112243,45.445785],[9.112455,45.445315],[9.112671,45.444827],[9.112879,45.444356],[9.112972,45.444147],[9.112996,45.444097],[9.11334,45.443318],[9.11353,45.443363],[9.115098,45.443731],[9.115178,45.443752],[9.11525,45.443771],[9.115333,45.443627],[9.115424,45.443445],[9.115477,45.443337],[9.115515,45.443247],[9.115559,45.443163],[9.11562,45.44306],[9.115658,45.442982],[9.11569,45.442916],[9.115772,45.442753],[9.115794,45.442707],[9.115881,45.442537],[9.115908,45.442489],[9.116096,45.442092],[9.116166,45.441954],[9.116189,45.441904],[9.116392,45.441497],[9.116425,45.441443],[9.116489,45.441339],[9.116517,45.441294],[9.116715,45.44097],[9.116983,45.440824],[9.117171,45.440722],[9.117306,45.440644],[9.117405,45.440594],[9.117452,45.440569],[9.1175,45.440506],[9.117561,45.440427],[9.117643,45.440322],[9.117816,45.440098],[9.117854,45.440047],[9.117911,45.439974],[9.118029,45.439849],[9.118065,45.43981],[9.118682,45.439155],[9.118729,45.439104],[9.118775,45.439055],[9.118817,45.43901],[9.119518,45.438352],[9.120165,45.437635],[9.120362,45.437419],[9.120404,45.437375],[9.120748,45.437512],[9.120917,45.437226],[9.121526,45.4362],[9.12207,45.435276],[9.122102,45.435164],[9.122091,45.435136],[9.122079,45.43511],[9.121961,45.43506],[9.121874,45.435029],[9.121678,45.434961],[9.121412,45.434867],[9.12126,45.434769],[9.121243,45.434739],[9.121225,45.434704],[9.12126,45.434644],[9.121427,45.434564],[9.121498,45.434531],[9.124558,45.431906],[9.125616,45.430999],[9.125702,45.431432],[9.123792,45.434845],[9.123479,45.435553],[9.124073,45.43598],[9.126435,45.437365],[9.126793,45.437167],[9.129264,45.436404],[9.129738,45.436204],[9.130135,45.435967],[9.13041,45.435638],[9.131089,45.434597],[9.131456,45.434311],[9.13183,45.434062],[9.132679,45.433582],[9.133948,45.432842],[9.134827,45.432415],[9.135656,45.432097],[9.133847,45.434365],[9.136534,45.434666],[9.136513,45.435123],[9.137961,45.435253],[9.138018,45.434974],[9.138653,45.435044],[9.137828,45.438764]]]},"properties":{"service_id":64,"population_total":5528.6,"thiessen_area_km2":1.7359,"population_share":0.0051257,"area_share":0.01182747,"population_covered":4896.5,"area_covered_km2":1.3052,"population_coverage_ratio":0.885667,"area_coverage_ratio":0.751861}},{"type":"Feature","geometry":{"type":"Polygon","coordinates":[[[9.136766,45.450813],[9.123269,45.459383],[9.11701,45.449729],[9.137828,45.438764],[9.136766,45.450813]]]},"properties":{"service_id":65,"population_total":16522.8,"thiessen_area_km2":1.8395,"population_share":0.01531871,"area_share":0.01253283,"population_covered":15072.55,"area_covered_km2":1.6331,"population_coverage_ratio":0.912227,"area_coverage_ratio":0.887831}},{"type":"Feature","geometry":{"type":"Polygon","coordinates":[[[9.088435,45.470654],[9.085869,45.47025],[9.081382,45.469838],[9.080985,45.470027],[9.080279,45.470263],[9.07976,45.470538],[9.079274,45.470684],[9.079061,45.47026],[9.078377,45.469098],[9.078047,45.468503],[9.100295,45.454131],[9.103393,45.452773],[9.104785,45.453524],[9.105332,45.453212],[9.110235,45.467934],[9.088435,45.470654]]]},"properties":{"service_id":60,"population_total":17476.59,"thiessen_area_km2":2.6881,"population_share":0.01620298,"area_share":0.01831464,"population_covered":12581.83,"area_covered_km2":1.8811,"population_coverage_ratio":0.719925,"area_coverage_ratio":0.699805}},{"type":"Feature","geometry":{"type":"MultiPolygon","coordinates":[[[[9.205274,45.406291],[9.204889,45.406651],[9.200353,45.4088],[9.200435,45.405632],[9.200285,45.404917],[9.200414,45.404081],[9.201525,45.402213],[9.201845,45.401591],[9.198752,45.401672],[9.198735,45.400568],[9.198818,45.399876],[9.199809,45.400099],[9.199933,45.399824],[9.200785,45.39999],[9.202051,45.400172],[9.204402,45.400467],[9.204477,45.399762],[9.204277,45.399655],[9.203867,45.398813],[9.20382,45.39826],[9.203788,45.397548],[9.203394,45.397559],[9.201887,45.397635],[9.201824,45.397563],[9.202208,45.39756],[9.20224,45.397524],[9.202309,45.397449],[9.202367,45.397384],[9.202443,45.39706],[9.202506,45.396726],[9.202961,45.396411],[9.203212,45.396195],[9.203295,45.396111],[9.203435,45.395973],[9.203625,45.395523],[9.203701,45.395253],[9.203738,45.394884],[9.204348,45.394099],[9.204806,45.393441],[9.205029,45.3934],[9.205495,45.393314],[9.205524,45.393294],[9.205954,45.392998],[9.206078,45.392554],[9.20627,45.39217],[9.206705,45.392295],[9.20746,45.392564],[9.207726,45.392658],[9.208496,45.392931],[9.208433,45.39321],[9.20832,45.393867],[9.2084,45.394596],[9.208644,45.395001],[9.208776,45.395084],[9.208976,45.39521],[9.209156,45.395324],[9.209145,45.395558],[9.209132,45.395828],[9.208903,45.396324],[9.208841,45.396459],[9.208077,45.397144],[9.209688,45.397582],[9.209832,45.397231],[9.209948,45.396948],[9.210017,45.39678],[9.210145,45.396803],[9.210383,45.396841],[9.210483,45.396856],[9.211381,45.397],[9.205274,45.406291]]],[[[9.181963,45.414729],[9.182165,45.415218],[9.181937,45.415613],[9.181828,45.417144],[9.181738,45.417616],[9.176235,45.420223],[9.165984,45.420038],[9.164516,45.417502],[9.162787,45.414512],[9.162521,45.414055],[9.160817,45.411226],[9.161811,45.410976],[9.162325,45.411827],[9.164307,45.411828],[9.164563,45.411174],[9.164551,45.410552],[9.165163,45.409166],[9.16651,45.409263],[9.168742,45.408768],[9.168061,45.407602],[9.16794,45.40712],[9.167877,45.406405],[9.167765,45.405459],[9.167072,45.40422],[9.166435,45.402201],[9.166363,45.402214],[9.165252,45.400496],[9.165558,45.400498],[9.166604,45.400507],[9.166541,45.400867],[9.167324,45.401191],[9.167466,45.401303],[9.168042,45.402139],[9.168178,45.402198],[9.16837,45.402269],[9.170009,45.402803],[9.170766,45.402828],[9.170518,45.400776],[9.172445,45.400771],[9.173599,45.400768],[9.173988,45.400768],[9.174448,45.402765],[9.174831,45.40381],[9.175264,45.404725],[9.175291,45.405412],[9.17498,45.406658],[9.176171,45.406567],[9.176207,45.406031],[9.180027,45.405543],[9.179991,45.406253],[9.180051,45.407083],[9.182257,45.40728],[9.18207,45.408205],[9.183514,45.408306],[9.182583,45.410756],[9.182525,45.411276],[9.181963,45.414729]]]]},"properties":{"service_id":101,"population_total":15532.07,"thiessen_area_km2":3.1679,"population_share":0.01440017,"area_share":0.02158427,"population_covered":7200.4,"area_covered_km2":0.9158,"population_coverage_ratio":0.463583,"area_coverage_ratio":0.28909}},{"type":"Feature","geometry":{"type":"Polygon","coordinates":[[[9.162724,45.44022],[9.153663,45.442967],[9.151597,45.442517],[9.139775,45.435325],[9.141338,45.432517],[9.141529,45.432034],[9.140705,45.430987],[9.140046,45.430053],[9.139012,45.42836],[9.138197,45.427587],[9.138909,45.426872],[9.138574,45.426615],[9.139984,45.424796],[9.140263,45.424416],[9.140934,45.423499],[9.142685,45.42397],[9.141649,45.425531],[9.14165,45.425955],[9.143407,45.426666],[9.147206,45.427727],[9.148166,45.428266],[9.147845,45.428534],[9.148072,45.428676],[9.149108,45.429373],[9.149924,45.429231],[9.149863,45.429097],[9.149878,45.428937],[9.150007,45.428803],[9.150605,45.428514],[9.151111,45.4283],[9.150805,45.427828],[9.1528,45.425917],[9.153208,45.425745],[9.154015,45.425418],[9.154264,45.425331],[9.156298,45.424701],[9.15587,45.424026],[9.156377,45.423778],[9.157091,45.423407],[9.158009,45.424922],[9.158614,45.426394],[9.158681,45.426645],[9.158763,45.427243],[9.158888,45.427756],[9.15984,45.427224],[9.159886,45.427084],[9.159709,45.426761],[9.159869,45.426476],[9.16012,45.426244],[9.160556,45.426055],[9.161123,45.425891],[9.162124,45.425606],[9.162724,45.44022]]]},"properties":{"service_id":67,"population_total":21732.79,"thiessen_area_km2":2.7457,"population_share":0.02014901,"area_share":0.01870762,"population_covered":17063.81,"area_covered_km2":1.7906,"population_coverage_ratio":0.785164,"area_coverage_ratio":0.652156}},{"type":"Feature","geometry":{"type":"Polygon","coordinates":[[[9.162968,45.448902],[9.161887,45.455651],[9.157166,45.452482],[9.158517,45.448722],[9.162968,45.448902]]]},"properties":{"service_id":74,"population_total":1620.19,"thiessen_area_km2":0.2272,"population_share":0.00150212,"area_share":0.00154801,"population_covered":1620.19,"area_covered_km2":0.2272,"population_coverage_ratio":1.0,"area_coverage_ratio":1.0}},{"type":"Feature","geometry":{"type":"Polygon","coordinates":[[[9.166918,45.446677],[9.162968,45.448902],[9.158517,45.448722],[9.153663,45.442967],[9.162724,45.44022],[9.166792,45.443275],[9.167825,45.44587],[9.166918,45.446677]]]},"properties":{"service_id":76,"population_total":5401.53,"thiessen_area_km2":0.6763,"population_share":0.0050079,"area_share":0.00460766,"population_covered":5401.53,"area_covered_km2":0.6763,"population_coverage_ratio":1.0,"area_coverage_ratio":1.0}},{"type":"Feature","geometry":{"type":"Polygon","coordinates":[[[9.153463,45.454464],[9.152746,45.454814],[9.151597,45.442517],[9.153663,45.442967],[9.158517,45.448722],[9.157166,45.452482],[9.153463,45.454464]]]},"properties":{"service_id":68,"population_total":3385.0,"thiessen_area_km2":0.4402,"population_share":0.00313832,"area_share":0.00299957,"population_covered":3385.0,"area_covered_km2":0.4402,"population_coverage_ratio":1.0,"area_coverage_ratio":1.0}},{"type":"Feature","geometry":{"type":"Polygon","coordinates":[[[9.161887,45.455651],[9.16243,45.45694],[9.153463,45.454464],[9.157166,45.452482],[9.161887,45.455651]]]},"properties":{"service_id":75,"population_total":2252.06,"thiessen_area_km2":0.1361,"population_share":0.00208794,"area_share":0.00092727,"population_covered":2252.06,"area_covered_km2":0.1361,"population_coverage_ratio":1.0,"area_coverage_ratio":1.0}},{"type":"Feature","geometry":{"type":"Polygon","coordinates":[[[9.17321,45.465502],[9.16735,45.473161],[9.167148,45.473001],[9.166606,45.471282],[9.164268,45.462597],[9.172243,45.461816],[9.17321,45.465502]]]},"properties":{"service_id":41,"population_total":4579.5,"thiessen_area_km2":0.5127,"population_share":0.00424577,"area_share":0.00349346,"population_covered":4579.5,"area_covered_km2":0.5127,"population_coverage_ratio":1.0,"area_coverage_ratio":1.0}},{"type":"Feature","geometry":{"type":"Polygon","coordinates":[[[9.165229,45.457291],[9.163331,45.458879],[9.16243,45.45694],[9.161887,45.455651],[9.162968,45.448902],[9.166918,45.446677],[9.165229,45.457291]]]},"properties":{"service_id":73,"population_total":3388.37,"thiessen_area_km2":0.3087,"population_share":0.00314144,"area_share":0.00210353,"population_covered":3388.37,"area_covered_km2":0.3087,"population_coverage_ratio":1.0,"area_coverage_ratio":1.0}},{"type":"Feature","geometry":{"type":"Polygon","coordinates":[[[9.14997,45.466534],[9.144345,45.46703],[9.141496,45.456143],[9.151122,45.456725],[9.152651,45.46335],[9.14997,45.466534]]]},"properties":{"service_id":43,"population_total":8847.49,"thiessen_area_km2":0.784,"population_share":0.00820273,"area_share":0.00534146,"population_covered":8847.49,"area_covered_km2":0.784,"population_coverage_ratio":1.0,"area_coverage_ratio":1.0}},{"type":"Feature","geometry":{"type":"Polygon","coordinates":[[[9.163331,45.458879],[9.162818,45.460961],[9.151791,45.456331],[9.152746,45.454814],[9.153463,45.454464],[9.16243,45.45694],[9.163331,45.458879]]]},"properties":{"service_id":70,"population_total":5717.66,"thiessen_area_km2":0.2914,"population_share":0.00530099,"area_share":0.00198567,"population_covered":5717.66,"area_covered_km2":0.2914,"population_coverage_ratio":1.0,"area_coverage_ratio":1.0}},{"type":"Feature","geometry":{"type":"MultiPolygon","coordinates":[[[[9.202783,45.413656],[9.20058,45.418482],[9.200186,45.418217],[9.198049,45.416634],[9.19945,45.415773],[9.198384,45.414881],[9.200803,45.413447],[9.200329,45.413066],[9.201117,45.411613],[9.200317,45.411309],[9.200329,45.409713],[9.200353,45.4088],[9.204889,45.406651],[9.202783,45.413656]]],[[[9.191343,45.438712],[9.179203,45.441677],[9.175809,45.430506],[9.176235,45.420223],[9.181738,45.417616],[9.181673,45.417963],[9.181923,45.418161],[9.181691,45.418343],[9.182275,45.420138],[9.18041,45.42107],[9.180678,45.421456],[9.180633,45.42234],[9.180644,45.423562],[9.18069,45.425374],[9.180479,45.425556],[9.18081,45.425885],[9.182583,45.426992],[9.182729,45.428189],[9.182708,45.429973],[9.184434,45.429852],[9.184838,45.429813],[9.185678,45.429783],[9.186112,45.429839],[9.186356,45.429966],[9.186501,45.430233],[9.187468,45.43032],[9.188375,45.429016],[9.18943,45.429196],[9.189725,45.427589],[9.190763,45.42767],[9.190761,45.426984],[9.191427,45.42698],[9.191329,45.42655],[9.190957,45.426278],[9.190577,45.42603],[9.190093,45.425761],[9.190798,45.425262],[9.19106,45.425456],[9.193854,45.425557],[9.19373,45.427828],[9.195992,45.427916],[9.196503,45.426701],[9.197737,45.423824],[9.198485,45.422899],[9.198605,45.422807],[9.191343,45.438712]]]]},"properties":{"service_id":100,"population_total":17725.41,"thiessen_area_km2":2.4108,"population_share":0.01643367,"area_share":0.01642579,"population_covered":14563.34,"area_covered_km2":1.4489,"population_coverage_ratio":0.821608,"area_coverage_ratio":0.601014}},{"type":"Feature","geometry":{"type":"Polygon","coordinates":[[[9.183688,45.457631],[9.180809,45.45793],[9.177406,45.453899],[9.17606,45.451234],[9.17563,45.450173],[9.175308,45.447837],[9.178324,45.44559],[9.183583,45.44787],[9.187163,45.454054],[9.186064,45.45568],[9.183688,45.457631]]]},"properties":{"service_id":82,"population_total":10227.41,"thiessen_area_km2":0.7893,"population_share":0.00948209,"area_share":0.00537791,"population_covered":10227.41,"area_covered_km2":0.7893,"population_coverage_ratio":1.0,"area_coverage_ratio":1.0}},{"type":"Feature","geometry":{"type":"Polygon","coordinates":[[[9.175809,45.430506],[9.166792,45.443275],[9.162724,45.44022],[9.162124,45.425606],[9.162699,45.425441],[9.163459,45.425177],[9.16414,45.424709],[9.16509,45.423962],[9.165824,45.423311],[9.167505,45.422682],[9.166911,45.421644],[9.16629,45.420566],[9.165984,45.420038],[9.176235,45.420223],[9.175809,45.430506]]]},"properties":{"service_id":66,"population_total":9538.75,"thiessen_area_km2":1.9928,"population_share":0.00884361,"area_share":0.01357751,"population_covered":5365.24,"area_covered_km2":1.1903,"population_coverage_ratio":0.562468,"area_coverage_ratio":0.597299}},{"type":"Feature","geometry":{"type":"Polygon","coordinates":[[[9.188788,45.444613],[9.183583,45.44787],[9.178324,45.44559],[9.179203,45.441677],[9.191343,45.438712],[9.191333,45.441416],[9.188788,45.444613]]]},"properties":{"service_id":83,"population_total":6132.9,"thiessen_area_km2":0.6087,"population_share":0.00568597,"area_share":0.00414725,"population_covered":6132.9,"area_covered_km2":0.6087,"population_coverage_ratio":1.0,"area_coverage_ratio":1.0}},{"type":"Feature","geometry":{"type":"Polygon","coordinates":[[[9.190019,45.460663],[9.187794,45.462928],[9.18564,45.461345],[9.1843,45.459028],[9.183688,45.457631],[9.186064,45.45568],[9.189534,45.459414],[9.190019,45.460663]]]},"properties":{"service_id":127,"population_total":1859.56,"thiessen_area_km2":0.2109,"population_share":0.00172404,"area_share":0.00143707,"population_covered":1859.56,"area_covered_km2":0.2109,"population_coverage_ratio":1.0,"area_coverage_ratio":1.0}},{"type":"Feature","geometry":{"type":"Polygon","coordinates":[[[9.168454,45.455952],[9.165229,45.457291],[9.166918,45.446677],[9.167825,45.44587],[9.170029,45.446861],[9.168454,45.455952]]]},"properties":{"service_id":72,"population_total":2221.75,"thiessen_area_km2":0.2748,"population_share":0.00205984,"area_share":0.00187234,"population_covered":2221.75,"area_covered_km2":0.2748,"population_coverage_ratio":1.0,"area_coverage_ratio":1.0}},{"type":"Feature","geometry":{"type":"Polygon","coordinates":[[[9.17606,45.451234],[9.171946,45.458027],[9.170288,45.456276],[9.17563,45.450173],[9.17606,45.451234]]]},"properties":{"service_id":80,"population_total":1622.08,"thiessen_area_km2":0.1163,"population_share":0.00150387,"area_share":0.00079239,"population_covered":1622.08,"area_covered_km2":0.1163,"population_coverage_ratio":1.0,"area_coverage_ratio":1.0}},{"type":"Feature","geometry":{"type":"Polygon","coordinates":[[[9.177406,45.453899],[9.172433,45.458788],[9.171946,45.458027],[9.17606,45.451234],[9.177406,45.453899]]]},"properties":{"service_id":79,"population_total":1745.88,"thiessen_area_km2":0.1142,"population_share":0.00161865,"area_share":0.00077799,"population_covered":1745.88,"area_covered_km2":0.1142,"population_coverage_ratio":1.0,"area_coverage_ratio":1.0}},{"type":"Feature","geometry":{"type":"Polygon","coordinates":[[[9.17563,45.450173],[9.170288,45.456276],[9.168454,45.455952],[9.170029,45.446861],[9.175308,45.447837],[9.17563,45.450173]]]},"properties":{"service_id":78,"population_total":4496.32,"thiessen_area_km2":0.3525,"population_share":0.00416865,"area_share":0.00240138,"population_covered":4496.32,"area_covered_km2":0.3525,"population_coverage_ratio":1.0,"area_coverage_ratio":1.0}},{"type":"Feature","geometry":{"type":"Polygon","coordinates":[[[9.178324,45.44559],[9.175308,45.447837],[9.170029,45.446861],[9.167825,45.44587],[9.166792,45.443275],[9.175809,45.430506],[9.179203,45.441677],[9.178324,45.44559]]]},"properties":{"service_id":77,"population_total":10892.97,"thiessen_area_km2":1.0634,"population_share":0.01009915,"area_share":0.00724513,"population_covered":10892.97,"area_covered_km2":1.0557,"population_coverage_ratio":1.0,"area_coverage_ratio":0.992758}},{"type":"Feature","geometry":{"type":"Polygon","coordinates":[[[9.191469,45.459144],[9.189534,45.459414],[9.186064,45.45568],[9.187163,45.454054],[9.189611,45.453431],[9.190515,45.454238],[9.191469,45.459144]]]},"properties":{"service_id":119,"population_total":1700.95,"thiessen_area_km2":0.172,"population_share":0.00157699,"area_share":0.00117186,"population_covered":1700.95,"area_covered_km2":0.172,"population_coverage_ratio":1.0,"area_coverage_ratio":1.0}},{"type":"Feature","geometry":{"type":"Polygon","coordinates":[[[9.162855,45.461195],[9.157722,45.464715],[9.152651,45.46335],[9.151122,45.456725],[9.151791,45.456331],[9.162818,45.460961],[9.162855,45.461195]]]},"properties":{"service_id":42,"population_total":7666.47,"thiessen_area_km2":0.4597,"population_share":0.00710778,"area_share":0.00313202,"population_covered":7666.47,"area_covered_km2":0.4597,"population_coverage_ratio":1.0,"area_coverage_ratio":1.0}},{"type":"Feature","geometry":{"type":"Polygon","coordinates":[[[9.176919,45.464521],[9.175491,45.466307],[9.17321,45.465502],[9.172243,45.461816],[9.172883,45.461059],[9.17564,45.460761],[9.176919,45.464521]]]},"properties":{"service_id":34,"population_total":1415.18,"thiessen_area_km2":0.1559,"population_share":0.00131205,"area_share":0.00106198,"population_covered":1415.18,"area_covered_km2":0.1559,"population_coverage_ratio":1.0,"area_coverage_ratio":1.0}},{"type":"Feature","geometry":{"type":"Polygon","coordinates":[[[9.17564,45.460761],[9.172883,45.461059],[9.172433,45.458788],[9.177406,45.453899],[9.180809,45.45793],[9.180192,45.458757],[9.17564,45.460761]]]},"properties":{"service_id":81,"population_total":4233.94,"thiessen_area_km2":0.282,"population_share":0.00392539,"area_share":0.00192153,"population_covered":4233.94,"area_covered_km2":0.282,"population_coverage_ratio":1.0,"area_coverage_ratio":1.0}},{"type":"Feature","geometry":{"type":"Polygon","coordinates":[[[9.183065,45.466404],[9.18239,45.467051],[9.179303,45.465791],[9.179244,45.464229],[9.180107,45.462918],[9.182743,45.465347],[9.182801,45.465441],[9.183065,45.466404]]]},"properties":{"service_id":39,"population_total":533.31,"thiessen_area_km2":0.0765,"population_share":0.00049445,"area_share":0.00052146,"population_covered":533.31,"area_covered_km2":0.0765,"population_coverage_ratio":1.0,"area_coverage_ratio":1.0}},{"type":"Feature","geometry":{"type":"Polygon","coordinates":[[[9.179244,45.464229],[9.176919,45.464521],[9.17564,45.460761],[9.180192,45.458757],[9.180107,45.462918],[9.179244,45.464229]]]},"properties":{"service_id":40,"population_total":1430.16,"thiessen_area_km2":0.1547,"population_share":0.00132593,"area_share":0.00105421,"population_covered":1430.16,"area_covered_km2":0.1547,"population_coverage_ratio":1.0,"area_coverage_ratio":1.0}},{"type":"Feature","geometry":{"type":"Polygon","coordinates":[[[9.181952,45.474619],[9.178667,45.474648],[9.179905,45.471709],[9.180912,45.47046],[9.184323,45.469564],[9.186945,45.47103],[9.187104,45.473262],[9.181952,45.474619]]]},"properties":{"service_id":30,"population_total":2156.89,"thiessen_area_km2":0.2549,"population_share":0.00199971,"area_share":0.00173706,"population_covered":2156.89,"area_covered_km2":0.2549,"population_coverage_ratio":1.0,"area_coverage_ratio":1.0}},{"type":"Feature","geometry":{"type":"Polygon","coordinates":[[[9.179303,45.465791],[9.178725,45.46669],[9.175606,45.46646],[9.175491,45.466307],[9.176919,45.464521],[9.179244,45.464229],[9.179303,45.465791]]]},"properties":{"service_id":35,"population_total":541.68,"thiessen_area_km2":0.0578,"population_share":0.00050221,"area_share":0.00039376,"population_covered":541.68,"area_covered_km2":0.0578,"population_coverage_ratio":1.0,"area_coverage_ratio":1.0}},{"type":"Feature","geometry":{"type":"Polygon","coordinates":[[[9.185386,45.466099],[9.183894,45.466524],[9.183065,45.466404],[9.182801,45.465441],[9.185174,45.462905],[9.185386,45.466099]]]},"properties":{"service_id":129,"population_total":46.66,"thiessen_area_km2":0.0476,"population_share":4.326e-05,"area_share":0.00032456,"population_covered":46.66,"area_covered_km2":0.0476,"population_coverage_ratio":1.0,"area_coverage_ratio":1.0}},{"type":"Feature","geometry":{"type":"Polygon","coordinates":[[[9.1843,45.459028],[9.182743,45.465347],[9.180107,45.462918],[9.180192,45.458757],[9.180809,45.45793],[9.183688,45.457631],[9.1843,45.459028]]]},"properties":{"service_id":38,"population_total":2207.77,"thiessen_area_km2":0.197,"population_share":0.00204687,"area_share":0.00134224,"population_covered":2207.77,"area_covered_km2":0.197,"population_coverage_ratio":1.0,"area_coverage_ratio":1.0}},{"type":"Feature","geometry":{"type":"Polygon","coordinates":[[[9.185174,45.462905],[9.182801,45.465441],[9.182743,45.465347],[9.1843,45.459028],[9.18564,45.461345],[9.185174,45.462905]]]},"properties":{"service_id":128,"population_total":525.99,"thiessen_area_km2":0.0657,"population_share":0.00048766,"area_share":0.00044734,"population_covered":525.99,"area_covered_km2":0.0657,"population_coverage_ratio":1.0,"area_coverage_ratio":1.0}},{"type":"Feature","geometry":{"type":"Polygon","coordinates":[[[9.184323,45.469564],[9.180912,45.47046],[9.18239,45.467051],[9.183065,45.466404],[9.183894,45.466524],[9.18473,45.468338],[9.184323,45.469564]]]},"properties":{"service_id":32,"population_total":398.11,"thiessen_area_km2":0.076,"population_share":0.0003691,"area_share":0.00051763,"population_covered":398.11,"area_covered_km2":0.076,"population_coverage_ratio":1.0,"area_coverage_ratio":1.0}},{"type":"Feature","geometry":{"type":"Polygon","coordinates":[[[9.193552,45.47741],[9.192395,45.482709],[9.189766,45.481621],[9.190332,45.476672],[9.191261,45.47567],[9.192676,45.475629],[9.193552,45.47741]]]},"properties":{"service_id":150,"population_total":1402.59,"thiessen_area_km2":0.1652,"population_share":0.00130038,"area_share":0.0011255,"population_covered":1402.59,"area_covered_km2":0.1652,"population_coverage_ratio":1.0,"area_coverage_ratio":1.0}},{"type":"Feature","geometry":{"type":"Polygon","coordinates":[[[9.133757,45.520812],[9.132518,45.523495],[9.132477,45.523485],[9.131796,45.523197],[9.130398,45.522988],[9.130054,45.522888],[9.130011,45.522973],[9.114676,45.501665],[9.114474,45.501288],[9.131163,45.505174],[9.133757,45.520812]]]},"properties":{"service_id":2,"population_total":8274.99,"thiessen_area_km2":1.6245,"population_share":0.00767196,"area_share":0.01106819,"population_covered":6679.28,"area_covered_km2":1.3785,"population_coverage_ratio":0.807164,"area_coverage_ratio":0.848597}},{"type":"Feature","geometry":{"type":"Polygon","coordinates":[[[9.108025,45.497061],[9.090591,45.503414],[9.09059,45.503412],[9.090723,45.502686],[9.090796,45.502287],[9.090587,45.501738],[9.090172,45.500991],[9.090029,45.500865],[9.089976,45.500817],[9.089898,45.500748],[9.089548,45.500434],[9.089647,45.499983],[9.089719,45.499656],[9.089754,45.499497],[9.089727,45.499426],[9.089546,45.498948],[9.089468,45.498735],[9.089407,45.498569],[9.089714,45.4987],[9.090951,45.498553],[9.091334,45.498873],[9.091931,45.498319],[9.094115,45.49951],[9.094496,45.499534],[9.095513,45.497013],[9.096343,45.49644],[9.096724,45.496372],[9.097152,45.493687],[9.097326,45.493741],[9.097386,45.493413],[9.097602,45.493272],[9.098424,45.493174],[9.098612,45.49253],[9.09789,45.492461],[9.097964,45.491191],[9.099593,45.490218],[9.099932,45.488592],[9.099982,45.487891],[9.098522,45.487374],[9.097653,45.487104],[9.097422,45.487228],[9.096754,45.487027],[9.09591,45.486832],[9.094439,45.486513],[9.093657,45.487539],[9.09255,45.488552],[9.087168,45.492127],[9.086083,45.491399],[9.087533,45.489668],[9.085738,45.488768],[9.085103,45.488832],[9.08364,45.487654],[9.083754,45.48485],[9.08444,45.484595],[9.084256,45.484077],[9.084219,45.482824],[9.084242,45.482545],[9.084395,45.482295],[9.084631,45.482208],[9.085791,45.48199],[9.086598,45.480188],[9.086941,45.479598],[9.08695,45.479416],[9.085901,45.479244],[9.085451,45.479241],[9.083772,45.479119],[9.081794,45.478775],[9.081102,45.478594],[9.083669,45.476338],[9.082963,45.474914],[9.083673,45.475239],[9.083872,45.474151],[9.086946,45.474731],[9.087172,45.474758],[9.08764,45.473787],[9.088692,45.473971],[9.089082,45.473066],[9.089819,45.470871],[9.088435,45.470654],[9.110235,45.467934],[9.11878,45.471679],[9.122383,45.479036],[9.108025,45.497061]]]},"properties":{"service_id":59,"population_total":24332.11,"thiessen_area_km2":7.0923,"population_share":0.02255891,"area_share":0.04832232,"population_covered":7660.29,"area_covered_km2":3.1412,"population_coverage_ratio":0.314822,"area_coverage_ratio":0.4429}},{"type":"Feature","geometry":{"type":"Polygon","coordinates":[[[9.120015,45.521647],[9.119794,45.521785],[9.117661,45.52162],[9.117935,45.519972],[9.117772,45.51991],[9.118455,45.519045],[9.118392,45.519014],[9.118227,45.518959],[9.117275,45.519744],[9.1168,45.520027],[9.115977,45.520293],[9.114786,45.520435],[9.112944,45.520779],[9.111576,45.521743],[9.11101,45.522243],[9.110527,45.522815],[9.109801,45.52309],[9.109338,45.523423],[9.109098,45.523821],[9.108964,45.524045],[9.108654,45.523969],[9.109102,45.522748],[9.108935,45.522731],[9.10767,45.522599],[9.114145,45.519005],[9.11477,45.51867],[9.115918,45.518132],[9.116077,45.518058],[9.11389,45.516814],[9.113127,45.516364],[9.112873,45.515959],[9.112894,45.515299],[9.112974,45.514199],[9.113041,45.51372],[9.113369,45.513258],[9.113678,45.51291],[9.114719,45.5126],[9.116021,45.512168],[9.11653,45.512059],[9.117083,45.512035],[9.117093,45.511864],[9.116513,45.511784],[9.115871,45.511852],[9.115545,45.511814],[9.113417,45.511852],[9.111577,45.511775],[9.109757,45.511592],[9.108746,45.51147],[9.108412,45.511516],[9.107753,45.512206],[9.107719,45.512292],[9.10746,45.512664],[9.106086,45.512603],[9.104387,45.512551],[9.103158,45.512698],[9.100632,45.512896],[9.09937,45.512841],[9.09837,45.512697],[9.096555,45.512481],[9.096199,45.512426],[9.096227,45.512382],[9.096336,45.51221],[9.096513,45.511202],[9.097725,45.508717],[9.098363,45.507402],[9.098439,45.506691],[9.098148,45.506889],[9.098071,45.50675],[9.09801,45.506719],[9.097946,45.506687],[9.097854,45.506642],[9.097587,45.506507],[9.095294,45.506955],[9.095049,45.506667],[9.094364,45.506024],[9.094312,45.506034],[9.093791,45.506132],[9.092895,45.506295],[9.092818,45.506309],[9.092533,45.506365],[9.092358,45.506399],[9.092082,45.506287],[9.092016,45.50626],[9.091919,45.505562],[9.091811,45.504595],[9.091707,45.504208],[9.091241,45.50396],[9.091192,45.503934],[9.090847,45.503853],[9.090591,45.503414],[9.108025,45.497061],[9.114474,45.501288],[9.114676,45.501665],[9.120015,45.521647]]]},"properties":{"service_id":1,"population_total":8512.57,"thiessen_area_km2":2.7521,"population_share":0.00789222,"area_share":0.01875071,"population_covered":226.58,"area_covered_km2":0.9022,"population_coverage_ratio":0.026618,"area_coverage_ratio":0.327841}},{"type":"Feature","geometry":{"type":"Polygon","coordinates":[[[9.15109,45.498268],[9.14825,45.501475],[9.147887,45.501322],[9.142973,45.493057],[9.14438,45.487369],[9.144611,45.487243],[9.147883,45.486701],[9.15109,45.498268]]]},"properties":{"service_id":14,"population_total":8549.24,"thiessen_area_km2":0.606,"population_share":0.00792622,"area_share":0.00412897,"population_covered":7229.25,"area_covered_km2":0.5685,"population_coverage_ratio":0.845601,"area_coverage_ratio":0.938097}},{"type":"Feature","geometry":{"type":"Polygon","coordinates":[[[9.144611,45.487243],[9.14438,45.487369],[9.126546,45.481036],[9.125211,45.47953],[9.129931,45.477394],[9.1305,45.477249],[9.143803,45.481402],[9.144611,45.487243]]]},"properties":{"service_id":54,"population_total":2151.77,"thiessen_area_km2":0.7932,"population_share":0.00199496,"area_share":0.00540454,"population_covered":1938.73,"area_covered_km2":0.6067,"population_coverage_ratio":0.900994,"area_coverage_ratio":0.764839}},{"type":"Feature","geometry":{"type":"Polygon","coordinates":[[[9.147887,45.501322],[9.147666,45.501323],[9.132623,45.493733],[9.13136,45.488657],[9.142973,45.493057],[9.147887,45.501322]]]},"properties":{"service_id":57,"population_total":5304.08,"thiessen_area_km2":0.6253,"population_share":0.00491755,"area_share":0.00426029,"population_covered":5304.08,"area_covered_km2":0.6253,"population_coverage_ratio":1.0,"area_coverage_ratio":0.999987}},{"type":"Feature","geometry":{"type":"Polygon","coordinates":[[[9.147666,45.501323],[9.13208,45.504142],[9.132623,45.493733],[9.147666,45.501323]]]},"properties":{"service_id":56,"population_total":4143.93,"thiessen_area_km2":0.698,"population_share":0.00384194,"area_share":0.00475569,"population_covered":4143.91,"area_covered_km2":0.698,"population_coverage_ratio":0.999996,"area_coverage_ratio":1.0}},{"type":"Feature","geometry":{"type":"Polygon","coordinates":[[[9.161365,45.503899],[9.156388,45.513178],[9.150629,45.509617],[9.14825,45.501475],[9.15109,45.498268],[9.156589,45.494635],[9.159842,45.49414],[9.160018,45.494117],[9.16335,45.499452],[9.161365,45.503899]]]},"properties":{"service_id":13,"population_total":3846.01,"thiessen_area_km2":1.5161,"population_share":0.00356573,"area_share":0.01032964,"population_covered":3698.67,"area_covered_km2":1.4189,"population_coverage_ratio":0.961691,"area_coverage_ratio":0.93589}},{"type":"Feature","geometry":{"type":"Polygon","coordinates":[[[9.130011,45.522973],[9.129906,45.523182],[9.129954,45.523614],[9.129916,45.523816],[9.129591,45.524262],[9.129299,45.524519],[9.12897,45.524694],[9.128673,45.525024],[9.128458,45.524889],[9.128451,45.524119],[9.128801,45.523574],[9.128841,45.522985],[9.126221,45.522917],[9.125012,45.522886],[9.12473,45.522805],[9.123896,45.522788],[9.123987,45.522369],[9.123885,45.521865],[9.12365,45.52147],[9.123303,45.521096],[9.123664,45.520641],[9.122454,45.520507],[9.122376,45.520845],[9.120377,45.520631],[9.120215,45.521522],[9.120019,45.521644],[9.120015,45.521647],[9.114676,45.501665],[9.130011,45.522973]]]},"properties":{"service_id":3,"population_total":326.88,"thiessen_area_km2":0.8364,"population_share":0.00030306,"area_share":0.0056984,"population_covered":318.04,"area_covered_km2":0.7259,"population_coverage_ratio":0.972962,"area_coverage_ratio":0.867988}},{"type":"Feature","geometry":{"type":"Polygon","coordinates":[[[9.13208,45.504142],[9.131163,45.505174],[9.114474,45.501288],[9.108025,45.497061],[9.122383,45.479036],[9.125211,45.47953],[9.126546,45.481036],[9.13136,45.488657],[9.132623,45.493733],[9.13208,45.504142]]]},"properties":{"service_id":58,"population_total":17599.26,"thiessen_area_km2":3.4131,"population_share":0.01631672,"area_share":0.02325462,"population_covered":10268.05,"area_covered_km2":1.9961,"population_coverage_ratio":0.583437,"area_coverage_ratio":0.584837}},{"type":"Feature","geometry":{"type":"Polygon","coordinates":[[[9.157382,45.466787],[9.156169,45.47152],[9.153163,45.470368],[9.14997,45.466534],[9.152651,45.46335],[9.157722,45.464715],[9.157382,45.466787]]]},"properties":{"service_id":44,"population_total":4090.38,"thiessen_area_km2":0.3411,"population_share":0.00379229,"area_share":0.00232377,"population_covered":4090.38,"area_covered_km2":0.3411,"population_coverage_ratio":1.0,"area_coverage_ratio":1.0}},{"type":"Feature","geometry":{"type":"Polygon","coordinates":[[[9.167148,45.473001],[9.157156,45.473213],[9.156169,45.47152],[9.157382,45.466787],[9.166606,45.471282],[9.167148,45.473001]]]},"properties":{"service_id":46,"population_total":3477.47,"thiessen_area_km2":0.3664,"population_share":0.00322405,"area_share":0.00249635,"population_covered":3477.47,"area_covered_km2":0.3664,"population_coverage_ratio":1.0,"area_coverage_ratio":1.0}},{"type":"Feature","geometry":{"type":"Polygon","coordinates":[[[9.1305,45.477249],[9.129931,45.477394],[9.140072,45.455035],[9.141496,45.456143],[9.144345,45.46703],[9.142189,45.471679],[9.1305,45.477249]]]},"properties":{"service_id":52,"population_total":19447.76,"thiessen_area_km2":1.1979,"population_share":0.01803051,"area_share":0.00816141,"population_covered":18693.97,"area_covered_km2":1.0852,"population_coverage_ratio":0.96124,"area_coverage_ratio":0.905934}},{"type":"Feature","geometry":{"type":"Polygon","coordinates":[[[9.147413,45.474208],[9.146762,45.474506],[9.142189,45.471679],[9.144345,45.46703],[9.14997,45.466534],[9.153163,45.470368],[9.147413,45.474208]]]},"properties":{"service_id":51,"population_total":7175.61,"thiessen_area_km2":0.4743,"population_share":0.00665269,"area_share":0.00323127,"population_covered":7175.61,"area_covered_km2":0.4743,"population_coverage_ratio":1.0,"area_coverage_ratio":1.0}},{"type":"Feature","geometry":{"type":"Polygon","coordinates":[[[9.14438,45.487369],[9.142973,45.493057],[9.13136,45.488657],[9.126546,45.481036],[9.14438,45.487369]]]},"properties":{"service_id":55,"population_total":2227.72,"thiessen_area_km2":0.7719,"population_share":0.00206538,"area_share":0.00525904,"population_covered":2201.13,"area_covered_km2":0.6953,"population_coverage_ratio":0.988063,"area_coverage_ratio":0.900745}},{"type":"Feature","geometry":{"type":"Polygon","coordinates":[[[9.149397,45.480547],[9.143803,45.481402],[9.1305,45.477249],[9.142189,45.471679],[9.146762,45.474506],[9.149805,45.479936],[9.149397,45.480547]]]},"properties":{"service_id":50,"population_total":7646.7,"thiessen_area_km2":0.8806,"population_share":0.00708945,"area_share":0.00599992,"population_covered":7615.45,"area_covered_km2":0.8726,"population_coverage_ratio":0.995912,"area_coverage_ratio":0.990876}},{"type":"Feature","geometry":{"type":"Polygon","coordinates":[[[9.162318,45.48388],[9.158627,45.484638],[9.156402,45.483152],[9.155755,45.480037],[9.163018,45.480477],[9.163217,45.482552],[9.162318,45.48388]]]},"properties":{"service_id":21,"population_total":1691.9,"thiessen_area_km2":0.2271,"population_share":0.0015686,"area_share":0.00154758,"population_covered":1691.9,"area_covered_km2":0.2271,"population_coverage_ratio":1.0,"area_coverage_ratio":1.0}},{"type":"Feature","geometry":{"type":"Polygon","coordinates":[[[9.15503,45.4792],[9.149805,45.479936],[9.146762,45.474506],[9.147413,45.474208],[9.156675,45.474215],[9.15503,45.4792]]]},"properties":{"service_id":49,"population_total":2434.62,"thiessen_area_km2":0.3577,"population_share":0.0022572,"area_share":0.0024368,"population_covered":2434.62,"area_covered_km2":0.3577,"population_coverage_ratio":1.0,"area_coverage_ratio":1.0}},{"type":"Feature","geometry":{"type":"Polygon","coordinates":[[[9.156589,45.494635],[9.15109,45.498268],[9.147883,45.486701],[9.148968,45.485568],[9.153916,45.487484],[9.156589,45.494635]]]},"properties":{"service_id":17,"population_total":9294.97,"thiessen_area_km2":0.5387,"population_share":0.0086176,"area_share":0.00367016,"population_covered":9294.97,"area_covered_km2":0.5385,"population_coverage_ratio":1.0,"area_coverage_ratio":0.999659}},{"type":"Feature","geometry":{"type":"Polygon","coordinates":[[[9.159842,45.49414],[9.156589,45.494635],[9.153916,45.487484],[9.156236,45.483475],[9.159842,45.49414]]]},"properties":{"service_id":18,"population_total":3284.79,"thiessen_area_km2":0.2771,"population_share":0.00304541,"area_share":0.00188787,"population_covered":3284.79,"area_covered_km2":0.2771,"population_coverage_ratio":1.0,"area_coverage_ratio":1.0}},{"type":"Feature","geometry":{"type":"Polygon","coordinates":[[[9.202457,45.529115],[9.202004,45.529023],[9.20202,45.528974],[9.202061,45.528803],[9.20149,45.528687],[9.201269,45.529489],[9.201155,45.529915],[9.200754,45.529856],[9.199962,45.529744],[9.200165,45.529132],[9.200374,45.528509],[9.199129,45.528309],[9.199248,45.52814],[9.198846,45.528042],[9.199006,45.52778],[9.199134,45.527569],[9.198555,45.527451],[9.197705,45.527281],[9.197473,45.528047],[9.197105,45.527977],[9.196572,45.529469],[9.195828,45.529377],[9.195488,45.529335],[9.195648,45.528529],[9.195709,45.528535],[9.195783,45.528542],[9.195851,45.528372],[9.196096,45.527749],[9.1957,45.527692],[9.19427,45.527488],[9.192615,45.527255],[9.192679,45.527985],[9.190454,45.527759],[9.19049,45.527655],[9.190348,45.527652],[9.19044,45.527252],[9.190447,45.527215],[9.190128,45.527184],[9.18899,45.527076],[9.188954,45.527114],[9.188165,45.527911],[9.187258,45.528829],[9.187221,45.528867],[9.186619,45.529476],[9.186622,45.529801],[9.186626,45.529914],[9.186632,45.530049],[9.186685,45.530071],[9.18661,45.53042],[9.186541,45.530741],[9.185975,45.530679],[9.185275,45.5306],[9.18488,45.530554],[9.184763,45.530928],[9.184686,45.531182],[9.184694,45.531368],[9.184701,45.531529],[9.184688,45.531665],[9.184651,45.532028],[9.184583,45.53268],[9.184553,45.532722],[9.184317,45.533062],[9.184264,45.533353],[9.183551,45.533224],[9.183337,45.533185],[9.183051,45.534157],[9.182992,45.534355],[9.182007,45.534225],[9.181971,45.534384],[9.18029,45.534145],[9.179977,45.535157],[9.17974,45.535113],[9.179514,45.53507],[9.179252,45.535021],[9.179145,45.535001],[9.179138,45.535095],[9.179119,45.535343],[9.178067,45.534778],[9.177644,45.535454],[9.175718,45.535321],[9.175654,45.535973],[9.17406,45.535922],[9.174246,45.535022],[9.172878,45.534984],[9.172017,45.534962],[9.172017,45.53516],[9.1709,45.535081],[9.170812,45.535482],[9.169208,45.535332],[9.168811,45.53531],[9.168789,45.535705],[9.168404,45.53567],[9.169782,45.526381],[9.171262,45.52457],[9.202013,45.52742],[9.202457,45.529115]]]},"properties":{"service_id":6,"population_total":5854.16,"thiessen_area_km2":1.5675,"population_share":0.00542754,"area_share":0.0106799,"population_covered":188.7,"area_covered_km2":0.5541,"population_coverage_ratio":0.032233,"area_coverage_ratio":0.353522}},{"type":"Feature","geometry":{"type":"Polygon","coordinates":[[[9.156236,45.483475],[9.153916,45.487484],[9.148968,45.485568],[9.149397,45.480547],[9.149805,45.479936],[9.15503,45.4792],[9.155755,45.480037],[9.156402,45.483152],[9.156236,45.483475]]]},"properties":{"service_id":16,"population_total":2235.44,"thiessen_area_km2":0.3966,"population_share":0.00207253,"area_share":0.00270209,"population_covered":2235.44,"area_covered_km2":0.3966,"population_coverage_ratio":1.0,"area_coverage_ratio":1.0}},{"type":"Feature","geometry":{"type":"Polygon","coordinates":[[[9.150629,45.509617],[9.133757,45.520812],[9.131163,45.505174],[9.13208,45.504142],[9.147666,45.501323],[9.147887,45.501322],[9.14825,45.501475],[9.150629,45.509617]]]},"properties":{"service_id":4,"population_total":13134.13,"thiessen_area_km2":1.9937,"population_share":0.01217698,"area_share":0.01358376,"population_covered":11464.25,"area_covered_km2":1.8639,"population_coverage_ratio":0.87286,"area_coverage_ratio":0.934912}},{"type":"Feature","geometry":{"type":"Polygon","coordinates":[[[9.147883,45.486701],[9.144611,45.487243],[9.143803,45.481402],[9.149397,45.480547],[9.148968,45.485568],[9.147883,45.486701]]]},"properties":{"service_id":15,"population_total":2000.13,"thiessen_area_km2":0.2504,"population_share":0.00185437,"area_share":0.00170638,"population_covered":2000.13,"area_covered_km2":0.2504,"population_coverage_ratio":1.0,"area_coverage_ratio":1.0}},{"type":"Feature","geometry":{"type":"Polygon","coordinates":[[[9.123269,45.459383],[9.11878,45.471679],[9.110235,45.467934],[9.105332,45.453212],[9.10558,45.45307],[9.106689,45.452444],[9.107232,45.452158],[9.108082,45.451785],[9.109428,45.451272],[9.109326,45.451119],[9.109412,45.450977],[9.109267,45.45094],[9.108477,45.450702],[9.108065,45.450505],[9.107622,45.450493],[9.107491,45.45053],[9.106982,45.45045],[9.106764,45.450363],[9.106708,45.45028],[9.106874,45.450019],[9.107037,45.45021],[9.107804,45.450372],[9.108584,45.45047],[9.108911,45.450575],[9.109074,45.450627],[9.109199,45.450667],[9.109404,45.450627],[9.109478,45.450612],[9.110358,45.450441],[9.110445,45.450423],[9.110527,45.450405],[9.110794,45.449127],[9.110926,45.448875],[9.111222,45.448317],[9.111375,45.448029],[9.111457,45.447875],[9.111825,45.446731],[9.111929,45.446372],[9.111943,45.446321],[9.111991,45.4462],[9.11214,45.446211],[9.112306,45.446222],[9.112499,45.446236],[9.112764,45.446254],[9.112811,45.446258],[9.11701,45.449729],[9.123269,45.459383]]]},"properties":{"service_id":63,"population_total":11723.83,"thiessen_area_km2":2.3269,"population_share":0.01086946,"area_share":0.01585392,"population_covered":11021.63,"area_covered_km2":1.7852,"population_coverage_ratio":0.940104,"area_coverage_ratio":0.767199}},{"type":"Feature","geometry":{"type":"Polygon","coordinates":[[[9.177282,45.475405],[9.174102,45.476148],[9.167511,45.473394],[9.16735,45.473161],[9.17321,45.465502],[9.175491,45.466307],[9.175606,45.46646],[9.177282,45.475405]]]},"properties":{"service_id":33,"population_total":2191.16,"thiessen_area_km2":0.5428,"population_share":0.00203148,"area_share":0.00369805,"population_covered":2191.16,"area_covered_km2":0.5428,"population_coverage_ratio":1.0,"area_coverage_ratio":1.0}},{"type":"Feature","geometry":{"type":"Polygon","coordinates":[[[9.164268,45.462597],[9.166606,45.471282],[9.157382,45.466787],[9.157722,45.464715],[9.162855,45.461195],[9.164268,45.462597]]]},"properties":{"service_id":45,"population_total":6202.16,"thiessen_area_km2":0.4112,"population_share":0.00575018,"area_share":0.00280165,"population_covered":6202.16,"area_covered_km2":0.4112,"population_coverage_ratio":1.0,"area_coverage_ratio":1.0}},{"type":"Feature","geometry":{"type":"Polygon","coordinates":[[[9.187382,45.469218],[9.186945,45.47103],[9.184323,45.469564],[9.18473,45.468338],[9.187382,45.469218]]]},"properties":{"service_id":31,"population_total":377.48,"thiessen_area_km2":0.0391,"population_share":0.00034997,"area_share":0.00026643,"population_covered":377.48,"area_covered_km2":0.0391,"population_coverage_ratio":1.0,"area_coverage_ratio":1.0}},{"type":"Feature","geometry":{"type":"Polygon","coordinates":[[[9.186618,45.479145],[9.181567,45.481735],[9.177443,45.475405],[9.178667,45.474648],[9.181952,45.474619],[9.186618,45.479145]]]},"properties":{"service_id":25,"population_total":3347.63,"thiessen_area_km2":0.3006,"population_share":0.00310367,"area_share":0.00204808,"population_covered":3347.63,"area_covered_km2":0.3006,"population_coverage_ratio":1.0,"area_coverage_ratio":1.0}},{"type":"Feature","geometry":{"type":"Polygon","coordinates":[[[9.180912,45.47046],[9.179905,45.471709],[9.178725,45.46669],[9.179303,45.465791],[9.18239,45.467051],[9.180912,45.47046]]]},"properties":{"service_id":37,"population_total":223.49,"thiessen_area_km2":0.1002,"population_share":0.0002072,"area_share":0.00068273,"population_covered":223.49,"area_covered_km2":0.1002,"population_coverage_ratio":1.0,"area_coverage_ratio":1.0}},{"type":"Feature","geometry":{"type":"Polygon","coordinates":[[[9.172243,45.461816],[9.164268,45.462597],[9.162855,45.461195],[9.162818,45.460961],[9.163331,45.458879],[9.165229,45.457291],[9.168454,45.455952],[9.170288,45.456276],[9.171946,45.458027],[9.172433,45.458788],[9.172883,45.461059],[9.172243,45.461816]]]},"properties":{"service_id":71,"population_total":4628.93,"thiessen_area_km2":0.4213,"population_share":0.0042916,"area_share":0.00287058,"population_covered":4628.93,"area_covered_km2":0.4213,"population_coverage_ratio":1.0,"area_coverage_ratio":1.0}},{"type":"Feature","geometry":{"type":"Polygon","coordinates":[[[9.188554,45.467148],[9.187382,45.469218],[9.18473,45.468338],[9.183894,45.466524],[9.185386,45.466099],[9.188451,45.466491],[9.188554,45.467148]]]},"properties":{"service_id":136,"population_total":302.96,"thiessen_area_km2":0.084,"population_share":0.00028088,"area_share":0.00057263,"population_covered":302.96,"area_covered_km2":0.084,"population_coverage_ratio":1.0,"area_coverage_ratio":1.0}},{"type":"Feature","geometry":{"type":"Polygon","coordinates":[[[9.192676,45.475629],[9.191261,45.47567],[9.187912,45.473652],[9.19062,45.468637],[9.192464,45.469509],[9.194442,45.471316],[9.194539,45.471428],[9.194764,45.472975],[9.192676,45.475629]]]},"properties":{"service_id":138,"population_total":1638.2,"thiessen_area_km2":0.2585,"population_share":0.00151881,"area_share":0.00176159,"population_covered":1638.2,"area_covered_km2":0.2585,"population_coverage_ratio":1.0,"area_coverage_ratio":1.0}},{"type":"Feature","geometry":{"type":"Polygon","coordinates":[[[9.189766,45.481621],[9.187649,45.481976],[9.187382,45.479213],[9.190332,45.476672],[9.189766,45.481621]]]},"properties":{"service_id":151,"population_total":702.73,"thiessen_area_km2":0.083,"population_share":0.00065152,"area_share":0.00056559,"population_covered":702.73,"area_covered_km2":0.083,"population_coverage_ratio":1.0,"area_coverage_ratio":1.0}},{"type":"Feature","geometry":{"type":"Polygon","coordinates":[[[9.178667,45.474648],[9.177443,45.475405],[9.177282,45.475405],[9.175606,45.46646],[9.178725,45.46669],[9.179905,45.471709],[9.178667,45.474648]]]},"properties":{"service_id":36,"population_total":430.75,"thiessen_area_km2":0.2099,"population_share":0.00039936,"area_share":0.00143027,"population_covered":430.75,"area_covered_km2":0.2099,"population_coverage_ratio":1.0,"area_coverage_ratio":1.0}},{"type":"Feature","geometry":{"type":"Polygon","coordinates":[[[9.191053,45.464843],[9.189013,45.4653],[9.188751,45.464584],[9.191065,45.461242],[9.191878,45.461378],[9.192269,45.463428],[9.191916,45.464398],[9.191053,45.464843]]]},"properties":{"service_id":125,"population_total":50.63,"thiessen_area_km2":0.0718,"population_share":4.694e-05,"area_share":0.00048946,"population_covered":50.63,"area_covered_km2":0.0718,"population_coverage_ratio":1.0,"area_coverage_ratio":1.0}},{"type":"Feature","geometry":{"type":"Polygon","coordinates":[[[9.166102,45.476351],[9.168408,45.48599],[9.163217,45.482552],[9.163018,45.480477],[9.166102,45.476351]]]},"properties":{"service_id":27,"population_total":3034.52,"thiessen_area_km2":0.2143,"population_share":0.00281338,"area_share":0.00146026,"population_covered":3034.52,"area_covered_km2":0.2143,"population_coverage_ratio":1.0,"area_coverage_ratio":1.0}},{"type":"Feature","geometry":{"type":"Polygon","coordinates":[[[9.162766,45.492101],[9.161185,45.493017],[9.158627,45.484638],[9.162318,45.48388],[9.162766,45.492101]]]},"properties":{"service_id":19,"population_total":3099.64,"thiessen_area_km2":0.201,"population_share":0.00287376,"area_share":0.00136969,"population_covered":3099.64,"area_covered_km2":0.201,"population_coverage_ratio":1.0,"area_coverage_ratio":1.0}},{"type":"Feature","geometry":{"type":"Polygon","coordinates":[[[9.160018,45.494117],[9.159842,45.49414],[9.156236,45.483475],[9.156402,45.483152],[9.158627,45.484638],[9.161185,45.493017],[9.160018,45.494117]]]},"properties":{"service_id":20,"population_total":2558.76,"thiessen_area_km2":0.1588,"population_share":0.00237229,"area_share":0.00108226,"population_covered":2558.76,"area_covered_km2":0.1588,"population_coverage_ratio":1.0,"area_coverage_ratio":1.0}},{"type":"Feature","geometry":{"type":"Polygon","coordinates":[[[9.16335,45.499452],[9.17654,45.505501],[9.161365,45.503899],[9.16335,45.499452]]]},"properties":{"service_id":11,"population_total":4428.72,"thiessen_area_km2":0.3069,"population_share":0.00410598,"area_share":0.00209091,"population_covered":4428.72,"area_covered_km2":0.3069,"population_coverage_ratio":1.0,"area_coverage_ratio":1.0}},{"type":"Feature","geometry":{"type":"Polygon","coordinates":[[[9.183723,45.518679],[9.17456,45.520095],[9.177343,45.505854],[9.179295,45.502255],[9.200035,45.50485],[9.200568,45.505903],[9.183723,45.518679]]]},"properties":{"service_id":9,"population_total":14965.95,"thiessen_area_km2":2.294,"population_share":0.01387531,"area_share":0.01562953,"population_covered":10560.61,"area_covered_km2":1.8168,"population_coverage_ratio":0.705642,"area_coverage_ratio":0.792008}},{"type":"Feature","geometry":{"type":"Polygon","coordinates":[[[9.166102,45.476351],[9.163018,45.480477],[9.155755,45.480037],[9.15503,45.4792],[9.156675,45.474215],[9.157156,45.473213],[9.167148,45.473001],[9.16735,45.473161],[9.167511,45.473394],[9.166102,45.476351]]]},"properties":{"service_id":47,"population_total":4694.95,"thiessen_area_km2":0.602,"population_share":0.0043528,"area_share":0.00410153,"population_covered":4694.95,"area_covered_km2":0.602,"population_coverage_ratio":1.0,"area_coverage_ratio":1.0}},{"type":"Feature","geometry":{"type":"Polygon","coordinates":[[[9.157156,45.473213],[9.156675,45.474215],[9.147413,45.474208],[9.153163,45.470368],[9.156169,45.47152],[9.157156,45.473213]]]},"properties":{"service_id":48,"population_total":1986.13,"thiessen_area_km2":0.1952,"population_share":0.00184139,"area_share":0.0013301,"population_covered":1986.13,"area_covered_km2":0.1952,"population_coverage_ratio":1.0,"area_coverage_ratio":1.0}},{"type":"Feature","geometry":{"type":"Polygon","coordinates":[[[9.171615,45.489682],[9.162766,45.492101],[9.162318,45.48388],[9.163217,45.482552],[9.168408,45.48599],[9.171615,45.489682]]]},"properties":{"service_id":22,"population_total":8403.37,"thiessen_area_km2":0.4324,"population_share":0.00779098,"area_share":0.00294595,"population_covered":8403.37,"area_covered_km2":0.4324,"population_coverage_ratio":1.0,"area_coverage_ratio":1.0}},{"type":"Feature","geometry":{"type":"Polygon","coordinates":[[[9.174102,45.476148],[9.17191,45.489707],[9.171615,45.489682],[9.168408,45.48599],[9.166102,45.476351],[9.167511,45.473394],[9.174102,45.476148]]]},"properties":{"service_id":28,"population_total":10295.86,"thiessen_area_km2":0.6846,"population_share":0.00954555,"area_share":0.00466462,"population_covered":10295.86,"area_covered_km2":0.6846,"population_coverage_ratio":1.0,"area_coverage_ratio":1.0}},{"type":"Feature","geometry":{"type":"Polygon","coordinates":[[[9.190332,45.476672],[9.187382,45.479213],[9.186618,45.479145],[9.181952,45.474619],[9.187104,45.473262],[9.187912,45.473652],[9.191261,45.47567],[9.190332,45.476672]]]},"properties":{"service_id":29,"population_total":3585.01,"thiessen_area_km2":0.2571,"population_share":0.00332375,"area_share":0.00175159,"population_covered":3585.01,"area_covered_km2":0.2571,"population_coverage_ratio":1.0,"area_coverage_ratio":1.0}},{"type":"Feature","geometry":{"type":"Polygon","coordinates":[[[9.168404,45.53567],[9.167318,45.535573],[9.167272,45.535946],[9.165606,45.535786],[9.165721,45.535255],[9.164221,45.535086],[9.164268,45.53492],[9.162705,45.534753],[9.160923,45.534564],[9.161203,45.533822],[9.158482,45.533479],[9.158485,45.533444],[9.158561,45.532736],[9.157481,45.532373],[9.157781,45.531159],[9.156746,45.53101],[9.156991,45.530128],[9.156542,45.530079],[9.156811,45.52899],[9.15578,45.52879],[9.155675,45.52877],[9.156008,45.527735],[9.156211,45.527092],[9.156421,45.526407],[9.155013,45.526225],[9.155147,45.525743],[9.154272,45.525645],[9.153706,45.525582],[9.153636,45.525901],[9.152615,45.525773],[9.152704,45.525431],[9.15237,45.52539],[9.152601,45.524396],[9.151493,45.524253],[9.151792,45.523177],[9.151154,45.523093],[9.15162,45.521219],[9.151324,45.521144],[9.150915,45.521162],[9.151442,45.520288],[9.151901,45.52],[9.152405,45.519672],[9.15351,45.518985],[9.15364,45.518769],[9.15379,45.518683],[9.153841,45.518598],[9.151519,45.518096],[9.151391,45.518403],[9.15038,45.518171],[9.150061,45.518099],[9.149662,45.518806],[9.148511,45.518631],[9.148413,45.518618],[9.14832,45.518645],[9.148249,45.518713],[9.147661,45.520198],[9.148307,45.520302],[9.148124,45.520783],[9.148831,45.520827],[9.148816,45.520881],[9.148799,45.520944],[9.148488,45.521854],[9.14556,45.521412],[9.145198,45.522848],[9.143889,45.522711],[9.144111,45.521607],[9.143624,45.521568],[9.143554,45.521883],[9.143017,45.521839],[9.142826,45.522072],[9.141298,45.521912],[9.141637,45.520576],[9.140578,45.520442],[9.139503,45.520322],[9.136893,45.52],[9.136715,45.521162],[9.136017,45.521078],[9.134722,45.520922],[9.134438,45.522528],[9.134373,45.522857],[9.13541,45.523004],[9.135261,45.523689],[9.135863,45.523778],[9.135728,45.524268],[9.132644,45.523525],[9.132518,45.523495],[9.133757,45.520812],[9.150629,45.509617],[9.156388,45.513178],[9.169782,45.526381],[9.168404,45.53567]]]},"properties":{"service_id":5,"population_total":20304.43,"thiessen_area_km2":3.1492,"population_share":0.01882474,"area_share":0.02145671,"population_covered":10917.1,"area_covered_km2":1.6604,"population_coverage_ratio":0.537671,"area_coverage_ratio":0.527242}},{"type":"Feature","geometry":{"type":"Polygon","coordinates":[[[9.185288,45.48887],[9.183669,45.490323],[9.181567,45.481735],[9.186618,45.479145],[9.187382,45.479213],[9.187649,45.481976],[9.185288,45.48887]]]},"properties":{"service_id":24,"population_total":2449.04,"thiessen_area_km2":0.3411,"population_share":0.00227056,"area_share":0.00232404,"population_covered":2449.04,"area_covered_km2":0.3407,"population_coverage_ratio":1.0,"area_coverage_ratio":0.998762}},{"type":"Feature","geometry":{"type":"Polygon","coordinates":[[[9.194316,45.446038],[9.192947,45.447989],[9.189484,45.447717],[9.188788,45.444613],[9.191333,45.441416],[9.194316,45.446038]]]},"properties":{"service_id":86,"population_total":376.16,"thiessen_area_km2":0.1939,"population_share":0.00034875,"area_share":0.00132082,"population_covered":376.16,"area_covered_km2":0.1939,"population_coverage_ratio":1.0,"area_coverage_ratio":1.0}},{"type":"Feature","geometry":{"type":"Polygon","coordinates":[[[9.205108,45.452747],[9.20047,45.455683],[9.199997,45.455287],[9.198703,45.451166],[9.199122,45.44851],[9.199818,45.447968],[9.205108,45.452747]]]},"properties":{"service_id":91,"population_total":3665.16,"thiessen_area_km2":0.2236,"population_share":0.00339807,"area_share":0.00152343,"population_covered":3665.16,"area_covered_km2":0.2236,"population_coverage_ratio":1.0,"area_coverage_ratio":1.0}},{"type":"Feature","geometry":{"type":"Polygon","coordinates":[[[9.192947,45.447989],[9.190132,45.452427],[9.189484,45.447717],[9.192947,45.447989]]]},"properties":{"service_id":85,"population_total":409.23,"thiessen_area_km2":0.0701,"population_share":0.00037941,"area_share":0.00047782,"population_covered":409.23,"area_covered_km2":0.0701,"population_coverage_ratio":1.0,"area_coverage_ratio":1.0}},{"type":"Feature","geometry":{"type":"Polygon","coordinates":[[[9.191065,45.461242],[9.188751,45.464584],[9.187794,45.462928],[9.190019,45.460663],[9.191065,45.461242]]]},"properties":{"service_id":126,"population_total":106.51,"thiessen_area_km2":0.0465,"population_share":9.875e-05,"area_share":0.00031648,"population_covered":106.51,"area_covered_km2":0.0465,"population_coverage_ratio":1.0,"area_coverage_ratio":1.0}},{"type":"Feature","geometry":{"type":"Polygon","coordinates":[[[9.198703,45.451166],[9.189928,45.453084],[9.190132,45.452427],[9.192947,45.447989],[9.194316,45.446038],[9.199122,45.44851],[9.198703,45.451166]]]},"properties":{"service_id":88,"population_total":4453.89,"thiessen_area_km2":0.301,"population_share":0.00412932,"area_share":0.00205084,"population_covered":4453.89,"area_covered_km2":0.301,"population_coverage_ratio":1.0,"area_coverage_ratio":1.0}},{"type":"Feature","geometry":{"type":"Polygon","coordinates":[[[9.20943,45.458169],[9.204062,45.459079],[9.201271,45.457127],[9.20047,45.455683],[9.205108,45.452747],[9.20748,45.451401],[9.208678,45.451969],[9.211626,45.453686],[9.20943,45.458169]]]},"properties":{"service_id":90,"population_total":6431.58,"thiessen_area_km2":0.4541,"population_share":0.00596288,"area_share":0.00309406,"population_covered":6431.58,"area_covered_km2":0.4541,"population_coverage_ratio":1.0,"area_coverage_ratio":1.0}},{"type":"Feature","geometry":{"type":"Polygon","coordinates":[[[9.189611,45.453431],[9.187163,45.454054],[9.183583,45.44787],[9.188788,45.444613],[9.189484,45.447717],[9.190132,45.452427],[9.189928,45.453084],[9.189611,45.453431]]]},"properties":{"service_id":84,"population_total":2508.01,"thiessen_area_km2":0.3164,"population_share":0.00232524,"area_share":0.00215543,"population_covered":2508.01,"area_covered_km2":0.3164,"population_coverage_ratio":1.0,"area_coverage_ratio":1.0}},{"type":"Feature","geometry":{"type":"Polygon","coordinates":[[[9.193959,45.456833],[9.191928,45.459329],[9.191469,45.459144],[9.190515,45.454238],[9.193959,45.456833]]]},"properties":{"service_id":120,"population_total":330.8,"thiessen_area_km2":0.0693,"population_share":0.0003067,"area_share":0.00047208,"population_covered":330.8,"area_covered_km2":0.0693,"population_coverage_ratio":1.0,"area_coverage_ratio":1.0}},{"type":"Feature","geometry":{"type":"Polygon","coordinates":[[[9.199997,45.455287],[9.194928,45.45722],[9.193959,45.456833],[9.190515,45.454238],[9.189611,45.453431],[9.189928,45.453084],[9.198703,45.451166],[9.199997,45.455287]]]},"properties":{"service_id":89,"population_total":3965.17,"thiessen_area_km2":0.3233,"population_share":0.00367621,"area_share":0.00220273,"population_covered":3965.17,"area_covered_km2":0.3233,"population_coverage_ratio":1.0,"area_coverage_ratio":1.0}},{"type":"Feature","geometry":{"type":"Polygon","coordinates":[[[9.192347,45.460909],[9.191878,45.461378],[9.191065,45.461242],[9.190019,45.460663],[9.189534,45.459414],[9.191469,45.459144],[9.191928,45.459329],[9.192347,45.460909]]]},"properties":{"service_id":121,"population_total":205.87,"thiessen_area_km2":0.0375,"population_share":0.00019086,"area_share":0.0002554,"population_covered":205.87,"area_covered_km2":0.0375,"population_coverage_ratio":1.0,"area_coverage_ratio":1.0}},{"type":"Feature","geometry":{"type":"Polygon","coordinates":[[[9.209224,45.470108],[9.202172,45.471319],[9.19991,45.46573],[9.203544,45.463778],[9.209413,45.468464],[9.209309,45.469863],[9.209224,45.470108]]]},"properties":{"service_id":140,"population_total":3658.58,"thiessen_area_km2":0.3775,"population_share":0.00339196,"area_share":0.00257224,"population_covered":3658.58,"area_covered_km2":0.3775,"population_coverage_ratio":1.0,"area_coverage_ratio":1.0}},{"type":"Feature","geometry":{"type":"Polygon","coordinates":[[[9.195372,45.465219],[9.193766,45.465359],[9.191916,45.464398],[9.192269,45.463428],[9.193152,45.463146],[9.194397,45.462861],[9.195372,45.465219]]]},"properties":{"service_id":134,"population_total":68.17,"thiessen_area_km2":0.0483,"population_share":6.321e-05,"area_share":0.00032919,"population_covered":68.17,"area_covered_km2":0.0483,"population_coverage_ratio":1.0,"area_coverage_ratio":1.0}},{"type":"Feature","geometry":{"type":"Polygon","coordinates":[[[9.189013,45.4653],[9.188451,45.466491],[9.185386,45.466099],[9.185174,45.462905],[9.18564,45.461345],[9.187794,45.462928],[9.188751,45.464584],[9.189013,45.4653]]]},"properties":{"service_id":130,"population_total":274.26,"thiessen_area_km2":0.1137,"population_share":0.00025427,"area_share":0.00077452,"population_covered":274.26,"area_covered_km2":0.1137,"population_coverage_ratio":1.0,"area_coverage_ratio":1.0}},{"type":"Feature","geometry":{"type":"Polygon","coordinates":[[[9.194397,45.462861],[9.193152,45.463146],[9.19413,45.460512],[9.19484,45.460314],[9.195495,45.461116],[9.194397,45.462861]]]},"properties":{"service_id":123,"population_total":280.16,"thiessen_area_km2":0.0293,"population_share":0.00025974,"area_share":0.00019976,"population_covered":280.16,"area_covered_km2":0.0293,"population_coverage_ratio":1.0,"area_coverage_ratio":1.0}},{"type":"Feature","geometry":{"type":"Polygon","coordinates":[[[9.19413,45.460512],[9.192347,45.460909],[9.191928,45.459329],[9.193959,45.456833],[9.194928,45.45722],[9.19484,45.460314],[9.19413,45.460512]]]},"properties":{"service_id":122,"population_total":356.43,"thiessen_area_km2":0.072,"population_share":0.00033045,"area_share":0.00049045,"population_covered":356.43,"area_covered_km2":0.072,"population_coverage_ratio":1.0,"area_coverage_ratio":1.0}},{"type":"Feature","geometry":{"type":"Polygon","coordinates":[[[9.193152,45.463146],[9.192269,45.463428],[9.191878,45.461378],[9.192347,45.460909],[9.19413,45.460512],[9.193152,45.463146]]]},"properties":{"service_id":124,"population_total":263.82,"thiessen_area_km2":0.0333,"population_share":0.00024459,"area_share":0.00022664,"population_covered":263.82,"area_covered_km2":0.0333,"population_coverage_ratio":1.0,"area_coverage_ratio":1.0}},{"type":"Feature","geometry":{"type":"Polygon","coordinates":[[[9.198573,45.465388],[9.197602,45.465913],[9.195372,45.465219],[9.194397,45.462861],[9.195495,45.461116],[9.197752,45.462029],[9.198573,45.465388]]]},"properties":{"service_id":117,"population_total":322.16,"thiessen_area_km2":0.1135,"population_share":0.00029868,"area_share":0.00077342,"population_covered":322.16,"area_covered_km2":0.1135,"population_coverage_ratio":1.0,"area_coverage_ratio":1.0}},{"type":"Feature","geometry":{"type":"Polygon","coordinates":[[[9.201271,45.457127],[9.197752,45.462029],[9.195495,45.461116],[9.19484,45.460314],[9.194928,45.45722],[9.199997,45.455287],[9.20047,45.455683],[9.201271,45.457127]]]},"properties":{"service_id":118,"population_total":751.69,"thiessen_area_km2":0.2316,"population_share":0.00069691,"area_share":0.00157817,"population_covered":751.69,"area_covered_km2":0.2316,"population_coverage_ratio":1.0,"area_coverage_ratio":1.0}},{"type":"Feature","geometry":{"type":"Polygon","coordinates":[[[9.192443,45.467199],[9.192464,45.469509],[9.19062,45.468637],[9.188554,45.467148],[9.188451,45.466491],[9.189013,45.4653],[9.191053,45.464843],[9.192443,45.467199]]]},"properties":{"service_id":131,"population_total":141.92,"thiessen_area_km2":0.1003,"population_share":0.00013157,"area_share":0.00068312,"population_covered":141.92,"area_covered_km2":0.1003,"population_coverage_ratio":1.0,"area_coverage_ratio":1.0}},{"type":"Feature","geometry":{"type":"Polygon","coordinates":[[[9.19062,45.468637],[9.187912,45.473652],[9.187104,45.473262],[9.186945,45.47103],[9.187382,45.469218],[9.188554,45.467148],[9.19062,45.468637]]]},"properties":{"service_id":137,"population_total":378.83,"thiessen_area_km2":0.1101,"population_share":0.00035122,"area_share":0.00074992,"population_covered":378.83,"area_covered_km2":0.1101,"population_coverage_ratio":1.0,"area_coverage_ratio":1.0}},{"type":"Feature","geometry":{"type":"Polygon","coordinates":[[[9.193597,45.466041],[9.192443,45.467199],[9.191053,45.464843],[9.191916,45.464398],[9.193766,45.465359],[9.193597,45.466041]]]},"properties":{"service_id":133,"population_total":35.36,"thiessen_area_km2":0.0344,"population_share":3.278e-05,"area_share":0.00023444,"population_covered":35.36,"area_covered_km2":0.0344,"population_coverage_ratio":1.0,"area_coverage_ratio":1.0}},{"type":"Feature","geometry":{"type":"Polygon","coordinates":[[[9.197602,45.465913],[9.194539,45.471428],[9.194442,45.471316],[9.193597,45.466041],[9.193766,45.465359],[9.195372,45.465219],[9.197602,45.465913]]]},"properties":{"service_id":135,"population_total":338.48,"thiessen_area_km2":0.1141,"population_share":0.00031381,"area_share":0.00077724,"population_covered":338.48,"area_covered_km2":0.1141,"population_coverage_ratio":1.0,"area_coverage_ratio":1.0}},{"type":"Feature","geometry":{"type":"Polygon","coordinates":[[[9.193597,45.466041],[9.194442,45.471316],[9.192464,45.469509],[9.192443,45.467199],[9.193597,45.466041]]]},"properties":{"service_id":132,"population_total":250.94,"thiessen_area_km2":0.0504,"population_share":0.00023265,"area_share":0.00034343,"population_covered":250.94,"area_covered_km2":0.0504,"population_coverage_ratio":1.0,"area_coverage_ratio":1.0}},{"type":"Feature","geometry":{"type":"MultiPolygon","coordinates":[[[[9.210796,45.427788],[9.210392,45.429121],[9.209542,45.431221],[9.20897,45.431482],[9.208874,45.431592],[9.21001,45.425274],[9.210796,45.427788]]],[[[9.210293,45.432433],[9.211778,45.432709],[9.212392,45.432894],[9.213475,45.436356],[9.21409,45.443495],[9.20941,45.445712],[9.206162,45.446668],[9.208776,45.432135],[9.210293,45.432433]]]]},"properties":{"service_id":98,"population_total":5211.7,"thiessen_area_km2":0.706,"population_share":0.0048319,"area_share":0.00481013,"population_covered":4709.48,"area_covered_km2":0.548,"population_coverage_ratio":0.903635,"area_coverage_ratio":0.77624}},{"type":"Feature","geometry":{"type":"MultiPolygon","coordinates":[[[[9.208872,45.420041],[9.208691,45.419985],[9.205274,45.406291],[9.211381,45.397],[9.213218,45.397294],[9.213651,45.397363],[9.214681,45.397528],[9.214727,45.397373],[9.216161,45.401021],[9.216062,45.401153],[9.215824,45.402224],[9.215891,45.403007],[9.216175,45.403709],[9.216663,45.404491],[9.216821,45.404627],[9.216944,45.404733],[9.217509,45.405219],[9.217905,45.405461],[9.218288,45.406436],[9.218113,45.406856],[9.217976,45.407172],[9.216738,45.406831],[9.212651,45.405652],[9.210413,45.409153],[9.21211,45.409433],[9.211009,45.412085],[9.211942,45.412129],[9.211691,45.413064],[9.212992,45.41343],[9.212365,45.414247],[9.212689,45.414309],[9.213112,45.414499],[9.213652,45.414909],[9.214096,45.415189],[9.214197,45.415259],[9.214617,45.414966],[9.216796,45.41602],[9.216147,45.416833],[9.218041,45.417365],[9.218227,45.417733],[9.217783,45.417686],[9.217397,45.418567],[9.216633,45.419042],[9.214548,45.418374],[9.213758,45.419284],[9.211557,45.418489],[9.211009,45.419135],[9.210605,45.419306],[9.209605,45.41899],[9.208872,45.420041]]],[[[9.210122,45.423472],[9.209738,45.424184],[9.20953,45.423349],[9.210122,45.423472]]],[[[9.210945,45.424938],[9.212076,45.425043],[9.212434,45.425236],[9.211454,45.426422],[9.210993,45.42714],[9.210796,45.427788],[9.21001,45.425274],[9.20989,45.424794],[9.210945,45.424938]]],[[[9.23104,45.438892],[9.233807,45.446645],[9.2287,45.445725],[9.213475,45.436356],[9.212392,45.432894],[9.2143,45.433471],[9.214845,45.433497],[9.215311,45.432325],[9.217107,45.431868],[9.217335,45.431598],[9.218656,45.432308],[9.219467,45.431723],[9.221172,45.430222],[9.221947,45.430094],[9.222175,45.429844],[9.224327,45.430605],[9.224664,45.429761],[9.224339,45.429071],[9.223235,45.428675],[9.224011,45.427594],[9.223788,45.427464],[9.224113,45.426981],[9.225011,45.424536],[9.225477,45.424733],[9.23104,45.438892]]]]},"properties":{"service_id":104,"population_total":20172.61,"thiessen_area_km2":3.086,"population_share":0.01870253,"area_share":0.02102608,"population_covered":19600.17,"area_covered_km2":1.5457,"population_coverage_ratio":0.971623,"area_coverage_ratio":0.500873}},{"type":"Feature","geometry":{"type":"Polygon","coordinates":[[[9.2287,45.445725],[9.215463,45.44662],[9.21409,45.443495],[9.213475,45.436356],[9.2287,45.445725]]]},"properties":{"service_id":97,"population_total":9850.23,"thiessen_area_km2":0.6327,"population_share":0.0091324,"area_share":0.00431072,"population_covered":9850.23,"area_covered_km2":0.6327,"population_coverage_ratio":1.0,"area_coverage_ratio":1.0}},{"type":"Feature","geometry":{"type":"MultiPolygon","coordinates":[[[[9.202511,45.419686],[9.202248,45.419604],[9.20058,45.418482],[9.202783,45.413656],[9.202511,45.419686]]],[[[9.201286,45.446779],[9.199818,45.447968],[9.199122,45.44851],[9.194316,45.446038],[9.191333,45.441416],[9.191343,45.438712],[9.198605,45.422807],[9.199098,45.422431],[9.202076,45.421004],[9.202459,45.420829],[9.201286,45.446779]]]]},"properties":{"service_id":87,"population_total":9563.91,"thiessen_area_km2":1.7294,"population_share":0.00886695,"area_share":0.0117827,"population_covered":6734.94,"area_covered_km2":1.0042,"population_coverage_ratio":0.704203,"area_coverage_ratio":0.580651}},{"type":"Feature","geometry":{"type":"MultiPolygon","coordinates":[[[[9.215033,45.397084],[9.216559,45.397326],[9.218507,45.397812],[9.218707,45.397862],[9.218428,45.39834],[9.217626,45.399151],[9.216927,45.399999],[9.216768,45.40021],[9.216161,45.401021],[9.214727,45.397373],[9.21475,45.397294],[9.21482,45.397051],[9.215033,45.397084]]],[[[9.218534,45.405847],[9.218288,45.406436],[9.217905,45.405461],[9.218534,45.405847]]],[[[9.244063,45.429235],[9.245119,45.427202],[9.245627,45.4266],[9.245397,45.425912],[9.24533,45.425013],[9.245535,45.423155],[9.246646,45.423621],[9.247861,45.423735],[9.248956,45.423548],[9.249253,45.423498],[9.250057,45.423136],[9.250605,45.422856],[9.250799,45.422774],[9.250988,45.422693],[9.251639,45.42293],[9.25185,45.423006],[9.252299,45.423126],[9.244063,45.429235]]],[[[9.23104,45.438892],[9.225477,45.424733],[9.225741,45.424845],[9.226222,45.424089],[9.227215,45.424656],[9.228054,45.42393],[9.230321,45.421898],[9.231481,45.420858],[9.234633,45.42261],[9.233095,45.423906],[9.232462,45.424381],[9.232812,45.424896],[9.233312,45.425434],[9.233121,45.425673],[9.235184,45.428146],[9.237038,45.430155],[9.238078,45.429872],[9.239141,45.431386],[9.239888,45.431248],[9.239984,45.4307],[9.240233,45.429629],[9.241213,45.429838],[9.242538,45.430365],[9.23104,45.438892]]]]},"properties":{"service_id":103,"population_total":546.95,"thiessen_area_km2":1.3103,"population_share":0.00050709,"area_share":0.00892761,"population_covered":519.35,"area_covered_km2":0.8486,"population_coverage_ratio":0.949534,"area_coverage_ratio":0.647595}},{"type":"Feature","geometry":{"type":"Polygon","coordinates":[[[9.246441,45.442582],[9.239074,45.45251],[9.233807,45.446645],[9.23104,45.438892],[9.242538,45.430365],[9.24291,45.430513],[9.243822,45.429697],[9.244063,45.429235],[9.252299,45.423126],[9.252773,45.423251],[9.253062,45.423328],[9.253526,45.423471],[9.253804,45.423557],[9.253872,45.423578],[9.252787,45.424618],[9.251991,45.425382],[9.251765,45.4256],[9.252417,45.425878],[9.252505,45.425916],[9.252583,45.425948],[9.253092,45.426154],[9.253224,45.426237],[9.253472,45.426393],[9.253702,45.426587],[9.25376,45.426713],[9.253867,45.426784],[9.254012,45.426967],[9.254886,45.427438],[9.255758,45.427907],[9.256119,45.428098],[9.256888,45.428504],[9.25191,45.435213],[9.250202,45.433799],[9.249604,45.434132],[9.249042,45.434457],[9.248819,45.435065],[9.24867,45.435444],[9.248327,45.43565],[9.247759,45.436005],[9.24735,45.436249],[9.246665,45.436664],[9.24688,45.436743],[9.245647,45.437483],[9.244333,45.438326],[9.242824,45.439213],[9.242809,45.43946],[9.242907,45.43971],[9.243046,45.439836],[9.243972,45.440584],[9.245493,45.441768],[9.24634,45.442508],[9.246441,45.442582]]]},"properties":{"service_id":102,"population_total":11196.79,"thiessen_area_km2":2.4921,"population_share":0.01038083,"area_share":0.01697946,"population_covered":7499.99,"area_covered_km2":1.3612,"population_coverage_ratio":0.669833,"area_coverage_ratio":0.546205}},{"type":"Feature","geometry":{"type":"Polygon","coordinates":[[[9.214425,45.452412],[9.211626,45.453686],[9.208678,45.451969],[9.20941,45.445712],[9.21409,45.443495],[9.215463,45.44662],[9.214789,45.451889],[9.214425,45.452412]]]},"properties":{"service_id":94,"population_total":5173.75,"thiessen_area_km2":0.4351,"population_share":0.00479671,"area_share":0.00296446,"population_covered":5173.75,"area_covered_km2":0.4351,"population_coverage_ratio":1.0,"area_coverage_ratio":1.0}},{"type":"Feature","geometry":{"type":"Polygon","coordinates":[[[9.203544,45.463778],[9.19991,45.46573],[9.198573,45.465388],[9.197752,45.462029],[9.201271,45.457127],[9.204062,45.459079],[9.203544,45.463778]]]},"properties":{"service_id":116,"population_total":1701.12,"thiessen_area_km2":0.3066,"population_share":0.00157715,"area_share":0.0020889,"population_covered":1701.12,"area_covered_km2":0.3066,"population_coverage_ratio":1.0,"area_coverage_ratio":1.0}},{"type":"Feature","geometry":{"type":"Polygon","coordinates":[[[9.20748,45.451401],[9.205108,45.452747],[9.199818,45.447968],[9.201286,45.446779],[9.204929,45.447666],[9.20748,45.451401]]]},"properties":{"service_id":92,"population_total":3036.17,"thiessen_area_km2":0.1911,"population_share":0.00281491,"area_share":0.00130171,"population_covered":3036.17,"area_covered_km2":0.1911,"population_coverage_ratio":1.0,"area_coverage_ratio":1.0}},{"type":"Feature","geometry":{"type":"Polygon","coordinates":[[[9.216224,45.463527],[9.212255,45.463993],[9.20943,45.458169],[9.211626,45.453686],[9.214425,45.452412],[9.218008,45.458184],[9.216224,45.463527]]]},"properties":{"service_id":115,"population_total":8211.4,"thiessen_area_km2":0.5628,"population_share":0.00761299,"area_share":0.0038347,"population_covered":8211.4,"area_covered_km2":0.5628,"population_coverage_ratio":1.0,"area_coverage_ratio":1.0}},{"type":"Feature","geometry":{"type":"Polygon","coordinates":[[[9.271464,45.465764],[9.26237,45.466695],[9.247953,45.46366],[9.243811,45.461286],[9.266631,45.445638],[9.266639,45.445719],[9.266578,45.44616],[9.266534,45.446437],[9.266453,45.44688],[9.266512,45.447303],[9.266612,45.448041],[9.266987,45.448868],[9.267132,45.449785],[9.266368,45.450481],[9.266377,45.450717],[9.266382,45.450832],[9.266254,45.45098],[9.266179,45.451067],[9.26577,45.451094],[9.265194,45.451015],[9.264924,45.45149],[9.264876,45.451575],[9.264788,45.451727],[9.264894,45.451807],[9.265248,45.452073],[9.265173,45.452271],[9.265105,45.452447],[9.265049,45.4526],[9.264524,45.4527],[9.264054,45.453502],[9.263701,45.454529],[9.26384,45.45496],[9.26387,45.45505],[9.264178,45.455338],[9.264286,45.455791],[9.264374,45.456156],[9.26448,45.457002],[9.264556,45.457224],[9.264597,45.457344],[9.265773,45.45735],[9.267104,45.45741],[9.268051,45.457534],[9.26896,45.457739],[9.269357,45.457945],[9.269267,45.458139],[9.269243,45.458188],[9.269335,45.458557],[9.269411,45.458593],[9.269617,45.458691],[9.26984,45.458816],[9.269937,45.458871],[9.270169,45.459059],[9.270286,45.459581],[9.270319,45.459918],[9.27034,45.46013],[9.270418,45.460391],[9.271531,45.460505],[9.272209,45.460558],[9.272197,45.460695],[9.272161,45.461098],[9.271719,45.461822],[9.271666,45.461909],[9.271591,45.462287],[9.271492,45.462287],[9.27165,45.463282],[9.271656,45.463352],[9.271725,45.464134],[9.271746,45.46438],[9.271614,45.465041],[9.271543,45.465402],[9.271464,45.465764]]]},"properties":{"service_id":106,"population_total":1927.16,"thiessen_area_km2":2.4814,"population_share":0.00178672,"area_share":0.01690675,"population_covered":706.76,"area_covered_km2":1.4819,"population_coverage_ratio":0.366734,"area_coverage_ratio":0.597211}},{"type":"Feature","geometry":{"type":"Polygon","coordinates":[[[9.202172,45.471319],[9.200455,45.473191],[9.194764,45.472975],[9.194539,45.471428],[9.197602,45.465913],[9.198573,45.465388],[9.19991,45.46573],[9.202172,45.471319]]]},"properties":{"service_id":139,"population_total":1295.74,"thiessen_area_km2":0.3432,"population_share":0.00120131,"area_share":0.00233812,"population_covered":1295.74,"area_covered_km2":0.3432,"population_coverage_ratio":1.0,"area_coverage_ratio":1.0}},{"type":"Feature","geometry":{"type":"Polygon","coordinates":[[[9.239074,45.45251],[9.239128,45.454201],[9.214789,45.451889],[9.215463,45.44662],[9.2287,45.445725],[9.233807,45.446645],[9.239074,45.45251]]]},"properties":{"service_id":96,"population_total":8721.62,"thiessen_area_km2":1.2764,"population_share":0.00808604,"area_share":0.00869641,"population_covered":8541.58,"area_covered_km2":1.0453,"population_coverage_ratio":0.979357,"area_coverage_ratio":0.818991}},{"type":"Feature","geometry":{"type":"Polygon","coordinates":[[[9.206162,45.446668],[9.204929,45.447666],[9.201286,45.446779],[9.202459,45.420829],[9.203754,45.420235],[9.202718,45.419752],[9.202511,45.419686],[9.202783,45.413656],[9.204889,45.406651],[9.205274,45.406291],[9.208691,45.419985],[9.207032,45.419479],[9.205992,45.419638],[9.205158,45.422026],[9.206561,45.4233],[9.206868,45.423308],[9.206923,45.423141],[9.207434,45.423239],[9.20761,45.42295],[9.20953,45.423349],[9.209738,45.424184],[9.209442,45.424733],[9.20989,45.424794],[9.21001,45.425274],[9.208874,45.431592],[9.20881,45.431664],[9.208562,45.432092],[9.208776,45.432135],[9.206162,45.446668]]]},"properties":{"service_id":99,"population_total":6638.44,"thiessen_area_km2":1.8425,"population_share":0.00615467,"area_share":0.0125538,"population_covered":782.86,"area_covered_km2":0.6004,"population_coverage_ratio":0.117928,"area_coverage_ratio":0.325835}},{"type":"Feature","geometry":{"type":"Polygon","coordinates":[[[9.225451,45.469348],[9.224733,45.470044],[9.209309,45.469863],[9.209413,45.468464],[9.212255,45.463993],[9.216224,45.463527],[9.225451,45.469348]]]},"properties":{"service_id":112,"population_total":9559.58,"thiessen_area_km2":0.5868,"population_share":0.00886293,"area_share":0.00399793,"population_covered":9559.58,"area_covered_km2":0.5868,"population_coverage_ratio":1.0,"area_coverage_ratio":1.0}},{"type":"Feature","geometry":{"type":"Polygon","coordinates":[[[9.212255,45.463993],[9.209413,45.468464],[9.203544,45.463778],[9.204062,45.459079],[9.20943,45.458169],[9.212255,45.463993]]]},"properties":{"service_id":114,"population_total":7106.0,"thiessen_area_km2":0.4973,"population_share":0.00658815,"area_share":0.00338862,"population_covered":7106.0,"area_covered_km2":0.4973,"population_coverage_ratio":1.0,"area_coverage_ratio":1.0}},{"type":"Feature","geometry":{"type":"Polygon","coordinates":[[[9.20941,45.445712],[9.208678,45.451969],[9.20748,45.451401],[9.204929,45.447666],[9.206162,45.446668],[9.20941,45.445712]]]},"properties":{"service_id":93,"population_total":2231.69,"thiessen_area_km2":0.1378,"population_share":0.00206906,"area_share":0.00093881,"population_covered":2231.69,"area_covered_km2":0.1378,"population_coverage_ratio":1.0,"area_coverage_ratio":1.0}},{"type":"Feature","geometry":{"type":"Polygon","coordinates":[[[9.239128,45.454201],[9.239975,45.458513],[9.218008,45.458184],[9.214425,45.452412],[9.214789,45.451889],[9.239128,45.454201]]]},"properties":{"service_id":95,"population_total":10295.36,"thiessen_area_km2":1.0613,"population_share":0.00954508,"area_share":0.00723133,"population_covered":10028.09,"area_covered_km2":0.8006,"population_coverage_ratio":0.97404,"area_coverage_ratio":0.75436}},{"type":"Feature","geometry":{"type":"Polygon","coordinates":[[[9.192372,45.48537],[9.185288,45.48887],[9.187649,45.481976],[9.189766,45.481621],[9.192395,45.482709],[9.192593,45.484574],[9.192454,45.485201],[9.192372,45.48537]]]},"properties":{"service_id":153,"population_total":1965.81,"thiessen_area_km2":0.2479,"population_share":0.00182255,"area_share":0.00168878,"population_covered":1965.81,"area_covered_km2":0.2479,"population_coverage_ratio":1.0,"area_coverage_ratio":1.0}},{"type":"Feature","geometry":{"type":"Polygon","coordinates":[[[9.198141,45.481531],[9.192593,45.484574],[9.192395,45.482709],[9.193552,45.47741],[9.19666,45.479469],[9.198141,45.481531]]]},"properties":{"service_id":152,"population_total":992.96,"thiessen_area_km2":0.1885,"population_share":0.0009206,"area_share":0.00128451,"population_covered":992.96,"area_covered_km2":0.1885,"population_coverage_ratio":1.0,"area_coverage_ratio":1.0}},{"type":"Feature","geometry":{"type":"Polygon","coordinates":[[[9.200635,45.478139],[9.200066,45.478751],[9.198762,45.477964],[9.200258,45.476262],[9.200635,45.478139]]]},"properties":{"service_id":148,"population_total":288.73,"thiessen_area_km2":0.0204,"population_share":0.00026768,"area_share":0.00013901,"population_covered":288.73,"area_covered_km2":0.0204,"population_coverage_ratio":1.0,"area_coverage_ratio":1.0}},{"type":"Feature","geometry":{"type":"Polygon","coordinates":[[[9.196986,45.484753],[9.192454,45.485201],[9.192593,45.484574],[9.198141,45.481531],[9.198558,45.481804],[9.196986,45.484753]]]},"properties":{"service_id":156,"population_total":302.35,"thiessen_area_km2":0.0817,"population_share":0.00028031,"area_share":0.00055647,"population_covered":302.35,"area_covered_km2":0.0817,"population_coverage_ratio":1.0,"area_coverage_ratio":1.0}},{"type":"Feature","geometry":{"type":"Polygon","coordinates":[[[9.203845,45.481022],[9.201372,45.482818],[9.199146,45.481933],[9.200066,45.478751],[9.200635,45.478139],[9.203845,45.481022]]]},"properties":{"service_id":145,"population_total":1241.03,"thiessen_area_km2":0.1039,"population_share":0.00115059,"area_share":0.00070768,"population_covered":1241.03,"area_covered_km2":0.1039,"population_coverage_ratio":1.0,"area_coverage_ratio":1.0}},{"type":"Feature","geometry":{"type":"Polygon","coordinates":[[[9.197704,45.486651],[9.19439,45.487253],[9.192372,45.48537],[9.192454,45.485201],[9.196986,45.484753],[9.197704,45.486651]]]},"properties":{"service_id":154,"population_total":420.18,"thiessen_area_km2":0.0755,"population_share":0.00038956,"area_share":0.00051455,"population_covered":420.18,"area_covered_km2":0.0755,"population_coverage_ratio":1.0,"area_coverage_ratio":1.0}},{"type":"Feature","geometry":{"type":"Polygon","coordinates":[[[9.198762,45.477964],[9.19666,45.479469],[9.193552,45.47741],[9.192676,45.475629],[9.194764,45.472975],[9.200455,45.473191],[9.200855,45.474281],[9.200258,45.476262],[9.198762,45.477964]]]},"properties":{"service_id":147,"population_total":1112.49,"thiessen_area_km2":0.3131,"population_share":0.00103141,"area_share":0.00213303,"population_covered":1112.49,"area_covered_km2":0.3131,"population_coverage_ratio":1.0,"area_coverage_ratio":1.0}},{"type":"Feature","geometry":{"type":"Polygon","coordinates":[[[9.200066,45.478751],[9.199146,45.481933],[9.198558,45.481804],[9.198141,45.481531],[9.19666,45.479469],[9.198762,45.477964],[9.200066,45.478751]]]},"properties":{"service_id":149,"population_total":712.81,"thiessen_area_km2":0.0668,"population_share":0.00066086,"area_share":0.00045533,"population_covered":712.81,"area_covered_km2":0.0668,"population_coverage_ratio":1.0,"area_coverage_ratio":1.0}},{"type":"Feature","geometry":{"type":"Polygon","coordinates":[[[9.203196,45.489057],[9.20201,45.489596],[9.201573,45.48851],[9.201372,45.482818],[9.203845,45.481022],[9.205239,45.480357],[9.20675,45.484507],[9.203196,45.489057]]]},"properties":{"service_id":144,"population_total":1396.65,"thiessen_area_km2":0.2682,"population_share":0.00129487,"area_share":0.00182759,"population_covered":1396.65,"area_covered_km2":0.2682,"population_coverage_ratio":1.0,"area_coverage_ratio":1.0}},{"type":"Feature","geometry":{"type":"Polygon","coordinates":[[[9.217299,45.479028],[9.211396,45.483463],[9.207106,45.478802],[9.210507,45.474695],[9.217221,45.477695],[9.217299,45.479028]]]},"properties":{"service_id":142,"population_total":7677.25,"thiessen_area_km2":0.4253,"population_share":0.00711777,"area_share":0.00289782,"population_covered":7677.25,"area_covered_km2":0.4253,"population_coverage_ratio":1.0,"area_coverage_ratio":1.0}},{"type":"Feature","geometry":{"type":"Polygon","coordinates":[[[9.205239,45.480357],[9.203845,45.481022],[9.200635,45.478139],[9.200258,45.476262],[9.200855,45.474281],[9.206108,45.479248],[9.205239,45.480357]]]},"properties":{"service_id":146,"population_total":2569.3,"thiessen_area_km2":0.1582,"population_share":0.00238207,"area_share":0.00107802,"population_covered":2569.3,"area_covered_km2":0.1582,"population_coverage_ratio":1.0,"area_coverage_ratio":1.0}},{"type":"Feature","geometry":{"type":"Polygon","coordinates":[[[9.21125,45.484784],[9.209365,45.48578],[9.20675,45.484507],[9.205239,45.480357],[9.206108,45.479248],[9.207106,45.478802],[9.211396,45.483463],[9.21125,45.484784]]]},"properties":{"service_id":143,"population_total":3404.48,"thiessen_area_km2":0.2083,"population_share":0.00315638,"area_share":0.00141919,"population_covered":3404.48,"area_covered_km2":0.2083,"population_coverage_ratio":1.0,"area_coverage_ratio":1.0}},{"type":"Feature","geometry":{"type":"Polygon","coordinates":[[[9.182947,45.492143],[9.17954,45.49538],[9.17191,45.489707],[9.174102,45.476148],[9.177282,45.475405],[9.177443,45.475405],[9.181567,45.481735],[9.183669,45.490323],[9.182947,45.492143]]]},"properties":{"service_id":26,"population_total":9372.56,"thiessen_area_km2":1.318,"population_share":0.00868953,"area_share":0.00897982,"population_covered":8866.0,"area_covered_km2":1.1941,"population_coverage_ratio":0.945954,"area_coverage_ratio":0.905975}},{"type":"Feature","geometry":{"type":"Polygon","coordinates":[[[9.207809,45.495364],[9.200798,45.497057],[9.200373,45.496128],[9.20201,45.489596],[9.203196,45.489057],[9.208434,45.488473],[9.211381,45.491947],[9.207809,45.495364]]]},"properties":{"service_id":159,"population_total":8987.51,"thiessen_area_km2":0.5331,"population_share":0.00833255,"area_share":0.00363227,"population_covered":8987.51,"area_covered_km2":0.5331,"population_coverage_ratio":1.0,"area_coverage_ratio":1.0}},{"type":"Feature","geometry":{"type":"Polygon","coordinates":[[[9.19439,45.487253],[9.196736,45.494274],[9.182947,45.492143],[9.183669,45.490323],[9.185288,45.48887],[9.192372,45.48537],[9.19439,45.487253]]]},"properties":{"service_id":158,"population_total":8688.72,"thiessen_area_km2":0.6087,"population_share":0.00805553,"area_share":0.00414712,"population_covered":8688.72,"area_covered_km2":0.6087,"population_coverage_ratio":1.0,"area_coverage_ratio":1.0}},{"type":"Feature","geometry":{"type":"Polygon","coordinates":[[[9.208434,45.488473],[9.203196,45.489057],[9.20675,45.484507],[9.209365,45.48578],[9.208434,45.488473]]]},"properties":{"service_id":160,"population_total":911.06,"thiessen_area_km2":0.1303,"population_share":0.00084467,"area_share":0.00088767,"population_covered":911.06,"area_covered_km2":0.1303,"population_coverage_ratio":1.0,"area_coverage_ratio":1.0}},{"type":"Feature","geometry":{"type":"Polygon","coordinates":[[[9.201372,45.482818],[9.201573,45.48851],[9.197704,45.486651],[9.196986,45.484753],[9.198558,45.481804],[9.199146,45.481933],[9.201372,45.482818]]]},"properties":{"service_id":155,"population_total":1199.88,"thiessen_area_km2":0.1802,"population_share":0.00111244,"area_share":0.00122807,"population_covered":1199.88,"area_covered_km2":0.1802,"population_coverage_ratio":1.0,"area_coverage_ratio":1.0}},{"type":"Feature","geometry":{"type":"Polygon","coordinates":[[[9.20201,45.489596],[9.200373,45.496128],[9.196736,45.494274],[9.19439,45.487253],[9.197704,45.486651],[9.201573,45.48851],[9.20201,45.489596]]]},"properties":{"service_id":157,"population_total":2472.34,"thiessen_area_km2":0.3933,"population_share":0.00229217,"area_share":0.00267937,"population_covered":2472.34,"area_covered_km2":0.3933,"population_coverage_ratio":1.0,"area_coverage_ratio":1.0}},{"type":"Feature","geometry":{"type":"Polygon","coordinates":[[[9.21912,45.516054],[9.211094,45.516972],[9.203932,45.514651],[9.203122,45.508467],[9.215797,45.504795],[9.21976,45.512758],[9.21912,45.516054]]]},"properties":{"service_id":175,"population_total":7191.08,"thiessen_area_km2":1.2638,"population_share":0.00666703,"area_share":0.0086109,"population_covered":7191.08,"area_covered_km2":1.2638,"population_coverage_ratio":1.0,"area_coverage_ratio":1.0}},{"type":"Feature","geometry":{"type":"Polygon","coordinates":[[[9.179295,45.502255],[9.177343,45.505854],[9.17654,45.505501],[9.16335,45.499452],[9.160018,45.494117],[9.161185,45.493017],[9.162766,45.492101],[9.171615,45.489682],[9.17191,45.489707],[9.17954,45.49538],[9.179295,45.502255]]]},"properties":{"service_id":23,"population_total":16097.24,"thiessen_area_km2":1.6848,"population_share":0.01492416,"area_share":0.01147926,"population_covered":14506.72,"area_covered_km2":1.6023,"population_coverage_ratio":0.901193,"area_coverage_ratio":0.950998}},{"type":"Feature","geometry":{"type":"Polygon","coordinates":[[[9.22006,45.49963],[9.217103,45.502458],[9.207809,45.495364],[9.211381,45.491947],[9.217656,45.490667],[9.220828,45.491151],[9.222346,45.493264],[9.22006,45.49963]]]},"properties":{"service_id":173,"population_total":11671.65,"thiessen_area_km2":0.8924,"population_share":0.01082108,"area_share":0.00608013,"population_covered":11671.65,"area_covered_km2":0.8924,"population_coverage_ratio":1.0,"area_coverage_ratio":1.0}},{"type":"Feature","geometry":{"type":"Polygon","coordinates":[[[9.22011,45.523483],[9.213688,45.524482],[9.212375,45.521981],[9.211094,45.516972],[9.21912,45.516054],[9.220866,45.519417],[9.220836,45.523371],[9.220606,45.523406],[9.220128,45.523394],[9.22011,45.523483]]]},"properties":{"service_id":176,"population_total":236.86,"thiessen_area_km2":0.5522,"population_share":0.0002196,"area_share":0.00376255,"population_covered":236.86,"area_covered_km2":0.5522,"population_coverage_ratio":1.0,"area_coverage_ratio":1.0}},{"type":"Feature","geometry":{"type":"Polygon","coordinates":[[[9.203932,45.514651],[9.200966,45.521352],[9.183723,45.518679],[9.200568,45.505903],[9.203122,45.508467],[9.203932,45.514651]]]},"properties":{"service_id":8,"population_total":16311.99,"thiessen_area_km2":1.4222,"population_share":0.01512326,"area_share":0.00968987,"population_covered":15927.46,"area_covered_km2":1.4063,"population_coverage_ratio":0.976426,"area_coverage_ratio":0.988847}},{"type":"Feature","geometry":{"type":"MultiPolygon","coordinates":[[[[9.220859,45.523413],[9.220606,45.523406],[9.220836,45.523371],[9.220859,45.523413]]],[[[9.213244,45.52974],[9.213246,45.530289],[9.211873,45.530161],[9.211805,45.52999],[9.211943,45.529265],[9.21138,45.528286],[9.210093,45.528202],[9.210048,45.5282],[9.213688,45.524482],[9.22011,45.523483],[9.220093,45.523572],[9.219798,45.525038],[9.219559,45.525011],[9.219404,45.525489],[9.219798,45.526172],[9.219809,45.526712],[9.216253,45.526791],[9.216733,45.528387],[9.216844,45.529296],[9.216472,45.529292],[9.216426,45.529292],[9.216253,45.529302],[9.216459,45.529657],[9.215356,45.529632],[9.21381,45.529608],[9.213244,45.52974]]]]},"properties":{"service_id":179,"population_total":1031.21,"thiessen_area_km2":0.3085,"population_share":0.00095606,"area_share":0.00210185,"population_covered":1031.21,"area_covered_km2":0.3085,"population_coverage_ratio":1.0,"area_coverage_ratio":1.0}},{"type":"Feature","geometry":{"type":"Polygon","coordinates":[[[9.200798,45.497057],[9.200035,45.50485],[9.179295,45.502255],[9.17954,45.49538],[9.182947,45.492143],[9.196736,45.494274],[9.200373,45.496128],[9.200798,45.497057]]]},"properties":{"service_id":10,"population_total":22639.86,"thiessen_area_km2":1.8112,"population_share":0.02098999,"area_share":0.01234063,"population_covered":22465.45,"area_covered_km2":1.8021,"population_coverage_ratio":0.992296,"area_coverage_ratio":0.994958}},{"type":"Feature","geometry":{"type":"Polygon","coordinates":[[[9.201569,45.524338],[9.202013,45.52742],[9.171262,45.52457],[9.17456,45.520095],[9.183723,45.518679],[9.200966,45.521352],[9.201569,45.524338]]]},"properties":{"service_id":7,"population_total":5422.49,"thiessen_area_km2":1.5428,"population_share":0.00502733,"area_share":0.01051162,"population_covered":2238.91,"area_covered_km2":1.1533,"population_coverage_ratio":0.412893,"area_coverage_ratio":0.747553}},{"type":"Feature","geometry":{"type":"Polygon","coordinates":[[[9.212375,45.521981],[9.201569,45.524338],[9.200966,45.521352],[9.203932,45.514651],[9.211094,45.516972],[9.212375,45.521981]]]},"properties":{"service_id":177,"population_total":2993.91,"thiessen_area_km2":0.6292,"population_share":0.00277573,"area_share":0.00428671,"population_covered":2993.91,"area_covered_km2":0.6292,"population_coverage_ratio":1.0,"area_coverage_ratio":1.0}},{"type":"Feature","geometry":{"type":"Polygon","coordinates":[[[9.221035,45.486913],[9.220828,45.491151],[9.217656,45.490667],[9.21125,45.484784],[9.211396,45.483463],[9.217299,45.479028],[9.221035,45.486913]]]},"properties":{"service_id":162,"population_total":8727.05,"thiessen_area_km2":0.5814,"population_share":0.00809106,"area_share":0.00396123,"population_covered":8727.05,"area_covered_km2":0.5814,"population_coverage_ratio":1.0,"area_coverage_ratio":1.0}},{"type":"Feature","geometry":{"type":"Polygon","coordinates":[[[9.22916,45.476069],[9.224963,45.480812],[9.223107,45.472328],[9.224733,45.470044],[9.225451,45.469348],[9.228381,45.468384],[9.22916,45.476069]]]},"properties":{"service_id":165,"population_total":4612.14,"thiessen_area_km2":0.4128,"population_share":0.00427603,"area_share":0.00281253,"population_covered":3716.5,"area_covered_km2":0.373,"population_coverage_ratio":0.805808,"area_coverage_ratio":0.903532}},{"type":"Feature","geometry":{"type":"Polygon","coordinates":[[[9.228794,45.49318],[9.222346,45.493264],[9.220828,45.491151],[9.221035,45.486913],[9.225255,45.482647],[9.229832,45.481259],[9.231479,45.48248],[9.231927,45.48857],[9.228794,45.49318]]]},"properties":{"service_id":169,"population_total":16391.67,"thiessen_area_km2":0.8804,"population_share":0.01519713,"area_share":0.00599827,"population_covered":16390.76,"area_covered_km2":0.8766,"population_coverage_ratio":0.999944,"area_coverage_ratio":0.995673}},{"type":"Feature","geometry":{"type":"Polygon","coordinates":[[[9.215797,45.504795],[9.203122,45.508467],[9.200568,45.505903],[9.200035,45.50485],[9.200798,45.497057],[9.207809,45.495364],[9.217103,45.502458],[9.215797,45.504795]]]},"properties":{"service_id":174,"population_total":9447.97,"thiessen_area_km2":1.2679,"population_share":0.00875945,"area_share":0.00863861,"population_covered":9142.65,"area_covered_km2":1.2524,"population_coverage_ratio":0.967684,"area_coverage_ratio":0.987816}},{"type":"Feature","geometry":{"type":"Polygon","coordinates":[[[9.240299,45.502324],[9.235823,45.509829],[9.231115,45.508979],[9.22006,45.49963],[9.222346,45.493264],[9.228794,45.49318],[9.240299,45.502324]]]},"properties":{"service_id":172,"population_total":21521.49,"thiessen_area_km2":1.709,"population_share":0.01995312,"area_share":0.01164393,"population_covered":21504.61,"area_covered_km2":1.6974,"population_coverage_ratio":0.999216,"area_coverage_ratio":0.993236}},{"type":"Feature","geometry":{"type":"MultiPolygon","coordinates":[[[[9.2379,45.518755],[9.23761,45.518705],[9.237731,45.518371],[9.2379,45.518755]]],[[[9.222825,45.52368],[9.222716,45.523724],[9.221466,45.523428],[9.220859,45.523413],[9.220836,45.523371],[9.220866,45.519417],[9.236444,45.515443],[9.237466,45.517769],[9.235922,45.517442],[9.23582,45.517683],[9.234629,45.517456],[9.233992,45.51906],[9.233479,45.519061],[9.233341,45.519844],[9.233424,45.519854],[9.233034,45.521285],[9.231288,45.52118],[9.231189,45.521734],[9.230939,45.523152],[9.230863,45.523148],[9.229295,45.523048],[9.229252,45.523224],[9.227816,45.523057],[9.227703,45.523043],[9.226036,45.522853],[9.225936,45.523289],[9.225867,45.523568],[9.225559,45.523515],[9.225536,45.523667],[9.225159,45.523628],[9.225164,45.523583],[9.223973,45.523427],[9.22393,45.523594],[9.223603,45.523549],[9.223521,45.523582],[9.223344,45.52365],[9.223222,45.523524],[9.222825,45.52368]]]]},"properties":{"service_id":180,"population_total":2964.9,"thiessen_area_km2":0.6212,"population_share":0.00274883,"area_share":0.00423276,"population_covered":2964.9,"area_covered_km2":0.6212,"population_coverage_ratio":1.0,"area_coverage_ratio":1.0}},{"type":"Feature","geometry":{"type":"Polygon","coordinates":[[[9.225255,45.482647],[9.221035,45.486913],[9.217299,45.479028],[9.217221,45.477695],[9.223107,45.472328],[9.224963,45.480812],[9.225255,45.482647]]]},"properties":{"service_id":164,"population_total":9494.22,"thiessen_area_km2":0.5767,"population_share":0.00880233,"area_share":0.00392902,"population_covered":9494.22,"area_covered_km2":0.5767,"population_coverage_ratio":1.0,"area_coverage_ratio":1.0}},{"type":"Feature","geometry":{"type":"Polygon","coordinates":[[[9.171262,45.52457],[9.169782,45.526381],[9.156388,45.513178],[9.161365,45.503899],[9.17654,45.505501],[9.177343,45.505854],[9.17456,45.520095],[9.171262,45.52457]]]},"properties":{"service_id":12,"population_total":17570.05,"thiessen_area_km2":2.5533,"population_share":0.01628964,"area_share":0.01739662,"population_covered":3332.96,"area_covered_km2":1.1265,"population_coverage_ratio":0.189696,"area_coverage_ratio":0.441193}},{"type":"Feature","geometry":{"type":"Polygon","coordinates":[[[9.217656,45.490667],[9.211381,45.491947],[9.208434,45.488473],[9.209365,45.48578],[9.21125,45.484784],[9.217656,45.490667]]]},"properties":{"service_id":161,"population_total":6455.44,"thiessen_area_km2":0.3037,"population_share":0.005985,"area_share":0.00206952,"population_covered":6455.44,"area_covered_km2":0.3037,"population_coverage_ratio":1.0,"area_coverage_ratio":1.0}},{"type":"Feature","geometry":{"type":"Polygon","coordinates":[[[9.231115,45.508979],[9.21976,45.512758],[9.215797,45.504795],[9.217103,45.502458],[9.22006,45.49963],[9.231115,45.508979]]]},"properties":{"service_id":171,"population_total":8086.44,"thiessen_area_km2":0.8928,"population_share":0.00749715,"area_share":0.00608267,"population_covered":8086.44,"area_covered_km2":0.8928,"population_coverage_ratio":1.0,"area_coverage_ratio":1.0}},{"type":"Feature","geometry":{"type":"Polygon","coordinates":[[[9.236444,45.515443],[9.220866,45.519417],[9.21912,45.516054],[9.21976,45.512758],[9.231115,45.508979],[9.235823,45.509829],[9.236444,45.515443]]]},"properties":{"service_id":181,"population_total":6668.47,"thiessen_area_km2":1.0225,"population_share":0.00618251,"area_share":0.00696673,"population_covered":6668.47,"area_covered_km2":1.0225,"population_coverage_ratio":1.0,"area_coverage_ratio":1.0}},{"type":"Feature","geometry":{"type":"Polygon","coordinates":[[[9.274651,45.506234],[9.274619,45.506259],[9.274274,45.506317],[9.273326,45.506352],[9.273105,45.506375],[9.272303,45.506454],[9.272034,45.506558],[9.271821,45.50664],[9.2716,45.506726],[9.271569,45.506853],[9.271466,45.507284],[9.271233,45.508257],[9.271147,45.50862],[9.271026,45.509126],[9.270997,45.509256],[9.27095,45.509254],[9.269845,45.509205],[9.269543,45.510331],[9.268928,45.510385],[9.26798,45.510469],[9.267447,45.510516],[9.267476,45.510921],[9.267482,45.510988],[9.267578,45.511623],[9.267546,45.51169],[9.267275,45.512263],[9.267256,45.512303],[9.267243,45.512342],[9.267015,45.512408],[9.265921,45.512495],[9.263265,45.512618],[9.261979,45.512715],[9.261607,45.512701],[9.261729,45.513859],[9.261669,45.515402],[9.25996,45.515602],[9.260096,45.515009],[9.259982,45.515014],[9.257657,45.514583],[9.257462,45.514818],[9.255288,45.514927],[9.255181,45.515093],[9.255092,45.5153],[9.255162,45.515548],[9.255226,45.516102],[9.25487,45.517394],[9.25489,45.517565],[9.254922,45.517741],[9.254966,45.517959],[9.255016,45.51824],[9.255035,45.518437],[9.255092,45.518755],[9.255156,45.518913],[9.25529,45.519546],[9.255199,45.519915],[9.255357,45.520423],[9.25402,45.520322],[9.253033,45.520167],[9.252793,45.520104],[9.25252,45.520033],[9.25152,45.519963],[9.250803,45.519852],[9.249782,45.519679],[9.249607,45.520003],[9.248816,45.519821],[9.247585,45.519437],[9.246513,45.519017],[9.246091,45.518864],[9.245586,45.518688],[9.245141,45.518495],[9.245097,45.518476],[9.244878,45.51838],[9.244627,45.519024],[9.244081,45.518922],[9.243715,45.519021],[9.243018,45.519028],[9.242883,45.519045],[9.240984,45.519289],[9.238208,45.518808],[9.2379,45.518755],[9.237731,45.518371],[9.237914,45.517864],[9.237466,45.517769],[9.236444,45.515443],[9.235823,45.509829],[9.240299,45.502324],[9.253763,45.496328],[9.253946,45.496824],[9.254016,45.497339],[9.253963,45.497798],[9.253774,45.498317],[9.253377,45.498967],[9.253236,45.499168],[9.252966,45.499597],[9.252784,45.500044],[9.252761,45.500237],[9.252781,45.500562],[9.252314,45.500767],[9.252461,45.500995],[9.2527,45.501317],[9.253297,45.501915],[9.254583,45.502834],[9.254752,45.504164],[9.254767,45.506168],[9.254796,45.506643],[9.254851,45.507127],[9.255,45.507512],[9.255215,45.507765],[9.256315,45.508205],[9.256481,45.508443],[9.256779,45.508379],[9.257304,45.507852],[9.260843,45.508515],[9.261416,45.50841],[9.261082,45.507911],[9.258345,45.504499],[9.258929,45.504177],[9.259803,45.504032],[9.261016,45.504323],[9.261297,45.504375],[9.261298,45.504405],[9.26155,45.504481],[9.262367,45.504618],[9.262416,45.504623],[9.263117,45.504705],[9.26377,45.504781],[9.264378,45.504899],[9.264987,45.505024],[9.26565,45.505155],[9.266906,45.505418],[9.26744,45.505597],[9.267886,45.505875],[9.267909,45.505915],[9.267968,45.505915],[9.270294,45.505851],[9.271595,45.505817],[9.272146,45.505761],[9.272554,45.505607],[9.272504,45.505136],[9.274651,45.506234]]]},"properties":{"service_id":182,"population_total":20882.06,"thiessen_area_km2":3.9568,"population_share":0.01936029,"area_share":0.02695917,"population_covered":17334.65,"area_covered_km2":2.6108,"population_coverage_ratio":0.830122,"area_coverage_ratio":0.659836}},{"type":"Feature","geometry":{"type":"Polygon","coordinates":[[[9.223107,45.472328],[9.217221,45.477695],[9.210507,45.474695],[9.209224,45.470108],[9.209309,45.469863],[9.224733,45.470044],[9.223107,45.472328]]]},"properties":{"service_id":113,"population_total":11884.34,"thiessen_area_km2":0.6676,"population_share":0.01101827,"area_share":0.00454877,"population_covered":11884.34,"area_covered_km2":0.6676,"population_coverage_ratio":1.0,"area_coverage_ratio":1.0}},{"type":"Feature","geometry":{"type":"Polygon","coordinates":[[[9.207106,45.478802],[9.206108,45.479248],[9.200855,45.474281],[9.200455,45.473191],[9.202172,45.471319],[9.209224,45.470108],[9.210507,45.474695],[9.207106,45.478802]]]},"properties":{"service_id":141,"population_total":6755.84,"thiessen_area_km2":0.4954,"population_share":0.00626351,"area_share":0.00337505,"population_covered":6755.84,"area_covered_km2":0.4954,"population_coverage_ratio":1.0,"area_coverage_ratio":1.0}},{"type":"Feature","geometry":{"type":"Polygon","coordinates":[[[9.229832,45.481259],[9.225255,45.482647],[9.224963,45.480812],[9.22916,45.476069],[9.229832,45.481259]]]},"properties":{"service_id":166,"population_total":957.77,"thiessen_area_km2":0.1467,"population_share":0.00088797,"area_share":0.00099984,"population_covered":957.77,"area_covered_km2":0.1467,"population_coverage_ratio":1.0,"area_coverage_ratio":1.0}},{"type":"Feature","geometry":{"type":"MultiPolygon","coordinates":[[[[9.263607,45.432212],[9.26378,45.432504],[9.26006,45.433934],[9.255386,45.435425],[9.253023,45.436135],[9.25191,45.435213],[9.256888,45.428504],[9.257221,45.42868],[9.257294,45.428724],[9.258507,45.429471],[9.259364,45.430291],[9.259948,45.430399],[9.260245,45.430456],[9.261715,45.431257],[9.261919,45.431369],[9.262038,45.431329],[9.263607,45.432212]]],[[[9.266834,45.443513],[9.266828,45.443545],[9.266766,45.443969],[9.266735,45.444188],[9.266691,45.444325],[9.266597,45.444618],[9.266559,45.444945],[9.266631,45.445638],[9.243811,45.461286],[9.240915,45.460251],[9.240444,45.459872],[9.239975,45.458513],[9.239128,45.454201],[9.239074,45.45251],[9.246441,45.442582],[9.246553,45.442664],[9.246998,45.442874],[9.247465,45.443033],[9.247914,45.443133],[9.248327,45.443172],[9.249266,45.44331],[9.251264,45.44323],[9.251239,45.441951],[9.251474,45.440612],[9.257108,45.440381],[9.258611,45.440325],[9.259168,45.439415],[9.261713,45.440262],[9.261879,45.439985],[9.262094,45.439739],[9.26213,45.439404],[9.261981,45.439159],[9.262352,45.437981],[9.262508,45.437337],[9.262703,45.436686],[9.263385,45.436832],[9.26418,45.437002],[9.265994,45.437311],[9.266545,45.437462],[9.266653,45.43778],[9.266656,45.438347],[9.266646,45.439013],[9.266957,45.439777],[9.266951,45.439919],[9.266939,45.440243],[9.266934,45.440357],[9.26672,45.441155],[9.266687,45.442116],[9.266728,45.442901],[9.266751,45.443032],[9.266834,45.443513]]]]},"properties":{"service_id":105,"population_total":12822.93,"thiessen_area_km2":3.3155,"population_share":0.01188846,"area_share":0.02258979,"population_covered":6019.23,"area_covered_km2":2.0235,"population_coverage_ratio":0.469411,"area_coverage_ratio":0.610325}},{"type":"Feature","geometry":{"type":"Polygon","coordinates":[[[9.228381,45.468384],[9.225451,45.469348],[9.216224,45.463527],[9.218008,45.458184],[9.239975,45.458513],[9.240444,45.459872],[9.228381,45.468384]]]},"properties":{"service_id":111,"population_total":19328.64,"thiessen_area_km2":1.4804,"population_share":0.01792007,"area_share":0.01008616,"population_covered":16036.16,"area_covered_km2":1.174,"population_coverage_ratio":0.829658,"area_coverage_ratio":0.793069}},{"type":"Feature","geometry":{"type":"MultiPolygon","coordinates":[[[[9.271407,45.466023],[9.271109,45.467613],[9.271308,45.468152],[9.271784,45.46839],[9.271405,45.470767],[9.27142,45.471442],[9.271434,45.472225],[9.271374,45.472311],[9.270334,45.472326],[9.269918,45.472393],[9.269543,45.472452],[9.26889,45.472494],[9.26821,45.472196],[9.268108,45.472168],[9.267521,45.472093],[9.266278,45.471936],[9.265011,45.471774],[9.263236,45.471623],[9.26168,45.471503],[9.261246,45.471455],[9.26237,45.466695],[9.271464,45.465764],[9.271407,45.466023]]],[[[9.26147,45.476546],[9.26155,45.477477],[9.261587,45.47791],[9.261692,45.479124],[9.261984,45.479134],[9.263641,45.479191],[9.264674,45.479226],[9.264676,45.479281],[9.264691,45.479721],[9.264705,45.48009],[9.264712,45.480282],[9.264856,45.48405],[9.26407,45.484065],[9.262362,45.484096],[9.259284,45.484153],[9.259241,45.484177],[9.258812,45.484424],[9.258443,45.487137],[9.258398,45.487471],[9.258388,45.487549],[9.258381,45.487597],[9.258099,45.489667],[9.258241,45.48969],[9.25849,45.489726],[9.259558,45.489994],[9.259697,45.49006],[9.259897,45.490155],[9.260423,45.490406],[9.260487,45.49046],[9.260674,45.490617],[9.260753,45.490715],[9.260835,45.490819],[9.260851,45.490967],[9.26087,45.491044],[9.260896,45.491156],[9.261127,45.493131],[9.261531,45.494865],[9.26178,45.494936],[9.262007,45.495],[9.262057,45.495001],[9.262085,45.495024],[9.262131,45.495037],[9.262204,45.49506],[9.262102,45.49519],[9.262083,45.495216],[9.262058,45.495249],[9.261861,45.495799],[9.261638,45.496173],[9.261436,45.496659],[9.261337,45.496911],[9.261184,45.497245],[9.261147,45.497324],[9.260789,45.497295],[9.26052,45.497145],[9.259789,45.496486],[9.259549,45.496339],[9.259182,45.496286],[9.257765,45.49622],[9.25662,45.496147],[9.255948,45.495945],[9.255527,45.495675],[9.260769,45.473474],[9.260742,45.473757],[9.260724,45.473937],[9.260706,45.474123],[9.260477,45.476508],[9.260897,45.476484],[9.261328,45.476459],[9.261462,45.476452],[9.26147,45.476546]]],[[[9.277852,45.505242],[9.277905,45.505567],[9.277495,45.505586],[9.276728,45.505678],[9.275602,45.505789],[9.275039,45.505925],[9.274909,45.506029],[9.274651,45.506234],[9.272504,45.505136],[9.272501,45.505103],[9.272332,45.504564],[9.272124,45.503862],[9.271838,45.503044],[9.271815,45.502954],[9.27175,45.502702],[9.271655,45.502333],[9.271773,45.502161],[9.271884,45.501999],[9.273866,45.501964],[9.274201,45.501958],[9.274262,45.50223],[9.274319,45.50248],[9.274865,45.50251],[9.275556,45.502548],[9.27579,45.502562],[9.276019,45.502575],[9.276178,45.503423],[9.276219,45.503636],[9.277588,45.503624],[9.277852,45.505242]]]]},"properties":{"service_id":107,"population_total":95.93,"thiessen_area_km2":1.2658,"population_share":8.894e-05,"area_share":0.00862437,"population_covered":22.59,"area_covered_km2":0.3888,"population_coverage_ratio":0.235512,"area_coverage_ratio":0.307195}},{"type":"Feature","geometry":{"type":"Polygon","coordinates":[[[9.242158,45.4859],[9.231927,45.48857],[9.231479,45.48248],[9.239224,45.478999],[9.242158,45.4859]]]},"properties":{"service_id":168,"population_total":7837.86,"thiessen_area_km2":0.5525,"population_share":0.00726668,"area_share":0.00376421,"population_covered":7837.86,"area_covered_km2":0.5525,"population_coverage_ratio":1.0,"area_coverage_ratio":1.0}},{"type":"Feature","geometry":{"type":"Polygon","coordinates":[[[9.254728,45.494826],[9.254307,45.494865],[9.253261,45.494964],[9.253697,45.496147],[9.244072,45.487438],[9.249065,45.469833],[9.254728,45.494826]]]},"properties":{"service_id":109,"population_total":3867.92,"thiessen_area_km2":1.0616,"population_share":0.00358605,"area_share":0.00723315,"population_covered":3581.39,"area_covered_km2":0.7703,"population_coverage_ratio":0.925921,"area_coverage_ratio":0.725596}},{"type":"Feature","geometry":{"type":"Polygon","coordinates":[[[9.260769,45.473474],[9.255527,45.495675],[9.255418,45.495604],[9.255046,45.49519],[9.254854,45.494814],[9.254728,45.494826],[9.249065,45.469833],[9.247953,45.46366],[9.26237,45.466695],[9.261246,45.471455],[9.260982,45.471425],[9.260962,45.471462],[9.260909,45.472017],[9.260794,45.473218],[9.260769,45.473474]]]},"properties":{"service_id":108,"population_total":532.95,"thiessen_area_km2":2.0175,"population_share":0.00049411,"area_share":0.01374609,"population_covered":427.02,"area_covered_km2":1.3296,"population_coverage_ratio":0.801232,"area_coverage_ratio":0.659016}},{"type":"Feature","geometry":{"type":"Polygon","coordinates":[[[9.249065,45.469833],[9.244072,45.487438],[9.242158,45.4859],[9.239224,45.478999],[9.240915,45.460251],[9.243811,45.461286],[9.247953,45.46366],[9.249065,45.469833]]]},"properties":{"service_id":110,"population_total":5038.47,"thiessen_area_km2":1.5096,"population_share":0.00467129,"area_share":0.01028575,"population_covered":4184.85,"area_covered_km2":0.8626,"population_coverage_ratio":0.830579,"area_coverage_ratio":0.571381}},{"type":"Feature","geometry":{"type":"Polygon","coordinates":[[[9.239224,45.478999],[9.231479,45.48248],[9.229832,45.481259],[9.22916,45.476069],[9.228381,45.468384],[9.240444,45.459872],[9.240915,45.460251],[9.239224,45.478999]]]},"properties":{"service_id":167,"population_total":15204.16,"thiessen_area_km2":1.6092,"population_share":0.01409616,"area_share":0.01096403,"population_covered":9421.85,"area_covered_km2":0.9978,"population_coverage_ratio":0.619689,"area_coverage_ratio":0.620034}},{"type":"Feature","geometry":{"type":"Polygon","coordinates":[[[9.253763,45.496328],[9.240299,45.502324],[9.228794,45.49318],[9.231927,45.48857],[9.242158,45.4859],[9.244072,45.487438],[9.253697,45.496147],[9.253763,45.496328]]]},"properties":{"service_id":170,"population_total":15291.15,"thiessen_area_km2":1.9896,"population_share":0.01417681,"area_share":0.01355573,"population_covered":13446.83,"area_covered_km2":1.6011,"population_coverage_ratio":0.879387,"area_coverage_ratio":0.804721}},{"type":"Feature","geometry":{"type":"Polygon","coordinates":[[[9.210048,45.5282],[9.209668,45.528176],[9.20973,45.528283],[9.209653,45.528351],[9.209522,45.52834],[9.208062,45.528219],[9.20746,45.528176],[9.207382,45.528019],[9.206123,45.527926],[9.205702,45.529335],[9.205037,45.529256],[9.203018,45.528998],[9.202921,45.52921],[9.202457,45.529115],[9.202013,45.52742],[9.201569,45.524338],[9.212375,45.521981],[9.213688,45.524482],[9.210048,45.5282]]]},"properties":{"service_id":178,"population_total":3618.73,"thiessen_area_km2":0.4896,"population_share":0.00335501,"area_share":0.0033355,"population_covered":3618.73,"area_covered_km2":0.4896,"population_coverage_ratio":1.0,"area_coverage_ratio":1.0}}]}