{"type":"FeatureCollection","features":[{"type":"Feature","properties":{"service_id":14,"population_total":53712.84,"thiessen_area_km2":11.3306,"population_share":0.08829719624151014,"area_share":0.1313004715923356,"population_covered":24116.38,"area_covered_km2":3.0419,"population_coverage_ratio":0.4489872219764963,"area_coverage_ratio":0.26846765589816524},"geometry":{"type":"MultiPolygon","coordinates":[[[[13.330740653000078,38.069717136000065],[13.330670858000076,38.06967068200004],[13.330723807000027,38.06961207900008],[13.330740653000078,38.069717136000065]]],[[[13.329360032000068,38.080001252000045],[13.329151079000042,38.08057512600004],[13.328820806000067,38.08061264000003],[13.328808508000066,38.07997934800005],[13.328749080000023,38.07985187000003],[13.328275474000066,38.079535615000054],[13.32756871600003,38.079293404000055],[13.327235758000029,38.079056527000034],[13.327199155000073,38.07902992700008],[13.327082055000062,38.07915976400005],[13.326852419000033,38.07903036000005],[13.326971338000021,38.07886436100006],[13.326692735000051,38.078661888000056],[13.326277378000043,38.07891626000003],[13.326023907000035,38.078708635000055],[13.32540222800003,38.079030413000055],[13.325019735000069,38.079404830000044],[13.324756715000035,38.07922520300008],[13.324470605000045,38.07904358300004],[13.324100000000044,38.078868313000044],[13.32420369700003,38.07878762900003],[13.323886127000037,38.07866630500007],[13.324055506000036,38.07849451300007],[13.324353722000069,38.07860472400006],[13.32472355300007,38.07828068600003],[13.324994796000055,38.07850422700005],[13.324910912000064,38.07856782500005],[13.32501091000006,38.07867696300008],[13.32528211500005,38.07805087300005],[13.325414300000034,38.07797149900006],[13.325381113000049,38.077956896000046],[13.325710294000032,38.076844134000055],[13.325579771000037,38.076760696000065],[13.325607538000042,38.076285324000025],[13.325334885000075,38.07639466000006],[13.324898623000024,38.076096352000036],[13.32557779900003,38.075663149000036],[13.326368322000064,38.07498866100008],[13.326210417000027,38.07479592100003],[13.326421291000031,38.074231060000045],[13.326774788000023,38.07442761800007],[13.32734282000007,38.07376684700006],[13.32709533700006,38.073356784000055],[13.327075969000077,38.073320402000036],[13.32721441700005,38.07319722300008],[13.32683946900005,38.07255555900008],[13.327698075000058,38.072140180000076],[13.327432503000068,38.07163837300004],[13.32649223900006,38.07204077100005],[13.326380353000047,38.07185837500003],[13.32530401300005,38.07246829500008],[13.32555280500003,38.072800191000056],[13.326140960000032,38.07248539500006],[13.326431495000065,38.07293568500006],[13.32519386000007,38.073531708000075],[13.325329184000054,38.07428788100003],[13.325396899000054,38.074489465000056],[13.32523963500006,38.07452247600003],[13.32526144700006,38.07491365100003],[13.325397527000064,38.075327825000045],[13.32487747600004,38.07550143800006],[13.324551524000071,38.07554126600007],[13.324377167000023,38.07599716100003],[13.324186895000025,38.07649467400006],[13.323777097000061,38.07733133900007],[13.323738651000042,38.07740982000007],[13.32360221700003,38.07772993300006],[13.32339941500004,38.07813348600007],[13.323206631000062,38.07853478800007],[13.323078004000024,38.07895526000004],[13.322566074000065,38.07899841600005],[13.322223719000021,38.079027275000044],[13.32136973400003,38.07899396000005],[13.321405918000039,38.078579449000074],[13.32102143800006,38.078651329000024],[13.320845079000037,38.078965366000034],[13.320597307000071,38.07889851600004],[13.320614417000058,38.078539988000045],[13.320376934000024,38.07866067300006],[13.320245502000034,38.07863470900003],[13.320140597000034,38.07861803600008],[13.319994390000033,38.07856181200003],[13.319821656000045,38.078496296000026],[13.319696543000077,38.078357149000055],[13.319727065000052,38.07800924600008],[13.319699814000046,38.077546866000034],[13.319591595000077,38.07713159900004],[13.319507489000046,38.07663576200008],[13.319006114000047,38.07672585300003],[13.318328725000072,38.07687525400007],[13.31776220200004,38.07712040500007],[13.317396465000058,38.077150338000024],[13.317246772000033,38.07707784200005],[13.31699350100007,38.07686318000003],[13.316568835000055,38.076357632000054],[13.315945813000042,38.07634870100003],[13.315772799000058,38.076128151000034],[13.316050951000022,38.075646747000064],[13.316297881000025,38.075664248000066],[13.316507375000072,38.07533745500007],[13.316435199000068,38.07528547700008],[13.316688586000055,38.07489371500003],[13.31637164700004,38.07479307400007],[13.316468482000062,38.074416179000025],[13.316909535000036,38.07447279400003],[13.317246584000031,38.074132586000076],[13.317077092000034,38.07373210500003],[13.316821980000043,38.07337726600008],[13.317184112000064,38.07278304100004],[13.317244211000059,38.072792425000046],[13.317340671000068,38.07253563200004],[13.317486970000061,38.072542389000034],[13.317784796000069,38.07205793300005],[13.31695110100003,38.07191864400005],[13.31711991700007,38.07146018200007],[13.316971737000074,38.071225853000044],[13.316253520000032,38.07109141500007],[13.316178248000028,38.07144323400007],[13.316598078000027,38.07153098500004],[13.316525476000038,38.07179772000006],[13.31650856300007,38.072162570000046],[13.316504707000036,38.07224576800007],[13.31662056600004,38.07230413900004],[13.316699515000039,38.072471206000046],[13.316729527000064,38.072534716000064],[13.316699757000038,38.07270740600006],[13.316617548000067,38.07269456800003],[13.316262117000065,38.073080668000046],[13.316101204000063,38.07326091700003],[13.315600283000038,38.07315594600004],[13.315470731000062,38.07340836100008],[13.31518307600004,38.07371718600007],[13.31513607200003,38.07370584500006],[13.314945371000022,38.07422852500008],[13.314808265000067,38.074373094000066],[13.314765215000023,38.07434758100004],[13.314644431000033,38.07443841800006],[13.315154084000028,38.07522543500005],[13.315157468000052,38.075357860000054],[13.315420741000025,38.07555746400004],[13.31512839900006,38.07576355500004],[13.314996209000071,38.075846858000034],[13.315196004000029,38.07646218700006],[13.315029202000062,38.076702029000046],[13.31503596400006,38.07681688900004],[13.315392220000035,38.07694679700006],[13.316133620000073,38.07739739700003],[13.315898311000069,38.077597903000026],[13.315389367000023,38.07734803900007],[13.315133469000045,38.07742372800004],[13.314857432000053,38.07724635900007],[13.314904626000043,38.07718866300007],[13.314870332000055,38.07699735400007],[13.314697799000044,38.07603490400004],[13.314680874000032,38.07594048100003],[13.314359827000033,38.07508315900003],[13.313878794000061,38.07464150200008],[13.313976030000049,38.07438978000005],[13.314322235000077,38.074128882000025],[13.314369642000031,38.07413709900004],[13.314601183000036,38.073957464000046],[13.31479741100003,38.07350023400005],[13.314962510000043,38.07311556800005],[13.314999068000077,38.07298388800007],[13.315063563000024,38.07275159200003],[13.315223771000035,38.07218278100004],[13.31539738600003,38.07159997400004],[13.31580305700004,38.07123379300003],[13.31588526400003,38.07115422000004],[13.31598155200004,38.071096632000035],[13.316198151000037,38.07095356800005],[13.316066084000056,38.070742265000035],[13.315714036000031,38.070618943000056],[13.315524151000034,38.07055242000007],[13.315752817000032,38.070426704000056],[13.316124153000032,38.07040529000005],[13.31651323400007,38.07035221700005],[13.316919841000072,38.07043027200007],[13.317262972000037,38.070595927000056],[13.317474594000032,38.070859436000035],[13.317627969000057,38.071132841000065],[13.317786574000024,38.071328539000035],[13.317872136000062,38.07144941200005],[13.317908681000063,38.07165889700008],[13.31799138100007,38.07159221000006],[13.318089819000022,38.07165690000005],[13.318166631000054,38.071853342000054],[13.318242357000031,38.072232685000074],[13.318009751000034,38.07230582900007],[13.317997270000035,38.072338373000036],[13.318434478000029,38.07283946500007],[13.318876859000056,38.073358022000036],[13.318806116000076,38.07365518000006],[13.31862045400004,38.07383254600006],[13.318228862000069,38.074009741000054],[13.318019311000057,38.07428100200008],[13.317825250000055,38.07481523800004],[13.317793150000057,38.07535376100003],[13.317821636000076,38.07562698400005],[13.31789670300003,38.07584951600006],[13.318184943000063,38.07615567800008],[13.318430680000063,38.076030038000056],[13.318646304000026,38.075919792000036],[13.319121854000059,38.07567665000005],[13.319331435000038,38.075855509000064],[13.319591359000071,38.07616875100007],[13.319675528000062,38.07638100200006],[13.31985955500005,38.07651026000008],[13.31992953200006,38.076530529000024],[13.320248465000077,38.07684890500008],[13.320217624000065,38.07688944200004],[13.320415188000027,38.077140464000024],[13.320876872000042,38.07745618200005],[13.32112001300004,38.077258974000074],[13.321318683000072,38.07705902600003],[13.32157587200004,38.07719402300006],[13.321888909000052,38.076867279000055],[13.321934923000072,38.076896229000056],[13.322171926000067,38.07697067700008],[13.322558980000053,38.076584291000074],[13.323427328000037,38.077033862000064],[13.324091070000065,38.07559793300004],[13.323887107000076,38.07572104800005],[13.32339212200003,38.07531025500003],[13.323203996000075,38.075524519000055],[13.323084081000047,38.07543981200007],[13.32281037000007,38.07568192900004],[13.322713075000024,38.07562860100006],[13.322294016000058,38.075941743000044],[13.322123590000047,38.07586922000007],[13.321698742000024,38.07617819400008],[13.32179437700006,38.076297253000064],[13.32156704700003,38.076480745000026],[13.321058837000066,38.07612734300005],[13.320843548000028,38.075951400000065],[13.320772994000038,38.07597588900006],[13.320510781000053,38.07566158000003],[13.320666785000071,38.07548947200007],[13.32045062700007,38.075311086000056],[13.320555957000067,38.07521177800004],[13.32043844900005,38.07499054700003],[13.320695459000035,38.074890140000036],[13.320626102000062,38.074743055000056],[13.321282293000024,38.07454970100008],[13.321309977000055,38.074582521000025],[13.321470458000022,38.07490772700004],[13.321523052000032,38.075014544000055],[13.32198289400003,38.07476083600005],[13.323052995000069,38.07404026900008],[13.323513822000052,38.07436889200005],[13.323653380000053,38.074293702000034],[13.323728569000025,38.074347843000055],[13.324334214000032,38.074005930000055],[13.324240670000052,38.07326513000004],[13.323928463000072,38.072948293000024],[13.323484858000029,38.07312662700008],[13.322960214000034,38.07272518800005],[13.323113144000047,38.07244145800007],[13.323568239000053,38.07200477500004],[13.324106323000024,38.07222349700004],[13.324326349000046,38.072159413000065],[13.324661933000073,38.07209760400008],[13.32505330400005,38.07187533500007],[13.325288464000039,38.07209049200003],[13.325796207000053,38.071783992000064],[13.325494368000022,38.07135279500005],[13.325097668000069,38.071484664000025],[13.32491569800004,38.07125688700006],[13.325392627000042,38.07099948800004],[13.325884831000053,38.071343726000066],[13.326611093000054,38.070970541000065],[13.326374734000069,38.070163886000046],[13.326536934000046,38.07005664900004],[13.325845375000029,38.069304085000056],[13.32395163600006,38.07076643100004],[13.323839774000021,38.07048930900004],[13.323754486000041,38.070279087000074],[13.323955374000036,38.07006679500006],[13.32411724800005,38.07017784100003],[13.326189975000034,38.06828948100008],[13.325862049000023,38.06798714900003],[13.324724837000076,38.06813566300008],[13.324444976000052,38.06807669900007],[13.324220074000038,38.06837809800004],[13.323586817000034,38.06815629400006],[13.323134007000021,38.06911852600007],[13.32282342800005,38.069271592000064],[13.322229810000067,38.06960789000004],[13.322536666000076,38.07035333600004],[13.322433287000024,38.07054366700004],[13.322627932000046,38.07087223800005],[13.322124059000032,38.07090146200005],[13.321778321000068,38.070754323000074],[13.321893588000023,38.070536907000076],[13.321675344000028,38.07037974100007],[13.320867711000062,38.070745233000025],[13.32091407300004,38.071303096000065],[13.321501324000053,38.07120152500005],[13.32151424500006,38.07142072900007],[13.321460868000031,38.07150337100006],[13.321759305000057,38.07183972100006],[13.321907724000027,38.07176760300007],[13.322080295000035,38.07194316600004],[13.321946402000037,38.072050587000035],[13.321972940000023,38.07208049500008],[13.321458883000048,38.07236860800003],[13.321154620000073,38.072477959000025],[13.321186717000046,38.07265605500004],[13.321477793000042,38.07253796900005],[13.321575858000074,38.072665579000045],[13.321320942000057,38.072821103000024],[13.321601051000073,38.07313077300006],[13.321751604000042,38.07302294700003],[13.321938534000026,38.07318605300003],[13.321314740000048,38.07355544500007],[13.321237143000076,38.07344749600003],[13.321012947000042,38.073548206000055],[13.321166607000066,38.07418221900008],[13.320772100000056,38.074307367000074],[13.320728140000028,38.07422077200005],[13.319398592000027,38.07464252600005],[13.319331878000071,38.074445773000036],[13.319528468000044,38.07438782200006],[13.319492375000038,38.074311314000056],[13.319558546000053,38.074291808000055],[13.319494414000076,38.074155861000065],[13.320477106000055,38.073866175000035],[13.320469915000047,38.07374416400006],[13.320522267000058,38.073736272000076],[13.320545773000049,38.07330297000004],[13.320778160000032,38.072829167000066],[13.320864391000043,38.072820027000034],[13.320874773000071,38.072572552000054],[13.320723060000034,38.072334012000056],[13.320557367000049,38.07208136200006],[13.320482047000041,38.07148233600003],[13.319790501000057,38.071746802000064],[13.319700536000028,38.07169267100005],[13.319630774000075,38.07173217600007],[13.319682261000025,38.07183764400003],[13.319791462000069,38.07221834200004],[13.319692978000035,38.07227565100004],[13.319566112000075,38.07210734800003],[13.319424517000073,38.07206492300003],[13.319158770000058,38.072173047000035],[13.319225137000046,38.072274984000046],[13.318983522000053,38.07240019100004],[13.318524748000073,38.07191306800007],[13.31943257100005,38.07156765700006],[13.31856146900003,38.07137749300006],[13.318483790000073,38.07127086000003],[13.318649489000052,38.07098984900006],[13.319207687000073,38.07095987200006],[13.31962693500003,38.07060670000004],[13.31976146900007,38.070146918000034],[13.320508936000067,38.06988970800006],[13.320643291000067,38.06985657600006],[13.32080931300004,38.06981559900004],[13.321563396000045,38.06963472500007],[13.322106660000031,38.069344503000025],[13.322794113000043,38.06869773000005],[13.323291209000047,38.06807146800003],[13.323555837000072,38.067750154000066],[13.32386811300006,38.06737078800006],[13.324035719000051,38.06716137800004],[13.324323695000032,38.06686932300005],[13.324620892000041,38.066567890000044],[13.324733450000053,38.066456093000056],[13.324790378000046,38.066399525000065],[13.325004125000078,38.066184503000045],[13.325289267000073,38.06568314100008],[13.324674960000038,38.06464752000005],[13.323897397000053,38.06375300600007],[13.323316242000033,38.06324303100007],[13.323021794000056,38.062668461000044],[13.323024856000075,38.062019881000026],[13.322895722000055,38.061749931000065],[13.322806280000066,38.061573090000024],[13.322759275000067,38.061478961000034],[13.323360877000027,38.06159052100003],[13.324426102000075,38.06230806700006],[13.32447426400006,38.062234603000036],[13.324791272000027,38.062496655000075],[13.324958438000067,38.06249049300004],[13.325088850000043,38.06280799000007],[13.325005787000066,38.06281988200004],[13.324710950000053,38.06277198400005],[13.32415588400005,38.06302990000006],[13.324892388000023,38.06391270000006],[13.325053776000061,38.064252657000054],[13.325707167000076,38.06448707900006],[13.326677872000062,38.06485968100003],[13.326507908000053,38.065286376000074],[13.326494780000075,38.06586302000005],[13.326552909000043,38.06590333100007],[13.327021917000025,38.065756658000055],[13.327101379000055,38.06587293500007],[13.326773069000069,38.06605600700004],[13.327064415000052,38.066258047000076],[13.326970439000036,38.06647477800004],[13.32647216600003,38.06685459400006],[13.32685172600003,38.067387593000035],[13.327167712000062,38.06797596600006],[13.327004946000045,38.06808620500004],[13.327287990000059,38.068948471000056],[13.327409000000046,38.06949889900005],[13.327468904000057,38.07038610700005],[13.327547013000071,38.070373320000044],[13.328219510000054,38.07026314500007],[13.328626369000062,38.07116232200008],[13.328768940000032,38.071157319000065],[13.329147243000023,38.071746579000035],[13.32952374000007,38.071632340000065],[13.329651961000025,38.07186630900003],[13.329954565000037,38.07187061500008],[13.329959514000052,38.07165261200004],[13.330143441000075,38.071394929000064],[13.330050185000061,38.071189607000065],[13.33023285400003,38.070594253000024],[13.330633071000022,38.07022007200004],[13.330729098000063,38.070206678000034],[13.330805346000034,38.07012059600004],[13.330984919000059,38.07124050700003],[13.330716518000031,38.071483612000065],[13.330632926000021,38.07148669800006],[13.330407237000031,38.07182616400007],[13.330752787000051,38.07196973200007],[13.33061205100006,38.072309174000054],[13.330463464000047,38.07236841200006],[13.330182224000055,38.07248051900007],[13.330002357000069,38.07255482900007],[13.330251416000067,38.07278116800006],[13.330355498000074,38.07287575500004],[13.330729605000045,38.072556004000035],[13.330943873000024,38.07268496300003],[13.33034572500003,38.073148557000025],[13.329923284000074,38.07289924300005],[13.329379818000064,38.07334315400004],[13.330551022000066,38.07423917600005],[13.331303793000075,38.07376662300004],[13.331362485000056,38.073595202000035],[13.33147255800003,38.074281674000076],[13.331430295000075,38.074300598000036],[13.331094548000067,38.074573487000066],[13.33147840600003,38.07492576800007],[13.33156742500006,38.07487331600004],[13.33206691600003,38.07798840300006],[13.331814824000048,38.07815789000006],[13.331640965000076,38.077972516000045],[13.331354292000071,38.07765892500004],[13.331320651000055,38.07718009000007],[13.331765575000077,38.07679949300007],[13.331571412000073,38.07633245200003],[13.331140835000042,38.07647405600005],[13.330582337000067,38.07636764200004],[13.330264786000043,38.07741129200008],[13.330016869000076,38.07735149500007],[13.329840124000043,38.07722707600004],[13.329758880000043,38.077224270000045],[13.329854160000025,38.076829141000076],[13.329219542000033,38.07659884200007],[13.329141981000078,38.07658515900005],[13.328537747000041,38.077578215000074],[13.329654057000027,38.07781702500006],[13.329679587000044,38.07812625100007],[13.329571176000059,38.078142279000076],[13.32847421200006,38.07803836000005],[13.328054516000066,38.07884810300004],[13.329145612000048,38.07920144500008],[13.329198151000071,38.07910007800007],[13.329456540000024,38.079104080000036],[13.329360032000068,38.080001252000045]]],[[[13.33078772600004,38.080647627000076],[13.330559995000044,38.08048259200007],[13.330260070000065,38.080358757000056],[13.329922966000026,38.08030472400003],[13.32998974700007,38.08010869300006],[13.330220860000054,38.08012604000004],[13.33069959200003,38.08021726700008],[13.332237010000028,38.07916983300004],[13.332252737000033,38.07914728000003],[13.332307898000067,38.079491294000036],[13.332246338000061,38.07954280400003],[13.331929695000042,38.079763409000066],[13.33078772600004,38.080647627000076]]],[[[13.332622140000069,38.081451067000046],[13.331758961000048,38.08140006200006],[13.331620545000021,38.08122223300006],[13.33247474600006,38.08053184200003],[13.332622140000069,38.081451067000046]]],[[[13.333004570000071,38.08383609500004],[13.332754169000054,38.08384114000006],[13.332579503000034,38.08369093600004],[13.332827346000045,38.08336383900007],[13.332927157000029,38.083353310000064],[13.333004570000071,38.08383609500004]]],[[[13.294738227000039,38.10644268000004],[13.294387549000021,38.10653979800003],[13.294324671000027,38.10657350500003],[13.294061273000068,38.10644385100005],[13.294071289000044,38.10644085400003],[13.294420690000038,38.106398768000076],[13.294739313000036,38.10639553000004],[13.294738227000039,38.10644268000004]]],[[[13.337887376000026,38.11428780700004],[13.317874192000033,38.11695554900007],[13.314822930000048,38.11666346700008],[13.297666915000036,38.10821867300007],[13.297872339000037,38.10781182300008],[13.298655783000072,38.10746221200003],[13.29877484900004,38.107409078000046],[13.29945206900004,38.10739661000008],[13.300289078000048,38.107386451000025],[13.300713120000069,38.10737909100004],[13.301455375000046,38.10736618200008],[13.302144912000074,38.10722765300005],[13.302492155000039,38.107254940000075],[13.302917955000055,38.107543262000036],[13.303189203000045,38.107198192000055],[13.303205810000065,38.10688655600006],[13.303283921000059,38.10676145100007],[13.302763835000064,38.106078241000034],[13.302359977000037,38.106465951000075],[13.301744490000033,38.10624912600008],[13.301571773000035,38.10599418000004],[13.301547356000071,38.10583046900007],[13.301532331000033,38.105666892000045],[13.301487760000043,38.10556228100006],[13.301178631000028,38.10551326500007],[13.300582052000038,38.10569768500005],[13.30050288700005,38.10570756000004],[13.300101178000034,38.10575755800005],[13.299756707000029,38.105780535000065],[13.299460882000062,38.10580027300006],[13.299334754000029,38.10596922700006],[13.298971918000063,38.10620902100004],[13.298584793000032,38.10668606300004],[13.298172544000067,38.10702907900003],[13.297527553000066,38.10721431800005],[13.29679578300005,38.10743172900004],[13.296486747000074,38.107450834000076],[13.29647423800003,38.107560712000065],[13.296287094000036,38.107539477000046],[13.296238048000077,38.10751533500007],[13.296248467000055,38.10742378000003],[13.29607982400006,38.107437452000056],[13.295030170000075,38.10692077600004],[13.295263357000067,38.106977071000074],[13.29571691700005,38.107164485000055],[13.295779192000055,38.10705531100007],[13.296115701000076,38.10713882700003],[13.296355087000052,38.10711871400008],[13.296524098000077,38.10712901200003],[13.296704126000066,38.107092314000056],[13.296780815000034,38.107219232000034],[13.297041937000074,38.10712081100007],[13.296967056000028,38.10691530500003],[13.297258759000044,38.10678586500006],[13.297619387000054,38.106688889000054],[13.297425283000052,38.10647378900006],[13.29763680700006,38.106366801000036],[13.297782252000047,38.106534010000075],[13.297961193000049,38.106544460000066],[13.29821163500003,38.10647732500007],[13.298504588000071,38.10629288600006],[13.298699328000055,38.10605197000007],[13.298943811000072,38.10581179400003],[13.298876328000063,38.10571646900007],[13.299127657000042,38.105610031000026],[13.299199156000043,38.10553244600004],[13.299418268000068,38.10552775300005],[13.299405766000064,38.10563764800003],[13.299685318000058,38.10560238700003],[13.299647864000065,38.10549963600005],[13.299609880000048,38.10542045900007],[13.299361845000021,38.10538541100004],[13.299373243000048,38.10532268500003],[13.299184712000056,38.10529637600007],[13.29893127500003,38.10506469400008],[13.298862077000024,38.10547253400006],[13.298822288000054,38.105471944000044],[13.298790408000059,38.10555798100006],[13.29843289200005,38.105521356000054],[13.298244745000034,38.10547931600007],[13.298159656000053,38.10571394400006],[13.298029206000024,38.105759232000025],[13.297994694000067,38.10552164500007],[13.297977698000068,38.10540467800007],[13.297597531000065,38.105485660000056],[13.297551258000055,38.10533560400006],[13.297471633000043,38.10533444500004],[13.297464064000053,38.10523212900006],[13.297896885000057,38.105026132000035],[13.297792722000054,38.104796614000065],[13.297651471000052,38.10444863200007],[13.29759449900007,38.10432986500007],[13.297368907000077,38.104185088000065],[13.297308103000034,38.10423136400004],[13.297121769000057,38.10411073300003],[13.296729027000026,38.10387705000005],[13.296590818000027,38.10382786400004],[13.29642311400005,38.103762532000076],[13.296077007000065,38.10366317300003],[13.295790617000023,38.103564669000036],[13.295677687000023,38.10371240300003],[13.295439952000038,38.10366179000005],[13.295494104000056,38.103473876000066],[13.29491968800005,38.103347607000046],[13.295004400000039,38.10312869300003],[13.295304768000051,38.10305444200003],[13.295613231000061,38.103058916000066],[13.296018497000034,38.10318272500007],[13.29609517800003,38.103309626000055],[13.296023147000028,38.10341080000006],[13.296508738000057,38.10350433100007],[13.296507822000024,38.103543616000024],[13.297179193000034,38.103781351000066],[13.297394110000027,38.10395745100004],[13.297393002000035,38.10400460200003],[13.297786325000061,38.104214726000066],[13.297905735000029,38.10421645500003],[13.297928723000041,38.10408311800006],[13.297763932000066,38.10389204900008],[13.297923514000047,38.103878638000026],[13.298079269000027,38.104030271000056],[13.29825767400007,38.10406429300008],[13.298443709000026,38.10376823100006],[13.298755391000043,38.10406364900007],[13.29897704800004,38.103948926000044],[13.299189611000031,38.10422718800004],[13.299118667000073,38.104281196000045],[13.299233890000039,38.10446369600004],[13.299016419000054,38.10439764700004],[13.29918953200007,38.104659609000066],[13.299295526000037,38.10481051800008],[13.299532713000076,38.10488471600007],[13.29978040800006,38.10493547200008],[13.299797933000036,38.105037939000056],[13.300146239000071,38.10504296900007],[13.300188768000055,38.10492566400006],[13.30054070400007,38.104773495000074],[13.300588642000037,38.10485282500008],[13.30111915200007,38.104726828000025],[13.301219572000036,38.10468898400006],[13.301331937000043,38.10456480100004],[13.301592323000023,38.104497811000044],[13.301706682000031,38.10428719300006],[13.30195163600007,38.104455839000025],[13.302249815000039,38.104475871000034],[13.302172147000022,38.104820680000046],[13.302321058000075,38.10483855200005],[13.302472873000056,38.10473068300007],[13.302649625000072,38.10483544300007],[13.302793446000067,38.10507338900004],[13.302889855000046,38.10520843200004],[13.303017780000062,38.10527318600003],[13.30328228600007,38.10545784000004],[13.30350065400006,38.10548457900006],[13.303797924000037,38.10554391000005],[13.303874095000026,38.105694397000036],[13.304062435000048,38.10572856300007],[13.304209693000075,38.10581717400004],[13.304441491000034,38.10569471100007],[13.30476339300003,38.105549978000056],[13.305260589000056,38.10557287900008],[13.305475338000065,38.10575680800008],[13.305022271000041,38.105978278000066],[13.305508152000073,38.106240609000054],[13.305710505000036,38.10634986600007],[13.305585460000032,38.10659179400005],[13.30560136300005,38.10676498500004],[13.305407388000049,38.10697447100006],[13.305564626000034,38.10706323200003],[13.305726753000044,38.10693976300007],[13.305873105000046,38.10706767800008],[13.30582098800005,38.10716912200007],[13.306111010000052,38.107542840000065],[13.306242559000054,38.10745039400007],[13.306376580000062,38.10744771700007],[13.306424943000025,38.10704476500007],[13.306559896000067,38.10691931400004],[13.306871460000025,38.10714618500003],[13.30684440300007,38.10726231900003],[13.306823591000068,38.10735164300007],[13.306533728000034,38.10754684400007],[13.306612904000076,38.107793806000075],[13.306758563000074,38.10795313800003],[13.306666995000057,38.108038306000026],[13.306481906000045,38.10786267800006],[13.306408615000066,38.10801885400008],[13.30641421000007,38.108207641000035],[13.30691721200003,38.10841143700003],[13.307126568000058,38.10839873000003],[13.307419665000054,38.108638823000035],[13.307665006000036,38.10879174400003],[13.307794760000036,38.10877788400006],[13.307962653000061,38.10883533500004],[13.307951455000023,38.10889021600008],[13.308229004000054,38.10894138800006],[13.308409959000073,38.10886536600003],[13.308363997000072,38.10869960700006],[13.30840562800006,38.10862158500004],[13.30835045300006,38.10842423500003],[13.308745599000076,38.108555713000044],[13.308852022000053,38.10825848300004],[13.308466615000043,38.108135004000076],[13.308529948000057,38.10797867600007],[13.308566339000038,38.10769615700008],[13.30868305000007,38.10738335100007],[13.308795428000053,38.10725916000007],[13.308868881000024,38.107095119000064],[13.308941446000063,38.10697036300007],[13.309041338000043,38.106956086000025],[13.309227333000024,38.10665999100007],[13.309324157000049,38.10634690000006],[13.309199311000043,38.10614855100005],[13.309016947000032,38.10585501400004],[13.308492785000055,38.105705958000044],[13.308402705000049,38.105295813000055],[13.308591765000074,38.10529855200008],[13.309115924000025,38.10544760800008],[13.309161715000073,38.10518881400003],[13.309318043000076,38.10531685400008],[13.309362906000047,38.105529782000076],[13.309520690000056,38.10516252600007],[13.309685698000067,38.10491331600008],[13.309678488000031,38.10436285500003],[13.309917478000045,38.10435844300008],[13.310005784000055,38.10441474100003],[13.309987872000022,38.10476042100004],[13.309981394000033,38.10504141700005],[13.309977712000034,38.10520055200004],[13.309930491000046,38.10552222300004],[13.309817932000044,38.106086696000034],[13.30971063100003,38.10642322800004],[13.309603856000024,38.106736169000044],[13.309880871000075,38.106810911000025],[13.309994156000073,38.106647434000024],[13.310122424000042,38.10669647000003],[13.309875994000038,38.107023121000054],[13.30984415200004,38.10710915800007],[13.309615801000064,38.10708228200008],[13.309445527000037,38.10755943200007],[13.30967096300003,38.10771204800005],[13.309991582000066,38.108054749000075],[13.311500514000045,38.107330028000035],[13.312407493000023,38.10689442300003],[13.313634944000057,38.10633024500004],[13.314892333000046,38.10792859900005],[13.315595994000034,38.107632057000046],[13.316176205000033,38.107490753000036],[13.316266718000065,38.10746870000003],[13.316575959000033,38.107441695000034],[13.315751731000034,38.10648641800003],[13.316841089000036,38.10586518300005],[13.316744822000032,38.10572228900003],[13.31561849600007,38.105352337000056],[13.315470299000026,38.10530304400004],[13.316507927000032,38.10476756800006],[13.317046521000066,38.104287826000075],[13.317595080000046,38.10374129300004],[13.317902252000067,38.103435244000025],[13.317037586000026,38.103375680000056],[13.316106158000025,38.10318935500004],[13.315561026000069,38.103087198000026],[13.315382971000076,38.10354994100004],[13.315565283000069,38.10364977200004],[13.315459357000066,38.10424362900005],[13.31634157600007,38.10468155700005],[13.315624936000063,38.10507224600008],[13.315056998000045,38.105015507000076],[13.31506343600006,38.10473613600004],[13.314786603000073,38.10473215500008],[13.314788836000048,38.104634995000026],[13.314496341000051,38.104642934000026],[13.31411132200003,38.10466170900003],[13.313924804000067,38.10474408600004],[13.31375255200004,38.104875279000055],[13.312136055000053,38.104256674000055],[13.310946844000057,38.10379000900008],[13.310809260000042,38.10375157200008],[13.310336438000036,38.10357466500005],[13.310377277000043,38.10313783200007],[13.310774043000038,38.102608899000074],[13.311046404000024,38.10213895100003],[13.310538898000061,38.102131652000025],[13.310465360000023,38.101984781000056],[13.310367219000057,38.10157024800003],[13.309932752000066,38.099729238000066],[13.309906086000069,38.099253127000054],[13.309889146000046,38.098950968000054],[13.30983670300003,38.09769286000005],[13.309826216000033,38.09761117100004],[13.309128008000073,38.09767696400007],[13.308666981000044,38.09772046300003],[13.308406171000058,38.096368022000036],[13.307561777000046,38.09574407400004],[13.307741269000076,38.09553837100003],[13.307650724000041,38.09517419300005],[13.307873610000058,38.095004424000024],[13.307951603000049,38.09464388400005],[13.30766559600005,38.09452969700004],[13.307453034000048,38.09425145200004],[13.307156359000032,38.09416855200004],[13.307002391000026,38.09437076000006],[13.306736121000029,38.09426471900008],[13.306282044000056,38.09410092200005],[13.30606098000004,38.09419207900004],[13.305582685000047,38.09378421200006],[13.304400760000021,38.092815822000034],[13.304249279000032,38.09253448000004],[13.304283965000025,38.092489270000044],[13.303774485000076,38.092134187000056],[13.30323538600004,38.091699138000024],[13.302958514000068,38.09132651500005],[13.30276088200003,38.09109058000007],[13.303262941000071,38.090567788000044],[13.302853802000072,38.09002889800007],[13.30272641700003,38.08993549600007],[13.302438479000045,38.08972439900003],[13.302157815000044,38.08946900500007],[13.30207084600005,38.089152461000026],[13.302053774000058,38.08909265900007],[13.302031412000076,38.08901429200006],[13.302081541000064,38.088800811000056],[13.302094918000023,38.08873727300005],[13.302218054000036,38.08859103900005],[13.302317955000035,38.08847240500006],[13.30250944100004,38.08824021700008],[13.30255317700005,38.08818456700004],[13.302620448000027,38.088104850000036],[13.302906113000063,38.087766317000046],[13.302845872000034,38.08732271800005],[13.302812217000053,38.08684660100005],[13.302821503000075,38.086422936000076],[13.302863643000023,38.08594588400007],[13.303454621000071,38.085954177000076],[13.304067116000056,38.08571928500004],[13.304665311000065,38.08567289200005],[13.304922012000077,38.08533066000007],[13.304832517000023,38.08489693300004],[13.303936570000076,38.08486861400007],[13.303813318000039,38.08504381300003],[13.302709940000057,38.08495851300006],[13.302641962000052,38.08550778800003],[13.302411681000024,38.08551203600007],[13.302354439000055,38.08547693300005],[13.302118030000031,38.085425642000075],[13.302083942000024,38.08536019200005],[13.301812012000028,38.08521706800008],[13.301380506000044,38.08516984600004],[13.301595804000044,38.084918765000054],[13.301871812000059,38.08459791000007],[13.302130563000048,38.08440012800003],[13.302193413000055,38.08435206000007],[13.302267832000041,38.08429517400003],[13.302696094000055,38.08395973100005],[13.303025002000027,38.08356940400006],[13.303484555000068,38.08288155200006],[13.303493058000072,38.08251172100006],[13.303496775000042,38.08234970700005],[13.303314044000047,38.081906083000035],[13.303421852000042,38.08178953600003],[13.303572065000026,38.08163092700005],[13.303890028000069,38.081709312000044],[13.304099722000046,38.08099912100005],[13.304699774000028,38.07982093700008],[13.304726119000065,38.07976924600007],[13.304971527000077,38.07929188900005],[13.304429404000075,38.07904609500008],[13.303882991000023,38.078958072000034],[13.303737814000044,38.07881926600004],[13.303538201000038,38.078628467000044],[13.303068620000033,38.07827191300004],[13.302669318000028,38.078020872000025],[13.302403918000039,38.077854967000064],[13.302072860000067,38.077557582000054],[13.302335309000057,38.07691630100004],[13.302840563000075,38.07626730100003],[13.303416928000047,38.07547159500007],[13.30324143300004,38.075162799000054],[13.303157070000054,38.07499927500004],[13.303140005000046,38.074966939000035],[13.303078609000067,38.07485049400003],[13.303002952000043,38.074703215000056],[13.30351722000006,38.07457175900004],[13.304155609000077,38.074638406000076],[13.304974241000025,38.07465789300005],[13.305252172000053,38.07461297900005],[13.305947693000064,38.07450059000007],[13.306293228000072,38.07442604400006],[13.306271303000074,38.07459054800006],[13.306289191000076,38.07472670900006],[13.306344846000059,38.07474812000004],[13.30652771800004,38.07470875700005],[13.307134898000072,38.07458725300006],[13.30771846500005,38.074513608000075],[13.308151881000072,38.07452641000003],[13.308232816000043,38.07455476900003],[13.308454763000043,38.07473459700003],[13.308499185000073,38.074485512000024],[13.308714318000057,38.07452760600006],[13.309284909000041,38.07463923200004],[13.310007019000068,38.074954958000035],[13.31039985700005,38.075737590000074],[13.310903603000042,38.07617842600007],[13.311633327000038,38.076610936000066],[13.311774405000051,38.07674534500006],[13.311979654000027,38.07694361500006],[13.312214565000033,38.07717049200005],[13.312588615000038,38.07770613900004],[13.313023559000044,38.07816299700005],[13.313338356000031,38.07830903800004],[13.314164188000063,38.07793438400006],[13.315187472000048,38.07835677400004],[13.315917967000075,38.078339103000076],[13.316246608000029,38.07798505100004],[13.317095703000064,38.07784245000005],[13.317180205000057,38.07804063400005],[13.316628740000056,38.07879247500006],[13.316811486000063,38.07881237600003],[13.317051640000045,38.079016901000045],[13.316941192000058,38.079097932000025],[13.317051554000045,38.07923121700003],[13.31691973200003,38.07936666400008],[13.31734827400004,38.079665662000025],[13.317578942000068,38.07957854000006],[13.317611121000027,38.07937248600007],[13.31763528600004,38.07930537800007],[13.317748838000057,38.07915697800007],[13.31787206100006,38.07912489000006],[13.318105349000064,38.079195291000076],[13.318266441000048,38.07929520700003],[13.318372306000072,38.07914241800006],[13.318598305000023,38.079023593000045],[13.31900100200005,38.07938716100006],[13.319172532000039,38.079206716000044],[13.318893223000032,38.078995992000046],[13.319001542000024,38.07882122400008],[13.318721875000051,38.07853987300007],[13.318754659000035,38.078492288000064],[13.319096584000022,38.078335381000045],[13.319697044000065,38.07894192700007],[13.31983604900006,38.078986205000035],[13.320598644000029,38.079229155000064],[13.32100663500006,38.07929831200005],[13.321365703000026,38.079169782000065],[13.321685820000027,38.07918842400005],[13.321817916000043,38.079224185000044],[13.322472995000055,38.079212390000066],[13.323077150000074,38.07905944700008],[13.323076396000033,38.07915118100004],[13.323074206000058,38.07941781100004],[13.323060507000037,38.07981303500003],[13.323167213000033,38.08020850100007],[13.323458929000026,38.08069101500007],[13.323537424000051,38.080762476000075],[13.324306098000022,38.08032087600003],[13.32425571400006,38.080288996000036],[13.324418047000052,38.08012870700003],[13.32455974800007,38.080263788000025],[13.324501981000026,38.080301650000024],[13.324544599000035,38.08032663200004],[13.324712572000067,38.080726490000075],[13.324844743000028,38.08066627200003],[13.325092811000047,38.08081812100005],[13.325056743000061,38.08088596500005],[13.325127636000047,38.08091881300004],[13.324945533000061,38.081543424000074],[13.325149053000075,38.081621029000075],[13.325356892000059,38.081466369000054],[13.325755508000043,38.08169316400006],[13.32550802000003,38.081926286000055],[13.325271760000021,38.08174950200004],[13.325048321000054,38.08189915600008],[13.325530871000069,38.08217038600003],[13.326133122000044,38.08250891100005],[13.326805464000074,38.08287054700003],[13.326924509000037,38.08266852300005],[13.327178005000064,38.08268717100003],[13.327222070000062,38.08260854700006],[13.327654895000023,38.08273957600005],[13.327467799000033,38.083038557000066],[13.328102074000071,38.08324040100007],[13.32880027400006,38.08268756000007],[13.32883090200005,38.08265159800004],[13.329179470000042,38.08283731200004],[13.32925300200003,38.08310759200003],[13.32946983000005,38.08318008700007],[13.329506181000056,38.083112164000056],[13.329725049000047,38.08317686000004],[13.330094491000068,38.08333206100008],[13.330036608000057,38.08352820700003],[13.32924028900004,38.083305841000026],[13.328222452000034,38.08381896100008],[13.328191741000069,38.08399438400005],[13.328174187000059,38.08437401000003],[13.328486638000072,38.08473018900003],[13.328748869000037,38.084944955000026],[13.328791310000042,38.08490332400004],[13.328921920000028,38.084775198000045],[13.329222471000037,38.08448037800008],[13.329521595000074,38.08463938500006],[13.329296834000047,38.08491665100007],[13.329488831000049,38.085015422000026],[13.329277551000075,38.085285053000064],[13.329671364000035,38.08549270900005],[13.330902582000022,38.08577751800004],[13.331245929000033,38.08583841800004],[13.33182755200005,38.08594155600008],[13.33215307100005,38.08599929400003],[13.332375537000075,38.08601156700007],[13.332446008000034,38.08601522400005],[13.332625552000025,38.08555200200004],[13.333210491000045,38.085708889000045],[13.333167625000044,38.085808728000075],[13.333252105000042,38.085831977000055],[13.333329933000073,38.08586523100007],[13.337887376000026,38.11428780700004]]]]}},{"type":"Feature","properties":{"service_id":16,"population_total":41889.57,"thiessen_area_km2":2.7007,"population_share":0.06886121735839834,"area_share":0.03129586029336675,"population_covered":27285.42,"area_covered_km2":1.7976,"population_coverage_ratio":0.6513655014900673,"area_coverage_ratio":0.6656166717834056},"geometry":{"type":"Polygon","coordinates":[[[13.332707094000057,38.135855079000066],[13.329333451000025,38.13598719100003],[13.317874192000033,38.11695554900007],[13.337887376000026,38.11428780700004],[13.338744285000075,38.11481085100007],[13.337194956000076,38.12853313900007],[13.332707094000057,38.135855079000066]]]}},{"type":"Feature","properties":{"service_id":11,"population_total":16242.19,"thiessen_area_km2":1.8926,"population_share":0.02670013372100285,"area_share":0.021932004655260098,"population_covered":15840.81,"area_covered_km2":1.7909,"population_coverage_ratio":0.9752875941405977,"area_coverage_ratio":0.9462736070596932},"geometry":{"type":"Polygon","coordinates":[[[13.340057362000039,38.14686243600005],[13.318799604000048,38.148936509000066],[13.31568948100005,38.14642685700005],[13.317841929000053,38.14252429900006],[13.329333451000025,38.13598719100003],[13.332707094000057,38.135855079000066],[13.340057362000039,38.14686243600005]]]}},{"type":"Feature","properties":{"service_id":15,"population_total":10904.63,"thiessen_area_km2":1.8084,"population_share":0.01792585094361706,"area_share":0.02095589352813772,"population_covered":10022.94,"area_covered_km2":1.4646,"population_coverage_ratio":0.9191453365794813,"area_coverage_ratio":0.8098838239823113},"geometry":{"type":"Polygon","coordinates":[[[13.329333451000025,38.13598719100003],[13.317841929000053,38.14252429900006],[13.314822930000048,38.11666346700008],[13.317874192000033,38.11695554900007],[13.329333451000025,38.13598719100003]]]}},{"type":"Feature","properties":{"service_id":17,"population_total":18593.06,"thiessen_area_km2":1.3028,"population_share":0.03056466339031444,"area_share":0.015097295676230698,"population_covered":17656.91,"area_covered_km2":1.2496,"population_coverage_ratio":0.9496505646501959,"area_coverage_ratio":0.9591787714235138},"geometry":{"type":"Polygon","coordinates":[[[13.346327445000043,38.13519549600005],[13.341075872000033,38.147555132000036],[13.340057362000039,38.14686243600005],[13.332707094000057,38.135855079000066],[13.337194956000076,38.12853313900007],[13.346327445000043,38.13519549600005]]]}},{"type":"Feature","properties":{"service_id":12,"population_total":22746.68,"thiessen_area_km2":6.5317,"population_share":0.037392696520311346,"area_share":0.07569023756911997,"population_covered":7678.84,"area_covered_km2":2.7199,"population_coverage_ratio":0.33758072896034613,"area_coverage_ratio":0.4164093103337972},"geometry":{"type":"MultiPolygon","coordinates":[[[[13.29658501800003,38.15042566400007],[13.296249549000038,38.15024200800008],[13.296793077000075,38.15013533900003],[13.29658501800003,38.15042566400007]]],[[[13.333968306000031,38.17460345100005],[13.289252323000028,38.17435222700004],[13.28907687900005,38.174051908000024],[13.288301492000073,38.17421139000004],[13.287785431000032,38.173342526000056],[13.287837854000031,38.17311310100007],[13.288028249000035,38.17301935100005],[13.289127639000071,38.172686396000074],[13.29034271300003,38.17240259700003],[13.290414442000042,38.17238584200004],[13.291580177000071,38.172031547000074],[13.292410762000031,38.171924825000076],[13.292988212000068,38.171777288000044],[13.293977436000034,38.17132387300006],[13.294457721000072,38.17130858200005],[13.295130194000023,38.170716893000076],[13.29566064900007,38.169759301000056],[13.295755777000068,38.168906771000024],[13.296056847000045,38.16729242300005],[13.295516115000055,38.16707665600006],[13.295491871000024,38.166905522000036],[13.295747576000053,38.166834986000026],[13.295922244000053,38.16660733200007],[13.296344581000028,38.16624961600007],[13.296323118000032,38.165959720000046],[13.296810077000032,38.16565491600005],[13.297099935000062,38.16573338100005],[13.297437960000025,38.165522535000036],[13.298112021000065,38.16510205600008],[13.298615205000033,38.16490887100008],[13.29912001100007,38.16504983600004],[13.299694035000073,38.16464233200003],[13.30003834100006,38.16440227000004],[13.300148533000026,38.164114279000046],[13.301241852000032,38.163224220000075],[13.301401230000067,38.16324880600007],[13.301925599000072,38.16295194200006],[13.302471732000072,38.162529179000046],[13.302882375000024,38.16226780400007],[13.303377264000062,38.161213116000056],[13.302660262000074,38.160890893000044],[13.301993742000036,38.16042088900008],[13.302236288000074,38.160105111000064],[13.303157557000077,38.15973230700007],[13.304211997000039,38.159702983000045],[13.30447259500005,38.15982555700003],[13.305214585000044,38.159880814000076],[13.305641915000024,38.16011717500004],[13.306012188000068,38.16008769300004],[13.306273450000049,38.160066880000045],[13.30680062700003,38.15976367500008],[13.306940945000065,38.15968296800003],[13.306994752000037,38.159629159000076],[13.307306938000067,38.159316973000045],[13.306473634000042,38.15914161000006],[13.30553820800003,38.15931374000007],[13.304976285000066,38.15918301500005],[13.304789547000041,38.15913957200007],[13.304440601000067,38.15896784000006],[13.303608158000031,38.15855818600005],[13.30393583800003,38.158221351000066],[13.303533378000054,38.157725466000045],[13.302993660000027,38.15787360300004],[13.301898190000031,38.158050822000064],[13.301200537000057,38.15770659200007],[13.300929334000045,38.15755444500007],[13.300466852000056,38.15729500700007],[13.300372173000028,38.157245413000055],[13.298877373000039,38.156462615000066],[13.29826717800006,38.15681018300006],[13.297455326000033,38.156523682000056],[13.297209750000036,38.15662198000007],[13.29666015600003,38.15633026100005],[13.296913232000065,38.15611097500005],[13.297525861000054,38.15629300100005],[13.298097120000023,38.156292939000025],[13.298368913000047,38.156076548000044],[13.299056583000038,38.15563357900004],[13.299999740000032,38.155936815000075],[13.300278622000064,38.15603698100006],[13.301184689000024,38.156362374000025],[13.301471719000062,38.156005952000044],[13.300597109000023,38.15555586700003],[13.300142362000031,38.15520226800004],[13.300321428000075,38.15479574300008],[13.299634106000042,38.15481658900006],[13.299855575000038,38.15415732300005],[13.30012712000007,38.15324309500005],[13.299939555000037,38.153077676000066],[13.300032861000034,38.152864012000066],[13.300126168000077,38.152650349000055],[13.300503768000056,38.152876639000056],[13.30073821600007,38.15292652800008],[13.301518759000032,38.15228695900004],[13.301266651000049,38.151761847000046],[13.301097362000064,38.151409202000025],[13.300669145000029,38.15146112100007],[13.300298139000063,38.150316762000045],[13.29916391200004,38.150335195000025],[13.297955563000073,38.15037581300004],[13.297296919000075,38.150036458000045],[13.300980426000024,38.149313558000074],[13.301595989000077,38.149591703000056],[13.301894048000065,38.150072539000064],[13.302447830000062,38.15159144900008],[13.302732694000042,38.152641569000025],[13.303179922000027,38.15277162800004],[13.303405510000061,38.15283724000005],[13.303402547000076,38.15296504600008],[13.303087022000057,38.15291048300003],[13.302742564000027,38.152850913000066],[13.302356656000029,38.152915765000046],[13.301914749000048,38.15299002900008],[13.301616297000066,38.15316005500006],[13.301177660000064,38.15366587500006],[13.300859790000061,38.154032408000035],[13.300609515000076,38.15478617700006],[13.300679170000024,38.15492835400005],[13.30085187800006,38.15487935600004],[13.300901838000073,38.15502519000006],[13.300721060000058,38.15516446000004],[13.301821826000037,38.155918264000036],[13.302039831000059,38.15559507800003],[13.301791403000038,38.155353872000035],[13.302374567000072,38.15495391600007],[13.302031060000047,38.154755875000035],[13.302025775000061,38.15457759100008],[13.302288954000062,38.15458883200006],[13.303470900000036,38.154331168000056],[13.30361007600004,38.154414873000064],[13.304107847000068,38.15445174900003],[13.304580657000031,38.15434719700005],[13.304890030000024,38.15398782800003],[13.304757901000073,38.15359979300007],[13.304236220000064,38.15337692700007],[13.304202906000057,38.15319081800004],[13.304402990000028,38.15308233500008],[13.304905849000022,38.153304915000035],[13.305154791000064,38.153523850000056],[13.305307976000051,38.15381565700005],[13.305121027000041,38.154169369000044],[13.30459993200003,38.15473360300007],[13.304262222000034,38.15469159000003],[13.303849958000058,38.15461881500005],[13.303872725000076,38.15477773500004],[13.303890458000069,38.15490155300006],[13.30380800000006,38.15521223200005],[13.30470587800005,38.155440544000044],[13.30449089700005,38.155786431000024],[13.304055104000042,38.15632218700006],[13.304355508000071,38.15675718400007],[13.304449453000075,38.15680101100003],[13.304913960000022,38.15701771300007],[13.305147543000032,38.157087915000034],[13.305179937000048,38.15704931700003],[13.305418455000051,38.15676511200007],[13.307814940000071,38.15769071700004],[13.309306239000023,38.158298812000055],[13.30953050100004,38.15811535700004],[13.309689823000042,38.15798504700007],[13.310181128000067,38.15789558200004],[13.311067065000032,38.15823504700006],[13.311248352000064,38.15812626500008],[13.31173571100004,38.158207540000035],[13.312768583000036,38.15747985300004],[13.312499270000046,38.15691908100007],[13.312234390000071,38.156982096000036],[13.310923136000042,38.15713402400007],[13.310947597000052,38.15688933200005],[13.31171779500005,38.156536569000025],[13.311288278000063,38.155579947000035],[13.311013810000077,38.15565024600005],[13.310851367000055,38.15535089400004],[13.310583458000053,38.15432234600007],[13.310534248000067,38.15423574600004],[13.310077187000047,38.15343143800004],[13.309644244000026,38.153031670000075],[13.308934362000059,38.15304917000003],[13.308693529000038,38.15305510700006],[13.308322161000035,38.152841841000054],[13.308026006000034,38.15262966600005],[13.307565904000057,38.15218494000004],[13.307326700000033,38.151951301000054],[13.307242280000025,38.15153427200005],[13.307406099000048,38.151365842000075],[13.307520135000061,38.151016206000065],[13.307557963000022,38.15090023300007],[13.30716783500003,38.15027831300006],[13.307088946000022,38.15012117900005],[13.306781138000076,38.14950792600007],[13.306395591000069,38.14909397100007],[13.305897736000077,38.148656104000054],[13.30570487700004,38.14866418500003],[13.305138682000063,38.148948017000066],[13.304915688000051,38.14854125000005],[13.31568948100005,38.14642685700005],[13.318799604000048,38.148936509000066],[13.330148603000055,38.168140136000034],[13.330050571000072,38.16825855400003],[13.329372415000023,38.169100359000026],[13.330974307000076,38.16982855100008],[13.331075370000065,38.16970831800006],[13.333968306000031,38.17460345100005]]]]}},{"type":"Feature","properties":{"service_id":13,"population_total":51864.92,"thiessen_area_km2":7.9388,"population_share":0.08525944348917044,"area_share":0.09199564597939341,"population_covered":23437.23,"area_covered_km2":2.3712,"population_coverage_ratio":0.45188985526546843,"area_coverage_ratio":0.2986831632632564},"geometry":{"type":"MultiPolygon","coordinates":[[[[13.296287094000036,38.107539477000046],[13.296235961000036,38.10753367500007],[13.296238048000077,38.10751533500007],[13.296287094000036,38.107539477000046]]],[[[13.293729529000075,38.107866810000075],[13.29344463600006,38.10805044400007],[13.293001849000063,38.108335829000055],[13.292840401000035,38.10839008500005],[13.292620574000068,38.10846394500004],[13.291930422000064,38.108603290000076],[13.29165303800005,38.108640372000025],[13.29165452500007,38.108509225000034],[13.291674855000053,38.108274573000074],[13.291669116000037,38.108042461000025],[13.291628444000025,38.10773650100003],[13.291595097000027,38.107615648000035],[13.291744339000047,38.107617823000055],[13.292094291000069,38.10755215000006],[13.292355228000076,38.107461588000035],[13.292537820000064,38.107314866000024],[13.29240253000006,38.107139937000056],[13.292736231000049,38.10691678000006],[13.292818031000024,38.106823623000025],[13.292988685000068,38.10676320300007],[13.293104068000048,38.10693784500006],[13.293316901000026,38.10677583100005],[13.29346946000004,38.10663653300003],[13.293630884000038,38.10654453800004],[13.293770567000024,38.106530828000075],[13.294061273000068,38.10644385100005],[13.294324671000027,38.10657350500003],[13.294044819000021,38.10672352200004],[13.294080047000023,38.10692057800003],[13.294188231000021,38.106977191000055],[13.294256069000028,38.10705679000006],[13.29445875500005,38.106902486000024],[13.29483818600005,38.10685297300006],[13.29498618200006,38.10691015700007],[13.295030170000075,38.10692077600004],[13.29607982400006,38.107437452000056],[13.295919333000029,38.10745046400007],[13.295354090000046,38.10735577400004],[13.294836996000072,38.10733254500008],[13.294265192000069,38.10752080300006],[13.293729529000075,38.107866810000075]]],[[[13.304915688000051,38.14854125000005],[13.304907211000057,38.14852578600005],[13.305103923000047,38.14844263100008],[13.30518218800006,38.14840018800004],[13.304957271000035,38.14811279400004],[13.30536797800005,38.147912348000034],[13.305009503000065,38.147454295000045],[13.304900890000056,38.14742396400004],[13.305145938000067,38.146996827000066],[13.305497843000069,38.14683112000006],[13.30584474400007,38.14688068900006],[13.306482587000062,38.146276009000076],[13.306546852000054,38.14621510200004],[13.306518151000034,38.145828563000066],[13.306347548000076,38.14547711800003],[13.306177478000052,38.14510339000003],[13.306779689000052,38.144595225000046],[13.306723567000063,38.144528179000076],[13.306627757000058,38.14438777000004],[13.306526683000072,38.14423965800006],[13.307385510000074,38.14370998700008],[13.307563492000043,38.14351697400008],[13.30704434300003,38.142598701000054],[13.306658807000076,38.142593127000055],[13.30646992800007,38.14221914800004],[13.306737676000068,38.14202995000005],[13.306304003000037,38.14125887000006],[13.30580714100006,38.14144393300006],[13.305723018000037,38.14151541100006],[13.305794766000076,38.14169524600004],[13.305514071000061,38.14200609300008],[13.305286678000073,38.14206811100007],[13.305330212000058,38.14216766900006],[13.305040359000031,38.142270361000044],[13.30541075900004,38.143598448000034],[13.304704908000076,38.14384440500004],[13.303657977000057,38.14349106800006],[13.303194211000061,38.14311631700008],[13.303009900000063,38.14240930200003],[13.303317720000052,38.142328236000026],[13.302692825000065,38.14152468900005],[13.303117818000032,38.141240753000034],[13.30343589100005,38.140987574000064],[13.303269057000023,38.14092393000004],[13.303419047000034,38.140354915000046],[13.303068192000069,38.14028192400008],[13.303052905000072,38.14013758200008],[13.30371251300005,38.14014557100006],[13.303865918000042,38.14078931900008],[13.304515265000077,38.14143095900005],[13.305002221000052,38.141160841000044],[13.304677559000027,38.14037848100003],[13.304771864000031,38.14013351400007],[13.305437350000034,38.13956122500008],[13.30565912700007,38.13828516500007],[13.304678326000044,38.13857189700008],[13.30458145800003,38.13832141000006],[13.305774124000038,38.13787354100003],[13.30594295800006,38.13734792500003],[13.306150497000033,38.13732121100003],[13.306928336000055,38.137443820000044],[13.306919523000033,38.13738698000003],[13.306830083000023,38.136811228000056],[13.306533887000057,38.13619808100003],[13.305948780000051,38.13546937800004],[13.305820531000052,38.13532550900004],[13.305499567000027,38.134965400000056],[13.30541630700003,38.134767716000056],[13.305392580000046,38.13471138800003],[13.304837500000076,38.13471823000003],[13.304635081000072,38.13493064600004],[13.304361726000025,38.13495639700005],[13.303694844000063,38.13491707500003],[13.303464035000047,38.13513648900005],[13.302894758000036,38.135351042000025],[13.302524959000039,38.13547934200005],[13.302377792000073,38.13533612900005],[13.302770500000065,38.13502994700008],[13.303227316000061,38.134798938000074],[13.303431007000029,38.13412617300003],[13.30398778700004,38.13404510500004],[13.304011227000046,38.13384496100008],[13.303465112000026,38.133465810000075],[13.302849914000035,38.132980899000074],[13.302726174000043,38.132883363000076],[13.302345513000034,38.13266995400005],[13.299256967000076,38.136229816000025],[13.29933709900007,38.136264856000025],[13.300020954000047,38.13597776100005],[13.300643574000048,38.13589765200004],[13.301147812000067,38.135244096000065],[13.301290747000053,38.13516448000007],[13.30147620400004,38.13527854900008],[13.301671020000072,38.135801137000044],[13.301481762000037,38.135850376000064],[13.301134319000028,38.136231477000024],[13.301820289000034,38.136664643000074],[13.301590861000022,38.13682468300004],[13.302079603000038,38.13683917700007],[13.302557414000034,38.13692034500008],[13.302846055000032,38.13696850100007],[13.303044622000073,38.13700162900005],[13.303421697000033,38.13697283600004],[13.303842404000022,38.136926981000045],[13.304108727000028,38.13691720500003],[13.305398595000042,38.13627527700004],[13.305723193000063,38.136682145000066],[13.304400600000065,38.13745781700004],[13.304320219000033,38.137372319000065],[13.303871439000034,38.137536700000055],[13.303483374000052,38.13761279800008],[13.30341747400007,38.138365872000065],[13.30335364900003,38.13868424100008],[13.303063678000058,38.139021607000075],[13.302723631000049,38.13908352100003],[13.302640961000066,38.13992892400006],[13.302724000000069,38.140198618000056],[13.302534884000067,38.14027746200003],[13.302367885000024,38.14009738100003],[13.302070855000068,38.14024655400004],[13.301935108000066,38.140161197000054],[13.301822113000071,38.14006578500005],[13.301593557000047,38.14018847800003],[13.301421576000052,38.14008871600004],[13.301344826000047,38.14013284200007],[13.300898327000027,38.139918469000065],[13.30011151900004,38.14018182700005],[13.299105145000055,38.14058306900006],[13.298311245000036,38.14115074800003],[13.29694567100006,38.14162844400005],[13.296835745000067,38.14150062500005],[13.296582744000034,38.141459835000035],[13.296576106000032,38.14134092000006],[13.296006763000037,38.14132682500008],[13.295725343000072,38.14156283700004],[13.295363395000038,38.141698183000074],[13.295397758000036,38.141755501000034],[13.295161462000067,38.14183202700008],[13.295093821000023,38.141808344000026],[13.294824757000072,38.14192720600005],[13.294328862000043,38.14166195800004],[13.29457106600006,38.14127374900005],[13.29486320500007,38.14113720200004],[13.294920528000034,38.14113764700005],[13.295369694000044,38.141152344000034],[13.295779425000035,38.14121799000003],[13.295963306000033,38.139967185000046],[13.295984308000072,38.139844098000026],[13.296098874000052,38.13934477300006],[13.295808360000024,38.13928421000003],[13.295798092000041,38.13913590200008],[13.29513177800004,38.13916467400003],[13.294962703000067,38.139123221000034],[13.29492650900005,38.13906710300006],[13.295334783000044,38.13843387000003],[13.295593918000066,38.138029320000044],[13.295696424000027,38.13786937700007],[13.295060264000028,38.137758950000034],[13.295111804000044,38.13750853100004],[13.295606392000025,38.13739933800008],[13.294788570000037,38.13714608200007],[13.293793289000064,38.136837882000066],[13.293475616000023,38.13634318700008],[13.293858149000073,38.135264653000036],[13.294319152000071,38.13535298200003],[13.294652254000027,38.13466506700007],[13.294279892000077,38.13452081300005],[13.294372629000065,38.134173168000075],[13.291505940000036,38.13328500500006],[13.291232812000032,38.13321987300003],[13.290776392000055,38.13311103600006],[13.29017360000006,38.13282584700005],[13.289901967000048,38.132697334000056],[13.289532651000059,38.13240236200005],[13.289380093000034,38.13208826400006],[13.289070879000064,38.13203922200006],[13.288431851000041,38.13161407400003],[13.288516792000053,38.13119950300006],[13.288684250000074,38.13087523100006],[13.289540927000075,38.13098580500008],[13.289574668000057,38.13076924500007],[13.289672179000036,38.12998098800006],[13.289472708000062,38.12995776200006],[13.289205941000034,38.129902522000066],[13.289191006000067,38.12964778400004],[13.288657611000076,38.12919670300005],[13.28804651200005,38.129187787000035],[13.287228941000023,38.12916101900004],[13.286526103000028,38.12905423900003],[13.286129235000033,38.128625242000055],[13.286030922000066,38.128512389000036],[13.285229024000046,38.12861948300008],[13.28474817800003,38.12867186300008],[13.283992240000032,38.12882419300007],[13.28344781900006,38.12877910000003],[13.283320040000035,38.12901485400005],[13.282419960000027,38.12889773000006],[13.28228155100004,38.129586268000025],[13.282910584000035,38.129632592000064],[13.282895100000076,38.129892245000065],[13.280247348000046,38.13010596500004],[13.280097627000032,38.12967310800008],[13.28006037800003,38.129256749000035],[13.280107562000069,38.128849040000034],[13.280528374000028,38.12855076000005],[13.281142235000061,38.12844093500007],[13.281255937000026,38.12840548200006],[13.28107992300005,38.12829151500006],[13.280982254000037,38.12804505100007],[13.28095109000003,38.127769855000054],[13.280598533000045,38.12836616000004],[13.279771229000062,38.12835404500004],[13.279043161000061,38.128120608000074],[13.278624982000053,38.12790657100004],[13.278599758000041,38.12737900600007],[13.278393616000074,38.12734628000004],[13.278321751000021,38.12721664700007],[13.277663818000065,38.12735080900006],[13.277399939000077,38.127451765000046],[13.276736314000061,38.127472167000064],[13.276613436000048,38.12708978500007],[13.27647852900003,38.12679558100007],[13.276460211000028,38.12662220300007],[13.276956749000021,38.12621593600005],[13.277289479000046,38.12613910700003],[13.277381025000068,38.12633339900003],[13.277705663000063,38.12620753700003],[13.277583980000031,38.125782507000054],[13.278168230000063,38.12573166000004],[13.278549313000042,38.12632386000007],[13.27875576100007,38.12625819900006],[13.279527544000075,38.12593947700003],[13.279624151000064,38.126086016000045],[13.278922996000063,38.12646150900008],[13.279313564000063,38.12701818900007],[13.279654791000041,38.12690437800006],[13.280171137000025,38.12694164200008],[13.280529491000038,38.126933430000065],[13.280961537000053,38.12692352400006],[13.281127237000021,38.12691915200003],[13.28086109700007,38.12599388000007],[13.282022097000038,38.125810380000075],[13.282099608000067,38.12599457500005],[13.282203066000022,38.125971185000026],[13.282245810000063,38.126089157000024],[13.282442279000065,38.12607132200003],[13.282414158000051,38.125934921000066],[13.282454893000022,38.12580186100007],[13.282725243000073,38.125501378000024],[13.282930226000076,38.125445900000045],[13.282868291000057,38.12515535400007],[13.283153864000042,38.125102165000044],[13.283095697000022,38.12494246700004],[13.283219132000056,38.12489228600003],[13.283545705000051,38.124772137000036],[13.284480749000068,38.12442807100007],[13.284922428000073,38.124842931000046],[13.28522520000007,38.12472750200004],[13.28574794800005,38.124528258000055],[13.285530653000023,38.12416867200005],[13.286171568000043,38.123939060000055],[13.286350645000027,38.12382939400004],[13.286441892000028,38.123742339000046],[13.286646096000027,38.12385664900006],[13.286604645000068,38.12391529100006],[13.286873052000033,38.12426993400004],[13.286667824000062,38.12460108300007],[13.286698834000049,38.12488369600004],[13.28742287700004,38.12488683000004],[13.28753325200006,38.12499239700003],[13.28841781400007,38.12496816600003],[13.288673821000032,38.12573615300005],[13.288809014000037,38.12617024900004],[13.29048593300007,38.12598166500004],[13.290465873000073,38.125458380000055],[13.290787572000056,38.125373952000075],[13.291270326000074,38.12523989400006],[13.291611816000056,38.12471023900008],[13.291477203000056,38.12443354000004],[13.291055898000025,38.124353152000026],[13.290479282000035,38.12407744500007],[13.290173390000064,38.12393795500003],[13.290041942000073,38.12387802100005],[13.290176655000039,38.12374631600005],[13.290926945000024,38.12349321900007],[13.291949126000077,38.12314837800005],[13.292684627000028,38.123062540000035],[13.292653767000047,38.122772507000036],[13.292052486000046,38.12274891900006],[13.292141080000022,38.12257942800005],[13.293475026000067,38.122234967000054],[13.29407210100004,38.12203573100004],[13.294666063000022,38.12197009700003],[13.295000424000023,38.12223792900005],[13.295225284000026,38.122127083000066],[13.295313203000035,38.12235390700005],[13.295388845000048,38.122549055000036],[13.295428225000023,38.12258059700008],[13.295400210000025,38.122885772000075],[13.297069939000039,38.12308574600007],[13.296216025000035,38.12244554500006],[13.296001110000077,38.12117269400005],[13.295948771000042,38.12032523400006],[13.295938586000034,38.120221334000064],[13.295931517000042,38.119716297000025],[13.295104661000039,38.11968944200004],[13.295093816000076,38.119654627000045],[13.294877169000074,38.118958460000044],[13.294431315000054,38.11872179000005],[13.293877746000021,38.118669202000035],[13.29369603200007,38.11880021600007],[13.29341490400003,38.11875900900003],[13.293432411000026,38.11841026400003],[13.293032699000037,38.11821141000007],[13.292381176000049,38.11832817100003],[13.29118528400005,38.11839988400004],[13.29113493400007,38.118139247000045],[13.290532831000064,38.118152775000055],[13.290339567000046,38.11797175700008],[13.28940446200005,38.11815118700008],[13.289224485000034,38.11820798000008],[13.289250486000071,38.11870585100007],[13.287460293000038,38.118857975000026],[13.287417056000038,38.11885885500004],[13.287415671000076,38.118395572000054],[13.287204306000035,38.118471843000066],[13.286989231000064,38.11859156000003],[13.286817176000056,38.11868602000004],[13.286645461000035,38.11876556300007],[13.28653147500006,38.11879745400006],[13.28640886200003,38.11879566400006],[13.286292330000038,38.118734294000035],[13.28625085300007,38.11869266600007],[13.286219137000046,38.11863627400004],[13.286201409000057,38.118587526000056],[13.286097374000065,38.11859719500006],[13.286105600000042,38.11864953700007],[13.285329992000072,38.118727705000026],[13.285327218000077,38.11884700200005],[13.285231607000071,38.11886257700007],[13.285087283000053,38.11849396000008],[13.285070205000068,38.118450333000055],[13.284579359000077,38.11773968800003],[13.284397351000052,38.11785636500008],[13.284115241000052,38.11794781400005],[13.283968664000042,38.11778230700003],[13.284356452000054,38.11758726200003],[13.284739222000042,38.116999048000025],[13.285129651000034,38.116789406000066],[13.28626177800004,38.116226760000075],[13.286109105000037,38.115920094000046],[13.286697426000046,38.11569105800004],[13.287333493000062,38.115833999000074],[13.287709520000021,38.11624044100006],[13.288049973000057,38.11615631300003],[13.288564889000043,38.116252915000075],[13.28937200200005,38.11591568700004],[13.289229054000032,38.115594300000055],[13.289612327000043,38.115288012000065],[13.290093329000058,38.11441882200006],[13.290058905000024,38.11406530000005],[13.289981302000058,38.11357813400008],[13.28975440000005,38.11282485300006],[13.289747668000075,38.11190400400005],[13.289687333000074,38.11086357600004],[13.290236458000038,38.110700794000024],[13.291110052000022,38.110735770000076],[13.29116379100003,38.11044697600005],[13.292242552000062,38.11015079100008],[13.293519281000044,38.10942680900007],[13.294222416000025,38.10950317900006],[13.294427713000061,38.10971210100007],[13.294799847000036,38.11029483500005],[13.295592743000043,38.10974673700008],[13.29611039100007,38.11047374900005],[13.29717260700005,38.10919765400007],[13.297432652000055,38.10868263900005],[13.296991700000035,38.10871980500008],[13.295848319000072,38.10889189300008],[13.295809228000053,38.108516198000075],[13.29655781200006,38.10839449200006],[13.296803117000024,38.108120617000054],[13.296995219000053,38.10819888100008],[13.297004308000055,38.10825691300005],[13.297599285000047,38.10835261700004],[13.297666915000036,38.10821867300007],[13.314822930000048,38.11666346700008],[13.317841929000053,38.14252429900006],[13.31568948100005,38.14642685700005],[13.304915688000051,38.14854125000005]]],[[[13.296793077000075,38.15013533900003],[13.296249549000038,38.15024200800008],[13.296148850000066,38.150186880000035],[13.29656114200003,38.14955364600007],[13.295863519000022,38.14915998300006],[13.295683533000044,38.14866923300008],[13.296117421000076,38.14837335000004],[13.297369500000059,38.148984247000044],[13.298535702000038,38.14948928500007],[13.300056384000072,38.14931373300004],[13.30069256400003,38.14918348700007],[13.300980426000024,38.149313558000074],[13.297296919000075,38.150036458000045],[13.296980700000063,38.14987353200007],[13.296793077000075,38.15013533900003]]]]}},{"type":"Feature","properties":{"service_id":19,"population_total":19013.14,"thiessen_area_km2":1.5802,"population_share":0.031255225598814336,"area_share":0.018311445058516077,"population_covered":17673.64,"area_covered_km2":1.1299,"population_coverage_ratio":0.929548648603034,"area_coverage_ratio":0.7150084014481732},"geometry":{"type":"MultiPolygon","coordinates":[[[[13.347057298000038,38.148930852000035],[13.347027422000053,38.14900468900004],[13.347527546000038,38.14935329300005],[13.348667309000064,38.15010950800007],[13.348750986000027,38.150165024000046],[13.349538670000072,38.15069588700004],[13.34973300200005,38.15125551500006],[13.349055443000054,38.15209991300003],[13.349385985000026,38.15246098000006],[13.348318449000033,38.15349295100003],[13.34628445800007,38.15542666300007],[13.341075872000033,38.147555132000036],[13.346327445000043,38.13519549600005],[13.350017808000075,38.133592615000055],[13.355571961000066,38.14834549100004],[13.355579832000046,38.14853073200004],[13.354544530000055,38.14855336800008],[13.354348112000025,38.14892187400005],[13.354157024000074,38.14905286700008],[13.35369810700007,38.14938056500006],[13.352986491000024,38.150068582000074],[13.352562673000023,38.150508150000064],[13.352473760000066,38.150616608000064],[13.352021000000036,38.15116884200006],[13.351259170000048,38.15074232100005],[13.35133709300004,38.150624608000044],[13.351693742000066,38.150243499000055],[13.351365373000021,38.149785945000076],[13.35136200200003,38.14951857900007],[13.351577234000047,38.14915033900007],[13.351353204000077,38.14907294000005],[13.352239395000026,38.14773394200006],[13.352005974000065,38.14765641400004],[13.35153680600007,38.148021096000036],[13.351370726000027,38.14787769000003],[13.351812315000075,38.14748291400008],[13.352153052000062,38.14739117200003],[13.352423712000075,38.14706824000007],[13.351630709000062,38.14677494400007],[13.351483961000042,38.14702536100003],[13.351152834000061,38.14710980900003],[13.350771481000038,38.14733464300008],[13.350658808000048,38.14732563600006],[13.350445010000044,38.14721124300007],[13.350158384000054,38.14740771400005],[13.350018489000036,38.14735377000005],[13.349353619000055,38.14680236000004],[13.349028194000027,38.14705025400008],[13.350117632000035,38.147964038000055],[13.34972569200005,38.148240705000035],[13.348624845000074,38.14741586000008],[13.347893536000072,38.148062743000025],[13.347674587000029,38.14825640300006],[13.34754898500006,38.14840314500003],[13.347695602000044,38.14857599700008],[13.347628090000057,38.14864929400005],[13.347356038000044,38.14861577900007],[13.347057298000038,38.148930852000035]]],[[[13.36411505500007,38.171037557000034],[13.36424336400006,38.17137837000007],[13.36394948900005,38.17138424700005],[13.363891440000032,38.17103444000003],[13.36411505500007,38.171037557000034]]],[[[13.36451173200004,38.17209120600006],[13.363913750000052,38.172141141000054],[13.363842153000064,38.171976769000025],[13.363550363000058,38.17198012600005],[13.363528277000057,38.17170508400005],[13.363989074000074,38.171679622000056],[13.36434928400007,38.171659713000054],[13.36451173200004,38.17209120600006]]],[[[13.365490285000021,38.174690428000076],[13.365362857000036,38.174671104000026],[13.365343907000067,38.17430161900006],[13.365490285000021,38.174690428000076]]],[[[13.366179412000065,38.176520878000076],[13.366001104000077,38.17651302500008],[13.365445192000038,38.17646176100004],[13.36546897900007,38.17623933100003],[13.36597649600003,38.17626867800004],[13.365988500000071,38.17601378100005],[13.366179412000065,38.176520878000076]]],[[[13.366511443000036,38.17753449500003],[13.366562276000025,38.17768043900003],[13.366585818000033,38.17777167600008],[13.36670984500006,38.17794510400006],[13.36675761600003,38.178097285000035],[13.366709298000046,38.17823088800003],[13.365407724000022,38.177778052000065],[13.36540642400007,38.17777551100005],[13.365388997000025,38.177511364000054],[13.36545297500004,38.17739652100005],[13.366511443000036,38.17753449500003]]]]}},{"type":"Feature","properties":{"service_id":9,"population_total":44208.93,"thiessen_area_km2":11.1894,"population_share":0.07267394525370553,"area_share":0.1296633750371625,"population_covered":12148.63,"area_covered_km2":2.9279,"population_coverage_ratio":0.2748004264123749,"area_coverage_ratio":0.2616671869420378},"geometry":{"type":"Polygon","coordinates":[[[13.286447964000047,38.21008899100008],[13.285937173000036,38.20972616200004],[13.285439311000061,38.20947801900007],[13.28517032600007,38.209233235000056],[13.284684060000075,38.20914182100006],[13.283983878000072,38.20905933100005],[13.283830179000063,38.209105254000065],[13.283691713000053,38.20915141200004],[13.283567952000055,38.20922186100006],[13.283443342000055,38.20932841900003],[13.283221269000023,38.20936129100005],[13.282962180000027,38.20944616600008],[13.282630364000056,38.20984007900006],[13.282515691000071,38.210075336000045],[13.28251215000006,38.21022605300004],[13.282729845000063,38.21025076300003],[13.28286623300005,38.21025276900008],[13.282945003000066,38.21038315900006],[13.282671250000021,38.21042221600004],[13.28237021700005,38.21046088600008],[13.28225554200003,38.210696143000064],[13.282116148000057,38.21082332700007],[13.282004012000073,38.21095091800004],[13.281863079000061,38.21114270000004],[13.28166860600004,38.21129061800008],[13.28134079800003,38.21130735600008],[13.281262519000052,38.21115544000003],[13.281074131000025,38.21104499100005],[13.280801379000025,38.21104099300004],[13.280916550000029,38.21078423000006],[13.281055969000022,38.21065702800007],[13.28133226500006,38.21051030700005],[13.28169189600004,38.21030018700003],[13.281584309000039,38.21023400800004],[13.281257531000051,38.21020767300007],[13.281314613000063,38.21010081800006],[13.281698984000059,38.20999875200005],[13.281865659000061,38.20987197100004],[13.28205861300006,38.20978863100004],[13.282281364000028,38.20959804600005],[13.282428613000036,38.209172643000045],[13.282273155000041,38.20914359300008],[13.282262655000068,38.20902883900004],[13.281892795000033,38.20904425500004],[13.281990539000049,38.20881649800003],[13.282040155000061,38.20839010700007],[13.282017680000024,38.20822309300007],[13.281930728000077,38.20799264000004],[13.281968368000037,38.207513970000036],[13.282174074000068,38.20718362100007],[13.282195337000076,38.20684014600005],[13.282179504000055,38.20639196500008],[13.282121113000073,38.20616860300004],[13.282043457000043,38.206004509000024],[13.281825795000032,38.20572004700006],[13.281541237000056,38.20547628400004],[13.281426927000041,38.20528709800004],[13.280778137000027,38.20481921000004],[13.280489154000065,38.20476290200003],[13.280278352000039,38.204749390000075],[13.279834763000053,38.20453452600003],[13.27983868900003,38.204367912000066],[13.279538359000071,38.20423329000005],[13.279199323000057,38.204061642000056],[13.278774827000063,38.20373531000007],[13.278499023000052,38.20354089400007],[13.278331969000021,38.20335093700004],[13.27800514200004,38.203221134000046],[13.277731327000026,38.20308168400004],[13.277148184000055,38.20263037800004],[13.27669510000004,38.20225909900006],[13.27647085500007,38.202255809000064],[13.276379994000024,38.202191965000054],[13.276422748000073,38.20205717300007],[13.276583747000075,38.20194494100008],[13.27655603200003,38.201847343000054],[13.276461908000044,38.20151602900006],[13.276144300000055,38.200995688000035],[13.273943235000047,38.20089042300003],[13.273934719000067,38.20069235200003],[13.274106205000066,38.200694878000036],[13.274130857000046,38.200768166000046],[13.275937673000044,38.200805142000036],[13.275966285000038,38.200711796000064],[13.275744243000076,38.200614776000066],[13.275855424000042,38.20037681200006],[13.275925308000069,38.20021114900004],[13.276136607000069,38.20020384500003],[13.27624482400006,38.20009082800004],[13.275974957000074,38.19978475900007],[13.275668129000053,38.19992610600008],[13.275541391000047,38.19970547400004],[13.275741693000043,38.19960424100003],[13.275693612000055,38.19940558500008],[13.275573173000055,38.199476752000066],[13.275456922000046,38.19937085500004],[13.275511899000037,38.19927791300006],[13.27540441800005,38.19920238900005],[13.275148475000037,38.19902255000005],[13.274944198000071,38.198733066000045],[13.274762974000055,38.19858455100007],[13.27454096200006,38.198487528000044],[13.274333120000051,38.19834903800006],[13.274006322000048,38.19821922300008],[13.273690008000074,38.198204160000046],[13.273606950000044,38.19836962100004],[13.273462090000066,38.19835706600003],[13.273392202000025,38.19852272800006],[13.273168733000034,38.19848817700006],[13.27268798800003,38.19873112800008],[13.272479661000034,38.19861347900007],[13.27227835900004,38.19875635500006],[13.271907804000023,38.198802992000026],[13.271379857000056,38.19936818700006],[13.270945704000042,38.19987224600004],[13.270812574000047,38.19992238000003],[13.270889003000036,38.20003808900003],[13.27075710400004,38.20003616500003],[13.27065256800006,38.19999293800004],[13.27014123500004,38.20041254000006],[13.270083789000068,38.20060962100007],[13.26995323400007,38.200550391000036],[13.269727276000026,38.20061999200004],[13.26956406100004,38.20082594300004],[13.269557906000045,38.20108628700007],[13.26964309400006,38.20138965600006],[13.269745656000055,38.201516181000045],[13.269935303000068,38.201493482000046],[13.27001673600006,38.20165158100008],[13.269874682000022,38.20165509700007],[13.269833824000045,38.201581641000075],[13.269798869000056,38.20155871500003],[13.269756150000035,38.201563683000074],[13.26973195100004,38.20168662000003],[13.269750052000063,38.20182138700005],[13.269898543000068,38.20184598700007],[13.269940588000054,38.201869024000075],[13.270032859000025,38.20187038500006],[13.270052605000046,38.20192699300003],[13.270032026000024,38.20223921500008],[13.270001688000036,38.20240544500007],[13.269891087000076,38.20267047900006],[13.269453847000023,38.20238877400004],[13.268510670000069,38.20166944700003],[13.268447417000061,38.20155714900005],[13.268127637000077,38.201545003000035],[13.26780407700005,38.20129519100004],[13.267559301000063,38.20089802800004],[13.267561955000076,38.20078670500004],[13.267767676000062,38.20044817000007],[13.268003976000045,38.200407100000064],[13.268057888000044,38.20011830800007],[13.268387958000062,38.200093485000025],[13.268642133000071,38.19969626100004],[13.268675694000024,38.199382111000034],[13.268767400000058,38.199340680000034],[13.269480631000022,38.19902198500006],[13.269634059000055,38.19888174300007],[13.270029780000073,38.19852012400003],[13.270883316000038,38.19767391200003],[13.271590758000059,38.196720447000075],[13.272280323000075,38.19604683800003],[13.272322547000044,38.195981146000065],[13.27261244400006,38.19553035600006],[13.272942859000068,38.19459512900005],[13.273217208000062,38.19410327300005],[13.273317639000027,38.19369882700005],[13.273104236000052,38.19356249400005],[13.273349861000042,38.19326833200006],[13.274334698000075,38.19343148100006],[13.274715056000048,38.19366726800007],[13.275567643000045,38.19383572800007],[13.275841972000023,38.193379392000054],[13.275697193000042,38.19313222900007],[13.275264241000059,38.192732318000026],[13.275313900000071,38.19262167800008],[13.276020015000029,38.19221623400006],[13.27607056100004,38.19206846700007],[13.275496812000029,38.19165165100003],[13.275681889000055,38.19138704900007],[13.27515343600004,38.19104514700007],[13.274445687000025,38.19072289500008],[13.274215524000056,38.190504170000054],[13.274191918000042,38.18990979400007],[13.274315408000064,38.18975262200007],[13.273749413000075,38.18954633300007],[13.273627373000068,38.18971537400006],[13.273229900000047,38.18959612400005],[13.273417557000073,38.189484562000075],[13.273788371000023,38.18926391900004],[13.273910364000074,38.18902658300004],[13.274649065000062,38.189326367000035],[13.274803253000073,38.18913171000003],[13.27455937700006,38.18869745200004],[13.274580341000046,38.18820769600006],[13.274962470000048,38.18806391600003],[13.274972331000072,38.18789948800003],[13.275302672000066,38.187944540000046],[13.275439641000048,38.18751414800005],[13.275708829000052,38.187540080000076],[13.27567487400006,38.18775965300006],[13.276042528000062,38.18786044600006],[13.275998618000074,38.18811043900007],[13.276547675000074,38.18819946900004],[13.27660863400007,38.18840828000003],[13.276541682000072,38.18885280600006],[13.277392101000032,38.18951130200003],[13.277376583000034,38.18977095400004],[13.277841289000037,38.19026240800008],[13.278274084000032,38.18955591400004],[13.278514733000065,38.18966805200006],[13.278255999000066,38.19019142500008],[13.27867608200006,38.190387705000035],[13.278536527000028,38.19053551500008],[13.279443901000036,38.19111554500006],[13.279506849000029,38.19044076200004],[13.279712835000055,38.190087368000036],[13.280213584000023,38.19040657800008],[13.280488603000038,38.19002581500007],[13.280067841000061,38.18951729100007],[13.279932528000074,38.18958703100003],[13.279725460000066,38.18941223000007],[13.279992265000033,38.18921535700008],[13.280322488000024,38.18949412100005],[13.280639548000067,38.18916454300006],[13.280670709000049,38.18857921700004],[13.280098174000045,38.18811047400004],[13.280551033000052,38.18766415500005],[13.281518773000073,38.18733677600005],[13.28264210900005,38.18599438500007],[13.282306176000077,38.18587066200007],[13.282081076000054,38.18543669200005],[13.282338065000033,38.18531423200005],[13.283282067000073,38.18519438800007],[13.286101506000023,38.18496826300003],[13.28671984600004,38.18468770700008],[13.288231192000069,38.18284601300007],[13.288258056000075,38.182769035000035],[13.28846322000004,38.18218110400005],[13.28877761900003,38.181212981000044],[13.289228752000042,38.18003149400005],[13.288837572000034,38.17905307600006],[13.28841729000004,38.17832065700003],[13.288231740000072,38.177997290000064],[13.287997035000046,38.17757062000004],[13.288614202000076,38.17653265300004],[13.28922748900004,38.175257008000074],[13.289475010000046,38.17473341500005],[13.289252323000028,38.17435222700004],[13.333968306000031,38.17460345100005],[13.335342173000072,38.175146546000065],[13.31897361800003,38.19805479200005],[13.305338954000035,38.20309949500006],[13.305333823000069,38.20306825200004],[13.305203685000038,38.20259114900006],[13.305122415000028,38.202441462000024],[13.304647631000023,38.20221184700006],[13.304192532000059,38.20194539200003],[13.303878068000074,38.20170324500003],[13.303605677000064,38.20167702200007],[13.303121304000058,38.20145468900006],[13.302771630000052,38.201108067000064],[13.302192467000054,38.200914056000045],[13.301624290000063,38.20065338200004],[13.301545579000049,38.200629452000044],[13.301164903000029,38.200513700000045],[13.30072691600003,38.200380514000074],[13.300025774000062,38.200169868000046],[13.299642193000068,38.20006779300007],[13.29901254300006,38.20002153900003],[13.298994926000034,38.199969303000046],[13.298690227000066,38.20052177900004],[13.297913292000032,38.20033230700005],[13.297199244000069,38.199869009000054],[13.29690011200006,38.19937461100005],[13.297530437000034,38.19939117300004],[13.297666164000077,38.19922236300005],[13.297617627000022,38.19896655500003],[13.297595521000062,38.19875230900004],[13.29759361300006,38.19844567100006],[13.297639042000071,38.198047004000045],[13.297685271000034,38.197612709000055],[13.297681061000048,38.19740585100004],[13.297721975000059,38.19719966300005],[13.297760587000027,38.19709325500003],[13.297795027000063,38.19692238700003],[13.297722426000064,38.196401570000035],[13.29772200800005,38.196015431000035],[13.297392829000046,38.19600324800007],[13.297431270000061,38.195565696000074],[13.297159517000068,38.19510882700007],[13.297138372000063,38.19480407400005],[13.297290854000039,38.19391524300005],[13.297545261000039,38.19390408700008],[13.297599928000068,38.19357816400003],[13.29765277000007,38.19292550900008],[13.297811018000061,38.19219270000008],[13.297581149000052,38.19195918200006],[13.297547654000027,38.19178049300007],[13.297047416000055,38.19103069700003],[13.29667155900006,38.19100297600005],[13.296430265000026,38.19125935900007],[13.295960388000026,38.19163121500003],[13.295481960000075,38.19196584600007],[13.294837950000044,38.192134690000046],[13.294575707000035,38.19207891100007],[13.294300860000021,38.19175561900005],[13.293701303000034,38.19203650500003],[13.293042340000056,38.19244274300007],[13.291922138000075,38.19284967600004],[13.29041697100007,38.19321388000003],[13.289277440000035,38.19203151800008],[13.28812638900007,38.192549349000046],[13.288588201000039,38.19332831500003],[13.28937757400007,38.19439356500004],[13.28940691300005,38.19440706800003],[13.289506502000052,38.194696659000044],[13.288551003000066,38.195122610000055],[13.288702565000051,38.19541844500003],[13.28829032300007,38.19560458500007],[13.287993890000052,38.195126705000064],[13.288237522000031,38.19488157300003],[13.288297525000075,38.19472553600008],[13.287876630000028,38.19477330500007],[13.287151203000064,38.19479984600008],[13.286646030000043,38.19466624300003],[13.286301356000024,38.194512693000036],[13.285622450000062,38.194161217000044],[13.285428829000068,38.193987606000064],[13.285219398000038,38.19408850600007],[13.285107512000025,38.19404231500005],[13.284369373000061,38.19461071400008],[13.28381072700006,38.194751051000026],[13.283056370000054,38.19480684400003],[13.282065006000039,38.19493341800006],[13.281293626000036,38.19488789300004],[13.281228422000027,38.19488404100008],[13.282062560000043,38.19543830400005],[13.282031648000043,38.19554536800007],[13.283364902000073,38.19667504000006],[13.283958649000056,38.196468449000065],[13.284150165000028,38.196731138000075],[13.284471692000068,38.19747094300004],[13.284870591000072,38.19772180700005],[13.28523739700006,38.19773458800006],[13.285422655000048,38.19786351600004],[13.285595193000063,38.19893528700004],[13.285849107000047,38.19894642000003],[13.285833766000053,38.199198651000074],[13.285974058000022,38.19963879300008],[13.287042498000062,38.19943905100007],[13.287843943000041,38.19938392300003],[13.287818611000034,38.19976115500003],[13.287786140000037,38.20024441500004],[13.28731577600007,38.20023012000007],[13.287320995000073,38.200007441000025],[13.286576167000021,38.200055974000065],[13.28663104800006,38.20025926500006],[13.28677538200003,38.20079399200006],[13.28674439200006,38.20131331400006],[13.286095751000062,38.201274141000056],[13.286038584000039,38.20140151500004],[13.28631529200004,38.20149385800005],[13.286219478000021,38.20170014900003],[13.285940732000029,38.20161953000007],[13.28592689900006,38.20165035200006],[13.285412614000052,38.20230370200005],[13.285353891000057,38.20280033500006],[13.285216411000022,38.20304336300006],[13.284642675000043,38.20302013000003],[13.28438701400006,38.203885143000036],[13.283975737000048,38.204562260000046],[13.283955339000045,38.20543071700007],[13.284282821000033,38.205517187000055],[13.284623888000056,38.20582660900004],[13.284941254000046,38.20674456100005],[13.285119388000055,38.20677685700008],[13.285751856000047,38.20710538900005],[13.285775732000047,38.20729136800003],[13.28538691600005,38.20781287400007],[13.284800791000066,38.20791569000005],[13.284740494000062,38.20847913400007],[13.284968468000045,38.208794331000036],[13.285726288000035,38.208998456000074],[13.286991473000057,38.20964808300005],[13.287359465000065,38.20975174400007],[13.286447964000047,38.21008899100008]]]}},{"type":"Feature","properties":{"service_id":1,"population_total":318.44,"thiessen_area_km2":0.3442,"population_share":0.0005234762874334972,"area_share":0.003988642247644445,"population_covered":318.44,"area_covered_km2":0.3442,"population_coverage_ratio":1.0,"area_coverage_ratio":1.0000000388271748},"geometry":{"type":"MultiPolygon","coordinates":[[[[13.420403217000057,38.08713665600004],[13.420437801000048,38.08711526900004],[13.420253668000043,38.08696632600004],[13.420079825000073,38.086758899000074],[13.41987109300004,38.086666370000046],[13.419906258000026,38.08653866100008],[13.419731331000037,38.086382496000056],[13.42028255200006,38.08637708700007],[13.419875298000022,38.08571790900004],[13.419607277000068,38.085368224000035],[13.419667539000045,38.08534164300005],[13.42015251600003,38.08508083600003],[13.419318150000038,38.08388896300005],[13.421125620000055,38.083100166000065],[13.42230494000006,38.084641959000066],[13.423657314000025,38.08403636000003],[13.423356812000065,38.08358679500003],[13.423670941000069,38.08340165900006],[13.423956647000068,38.08388444700006],[13.425152512000068,38.083343556000045],[13.424716313000033,38.08264714000006],[13.425486703000047,38.082280928000046],[13.425234962000047,38.08172932000008],[13.426005461000045,38.08155205000003],[13.425989365000078,38.081762221000076],[13.425856274000068,38.082740380000075],[13.42603543000007,38.082932140000025],[13.426329743000053,38.08301405100008],[13.426722945000051,38.083086141000024],[13.427786694000076,38.08278851600005],[13.42775141900006,38.08265455800006],[13.427172478000045,38.08211931000005],[13.426877285000046,38.08178284000007],[13.426808209000058,38.081739553000034],[13.426854537000054,38.08155081100006],[13.427083867000022,38.081375672000036],[13.427830379000056,38.08140793600006],[13.427837044000057,38.08109615200004],[13.428221158000042,38.080934221000064],[13.428128701000048,38.080643389000045],[13.42884867400005,38.08059731700007],[13.429012091000061,38.080866822000075],[13.429186961000028,38.08125901200003],[13.42905844300003,38.08133526600005],[13.429147563000072,38.081781989000035],[13.429786559000036,38.081567765000045],[13.429483876000063,38.08121841700006],[13.429506085000071,38.080840013000056],[13.429374197000072,38.080414992000044],[13.429098762000024,38.080110578000074],[13.42919382100007,38.080076363000046],[13.428898961000073,38.07940514300003],[13.429281694000053,38.079300095000065],[13.429426026000044,38.07959518200005],[13.429724753000073,38.07920221200004],[13.430046763000064,38.078926257000035],[13.430434189000039,38.079492522000066],[13.430493457000068,38.07958935000005],[13.430557411000052,38.07969345200007],[13.430896288000042,38.080245097000045],[13.431002333000038,38.080691401000024],[13.431587226000033,38.08099813600006],[13.431667165000022,38.081040047000045],[13.432609496000055,38.08124311300003],[13.43364765900003,38.08173522900006],[13.43382198200004,38.08203915300004],[13.420403217000057,38.08713665600004]]],[[[13.418870291000076,38.08771898200007],[13.41862476700004,38.08781225100006],[13.418531139000038,38.08769326200007],[13.418742616000031,38.08758931800003],[13.418870291000076,38.08771898200007]]]]}},{"type":"Feature","properties":{"service_id":8,"population_total":4711.79,"thiessen_area_km2":3.1851,"population_share":0.0077455973890664005,"area_share":0.03690928279488701,"population_covered":3042.24,"area_covered_km2":1.5431,"population_coverage_ratio":0.6456653038496515,"area_coverage_ratio":0.48446647296501183},"geometry":{"type":"Polygon","coordinates":[[[13.366709298000046,38.17823088800003],[13.366703096000037,38.17824803800005],[13.366598095000029,38.178367784000045],[13.366605470000025,38.17861030200004],[13.366654145000041,38.17872207200003],[13.366677449000065,38.17882340800003],[13.366637074000039,38.178913744000056],[13.366557872000044,38.179023750000056],[13.366551552000033,38.179306489000055],[13.366484452000066,38.17944695800003],[13.366367131000061,38.17954632000004],[13.366336816000057,38.17975801800003],[13.366217451000068,38.17994826200004],[13.366175723000026,38.180099202000065],[13.366146309000044,38.180270490000055],[13.366168260000052,38.18043241200007],[13.366078091000077,38.18046144700003],[13.366024448000076,38.18057181000006],[13.365958036000052,38.180682002000026],[13.366008065000074,38.180733187000044],[13.365965410000058,38.180924520000076],[13.365933976000065,38.181186688000025],[13.365902305000077,38.18145895400005],[13.365979252000045,38.181449927000074],[13.366002581000032,38.18155126200003],[13.365909915000032,38.181691373000035],[13.365796381000052,38.18209604400005],[13.36571757300004,38.18228462900004],[13.365638365000052,38.18239463400005],[13.365687493000053,38.18248622700003],[13.365661241000055,38.18251616500004],[13.365571500000044,38.18252502200005],[13.365428135000059,38.18264422300007],[13.365230911000026,38.18288388600007],[13.365019322000023,38.18319406200004],[13.364796530000035,38.18343336500004],[13.364559352000072,38.183743185000026],[13.364427184000021,38.183933257000035],[13.364386805000038,38.18402359300006],[13.364271261000056,38.18404219100006],[13.364190929000074,38.18420266600003],[13.364072005000025,38.184372730000064],[13.363863786000024,38.18453143800008],[13.363656709000054,38.18463965500007],[13.363590052000063,38.18475992700007],[13.363496475000034,38.18494042900005],[13.363261332000036,38.18515936500006],[13.363079363000054,38.185288134000075],[13.362885507000044,38.185376344000076],[13.362753783000073,38.18554620200007],[13.362790569000026,38.18561743200007],[13.362751092000053,38.18566737500004],[13.36266382100007,38.18556515600005],[13.362561757000037,38.18555362700005],[13.36248501800003,38.18555255500007],[13.362379333000035,38.18570259200004],[13.362251229000037,38.18571090200004],[13.362183449000042,38.18588166200004],[13.362180519000049,38.186012934000075],[13.362244442000076,38.18601381900004],[13.362253401000032,38.18618567000004],[13.362201558000038,38.18621524800005],[13.362100612000063,38.18615323200004],[13.362021635000076,38.18625313600006],[13.36195430500004,38.186403701000074],[13.361886738000067,38.18656436400005],[13.361578015000077,38.186640854000075],[13.36144788300004,38.18674004300004],[13.36143215800007,38.186871127000074],[13.361304266000047,38.186869357000035],[13.361214303000054,38.18688829100006],[13.361289685000031,38.18694995200008],[13.36126252400004,38.187020278000034],[13.361179468000046,38.18730192600003],[13.361035849000075,38.18743124000008],[13.360947243000055,38.18738958700004],[13.360843579000061,38.18744874300006],[13.360775341000021,38.187639698000055],[13.36077257200003,38.18787582400006],[13.360517389000051,38.188278696000054],[13.360309703000041,38.188558525000076],[13.360236667000038,38.18882255300008],[13.360122825000076,38.18890933000006],[13.360074119000046,38.18908535600008],[13.35979575400006,38.18952323100007],[13.359608082000022,38.18990935200003],[13.35942434900005,38.19011884200006],[13.359507490000055,38.19040273500008],[13.359368919000076,38.19059516300007],[13.35922914200006,38.19084060900008],[13.359269901000062,38.19101788100005],[13.359090151000032,38.19105070400008],[13.359039447000043,38.19131506300005],[13.358850957000072,38.19173651500006],[13.358555780000074,38.19192676100005],[13.358130721000066,38.19192082400008],[13.357950551000044,38.19197131300007],[13.357770021000022,38.19204592300008],[13.357367214000021,38.19199579000008],[13.357346757000073,38.192069667000055],[13.357225176000043,38.19204572700005],[13.357116814000051,38.191851342000064],[13.356929339000033,38.191833892000034],[13.356724756000062,38.191742023000074],[13.35655554300007,38.19174706000007],[13.356396562000043,38.19171517700005],[13.356315376000055,38.19156569100005],[13.356036157000062,38.19145051500004],[13.355943919000026,38.19137505400005],[13.355899640000075,38.19125575600003],[13.355684144000065,38.19123047200003],[13.355640031000064,38.19110375300005],[13.355555024000068,38.19112482300005],[13.35552584900006,38.19116892100004],[13.35506669800003,38.19111797900007],[13.354964231000054,38.19107945500008],[13.354870176000077,38.19108555100007],[13.354866659000038,38.19124126600008],[13.354808822000052,38.19130721700003],[13.354688400000043,38.19123136300004],[13.354613458000074,38.191222897000046],[13.354527436000069,38.19128843800007],[13.354117239000061,38.19114918400004],[13.353748671000062,38.19124785400004],[13.353401060000067,38.19125040200004],[13.35338409700006,38.191168564000066],[13.353291530000035,38.19110792500004],[13.353195795000033,38.191188176000026],[13.353063655000028,38.19121599300007],[13.353033981000067,38.19128233500004],[13.352902666000034,38.191273066000065],[13.35278493900006,38.191078564000065],[13.352692041000068,38.191032766000035],[13.352370087000054,38.19114691000004],[13.352229393000073,38.191137526000034],[13.352050639000026,38.19114984600003],[13.351918497000042,38.19117766200003],[13.351788697000075,38.19110167500003],[13.351558110000042,38.19091298600006],[13.351286293000044,38.190886927000065],[13.351083063000033,38.19092308100005],[13.350886696000032,38.19097947300003],[13.350777711000035,38.19106251900007],[13.350755461000062,38.19118521300004],[13.35078223100004,38.19129322900005],[13.350809198000036,38.19139354600003],[13.350193689000037,38.19148484700003],[13.350050451000072,38.19135981200003],[13.349962310000024,38.19138163900004],[13.350066454000057,38.191513806000046],[13.349813190000077,38.19151793200007],[13.34981109000006,38.191610162000075],[13.35025819200007,38.19207773100004],[13.350337124000077,38.19203272800007],[13.350688260000027,38.192437436000034],[13.351566105000074,38.19237289300003],[13.351537551000035,38.191911204000064],[13.351596303000065,38.19189664600003],[13.351653703000068,38.192374123000036],[13.351751058000048,38.19237548800004],[13.35174999800006,38.19242160400006],[13.352374229000077,38.19237654400007],[13.35246148400006,38.19239315100003],[13.352527723000037,38.19247865500006],[13.352487221000047,38.19254726300005],[13.352368851000051,38.19261479600004],[13.352250654000045,38.19267465100006],[13.352113859000042,38.192695797000056],[13.351938462000021,38.192701019000026],[13.351910652000072,38.192639118000045],[13.351705867000021,38.19265162900007],[13.351218895000045,38.19265632100007],[13.350584433000051,38.192724293000026],[13.350231889000042,38.19238105900007],[13.350137671000027,38.19224134800004],[13.350178151000023,38.192172724000045],[13.349150967000071,38.19108961100005],[13.348362338000072,38.19108621000004],[13.348332257000038,38.191124235000075],[13.34781644700007,38.19111312300004],[13.347339290000036,38.191114096000035],[13.347047082000074,38.19111766800006],[13.346931506000033,38.191062231000046],[13.346833286000049,38.191099278000024],[13.346600008000053,38.191080631000034],[13.346567867000033,38.19121086600006],[13.34652666900007,38.19131022700003],[13.346454867000034,38.19147066900007],[13.34640621400007,38.19146998400004],[13.346448280000061,38.19133218700006],[13.346369349000042,38.19137720700007],[13.346252014000072,38.191398621000076],[13.34620091000005,38.19150554200007],[13.34614354300004,38.191458606000026],[13.346175880000033,38.19132067400005],[13.346097144000055,38.19135799400004],[13.346046040000033,38.19146491500004],[13.345975128000077,38.191586922000056],[13.34591288100006,38.191755181000076],[13.34586368600003,38.191777554000055],[13.345888892000062,38.191524197000035],[13.34580008100005,38.19157677600003],[13.345749842000032,38.191645263000055],[13.345717851000074,38.19176781800007],[13.345647459000077,38.19186676700008],[13.345538988000044,38.19192675200003],[13.345420091000051,38.19201733700004],[13.345339769000077,38.192123829000025],[13.345135180000057,38.19212863000007],[13.34494049600005,38.19212588800008],[13.34487149000006,38.19216336300008],[13.344918755000037,38.19222552300005],[13.344799685000055,38.19232380500006],[13.344730158000061,38.19238431800005],[13.344525916000066,38.192373760000066],[13.344399195000051,38.19237965600007],[13.344329667000068,38.192440170000054],[13.344357471000023,38.19250207400006],[13.34433696700006,38.192547914000045],[13.344248823000044,38.19256973800003],[13.344208586000036,38.19262682300007],[13.344264911000039,38.19271987400003],[13.34422509600006,38.19275776100005],[13.344149311000024,38.19266443500004],[13.344050741000046,38.19271685800004],[13.344088819000035,38.192755840000075],[13.344039101000021,38.192801270000075],[13.343952194000053,38.19276929800003],[13.343844240000067,38.19280620500007],[13.343716652000069,38.19285053700003],[13.343674751000037,38.19298063400004],[13.343518988000028,38.19297843900006],[13.343361163000054,38.19306847300004],[13.343193933000066,38.19314299100006],[13.34304546900006,38.19324854100006],[13.342836705000025,38.19343779500008],[13.342729446000021,38.19344396500003],[13.342639736000024,38.19353496000008],[13.342548658000055,38.19368742700004],[13.342536125000038,38.19381027500003],[13.342660240000043,38.19391964700003],[13.34263954000005,38.19397318600005],[13.342485186000033,38.19390949700005],[13.342340565000029,38.19384594500008],[13.342232436000074,38.19389055000005],[13.342066962000047,38.193888214000026],[13.342025754000076,38.19398757400006],[13.341905437000037,38.19413964900008],[13.34177143900007,38.19403779800007],[13.341616891000058,38.19398180700006],[13.341595864000055,38.19405070400006],[13.341545447000044,38.19412686900006],[13.341448784000022,38.194094740000025],[13.341281224000056,38.19418463400007],[13.341164927000023,38.19415992800003],[13.340967084000056,38.19429552300005],[13.340808383000024,38.19442397000006],[13.340776035000033,38.19456190200003],[13.340762803000075,38.19471548700005],[13.340761162000035,38.19478849800004],[13.340610775000073,38.19497857500005],[13.340490302000035,38.19513832700005],[13.340163291000067,38.19538740400003],[13.339913631000059,38.195660657000076],[13.339607321000074,38.195856211000034],[13.339458519000061,38.19597711600005],[13.33933995600006,38.19605231600008],[13.33937766200006,38.196106662000034],[13.33937557400003,38.19619889000006],[13.33925683700005,38.19628179000006],[13.339107837000029,38.19641037300005],[13.33898909900006,38.196493272000055],[13.338957444000073,38.19660044900007],[13.338792486000045,38.19657505200007],[13.338732334000042,38.19665107900005],[13.33865234600006,38.196742208000046],[13.338525617000073,38.19674809900005],[13.338329351000027,38.19681452000003],[13.338064071000076,38.196918391000054],[13.337934705000066,38.197039569000026],[13.337807453000039,38.19706853500003],[13.337746777000064,38.19716761800004],[13.337638812000023,38.19720452100006],[13.337549638000041,38.19727245400003],[13.337482364000039,38.19723305500003],[13.337432466000053,38.19728618000005],[13.337354764000054,38.19727738000006],[13.33731442100003,38.197338322000064],[13.337158845000033,38.197328420000076],[13.337070168000025,38.19737329700007],[13.337143686000047,38.19756653600007],[13.337084752000067,38.19758876800006],[13.33697317900004,38.197356540000044],[13.33683654400005,38.19736999000003],[13.336709116000065,38.19740661600008],[13.336649658000056,38.19745190500004],[13.336772006000047,38.19763815500005],[13.33670281600007,38.197683305000055],[13.33661782400003,38.197566779000056],[13.336541866000061,38.19748112700006],[13.336182209000071,38.197452971000075],[13.336189475000026,38.197560717000044],[13.335819910000055,38.19754010200006],[13.33552400900004,38.197705031000055],[13.335457610000049,38.19762721400008],[13.335516894000023,38.197589606000065],[13.33556487800007,38.197621050000066],[13.33580201600006,38.197470655000075],[13.335852442000032,38.19739447300003],[13.335894182000061,38.19727205800007],[13.335916087000044,38.19716474400008],[13.335744538000029,38.19700086100005],[13.335824157000047,38.19692509400005],[13.335729612000023,38.196800748000044],[13.335468886000058,38.19670479600006],[13.335128846000032,38.19666921700008],[13.334681062000072,38.19666287300004],[13.33434937900006,38.19668891900005],[13.333841239000037,38.19676627700005],[13.333336422000059,38.19692835600006],[13.333010322000064,38.19706147200003],[13.332866464000062,38.197135941000056],[13.332734363000043,38.19726160400006],[13.332636644000047,38.197295928000074],[13.332448746000068,38.19731875700006],[13.331931679000036,38.19760730200005],[13.33174183500006,38.19773031600005],[13.331446344000028,38.19792178600005],[13.330487633000075,38.19859175200003],[13.329922680000038,38.198996934000036],[13.329613595000069,38.19923229800003],[13.329112513000041,38.19966898200005],[13.32887574700004,38.199849269000026],[13.328637608000065,38.20009075200005],[13.328484729000024,38.20027732900007],[13.328021393000029,38.20075791600004],[13.327722770000037,38.20110055200007],[13.327357446000065,38.20153406000003],[13.327170953000063,38.20177627100003],[13.326828954000064,38.20231980800003],[13.32700184600003,38.202388588000076],[13.327141251000057,38.20222732000008],[13.327102960000047,38.20220637800003],[13.327176707000035,38.202090088000034],[13.327344420000031,38.20210269000006],[13.327567360000046,38.202243605000035],[13.327347656000029,38.20252614700007],[13.327487554000072,38.20262506600005],[13.327320808000024,38.20285225300006],[13.327249048000056,38.20288185100003],[13.327165297000022,38.20287044600008],[13.326971891000028,38.20313296200004],[13.326612929000078,38.203005406000045],[13.326673528000072,38.20289915600006],[13.326711701000022,38.202925193000056],[13.326899810000043,38.202611595000064],[13.32673313600003,38.202553100000046],[13.326479250000034,38.20291678800004],[13.326411844000063,38.20302456500008],[13.31897361800003,38.19805479200005],[13.335342173000072,38.175146546000065],[13.33653417100004,38.17517937400004],[13.336466481000059,38.175349303000075],[13.336189352000076,38.17636264200007],[13.335276874000044,38.17859194000005],[13.334890135000023,38.17969306200007],[13.33430934100005,38.18132423600008],[13.334199719000026,38.181632044000025],[13.334156174000043,38.18175432500004],[13.334141818000035,38.18238527500006],[13.334317855000052,38.18250657100003],[13.334366375000059,38.182856249000054],[13.334346149000055,38.18333118700008],[13.335106547000066,38.18341624200008],[13.335084966000068,38.18395054900003],[13.333833793000053,38.18392536700003],[13.33363567200007,38.185184881000055],[13.334556903000077,38.18523507000003],[13.334533356000065,38.18544265600008],[13.33410286000003,38.18574840700006],[13.33408582900006,38.186082304000024],[13.334017540000048,38.186601110000026],[13.333533661000047,38.18657737400008],[13.333378244000073,38.18656976600005],[13.333163477000028,38.18773248600007],[13.33379171200005,38.18783793000006],[13.333772985000053,38.18824605800006],[13.333105777000071,38.18819945700005],[13.332972404000031,38.18909602900004],[13.333424382000032,38.18916074900005],[13.33380491400004,38.189323201000036],[13.333736121000072,38.18986427100003],[13.333786150000037,38.19014714000008],[13.335225964000074,38.190160141000035],[13.335581489000049,38.19025428500004],[13.336040511000022,38.190515805000075],[13.336556590000043,38.19081078100004],[13.336993841000037,38.19106140200006],[13.337180311000054,38.19155410600007],[13.337462680000044,38.192382320000036],[13.337522254000021,38.19307372700007],[13.337668720000067,38.19366982100007],[13.337804763000065,38.19431032800003],[13.33804752900005,38.19481125800007],[13.338317545000052,38.19494131700003],[13.338620026000058,38.19488620000004],[13.338777685000025,38.19457657100003],[13.338828496000076,38.19358228500005],[13.339124285000025,38.19299245000008],[13.339171441000076,38.19174565600008],[13.339572773000043,38.19065238200005],[13.340086003000067,38.18960524200003],[13.340185494000025,38.18936903900004],[13.340020520000053,38.18917365300007],[13.340630989000033,38.18840261400004],[13.341283284000042,38.18786235600004],[13.342495752000048,38.187107242000025],[13.34272526500007,38.18736294400003],[13.341444723000052,38.188213639000026],[13.340829728000074,38.18876926400003],[13.341683140000043,38.188491740000075],[13.342963648000023,38.188056870000025],[13.343763283000044,38.18765977000004],[13.343573437000032,38.18731551900004],[13.344809222000038,38.186776044000055],[13.345850263000045,38.18652340600005],[13.346050040000023,38.18684552000008],[13.34662714500007,38.186744496000074],[13.347042195000029,38.18667385100008],[13.347597775000054,38.18662300600005],[13.347815584000045,38.18660306900006],[13.349043145000053,38.18684310500004],[13.350418580000053,38.18720400700005],[13.35047565800005,38.18722539100003],[13.35079711800006,38.18734584200007],[13.351118576000033,38.18746629800006],[13.352113166000038,38.18802231900003],[13.352698930000031,38.18834240700005],[13.353149055000074,38.18841555200004],[13.354246511000042,38.18900268800007],[13.354721121000068,38.18870459400006],[13.354787231000046,38.188663072000054],[13.354624846000036,38.18839275800008],[13.354903247000038,38.18824219800007],[13.355065428000046,38.18848834700003],[13.355597160000059,38.18837560700007],[13.356006273000048,38.18818085700008],[13.356485411000051,38.18780144800007],[13.356504048000033,38.18769314800005],[13.356528712000056,38.187549595000064],[13.356963721000056,38.18745914400006],[13.357852115000071,38.18687755600007],[13.35802697400004,38.186634957000024],[13.358643393000023,38.18642824500006],[13.358847489000027,38.18614150700006],[13.359154070000045,38.18590075800006],[13.35935865700003,38.185591756000065],[13.359797640000068,38.18532315300007],[13.36037267200004,38.18570245900003],[13.360650852000049,38.185468720000074],[13.360589658000038,38.185259968000025],[13.360659154000075,38.185250171000064],[13.360857219000025,38.18496080400007],[13.360825744000067,38.184871248000036],[13.360946931000058,38.18480075400004],[13.361125852000043,38.184909567000034],[13.361304774000075,38.18501838000003],[13.361212691000048,38.18517214600007],[13.36182416500003,38.185611332000065],[13.362083593000023,38.18535299600006],[13.362353617000053,38.18508409100008],[13.362068924000027,38.18476826700004],[13.36224310800003,38.18455535600003],[13.362417291000042,38.18434244500003],[13.36128128300004,38.18337615100006],[13.361529908000023,38.18320141000004],[13.361984463000056,38.18349733800005],[13.362470106000046,38.183244236000064],[13.362363024000047,38.182982853000055],[13.36293175700007,38.182594754000036],[13.363653293000027,38.18210237400007],[13.364207849000024,38.18255561500007],[13.364532164000025,38.18278289800003],[13.364834622000046,38.18230445800003],[13.365101763000041,38.18172158700003],[13.364489768000055,38.18131208400007],[13.364110829000026,38.18100235700007],[13.364216825000028,38.18089246200003],[13.36514696200004,38.18054158100006],[13.365502164000077,38.18065047500005],[13.36570112100003,38.18017059500005],[13.366102326000032,38.17906237500006],[13.365698930000065,38.179004785000075],[13.365789578000033,38.178738733000046],[13.366149239000038,38.178647202000036],[13.366150269000059,38.178179416000035],[13.366077491000055,38.17806703000008],[13.365532660000042,38.17802230700005],[13.365407724000022,38.177778052000065],[13.366709298000046,38.17823088800003]]]}},{"type":"Feature","properties":{"service_id":5,"population_total":23949.7,"thiessen_area_km2":2.8383,"population_share":0.03937031261404371,"area_share":0.03288995700174602,"population_covered":21987.74,"area_covered_km2":2.1794,"population_coverage_ratio":0.918079890209237,"area_coverage_ratio":0.7678549067361857},"geometry":{"type":"MultiPolygon","coordinates":[[[[13.37278400200006,38.076439925000045],[13.372544151000056,38.07631023600004],[13.372808091000024,38.07589266200006],[13.372752984000044,38.07583355600008],[13.372476866000056,38.075701141000025],[13.372178554000072,38.07580196300006],[13.37198399500005,38.076172100000065],[13.371645389000037,38.076029781000045],[13.372122052000066,38.07520062100008],[13.371731551000039,38.07496645600003],[13.371638264000069,38.07464592400004],[13.371021517000031,38.07433411400007],[13.369555940000055,38.074313794000034],[13.36922379400005,38.07447240000005],[13.36912353300005,38.07318185500003],[13.369168939000076,38.07312034800003],[13.369482751000021,38.07309499200005],[13.369516119000025,38.07313338700004],[13.370179187000076,38.073896717000025],[13.370947245000025,38.073729152000055],[13.371333132000075,38.07384340900006],[13.371884226000077,38.074377500000026],[13.372320454000032,38.07494477900008],[13.372565171000076,38.075035125000056],[13.372602344000029,38.074972210000055],[13.372697953000056,38.074810383000056],[13.373200668000038,38.07499597900005],[13.373170303000052,38.07504737800008],[13.374193497000022,38.075425117000066],[13.374088527000026,38.075567661000036],[13.373403935000056,38.075332237000055],[13.373206954000068,38.07566169300003],[13.373839342000053,38.07614897700006],[13.37365771900005,38.07638696400005],[13.373031238000067,38.07608821100007],[13.37278400200006,38.076439925000045]]],[[[13.37707933200005,38.084845028000075],[13.377065214000027,38.08489310600004],[13.377043246000028,38.08496796500003],[13.376965455000061,38.08517063800008],[13.377308752000033,38.08534385100006],[13.377004808000038,38.085842971000034],[13.376852366000037,38.08617508400005],[13.369458122000026,38.07748864800004],[13.369332201000077,38.075867807000066],[13.369894154000065,38.07601150000005],[13.370336322000071,38.075054058000035],[13.370403494000072,38.07501186800005],[13.370594836000066,38.07510667300005],[13.370939724000038,38.07457599600008],[13.371246024000072,38.074687131000076],[13.370811564000064,38.07536770300004],[13.37059286300007,38.075280461000034],[13.370531692000043,38.07551540400004],[13.370222716000058,38.07645168200003],[13.370018334000065,38.07719140200004],[13.37134091200005,38.077447369000026],[13.371707925000067,38.07784848400007],[13.371402462000049,38.07862639200005],[13.372983119000025,38.07967796100007],[13.37344814200003,38.079050754000036],[13.37340570400005,38.07870365000008],[13.373557118000065,38.07865624400006],[13.374124570000049,38.078853837000054],[13.374581960000057,38.07847679900004],[13.374632392000024,38.07843522600007],[13.37457002800005,38.078387957000075],[13.374694581000028,38.07828528400006],[13.374770960000035,38.07834317800007],[13.374961635000034,38.078222029000074],[13.374851977000048,38.07790189600007],[13.374736797000025,38.077444881000076],[13.37476515000003,38.07729676100007],[13.375306647000059,38.07717554000004],[13.37598177700005,38.077244277000034],[13.37632166800006,38.07768303200004],[13.376795952000066,38.07770174500007],[13.376790775000075,38.07749307500006],[13.376980211000046,38.077426391000074],[13.37717387300006,38.07773597800008],[13.377206404000049,38.07791621100006],[13.376235803000043,38.07792582500008],[13.375242446000073,38.07848070500006],[13.375595934000046,38.078785553000046],[13.375334765000048,38.07907663300006],[13.376094279000029,38.07952942700007],[13.37615973000004,38.07950252100005],[13.37631579200007,38.079610864000074],[13.375452163000034,38.08043816600008],[13.374122495000051,38.07924824600008],[13.373640102000024,38.079808521000075],[13.373434324000073,38.08007714400003],[13.37441870500004,38.08075397300007],[13.375322405000077,38.08154796900004],[13.375671862000047,38.08127503500003],[13.375973140000042,38.08160046100005],[13.376979163000044,38.082574729000044],[13.377571947000035,38.08206873600005],[13.37669597200005,38.08099846400006],[13.377348899000026,38.080501593000065],[13.378481406000049,38.081292371000075],[13.378588500000035,38.08120094900005],[13.379723787000046,38.08199877200008],[13.379903630000058,38.08236757900005],[13.379697287000056,38.08250921300004],[13.379394642000022,38.08271697200007],[13.379147372000034,38.08256505000003],[13.378599700000052,38.08296343600006],[13.378663537000023,38.08299489900003],[13.378871934000074,38.08309763600005],[13.37896851000005,38.083001608000075],[13.379108125000073,38.08308932800003],[13.37906386700007,38.083192256000075],[13.37928153200005,38.08329955900007],[13.379772242000058,38.08360750200006],[13.379877148000048,38.083539157000075],[13.380016574000024,38.083725712000046],[13.380338824000034,38.08422499400007],[13.380176188000064,38.08421286200007],[13.379747760000043,38.08375152200006],[13.379509492000068,38.08375813200007],[13.379203142000051,38.08401132900008],[13.378318819000071,38.084900084000026],[13.377944981000041,38.08473165400005],[13.377422025000044,38.08441794300006],[13.37726119000007,38.08432311100006],[13.377235264000035,38.08430782500005],[13.37707933200005,38.084845028000075]]],[[[13.377945109000052,38.08724631700005],[13.377870127000051,38.08737070600006],[13.377716371000076,38.08719008000003],[13.377945109000052,38.08724631700005]]],[[[13.395716423000067,38.10392708400008],[13.395314236000047,38.104031046000046],[13.394774424000047,38.10409663300004],[13.393985410000028,38.104304728000045],[13.393023378000066,38.104686780000065],[13.392746569000053,38.104846904000055],[13.380319266000072,38.090247849000036],[13.380649340000048,38.08992267800005],[13.379474802000061,38.089255809000065],[13.37915160700004,38.08887613300004],[13.379766687000028,38.08790499500003],[13.379943317000027,38.08769930700004],[13.379661843000065,38.08752068100006],[13.379755059000047,38.087432437000075],[13.380641284000035,38.086282734000065],[13.380603390000033,38.08625354900005],[13.380450388000042,38.08616019400006],[13.380015687000025,38.08585832800003],[13.379857663000053,38.085950496000066],[13.379273457000068,38.08565874000004],[13.379383639000025,38.08550032900007],[13.379556259000026,38.08554365700007],[13.379696669000054,38.08536420900003],[13.38022815200003,38.08560136300008],[13.380619860000024,38.08511992800004],[13.380866492000052,38.085301549000064],[13.380880629000046,38.08579676900007],[13.381412039000054,38.08577413300003],[13.381758715000046,38.085759375000066],[13.382454185000029,38.08604616300005],[13.382323018000022,38.08631167400006],[13.38285475400005,38.08663582200006],[13.382481834000032,38.087066321000066],[13.38217307800005,38.087428387000045],[13.383010408000075,38.088103266000076],[13.38348921100004,38.087669584000025],[13.384163547000071,38.08763788600004],[13.38483024900006,38.08795438100003],[13.38461552700005,38.08863028400003],[13.384872524000059,38.08891103800005],[13.384541985000055,38.08912429800006],[13.384167088000027,38.08964387200007],[13.384472490000064,38.09000451000003],[13.384853300000032,38.08986417700004],[13.384990518000052,38.089813605000074],[13.385587691000069,38.090584172000035],[13.386083346000078,38.09033076400004],[13.386027622000029,38.09025875400005],[13.386341230000028,38.09012547200007],[13.38638809500003,38.09021161900006],[13.386902400000054,38.09064183700008],[13.38657719300005,38.09118189700007],[13.386512491000076,38.09184437000005],[13.38655912300004,38.092003412000054],[13.387248039000042,38.09202277700007],[13.387674247000064,38.09201873000006],[13.388163030000044,38.092589761000056],[13.388612360000025,38.09267513300006],[13.390133300000059,38.09190392700003],[13.39121718000007,38.09105741500008],[13.393062733000022,38.09034012500007],[13.39297805800004,38.09020036700008],[13.393463052000072,38.08980107000008],[13.393798306000065,38.08994426000004],[13.395129884000028,38.08922981500007],[13.395538290000047,38.08874585600006],[13.395798931000058,38.08843698700008],[13.396124046000068,38.08847113500008],[13.396377307000023,38.088222244000065],[13.396700386000077,38.087904759000025],[13.397086411000032,38.087444693000066],[13.397961472000077,38.08754573900006],[13.398193698000057,38.08781621300005],[13.398987115000068,38.088213162000045],[13.399494746000073,38.08792305400004],[13.400000461000047,38.08829627800003],[13.39852852000007,38.08912767100003],[13.398512757000049,38.089275970000074],[13.39896746200003,38.08968809300006],[13.401218868000058,38.089075845000025],[13.406031262000056,38.09982800600005],[13.405927020000036,38.09984645800006],[13.405811149000044,38.099866951000024],[13.405327193000062,38.09993456400008],[13.40472038400003,38.10010644700003],[13.40430297100005,38.10019614400005],[13.403803086000039,38.100380072000064],[13.403596807000042,38.10062098100008],[13.40338962100003,38.10090425300007],[13.403156773000035,38.10113420600004],[13.402749289000042,38.10138296200006],[13.402423117000069,38.101590447000035],[13.402165306000029,38.10173529000008],[13.401974040000027,38.101902221000046],[13.40168691100007,38.10216320300003],[13.401414098000032,38.10238201800007],[13.40119603200003,38.10254857000007],[13.400831561000075,38.102835510000034],[13.400504927000043,38.10300132100008],[13.398957954000025,38.10340584900007],[13.39877023300005,38.10354921700008],[13.398058774000049,38.10372801800003],[13.397424615000034,38.10388960200004],[13.396792552000022,38.10395393500005],[13.396239765000075,38.103909918000056],[13.395716423000067,38.10392708400008]]]]}},{"type":"Feature","properties":{"service_id":10,"population_total":27137.92,"thiessen_area_km2":2.9246,"population_share":0.04461135107775734,"area_share":0.033890623715527105,"population_covered":23180.52,"area_covered_km2":2.173,"population_coverage_ratio":0.8541742578379133,"area_coverage_ratio":0.742989664035942},"geometry":{"type":"MultiPolygon","coordinates":[[[[13.331647675000056,38.164231974000074],[13.330130009000072,38.166415725000036],[13.331166170000074,38.16677945600003],[13.330872792000036,38.16726535300006],[13.330148603000055,38.168140136000034],[13.318799604000048,38.148936509000066],[13.340057362000039,38.14686243600005],[13.341075872000033,38.147555132000036],[13.34628445800007,38.15542666300007],[13.345309134000047,38.156353902000035],[13.344492397000067,38.157107207000024],[13.343763926000065,38.156882317000054],[13.343408616000033,38.156772638000064],[13.342900371000042,38.156608326000025],[13.342063684000038,38.156337835000045],[13.341869527000028,38.15628692400003],[13.34116582400003,38.15610238000005],[13.338716186000056,38.155429165000044],[13.338088808000066,38.15629411300006],[13.337728097000024,38.15677818100005],[13.337643491000051,38.156884441000045],[13.336924312000065,38.15769082200006],[13.336153511000077,38.15857988100004],[13.33568500900003,38.15919450300004],[13.335504308000054,38.15946014100007],[13.335023976000059,38.16016624300005],[13.334462427000062,38.16089818200004],[13.33436462800006,38.161025659000074],[13.334019306000073,38.16151068000005],[13.333884271000045,38.16387470500007],[13.334990641000047,38.16423092000008],[13.334812857000031,38.164651958000036],[13.335291635000033,38.164830822000056],[13.335251626000058,38.164890022000066],[13.334953056000074,38.16537017600007],[13.334487344000024,38.16519592700007],[13.333975317000068,38.16499603600005],[13.333508489000053,38.16564849400004],[13.332955544000072,38.16550333500004],[13.332341835000022,38.16530898100007],[13.331852207000054,38.16515392500003],[13.332400591000066,38.164389320000055],[13.332008041000051,38.16415428200003],[13.331647675000056,38.164231974000074]]],[[[13.337073838000038,38.17305604300003],[13.33735471600005,38.17311942900005],[13.336837997000032,38.17441665200005],[13.33653417100004,38.17517937400004],[13.335342173000072,38.175146546000065],[13.333968306000031,38.17460345100005],[13.331075370000065,38.16970831800006],[13.331825452000032,38.16881595900003],[13.332559806000063,38.16797246900006],[13.332944245000022,38.16844572900004],[13.333021299000052,38.168780963000074],[13.333361895000053,38.169112503000065],[13.333166658000039,38.16942161400004],[13.332614195000076,38.16930238700007],[13.332002415000034,38.16930854700007],[13.33172978600004,38.16929724400006],[13.331543042000021,38.170059405000075],[13.331904722000047,38.17021460800004],[13.333117919000074,38.17073520200006],[13.334763003000035,38.171311969000044],[13.335965262000059,38.17173346100003],[13.335921392000046,38.172007593000046],[13.33654880000006,38.172142714000074],[13.335977746000026,38.17284002400004],[13.336521508000033,38.172929416000045],[13.336687680000068,38.17265703000004],[13.33706227500005,38.17273659400007],[13.337073838000038,38.17305604300003]]]]}},{"type":"Feature","properties":{"service_id":21,"population_total":82870.37,"thiessen_area_km2":10.3091,"population_share":0.1362285186221439,"area_share":0.11946327451784478,"population_covered":29577.16,"area_covered_km2":2.7984,"population_coverage_ratio":0.3569087026664446,"area_coverage_ratio":0.27144803845706306},"geometry":{"type":"MultiPolygon","coordinates":[[[[13.33111240200003,38.07028317600003],[13.331225525000036,38.07039731700007],[13.331246140000076,38.07056741700006],[13.331529082000031,38.07076259100006],[13.331294640000067,38.07095997600004],[13.330984919000059,38.07124050700003],[13.330805346000034,38.07012059600004],[13.331006176000074,38.06989386500004],[13.330903397000043,38.069825457000036],[13.330740653000078,38.069717136000065],[13.330723807000027,38.06961207900008],[13.330864819000055,38.06945601000007],[13.331766544000061,38.069877474000066],[13.331581128000039,38.07004768000007],[13.33143868600007,38.06999995900003],[13.33111240200003,38.07028317600003]]],[[[13.33213554200006,38.07357813100003],[13.331780520000052,38.073894720000055],[13.331860154000026,38.07410812000006],[13.33147255800003,38.074281674000076],[13.331362485000056,38.073595202000035],[13.331389530000024,38.073516211000026],[13.331764803000056,38.073250692000045],[13.33213554200006,38.07357813100003]]],[[[13.362290220000034,38.09761541800003],[13.361826588000042,38.09739304200008],[13.361635543000034,38.09720531200003],[13.361481682000033,38.09710034400007],[13.361406833000046,38.09695536400005],[13.361203918000058,38.09671605900007],[13.360639879000075,38.09632778900004],[13.360540075000074,38.09628094400006],[13.360446783000043,38.09623254300004],[13.360307225000042,38.09606069200004],[13.36021876500007,38.09595176300007],[13.36038317200007,38.095583942000076],[13.360190286000034,38.09547843100006],[13.360381193000023,38.095090404000075],[13.360827521000033,38.09447950400005],[13.360273728000038,38.09422087000007],[13.360412648000022,38.09380286600003],[13.360350130000029,38.09377394200004],[13.360224951000077,38.093714850000026],[13.360042281000062,38.09362860500005],[13.35949417300003,38.09336966800004],[13.35919462000004,38.093155996000064],[13.359014176000073,38.09337377600008],[13.358584947000054,38.09304295100003],[13.358741068000029,38.092832470000076],[13.358543626000028,38.09269163100004],[13.358425788000034,38.09260757200008],[13.358267007000052,38.09249431000006],[13.358237359000043,38.09252440700004],[13.358048317000055,38.09271636300008],[13.357774526000071,38.09261403900007],[13.357469741000045,38.09310220800006],[13.356992294000065,38.09294779800007],[13.356987974000049,38.09274373200003],[13.356367947000024,38.09259437600008],[13.35644105800003,38.09251098100003],[13.356047210000042,38.09220298500003],[13.355935972000054,38.092398392000064],[13.354796069000031,38.09200255800005],[13.354510792000042,38.092413613000076],[13.353867218000062,38.09212320000006],[13.353713933000051,38.09181154100003],[13.353950127000076,38.091603805000034],[13.354448173000037,38.09163188900004],[13.354580075000058,38.091310140000076],[13.354091364000055,38.091004792000035],[13.353877503000035,38.09087118400004],[13.352717731000041,38.090172567000025],[13.35206001000006,38.089720165000074],[13.351319026000056,38.08940727000004],[13.351570114000026,38.08893243400007],[13.35033211700005,38.08894320300004],[13.347055540000042,38.08892528000007],[13.346751271000073,38.088808751000045],[13.346595869000055,38.08866911400003],[13.346299268000053,38.08901024200003],[13.34618964300006,38.08918687700003],[13.346780360000025,38.08949086800004],[13.346376795000026,38.08983170400006],[13.345833623000033,38.089604516000065],[13.345409371000073,38.090055792000044],[13.345034189000046,38.08971285000007],[13.344880944000067,38.08953530900004],[13.344591622000053,38.08920010400004],[13.343952004000073,38.08872467800006],[13.343905610000036,38.088717204000034],[13.343862177000062,38.08859489800005],[13.34376224500005,38.08823162200008],[13.343573974000037,38.087957190000054],[13.343497060000061,38.08792425000007],[13.343313189000071,38.08784550400003],[13.34272113000003,38.08774083600008],[13.34227548900003,38.08766204800003],[13.34148990600005,38.087749434000045],[13.34087359700004,38.087832192000064],[13.340083884000023,38.08770846900006],[13.339317051000023,38.08775392100006],[13.338987382000028,38.08736937800006],[13.33901615700006,38.08727833700004],[13.338975148000031,38.08712299600006],[13.338890264000042,38.08693889700004],[13.338532783000062,38.08660321000008],[13.338236008000024,38.08673268000007],[13.33776916100004,38.08650799900005],[13.337413576000074,38.086087924000026],[13.33709423700003,38.08560266600006],[13.336759371000028,38.08509380500004],[13.336281274000044,38.084580551000045],[13.336145952000038,38.08453857400008],[13.335520858000052,38.08434467200004],[13.335319321000043,38.08420110900005],[13.334242403000076,38.08383083100006],[13.334188399000027,38.08381224200008],[13.333004570000071,38.08383609500004],[13.332927157000029,38.083353310000064],[13.334532117000037,38.08318400200005],[13.33461651600004,38.08299526700006],[13.333639024000036,38.08251711300005],[13.333813104000058,38.082301510000036],[13.334120724000059,38.081693862000066],[13.333484509000073,38.08108689000005],[13.333259503000022,38.08127157500007],[13.333012731000053,38.08147414700005],[13.332622140000069,38.081451067000046],[13.33247474600006,38.08053184200003],[13.332972015000053,38.08012993400007],[13.333403130000022,38.07957328300006],[13.333095600000036,38.07939305200006],[13.332709236000028,38.07915543400003],[13.332392783000046,38.079420268000035],[13.332307898000067,38.079491294000036],[13.332252737000033,38.07914728000003],[13.332761614000049,38.078417530000024],[13.332565665000061,38.07802784300003],[13.332122250000054,38.077951201000076],[13.33206691600003,38.07798840300006],[13.33156742500006,38.07487331600004],[13.332325785000023,38.07442647400006],[13.332802675000039,38.07417927300003],[13.332169548000024,38.07320042400005],[13.332349546000046,38.073127671000066],[13.332391232000077,38.07316442000007],[13.33304309500005,38.07386306800004],[13.333315801000026,38.07400764000005],[13.333170204000055,38.07414626800005],[13.333170325000026,38.07453317300008],[13.333478436000064,38.07507920900008],[13.333837439000035,38.075344581000024],[13.333947409000075,38.075361488000055],[13.333732844000053,38.075703486000066],[13.333090954000056,38.075003303000074],[13.332820622000042,38.074578161000034],[13.33219493100006,38.07491377200006],[13.332431102000044,38.07526897400004],[13.33213691800006,38.07554091600008],[13.33258229300003,38.07613364600007],[13.332754959000056,38.07609166800006],[13.333048535000046,38.076148070000045],[13.333223720000035,38.075979414000074],[13.333705223000038,38.07616732400004],[13.33363489900006,38.07633210600005],[13.333152509000058,38.07629850300003],[13.332889731000023,38.07676311500006],[13.333497802000068,38.07731423000007],[13.333721053000033,38.07711215300003],[13.334017577000054,38.07730293800006],[13.335042552000061,38.07669544200007],[13.334971020000069,38.07662003100006],[13.335114598000075,38.07647521600006],[13.335158785000033,38.076291619000074],[13.334902443000033,38.07610330800003],[13.334842835000075,38.07605951900007],[13.334957175000056,38.075844164000046],[13.334402497000042,38.07566014200006],[13.334495737000054,38.07544577800007],[13.33494646400004,38.075515059000054],[13.335543248000022,38.07589636700004],[13.336103974000025,38.07590430400006],[13.33666614200007,38.07519949600004],[13.336708764000036,38.07514608900004],[13.336825892000036,38.07508443000006],[13.33715144000007,38.07492359300005],[13.338440217000027,38.07438357500007],[13.338104886000053,38.07372823400004],[13.338455579000026,38.073580295000056],[13.338725365000073,38.074039156000026],[13.340164257000026,38.073575289000075],[13.341055453000024,38.073477007000065],[13.341744884000036,38.07358646000006],[13.342591325000058,38.073871146000045],[13.342783266000026,38.07365354500007],[13.34301447200005,38.07378098600003],[13.343182884000043,38.07359005600006],[13.343752576000043,38.072588660000065],[13.343331651000028,38.072389454000074],[13.34352087700006,38.07201474300007],[13.343218690000072,38.07191937700003],[13.343395938000072,38.07142266400007],[13.343756961000054,38.07160109400007],[13.345262479000041,38.070167232000074],[13.344919537000067,38.06983896100007],[13.345261794000066,38.06954924300004],[13.34542723900006,38.06976332600004],[13.34595693700004,38.06945245400004],[13.346288253000068,38.06988770700008],[13.346620836000056,38.06988959300003],[13.346963085000027,38.07005450100007],[13.346557930000074,38.07049573100005],[13.34616496700005,38.07023325000006],[13.345958832000065,38.070397369000034],[13.345719763000034,38.07025849900003],[13.34494864100003,38.07108812200005],[13.345534938000071,38.07142868900007],[13.345422016000043,38.07164598000003],[13.34507835900007,38.07160898400008],[13.344873947000053,38.07195042700005],[13.345408276000057,38.07217215700007],[13.345555384000022,38.071925185000055],[13.345816944000035,38.07209308500006],[13.345678803000055,38.07233972700004],[13.345829407000053,38.072454908000054],[13.34575067000003,38.072642520000045],[13.346056503000057,38.072950852000076],[13.345671783000057,38.07343394500003],[13.345223604000068,38.07330137100007],[13.345421571000031,38.07300279000003],[13.344852630000048,38.07280365200006],[13.344001064000054,38.07390073300007],[13.34401030500004,38.07405667200004],[13.344311778000076,38.074897942000064],[13.344084382000062,38.075154990000044],[13.343604674000062,38.07494543800004],[13.343308226000033,38.07464385500003],[13.343060373000071,38.074859038000056],[13.341878483000073,38.07447657200004],[13.341696751000029,38.074746134000065],[13.340901692000045,38.07437065100004],[13.340988594000066,38.07423121900007],[13.340638203000026,38.074103870000044],[13.340328475000035,38.074066937000055],[13.338113015000033,38.07490061200008],[13.33818335500007,38.07489964000007],[13.338907440000071,38.075163115000066],[13.33877854700006,38.075351229000034],[13.337888349000025,38.07534567500005],[13.337263910000047,38.075400159000026],[13.337095403000035,38.075763565000045],[13.337033573000042,38.07613553200008],[13.337065336000023,38.07630481000007],[13.336357407000037,38.076899781000066],[13.336406821000026,38.07707633900003],[13.336370672000044,38.07716908400005],[13.336106743000073,38.07744357900003],[13.335706652000056,38.07710074400006],[13.335625399000037,38.07714348300004],[13.335239657000045,38.07751536400008],[13.335370608000062,38.07765180800004],[13.335293784000044,38.077769441000044],[13.335623089000023,38.078048667000076],[13.335756328000059,38.07803491200008],[13.33584211300007,38.07797434500003],[13.336280542000054,38.078209799000035],[13.336592506000045,38.07796701600006],[13.336943219000034,38.07770405200006],[13.33727341100007,38.077903769000045],[13.33706595800004,38.07807921400007],[13.336996733000035,38.078042038000035],[13.33675333900004,38.078245165000055],[13.336691690000066,38.07904305400007],[13.336922323000067,38.07908148900003],[13.337054977000037,38.07914920200005],[13.337752763000026,38.07950544100004],[13.338036872000032,38.07931771900007],[13.337931583000056,38.07921608400005],[13.338212181000074,38.078968746000044],[13.338318966000031,38.07900788100005],[13.338424346000068,38.078946537000036],[13.33852312700003,38.07900392000005],[13.338350324000032,38.07917727600005],[13.33876288600004,38.07946214200007],[13.338914632000069,38.07956692300007],[13.339097906000063,38.07969716800005],[13.339241001000062,38.07954463400006],[13.340123994000066,38.07965198800008],[13.340334169000073,38.079129987000044],[13.340693102000046,38.07921445300008],[13.340579280000043,38.07951666200006],[13.340632740000046,38.07957571800006],[13.34042082700006,38.079985674000056],[13.339547821000053,38.07981691900005],[13.339512868000043,38.07999355600003],[13.339376196000046,38.08041760800006],[13.339762266000037,38.08070337400005],[13.339831576000051,38.08075467100008],[13.340451926000071,38.081276960000025],[13.340441867000038,38.081337002000055],[13.340620434000073,38.08128515900006],[13.341010880000056,38.08031748800005],[13.341439884000067,38.080433397000036],[13.341501745000073,38.08029034100008],[13.342600377000053,38.08058716000005],[13.342786570000044,38.08020328500004],[13.34387599300004,38.08065122700003],[13.343817066000042,38.08088318800003],[13.342920893000041,38.08055375200007],[13.34260275400004,38.081240508000064],[13.342854079000062,38.08134250300003],[13.342829997000024,38.081472646000066],[13.34252576800003,38.081397741000046],[13.342405359000054,38.08181867400003],[13.34281680600003,38.08193987300007],[13.342600846000039,38.082741327000065],[13.342961380000077,38.08284645800006],[13.342838570000026,38.08307360300006],[13.34298480900003,38.08316512700003],[13.342864044000066,38.08344725400008],[13.34347819900006,38.08369035100003],[13.343629676000035,38.08329150700007],[13.343744762000028,38.08332127700004],[13.343999216000043,38.082698770000036],[13.344379426000046,38.08281668200004],[13.344662846000062,38.08288398600007],[13.344774911000059,38.083047374000046],[13.345239803000027,38.08256852300008],[13.345516180000061,38.08176344100008],[13.34622715100005,38.08182268500008],[13.346453933000078,38.08124200000003],[13.345853745000056,38.08100843900007],[13.345938588000024,38.08079859800006],[13.346107395000047,38.08081505000007],[13.346232132000068,38.08041582800007],[13.346121023000023,38.08021026000006],[13.346161635000044,38.08003442900008],[13.34627086200004,38.07975110500007],[13.345902126000055,38.07966064800007],[13.345993709000027,38.07930008900007],[13.345815722000054,38.079266199000074],[13.345438106000074,38.07919328700007],[13.345305439000072,38.07917293100007],[13.345456383000055,38.07888206300004],[13.345458380000025,38.07884805800006],[13.345258448000038,38.07834443300004],[13.344711391000033,38.078193242000054],[13.344861101000049,38.07780712500005],[13.345084173000032,38.07785057500007],[13.344986083000038,38.077564222000035],[13.34517530900007,38.07695303700007],[13.34447521900006,38.07675120500005],[13.344291239000029,38.076809025000045],[13.343850232000023,38.077840974000026],[13.344007933000057,38.07789616800005],[13.343961404000027,38.07803073300005],[13.343764613000076,38.078005708000035],[13.343664972000056,38.07816378000007],[13.342880501000025,38.07795586700007],[13.34297476200004,38.077783633000024],[13.34332323500007,38.07783894700003],[13.34339250100004,38.07762814300003],[13.343600975000072,38.07762042400003],[13.343950818000053,38.076932491000036],[13.343635494000068,38.07674670200004],[13.343257194000046,38.07718436600004],[13.342801918000077,38.07754948200005],[13.34257885900007,38.07746439300007],[13.343330860000037,38.07666463400005],[13.343216361000032,38.07657193600005],[13.343391845000042,38.07631411700004],[13.34383342500007,38.076484461000064],[13.34437648000005,38.076417003000074],[13.344451125000035,38.07640773000003],[13.344525265000073,38.07622883000005],[13.344542889000024,38.07610258100004],[13.345098883000048,38.07625507800003],[13.345099943000037,38.076568534000046],[13.345780927000021,38.076643594000075],[13.34624954800006,38.076715912000054],[13.346817961000056,38.07680363700007],[13.346913681000046,38.076818409000055],[13.34691159700003,38.07689579000004],[13.346902042000067,38.07725127000003],[13.347509385000023,38.077531683000075],[13.347469745000069,38.07794419000004],[13.347142660000031,38.077962798000044],[13.347105828000053,38.07858677100006],[13.34837245600005,38.07886805000004],[13.348851545000059,38.078969560000075],[13.348843620000025,38.079112534000046],[13.349796626000057,38.079271762000076],[13.349883729000055,38.079080453000074],[13.350546741000073,38.079192059000036],[13.350396354000054,38.079975895000075],[13.35279188900006,38.08107515000006],[13.353267585000026,38.079858718000025],[13.352235148000034,38.079517520000024],[13.35138820800006,38.079287831000045],[13.351430890000074,38.07906071800005],[13.35220644900005,38.07912109000006],[13.352428891000045,38.07814405600004],[13.351369661000035,38.077881683000044],[13.351444526000023,38.07730147400008],[13.351195160000032,38.07726127600006],[13.351294908000057,38.07686844600005],[13.351403272000027,38.076871581000034],[13.351683518000073,38.076918884000065],[13.351656300000059,38.07728956700004],[13.352615166000021,38.07740964100003],[13.35285377200006,38.07645390700003],[13.353108477000035,38.07535489300005],[13.352194294000071,38.07543421500003],[13.351431424000054,38.075436575000026],[13.351480067000068,38.075979551000046],[13.351306872000066,38.07598090300007],[13.351228424000055,38.075800564000076],[13.350928021000072,38.07578643700003],[13.350080440000056,38.07558644000005],[13.349583675000076,38.07581255000008],[13.349428321000062,38.07569246000003],[13.348730046000071,38.07581563100007],[13.348754098000029,38.07594444800003],[13.347214017000056,38.076260955000066],[13.34719470500005,38.07648866300008],[13.34687763900007,38.076511855000035],[13.34699093200004,38.075957919000075],[13.346964324000055,38.075647600000025],[13.347049927000057,38.07561347200004],[13.348281980000024,38.075323542000035],[13.35005620100003,38.07499205500005],[13.350092645000075,38.07499356300008],[13.351871407000033,38.07506703000007],[13.352939267000068,38.074943390000044],[13.355097681000075,38.07424098800004],[13.354996495000023,38.07372473600003],[13.355296659000032,38.073748730000034],[13.355966224000042,38.07406503100003],[13.35604237900003,38.074066095000035],[13.356805484000063,38.07407676500003],[13.357695723000063,38.07404961800006],[13.357829217000074,38.07375767000008],[13.357880158000057,38.07364626800006],[13.357824848000064,38.07331876200004],[13.358322625000028,38.07321215500008],[13.359864468000069,38.072881926000036],[13.360587231000068,38.073060318000046],[13.361500289000048,38.07327763300003],[13.361776597000073,38.07227172200004],[13.360916253000028,38.07237543700006],[13.360833866000064,38.07194834100005],[13.36036172300004,38.071976446000065],[13.360346396000068,38.07181553400005],[13.361229950000052,38.071700296000074],[13.361096089000057,38.07112786600004],[13.36158954800004,38.071034206000036],[13.361680655000043,38.07142173200003],[13.362752723000028,38.071521734000044],[13.362657871000067,38.07183369000006],[13.362055295000062,38.07169471200007],[13.361981480000054,38.07182656600003],[13.362111539000068,38.07187206700007],[13.362101887000051,38.07194402600004],[13.362022851000063,38.072140629000046],[13.362655723000046,38.072299619000034],[13.362542188000077,38.07263416600006],[13.362150481000072,38.07255109300007],[13.361846571000058,38.073359193000044],[13.36276848500006,38.07357585800003],[13.36265502200007,38.074168332000056],[13.363068791000046,38.074718637000046],[13.363942992000034,38.07484961500006],[13.36406613500003,38.07465136500008],[13.363951175000068,38.07458295300006],[13.364019290000044,38.07427916200004],[13.364175544000034,38.07431280000003],[13.364367062000042,38.07393674000008],[13.364160061000064,38.07358736500004],[13.364063542000054,38.07357458800004],[13.364078132000031,38.07336244900006],[13.364201543000036,38.07339071600006],[13.364322426000058,38.07300346900007],[13.364055496000049,38.07292901400007],[13.363389987000062,38.07273903500004],[13.363272426000037,38.07270742500003],[13.36331221000006,38.07253738500003],[13.363471618000062,38.07253566800006],[13.36460770900004,38.07257180700003],[13.365065951000076,38.07168713200008],[13.365761262000035,38.07140968300007],[13.365947836000032,38.07147168700004],[13.36594517900005,38.07159044400004],[13.365367823000042,38.07276060400005],[13.365302855000039,38.07298324800007],[13.365948847000027,38.07316014100007],[13.366008811000029,38.073100527000065],[13.36646937100005,38.073216079000076],[13.366328413000076,38.07351540900004],[13.366159544000027,38.07365080400007],[13.365831342000035,38.07415793800004],[13.365505317000043,38.074625541000046],[13.365216931000077,38.074582478000025],[13.365043731000071,38.074537916000054],[13.365128817000027,38.07505422400004],[13.365565412000024,38.07509425200004],[13.365679690000036,38.074963342000046],[13.365811822000069,38.074972770000045],[13.365844793000065,38.07511986500003],[13.366529352000043,38.07518262000008],[13.368648762000078,38.075103152000054],[13.36862106600006,38.07465724000008],[13.368527022000023,38.07437871600007],[13.36824815600005,38.07339466900004],[13.368988079000076,38.073365341000056],[13.36912353300005,38.07318185500003],[13.36922379400005,38.07447240000005],[13.369112690000065,38.074525454000025],[13.369176848000052,38.07558572600004],[13.369321012000057,38.075864946000024],[13.369332201000077,38.075867807000066],[13.369458122000026,38.07748864800004],[13.365916446000028,38.09720734900003],[13.365260160000048,38.09677745400006],[13.364949143000047,38.097145961000024],[13.36442635700007,38.09690022700005],[13.364341492000051,38.097028728000055],[13.364089729000057,38.09692489200006],[13.364192858000024,38.09678736300003],[13.363433987000064,38.096400293000045],[13.363107244000048,38.09627614000004],[13.362290220000034,38.09761541800003]]],[[[13.364077533000057,38.09949044000007],[13.364926603000072,38.09975551200006],[13.364952090000031,38.09979441300004],[13.356881204000047,38.11527981300003],[13.338744285000075,38.11481085100007],[13.337887376000026,38.11428780700004],[13.333329933000073,38.08586523100007],[13.333745967000027,38.08604298800003],[13.334630385000025,38.08630878900004],[13.334752773000048,38.08633084400003],[13.334817568000062,38.086226992000036],[13.335395285000061,38.08644115200008],[13.335476171000039,38.086707674000024],[13.336081453000077,38.087110187000064],[13.337432739000064,38.08760063400007],[13.338540350000073,38.08823535700003],[13.339283163000061,38.08854753000003],[13.339092188000052,38.08886279700005],[13.339281412000048,38.08893524000007],[13.340034418000073,38.08910767700007],[13.340320080000026,38.089076539000075],[13.340323277000039,38.08893588600006],[13.340421195000033,38.08893728000004],[13.340534689000037,38.08903735100006],[13.34113461800007,38.08889106700008],[13.341694966000034,38.088920091000034],[13.341831839000065,38.088774287000035],[13.342404910000027,38.089028588000076],[13.342410949000055,38.08915530500008],[13.342725227000074,38.089434089000065],[13.342895472000066,38.08978117800007],[13.343340254000054,38.08980152500004],[13.343605446000026,38.090283621000026],[13.343861717000038,38.090420420000044],[13.344485328000076,38.09075327800008],[13.34523475100002,38.09148136500005],[13.345523921000051,38.09168944900006],[13.345261169000025,38.091889742000035],[13.345547150000073,38.09210982600007],[13.345594818000052,38.092146514000035],[13.34569883000006,38.09222655000008],[13.346845468000026,38.092294509000055],[13.347018860000048,38.092304789000025],[13.347255162000067,38.09231879600003],[13.34735654900004,38.09229991700005],[13.347551034000048,38.092263708000075],[13.347747020000043,38.092227226000034],[13.34771329800003,38.09214233700004],[13.34819350400005,38.091776252000045],[13.349295943000072,38.09146111300004],[13.350072763000071,38.09097257500008],[13.350194227000031,38.091114968000056],[13.350093096000023,38.09204916900006],[13.350447115000065,38.092145584000036],[13.350405992000049,38.09239121300004],[13.349806201000035,38.09253053200007],[13.349944265000033,38.09312336800008],[13.349670700000047,38.093407943000045],[13.349638759000072,38.09363965500006],[13.349773139000035,38.09400029200003],[13.349900830000024,38.094262385000036],[13.349911979000069,38.09433379700005],[13.350017611000055,38.09500969700008],[13.349759525000024,38.09579395000003],[13.350147764000042,38.09595417100007],[13.350324924000063,38.096392793000064],[13.350806188000035,38.09677239700005],[13.351505962000033,38.09689204500006],[13.351572438000062,38.09690505100008],[13.35205383500005,38.09703239500004],[13.35215382000007,38.09654519700007],[13.35218874700007,38.09654812600007],[13.352560415000028,38.096579295000026],[13.352908883000055,38.09666968500005],[13.35289487800003,38.096725724000066],[13.35343356800007,38.09680979700005],[13.353275195000037,38.097177180000074],[13.353398268000035,38.097275436000075],[13.353463634000036,38.09732756600005],[13.353523435000056,38.09733758900006],[13.353792288000022,38.097293713000056],[13.354080525000029,38.097280358000035],[13.354134148000071,38.09727787200006],[13.354620854000075,38.09692830800003],[13.354751234000048,38.09702970300003],[13.354325286000062,38.097405037000044],[13.354880670000057,38.097364163000066],[13.355696283000043,38.097530334000055],[13.356498824000028,38.097485289000076],[13.356759502000045,38.097503061000054],[13.357020182000042,38.09752083500007],[13.357147957000052,38.09752955100004],[13.35748902000006,38.09701374900004],[13.357896521000043,38.09711090300004],[13.357680251000033,38.09762140300006],[13.358672532000071,38.09758336400006],[13.358909948000075,38.097320022000076],[13.359231936000072,38.097497314000066],[13.359345897000026,38.09743425400006],[13.359522947000073,38.09763406800005],[13.359661844000073,38.097719149000056],[13.360267142000055,38.09808991600005],[13.360702314000036,38.09837527800005],[13.360671242000024,38.098541374000035],[13.361136402000056,38.09878818800007],[13.361444858000027,38.09893316900008],[13.36225065800005,38.09914138100004],[13.362687137000023,38.099210620000065],[13.363368875000049,38.09931876300004],[13.363608988000067,38.09893520800006],[13.363996659000065,38.09912351400004],[13.364077533000057,38.09949044000007]]]]}},{"type":"Feature","properties":{"service_id":4,"population_total":38490.92,"thiessen_area_km2":3.4912,"population_share":0.06327425383368054,"area_share":0.04045604396417035,"population_covered":11404.79,"area_covered_km2":1.5597,"population_coverage_ratio":0.29629823353923124,"area_coverage_ratio":0.4467428322210057},"geometry":{"type":"MultiPolygon","coordinates":[[[[13.366380255000024,38.098934314000076],[13.366068495000036,38.09887095000005],[13.366070514000057,38.09877953400007],[13.366161584000054,38.09873632000006],[13.366380255000024,38.098934314000076]]],[[[13.372115404000056,38.121923163000076],[13.37229688900004,38.12194965300006],[13.372785426000064,38.122496055000056],[13.372532354000043,38.123643737000066],[13.372267854000029,38.12462336700003],[13.372116438000035,38.12529279600005],[13.37202753500003,38.12587915900008],[13.371978311000078,38.12604635400004],[13.37182424100007,38.12615214500005],[13.371643274000064,38.126101676000076],[13.37158527400004,38.12598095800007],[13.372481552000067,38.12251581600003],[13.371335505000047,38.12151662500003],[13.370849358000044,38.121545851000064],[13.37074960600006,38.12057316200003],[13.37021823200007,38.12058977800007],[13.369302376000064,38.120157360000064],[13.369098049000058,38.11979476300007],[13.368771587000026,38.11946646800004],[13.368503643000054,38.119234894000044],[13.368173188000071,38.11908641900004],[13.367674033000071,38.11901952000005],[13.367292199000076,38.11913412100006],[13.366998949000049,38.11935789800003],[13.36689995200004,38.11971626600007],[13.366877577000025,38.12003972300005],[13.366995298000063,38.12020324300005],[13.367382950000035,38.12050842200006],[13.36823385300005,38.12113182000007],[13.368242610000038,38.121419735000075],[13.370332433000044,38.122959697000056],[13.369992414000023,38.12371524400004],[13.369247434000044,38.125412323000035],[13.364965265000023,38.125591867000026],[13.364698265000072,38.126097601000026],[13.359985473000052,38.12157367200007],[13.356881204000047,38.11527981300003],[13.364952090000031,38.09979441300004],[13.36539173400007,38.10046543500005],[13.366609818000029,38.09975781600008],[13.366855198000053,38.09962063300003],[13.366929699000025,38.09957898300007],[13.367030199000055,38.099522798000066],[13.380435116000058,38.11166013800005],[13.380307605000041,38.11181877100006],[13.380016711000053,38.11197703000005],[13.37972389600003,38.112221814000065],[13.379623347000063,38.11243680200005],[13.379400142000065,38.11262844400005],[13.379547780000053,38.112760309000066],[13.379477206000047,38.112856700000066],[13.378838955000049,38.112631529000055],[13.378551636000054,38.112627556000064],[13.378312206000032,38.11313812800006],[13.378470563000064,38.113199816000076],[13.37910953900007,38.113392555000075],[13.378795385000046,38.11398322100007],[13.37898407800003,38.114115656000024],[13.379190016000052,38.114086034000024],[13.379626340000073,38.113540311000065],[13.379775637000023,38.11359646900007],[13.37925530800004,38.114227577000065],[13.378939206000041,38.11428813200007],[13.377923236000072,38.115669678000074],[13.377620914000033,38.11587762600004],[13.377380998000035,38.11605164700006],[13.377239646000021,38.11625524400006],[13.376930251000033,38.11662960800004],[13.376244240000062,38.117323329000044],[13.375056303000065,38.11843201200003],[13.374495809000052,38.11901926000007],[13.374159269000074,38.11938243600008],[13.373560002000033,38.11972473800006],[13.373252946000036,38.11988836200004],[13.37285302500004,38.12013465200005],[13.372452836000036,38.120392922000065],[13.372242873000062,38.12028207700007],[13.372015391000048,38.12027893800007],[13.371890317000066,38.12044506900003],[13.371763393000037,38.120695140000066],[13.37163646700003,38.12094520900007],[13.371612240000047,38.12135258700005],[13.372115404000056,38.121923163000076]]],[[[13.36809171300007,38.12685634300004],[13.367732803000024,38.12744903600003],[13.366032306000022,38.12737818200003],[13.365299225000058,38.12667447800004],[13.36809171300007,38.12685634300004]]],[[[13.367362096000022,38.128570970000055],[13.367331017000026,38.12862484800007],[13.367262046000064,38.12855864100004],[13.367362096000022,38.128570970000055]]],[[[13.37114015800006,38.13073326400007],[13.370776548000038,38.13193230100006],[13.37009521300007,38.13127827000005],[13.370306069000037,38.13056061300006],[13.37114015800006,38.13073326400007]]],[[[13.373097095000048,38.13337340500004],[13.372729682000056,38.13360097800006],[13.372445042000038,38.133533931000045],[13.371679485000072,38.13279905300004],[13.372539442000061,38.13298983300007],[13.372948351000048,38.13191272000006],[13.373767175000069,38.129713723000066],[13.375019414000064,38.126348447000055],[13.375425305000022,38.12642565500005],[13.380130559000065,38.12255320600008],[13.380331131000048,38.12269915600007],[13.378049057000055,38.12452004700003],[13.375880259000041,38.12633351300008],[13.375531170000045,38.12675821500005],[13.375268824000045,38.12749840500004],[13.374903078000045,38.128530316000024],[13.373097095000048,38.13337340500004]]],[[[13.375647040000047,38.136607611000045],[13.375466243000062,38.13643405900007],[13.375631120000037,38.13612119800007],[13.375379372000054,38.13604703800007],[13.37593905400007,38.13500643500004],[13.376190799000028,38.135080594000044],[13.377434803000028,38.132753742000034],[13.377361074000078,38.13271737200006],[13.377531508000061,38.13242525800007],[13.377812538000057,38.13252337000006],[13.37667665400005,38.134680923000076],[13.375647040000047,38.136607611000045]]]]}},{"type":"Feature","properties":{"service_id":6,"population_total":33519.18,"thiessen_area_km2":4.0314,"population_share":0.05510134392032609,"area_share":0.04671601557882723,"population_covered":15308.15,"area_covered_km2":1.6386,"population_coverage_ratio":0.4566981298691065,"area_coverage_ratio":0.40646217594295814},"geometry":{"type":"MultiPolygon","coordinates":[[[[13.379474802000061,38.089255809000065],[13.379423763000034,38.08922683000003],[13.37905312600003,38.08903162200005],[13.37915160700004,38.08887613300004],[13.379474802000061,38.089255809000065]]],[[[13.392746569000053,38.104846904000055],[13.392571565000026,38.104948137000065],[13.392643400000054,38.10518015800005],[13.392149192000034,38.10527067900006],[13.391296243000056,38.10558733900007],[13.391045933000044,38.10577846800004],[13.390641850000065,38.10596749800004],[13.389212717000078,38.10660457800003],[13.389088842000035,38.106651879000026],[13.387506349000034,38.10725607300003],[13.386513069000046,38.10765588000004],[13.385767196000074,38.10799828300003],[13.385033644000032,38.10831773800004],[13.384819762000063,38.10841087700004],[13.384260534000077,38.108658551000076],[13.383621472000073,38.10903889100007],[13.383166655000025,38.10943392300004],[13.382944138000028,38.10975919900005],[13.382630664000033,38.110022395000044],[13.382209550000027,38.11028413300005],[13.381759018000025,38.11048464400005],[13.381261686000073,38.11071492000008],[13.38105302200006,38.11090949100003],[13.380953915000077,38.111059573000034],[13.38088145000006,38.11124248800007],[13.380742492000024,38.11133793100004],[13.380656814000076,38.11149904000007],[13.380462415000068,38.11162617600007],[13.380435116000058,38.11166013800005],[13.367030199000055,38.099522798000066],[13.367628898000078,38.099188094000056],[13.366380255000024,38.098934314000076],[13.366161584000054,38.09873632000006],[13.36633013100004,38.09865634100004],[13.366430569000045,38.09860868100003],[13.36643573200007,38.098376597000026],[13.366752377000068,38.09775492000006],[13.365916446000028,38.09720734900003],[13.369458122000026,38.07748864800004],[13.376852366000037,38.08617508400005],[13.37659803400004,38.08672917800004],[13.377124258000038,38.086893702000054],[13.377101444000061,38.087038895000035],[13.377716371000076,38.08719008000003],[13.377870127000051,38.08737070600006],[13.377773223000077,38.08753146200007],[13.377099208000061,38.08731770800006],[13.376581319000024,38.08781983200004],[13.376266007000027,38.08770716600003],[13.375769707000075,38.088676349000025],[13.376810990000024,38.08923974900006],[13.377054380000061,38.08899175400006],[13.377320913000062,38.08913112700003],[13.377143380000064,38.08932191300005],[13.377666256000055,38.08964085400004],[13.378144022000072,38.089204927000026],[13.378535587000044,38.08943419700006],[13.37847868700004,38.08953586800004],[13.38015570400006,38.09040898100005],[13.380319266000072,38.090247849000036],[13.392746569000053,38.104846904000055]]]]}},{"type":"Feature","properties":{"service_id":3,"population_total":8154.04,"thiessen_area_km2":1.1546,"population_share":0.013404215398241865,"area_share":0.013379616868605506,"population_covered":7741.26,"area_covered_km2":1.0244,"population_coverage_ratio":0.9493771661592783,"area_coverage_ratio":0.8872549457374679},"geometry":{"type":"Polygon","coordinates":[[[13.420398774000034,38.09844039200004],[13.420367571000043,38.09844460700003],[13.419162822000033,38.09863552300004],[13.417587445000038,38.09880416400006],[13.417474233000064,38.09899248900007],[13.41721308700005,38.09895446100006],[13.417445474000033,38.098301725000056],[13.417098543000066,38.098193501000026],[13.416725674000077,38.09827477600004],[13.416417920000072,38.09837418200004],[13.416583572000036,38.098790644000076],[13.416846564000025,38.09874241000006],[13.416929762000052,38.098933371000044],[13.416447774000062,38.09901318500005],[13.416190259000075,38.09834909400007],[13.415830802000073,38.09823827400004],[13.415562966000039,38.09822936200004],[13.414717058000065,38.09830272700003],[13.414260841000043,38.09832834900004],[13.414003542000046,38.098452042000076],[13.413748762000068,38.09845919600008],[13.413144716000033,38.09850400800008],[13.41279477200004,38.09857345200004],[13.412285190000034,38.09858775600003],[13.411721568000075,38.09862251800007],[13.411222168000052,38.09878530200007],[13.410990502000061,38.09896230800007],[13.410828938000066,38.098997214000065],[13.410495127000047,38.09893971500003],[13.41024079600004,38.098925671000075],[13.409850193000068,38.09901574300005],[13.409472747000052,38.09911659000005],[13.408587566000051,38.09914699400008],[13.407953279000026,38.09935032300007],[13.407117086000028,38.099593276000064],[13.406228207000026,38.099793143000056],[13.406031262000056,38.09982800600005],[13.401218868000058,38.089075845000025],[13.401325100000065,38.08904695600006],[13.40152014900002,38.08920643300007],[13.401949152000043,38.08955720200004],[13.403027326000029,38.08881204000005],[13.403807243000074,38.088574995000045],[13.404075860000034,38.08881450500007],[13.40490175900004,38.08862553800003],[13.405372776000036,38.088395545000026],[13.406101547000048,38.08818203200008],[13.407277256000043,38.089733875000036],[13.40802571100005,38.090596823000055],[13.408695867000063,38.091240930000026],[13.408974883000042,38.091547268000056],[13.40920092400006,38.09175444300007],[13.409852168000043,38.09160887000007],[13.41021668600007,38.09155041400004],[13.410515974000077,38.09134898000008],[13.410918825000067,38.09122195800006],[13.412278693000076,38.09076807200006],[13.41376766600007,38.09010794300008],[13.414539043000048,38.08975448700005],[13.414022815000067,38.088901419000024],[13.413822718000063,38.088971927000046],[13.413405503000035,38.088052953000044],[13.414106252000067,38.08759460400006],[13.413422939000043,38.08659406600003],[13.412479553000026,38.08704021300008],[13.412507520000077,38.087113601000055],[13.411762434000025,38.08751383600003],[13.411954474000026,38.087835392000045],[13.411817986000074,38.087914967000074],[13.411370136000073,38.08738591300005],[13.411040378000052,38.08756028100004],[13.41032341700003,38.08655680100003],[13.411824748000072,38.08633284300004],[13.413336505000075,38.08628217000006],[13.41394844100006,38.08627775200006],[13.41399487600006,38.08629578000006],[13.414035753000064,38.086290476000045],[13.414852519000021,38.086334914000076],[13.415183110000044,38.086695794000036],[13.415622597000038,38.08723635600006],[13.415813434000029,38.08753967200005],[13.415784765000069,38.08756155700007],[13.416004297000029,38.087842985000066],[13.41629114500006,38.088270102000024],[13.415934916000026,38.08844350600003],[13.415851561000068,38.08838669900007],[13.415254996000044,38.088590268000075],[13.415628011000024,38.08907517600005],[13.415694316000042,38.089172322000024],[13.41643132300004,38.08892618500005],[13.416460615000062,38.08891004700007],[13.416963090000024,38.08863321100006],[13.416832935000059,38.088427196000055],[13.41702947300007,38.088296365000076],[13.417450839000026,38.08813097500007],[13.417643032000058,38.088436830000035],[13.417786678000027,38.08847612400007],[13.41836895800003,38.09069732700004],[13.418342851000034,38.090657202000045],[13.417984470000022,38.09067333000007],[13.418060556000057,38.09078839000006],[13.417905584000039,38.090852400000074],[13.417566805000035,38.09042422400006],[13.417397590000064,38.090466251000066],[13.417723872000067,38.091027577000034],[13.417385198000034,38.09119214700007],[13.417821581000055,38.091804016000026],[13.417508428000076,38.09204230200004],[13.417601839000042,38.09224399900006],[13.417406430000028,38.09231218100007],[13.417268742000033,38.09206571000004],[13.417453743000067,38.09196527000006],[13.417040512000028,38.09135963500006],[13.416712391000033,38.09172679100004],[13.416312755000035,38.09195159600006],[13.416840318000027,38.09276809100004],[13.416507887000023,38.092926970000065],[13.416042468000057,38.093150894000075],[13.415554644000053,38.09266907400007],[13.415159320000043,38.09285238600006],[13.415348907000066,38.09311946400004],[13.414341742000033,38.093617549000044],[13.41410644900003,38.09332039100008],[13.414531303000047,38.09311028600007],[13.414388424000038,38.09269789000007],[13.413661692000062,38.09239849200003],[13.41331727100004,38.09180721800004],[13.412933552000027,38.09195567300003],[13.413260219000051,38.09242873300008],[13.41298811200005,38.092518065000036],[13.413041040000053,38.09261876200003],[13.412475014000051,38.09291125900006],[13.412477823000074,38.09295789000004],[13.410657356000058,38.093603650000034],[13.410875013000066,38.093897912000045],[13.410379249000073,38.094217928000035],[13.410756611000068,38.09485404700007],[13.411449428000026,38.09602196000003],[13.41131802600006,38.09607165600005],[13.411415237000028,38.09623704000006],[13.411318188000052,38.09628742600006],[13.411546208000061,38.096674309000036],[13.411131944000033,38.09687422700006],[13.411448688000064,38.09735853900003],[13.41183834700007,38.098032113000045],[13.412177467000049,38.09799956300003],[13.412120608000066,38.097152281000035],[13.411985746000028,38.096868286000074],[13.412870589000022,38.09681341400005],[13.413021525000033,38.09722386800007],[13.413340877000053,38.09723560700007],[13.41412299500007,38.09714963700003],[13.414512631000036,38.09711760000005],[13.414277807000076,38.09655714100006],[13.414574784000024,38.09650282100006],[13.414803195000047,38.097093707000056],[13.415752205000047,38.09701566800004],[13.415294404000065,38.09601447400007],[13.415677833000075,38.095670649000056],[13.41509338000003,38.094819416000064],[13.415071217000047,38.09477646700003],[13.415268113000025,38.094646821000026],[13.415320993000023,38.09471604000004],[13.41566414600004,38.09456406900006],[13.416233438000063,38.094319265000024],[13.416304307000075,38.09452072600004],[13.415951447000054,38.09475358000003],[13.416075974000023,38.095081986000025],[13.415950916000043,38.09521394600006],[13.416453747000048,38.09543606600005],[13.416479941000034,38.095369600000026],[13.41658194100006,38.09512843300007],[13.416547652000077,38.095044432000066],[13.416742819000035,38.09496158500008],[13.416702421000025,38.094902148000074],[13.416932362000068,38.09478547700007],[13.416958950000037,38.09484918800007],[13.417075038000064,38.09479234200006],[13.417091620000065,38.09462786100005],[13.417788526000038,38.09413231900004],[13.417899050000074,38.09423775400006],[13.41820709500007,38.09411632700005],[13.418343798000024,38.09405616600003],[13.418423869000037,38.09417205500006],[13.418285909000076,38.094231587000024],[13.418484689000024,38.09454266300003],[13.418552201000068,38.09489999600004],[13.418439229000057,38.095344013000044],[13.418250783000076,38.09536374800007],[13.418197057000043,38.09525447600004],[13.417581787000074,38.09543642600005],[13.417414714000074,38.095337640000025],[13.417085478000047,38.09534805000004],[13.41701243700004,38.095500738000055],[13.416898418000073,38.095739079000055],[13.416988072000038,38.09594079000004],[13.417281974000048,38.095825931000036],[13.417409691000046,38.09600586400006],[13.417000145000031,38.09625282700006],[13.417457080000077,38.09686043500005],[13.417588959000057,38.096847370000035],[13.417639640000061,38.09667726200007],[13.417935056000033,38.09653345800007],[13.417977307000058,38.09702539800003],[13.41838004400006,38.09698060900007],[13.418441441000027,38.09698507600007],[13.41847141900007,38.09703270800003],[13.418525240000065,38.097209674000055],[13.419067746000053,38.09707778500007],[13.418967649000024,38.09677597500007],[13.418878753000058,38.096794388000035],[13.418840676000059,38.096725261000074],[13.41871530800006,38.09636072500007],[13.418674302000056,38.09621181500006],[13.419107447000044,38.09622785000005],[13.419405899000026,38.09617302200007],[13.419384525000055,38.09607001100005],[13.419501887000024,38.096054802000026],[13.419584291000035,38.09622519100003],[13.419806897000058,38.09618258000006],[13.420398774000034,38.09844039200004]]]}},{"type":"Feature","properties":{"service_id":18,"population_total":53632.32,"thiessen_area_km2":3.2042,"population_share":0.08816481805757115,"area_share":0.037130530674540016,"population_covered":28011.73,"area_covered_km2":1.7043,"population_coverage_ratio":0.5222919921694166,"area_coverage_ratio":0.5318984790377232},"geometry":{"type":"Polygon","coordinates":[[[13.350017808000075,38.133592615000055],[13.346327445000043,38.13519549600005],[13.337194956000076,38.12853313900007],[13.338744285000075,38.11481085100007],[13.356881204000047,38.11527981300003],[13.359985473000052,38.12157367200007],[13.350017808000075,38.133592615000055]]]}},{"type":"Feature","properties":{"service_id":7,"population_total":3711.09,"thiessen_area_km2":1.9642,"population_share":0.00610056510007581,"area_share":0.022761569044412396,"population_covered":2797.91,"area_covered_km2":1.205,"population_coverage_ratio":0.753932881547301,"area_coverage_ratio":0.6134933843355748},"geometry":{"type":"MultiPolygon","coordinates":[[[[13.287992264000025,38.20992999900005],[13.288008479000041,38.21004160900003],[13.287966673000028,38.21062016600007],[13.287879721000024,38.21071542800007],[13.28744099100004,38.21074371200007],[13.286672833000068,38.210248722000074],[13.286447964000047,38.21008899100008],[13.287359465000065,38.20975174400007],[13.287992264000025,38.20992999900005]]],[[[13.32208984700003,38.219385197000065],[13.32196615600003,38.219486044000064],[13.321915119000039,38.21944426700003],[13.32185540000006,38.21940236800003],[13.321787335000067,38.219346666000035],[13.321643777000077,38.21940661300005],[13.320913347000044,38.21908578800003],[13.321173471000066,38.218829637000056],[13.321000361000074,38.21775791700003],[13.321368319000044,38.21772604800003],[13.321622800000057,38.21771483600003],[13.321649313000023,38.217381069000055],[13.321748055000057,38.21718200000004],[13.321797627000024,38.21666294900007],[13.321650409000029,38.21610393800006],[13.321495347000052,38.21588639600003],[13.321555191000073,38.21533035300007],[13.321778683000048,38.21502910700008],[13.322275734000073,38.213885282000035],[13.322193575000028,38.21377273400003],[13.322222461000024,38.21333505200005],[13.32280154800003,38.21312800100003],[13.323144667000065,38.21294726800005],[13.323605701000076,38.21296128200004],[13.323749055000064,38.212458413000036],[13.32485261100004,38.21196181200003],[13.325284347000036,38.21161157500006],[13.325434935000033,38.21161370800007],[13.325588586000038,38.21148225700006],[13.325845963000063,38.21134483800006],[13.326222381000036,38.21094182000007],[13.326436078000029,38.21065527800005],[13.326102692000063,38.210412914000074],[13.325904171000047,38.21044721100003],[13.325774789000036,38.21034140800003],[13.325986284000066,38.210151361000044],[13.32530923400003,38.20970362500003],[13.324794762000067,38.209513446000074],[13.324744914000064,38.209495021000066],[13.324431658000037,38.20937923100007],[13.323846376000063,38.209036739000055],[13.323425746000055,38.20890449600006],[13.323118947000069,38.209145145000036],[13.322742465000033,38.20913976000003],[13.322547878000023,38.20900332400004],[13.322655342000076,38.20883407200006],[13.322067171000072,38.208617770000046],[13.322041666000075,38.20849859600003],[13.321565737000071,38.20831358400005],[13.321429886000033,38.20848984100007],[13.320623380000029,38.208352081000044],[13.320135504000064,38.20827826800007],[13.319990580000024,38.20843954800006],[13.318894172000057,38.20821594000006],[13.318676667000034,38.207848984000066],[13.318102784000075,38.20768892800004],[13.317582169000048,38.20754371000004],[13.317399764000072,38.207697033000045],[13.315984246000028,38.207431702000065],[13.316059016000054,38.20704665100004],[13.315583639000067,38.20683934900006],[13.315453943000023,38.206748376000064],[13.315640638000048,38.20640950400008],[13.315078454000059,38.20606554500006],[13.314870089000067,38.20593807000006],[13.314347843000064,38.205722657000024],[13.314210096000068,38.20598055700003],[13.313996701000065,38.20625223800005],[13.313410790000034,38.20634777400005],[13.313078138000037,38.20648408100004],[13.312750793000077,38.20639027100003],[13.31272634100003,38.20622654700003],[13.313106911000034,38.20605381800004],[13.313307963000057,38.20590820700005],[13.31323405300003,38.20543933700003],[13.312982168000076,38.20534668000005],[13.312813991000041,38.205284808000044],[13.31246526700005,38.205592084000045],[13.312391146000039,38.205657415000076],[13.31227070500006,38.20574468600006],[13.312029869000071,38.205892755000036],[13.311778742000058,38.206048655000075],[13.31150769800007,38.206192300000055],[13.311330413000064,38.20621367200005],[13.311184252000032,38.206199609000066],[13.311074267000038,38.206150182000044],[13.31094011700003,38.20606956900008],[13.310885461000055,38.206036718000064],[13.310437669000066,38.20585949600007],[13.310036927000056,38.20568294100008],[13.30949811000005,38.20537074400005],[13.309183274000077,38.20514345600003],[13.30879281500006,38.204929923000066],[13.308500368000068,38.20495539500007],[13.307962737000025,38.20499962100007],[13.307946607000076,38.20528899300007],[13.307973127000025,38.205363626000064],[13.308419557000036,38.20560024400004],[13.308586210000044,38.20572144500005],[13.308683884000061,38.20597531400006],[13.308652210000048,38.20612335800007],[13.308517031000065,38.206269914000075],[13.308463258000074,38.206558735000044],[13.308669078000037,38.207022075000054],[13.308776161000026,38.20727607600003],[13.309152126000072,38.207303772000046],[13.309194534000028,38.207504852000056],[13.309109959000068,38.20790461000007],[13.30910379200003,38.20817183300005],[13.309019215000035,38.20857157300003],[13.308922451000058,38.209498336000024],[13.30773216600005,38.210483606000025],[13.307243570000026,38.21084782200006],[13.306858520000048,38.21080514600004],[13.306811878000076,38.21159897600006],[13.306720980000023,38.21186497800005],[13.305885365000051,38.21176380500003],[13.305910442000027,38.211088467000025],[13.30578607800004,38.210767385000054],[13.305045453000048,38.21063045500006],[13.304706341000042,38.211449766000044],[13.304818123000075,38.21231271900007],[13.304553886000065,38.212338604000024],[13.304393090000076,38.21196501700007],[13.304172952000044,38.211308408000036],[13.304072521000023,38.21117329600003],[13.304066900000066,38.21100987400007],[13.303868554000076,38.21103669300004],[13.304104679000034,38.21343849100003],[13.304136748000076,38.21408494700006],[13.303477976000067,38.21447639100006],[13.302809871000022,38.214459297000076],[13.301793219000047,38.21404362900006],[13.301259645000073,38.21390967700006],[13.300546116000021,38.21341670600003],[13.300077663000025,38.21291243100006],[13.299543759000073,38.212793314000066],[13.299377442000036,38.212657241000045],[13.298418363000053,38.21219783500004],[13.298423739000043,38.21196771600006],[13.298578296000073,38.21179919200006],[13.299255887000072,38.21140804400005],[13.300056520000055,38.21098896900003],[13.300633404000052,38.21087852200003],[13.300976212000023,38.21071269500004],[13.301047345000029,38.21008259200005],[13.302056317000051,38.21001550400007],[13.30203569400004,38.21049785100007],[13.302712851000024,38.21052992700004],[13.304090780000024,38.21038648500007],[13.304372515000068,38.210011859000076],[13.304301590000023,38.20941681700003],[13.30395850900004,38.209189095000056],[13.303952718000062,38.20903309500005],[13.304231057000038,38.208398533000036],[13.304560589000062,38.207586510000056],[13.30521871600007,38.20762572800004],[13.305484656000033,38.20752561200004],[13.305469285000072,38.20737687900004],[13.305016041000044,38.207028775000026],[13.305460722000078,38.20612188000007],[13.305323861000034,38.20593426500005],[13.304469091000044,38.20625607100004],[13.304190358000028,38.20609609600007],[13.30468204400006,38.20559829000007],[13.30483921800004,38.20491000200008],[13.305060670000046,38.204697880000026],[13.305306577000067,38.20464944500003],[13.305553503000056,38.20455648300003],[13.30588885800006,38.20470983700005],[13.305735928000047,38.20440317600003],[13.305449176000025,38.204183701000034],[13.305437057000063,38.20389394500006],[13.30512718400007,38.203859770000065],[13.304971668000064,38.20366446600008],[13.305399826000041,38.203470166000045],[13.305338954000035,38.20309949500006],[13.31897361800003,38.19805479200005],[13.326411844000063,38.20302456500008],[13.326257884000029,38.203270735000046],[13.326069119000067,38.203612374000045],[13.326026642000045,38.20369628200007],[13.325740276000033,38.204964319000055],[13.325604567000028,38.20559178000008],[13.325649175000024,38.20591397700008],[13.325786427000025,38.20635377100007],[13.325884133000045,38.20662883500006],[13.326028434000023,38.20676086800006],[13.326099492000026,38.20668664100003],[13.326262217000021,38.20677105100003],[13.326225367000063,38.20686629700003],[13.32638879500007,38.20691995200008],[13.326533275000031,38.20704515400007],[13.326849607000042,38.207234379000056],[13.327093407000064,38.206806854000035],[13.32717926500004,38.20684227100003],[13.326952315000028,38.207290570000055],[13.327167208000049,38.20736890200004],[13.327503055000022,38.207462614000065],[13.327718882000056,38.207499907000056],[13.327808803000039,38.207357510000065],[13.32793526100005,38.207133544000044],[13.328072573000043,38.20681396200007],[13.328297985000063,38.206810321000034],[13.328125560000046,38.20714994100007],[13.328319346000058,38.20739216000004],[13.328429623000034,38.20749634200007],[13.328418460000023,38.207605655000066],[13.328345564000074,38.20776195900004],[13.328514625000025,38.20794909400007],[13.328631698000038,38.20813547400007],[13.328749080000023,38.208308174000024],[13.32886654400005,38.20847747700003],[13.32892328500003,38.20864932000006],[13.328886437000051,38.20874456700005],[13.32900397900005,38.208910435000064],[13.329088111000033,38.20902109700006],[13.329059921000066,38.20911646800005],[13.329116507000037,38.20929515800003],[13.329190588000074,38.20946724500004],[13.329282447000026,38.20961906700006],[13.329410531000065,38.20970298200007],[13.329434331000073,38.20979910600005],[13.329503502000023,38.209806935000074],[13.329578669000057,38.209931151000035],[13.32949756000005,38.21006682500007],[13.329617300000052,38.21013693800006],[13.329708308000022,38.210326363000036],[13.329843012000026,38.210499327000036],[13.329875182000023,38.21060925300003],[13.329993503000026,38.21074091300005],[13.329965470000047,38.21082945300003],[13.330094202000055,38.210886025000036],[13.330126195000048,38.21100278100005],[13.330244518000029,38.21113444200006],[13.330380178000041,38.21126636500003],[13.330515374000072,38.21141879800007],[13.330591011000024,38.21152250500006],[13.330597187000023,38.211632043000066],[13.330628406000073,38.211783007000065],[13.330704352000055,38.21187301600003],[13.330666398000062,38.21201615100006],[13.330542910000077,38.21211017500008],[13.330540098000029,38.21223329000003],[13.33034635100006,38.21236735400004],[13.329972777000023,38.21240650300007],[13.32986551700003,38.21254865800006],[13.329761693000023,38.21254033900004],[13.329623524000056,38.21251783300005],[13.329458741000053,38.212522335000074],[13.329217547000042,38.212457338000036],[13.329054627000062,38.21237976400005],[13.328899920000026,38.21232282100004],[13.328816560000064,38.21217797000003],[13.328672864000055,38.21201856400006],[13.32841919200007,38.21174129800005],[13.32822131200004,38.21167691000005],[13.32796247300007,38.211625326000046],[13.327658283000062,38.211662035000074],[13.327466086000072,38.21172771500005],[13.327360398000053,38.21180147000007],[13.327045818000045,38.21191328200007],[13.326872533000028,38.21191081000006],[13.326836615000047,38.21196503700003],[13.326714365000043,38.21200433900003],[13.326549272000022,38.21202251700004],[13.326364277000039,38.21215328100004],[13.326156472000037,38.21214346800008],[13.326007760000039,38.21220292900006],[13.325823929000023,38.21228240900007],[13.325630640000043,38.212395955000034],[13.325471092000043,38.21255103000004],[13.325286924000068,38.21264417000003],[13.32516640700004,38.21260824400008],[13.325069995000035,38.21265476200006],[13.324823311000046,38.21282911800006],[13.324585597000066,38.21298991700007],[13.324444139000036,38.21311104700004],[13.324315119000062,38.21306816400005],[13.324246902000027,38.21301929400005],[13.324063380000041,38.21308509200003],[13.323904893000076,38.213192279000054],[13.323683424000023,38.21340121000003],[13.323569203000034,38.21346799000003],[13.323447440000052,38.21348677800006],[13.32326990200005,38.21366896400008],[13.323148135000054,38.213687734000075],[13.322919539000054,38.21382814400005],[13.322784476000038,38.21404856800007],[13.32263215100005,38.21426531100008],[13.322584121000034,38.21446987000007],[13.322692354000026,38.21466296400007],[13.322810048000065,38.214822009000045],[13.322807714000021,38.21492459600006],[13.322822981000058,38.215013750000026],[13.322863178000034,38.21515115900007],[13.32295676800004,38.215227740000046],[13.323120757000027,38.21525745300005],[13.323152919000051,38.21536738200007],[13.323082186000022,38.215427928000054],[13.322950002000027,38.21552182200003],[13.322902751000072,38.21569219000003],[13.32286386900006,38.21587634400004],[13.32279062300006,38.21604634500005],[13.32281441400005,38.21614245200004],[13.322880896000072,38.216266552000036],[13.323453576000077,38.216240533000075],[13.323381367000025,38.21561008300006],[13.32346817000007,38.21560448300005],[13.323530788000028,38.21627584700008],[13.323183086000029,38.216318761000025],[13.322888152000075,38.21632822300006],[13.322887064000042,38.216376110000056],[13.322902198000065,38.21647209300005],[13.322984751000035,38.21665115700006],[13.323654942000076,38.21653075200004],[13.32370615700006,38.21656567900004],[13.323874863000071,38.21639021800007],[13.324239073000058,38.21600545700005],[13.32426017000006,38.21584156600005],[13.324313066000059,38.21542500400005],[13.324460207000072,38.21543394100007],[13.324458527000047,38.21588544900004],[13.32442128200006,38.21599779100006],[13.324321730000065,38.21618108400003],[13.323913873000038,38.216578911000056],[13.32384376400006,38.21661211800006],[13.323894512000038,38.21666757300005],[13.323832437000021,38.21672826200006],[13.323483331000034,38.216832742000065],[13.323335230000055,38.21686482400003],[13.323118130000069,38.21688224300004],[13.32271057500003,38.21689010400007],[13.322536477000028,38.21692183400006],[13.322386350000045,38.217042821000064],[13.32234917900007,38.21715176400005],[13.322327277000056,38.21734984500006],[13.322333443000048,38.21745940300008],[13.322346217000074,38.217657974000076],[13.322283986000059,38.21772551000004],[13.322272033000047,38.21786899500006],[13.322241938000047,38.21804644100007],[13.32218335500005,38.21833295300007],[13.322221505000073,38.21855927000007],[13.322244187000024,38.218703265000045],[13.322204966000072,38.21890109900005],[13.32223523700003,38.219093085000054],[13.32227494500006,38.21925100500005],[13.322204053000064,38.21931841800006],[13.32208984700003,38.219385197000065]]]]}},{"type":"Feature","properties":{"service_id":2,"population_total":6163.08,"thiessen_area_km2":1.6058,"population_share":0.010131332735401224,"area_share":0.018608258019906496,"population_covered":4589.99,"area_covered_km2":0.6703,"population_coverage_ratio":0.7447560117509385,"area_coverage_ratio":0.41741183823228806},"geometry":{"type":"MultiPolygon","coordinates":[[[[13.421239595000031,38.091876134000074],[13.420933654000066,38.09213261300005],[13.420546941000055,38.09175612400003],[13.420346284000061,38.091471263000074],[13.419968106000056,38.09158578300003],[13.419712343000072,38.09166322500005],[13.41962725600007,38.09156859900003],[13.419233315000042,38.091754422000065],[13.41912396500004,38.09160962800007],[13.419509177000066,38.09143728400005],[13.419273243000077,38.091174900000055],[13.419134075000045,38.09124047100005],[13.418972599000028,38.09102640900005],[13.418869851000068,38.09106528500007],[13.418615799000065,38.09107670100008],[13.41836895800003,38.09069732700004],[13.417786678000027,38.08847612400007],[13.417792940000027,38.08847783700003],[13.418747864000068,38.08796869300005],[13.41862476700004,38.08781225100006],[13.418870291000076,38.08771898200007],[13.419002854000041,38.08785361100007],[13.419864425000071,38.087486169000044],[13.419950786000072,38.08741644700007],[13.420403217000057,38.08713665600004],[13.43382198200004,38.08203915300004],[13.43386507100007,38.08211427600003],[13.434019712000065,38.08238762700006],[13.433993957000041,38.082453556000075],[13.43416972600005,38.08252557900005],[13.434130519000064,38.08267480100005],[13.434081584000069,38.08286251700008],[13.434014312000045,38.08304616100003],[13.433860722000077,38.08337075500003],[13.433856019000075,38.083519195000065],[13.433789872000034,38.083621777000076],[13.433716558000071,38.08370556600005],[13.433584240000073,38.08405035000004],[13.433571157000074,38.08433916100006],[13.433568011000034,38.08440859500007],[13.433564537000052,38.08448077200006],[13.433488781000051,38.08537075300006],[13.433512721000056,38.085505289000025],[13.433313101000067,38.08598662300005],[13.43293531200004,38.08600918600007],[13.432528529000024,38.086033487000066],[13.432296676000021,38.08604732200007],[13.43175009500004,38.08603328200007],[13.430594714000051,38.08600358100006],[13.429891791000045,38.08598551500006],[13.428850815000033,38.08594321100003],[13.427440726000043,38.08588589300007],[13.42693911300006,38.08588608800005],[13.42582403800003,38.085886525000035],[13.42467735200006,38.08588600200005],[13.424640632000035,38.086064735000036],[13.424582967000049,38.086345461000064],[13.427038154000059,38.08639100900007],[13.42672529500004,38.08678389700003],[13.426483492000045,38.08692244500003],[13.426126013000044,38.086727422000024],[13.425909148000073,38.08697574000007],[13.425919156000077,38.087820941000075],[13.42568290500003,38.087822688000074],[13.425755896000055,38.08722672500005],[13.425549277000073,38.08711947900008],[13.425151615000061,38.08701225100003],[13.424654091000036,38.086757797000075],[13.424119872000063,38.086799521000046],[13.42384676200004,38.08659770700007],[13.423652952000054,38.08675591600007],[13.42330479900005,38.08677351000006],[13.42330845600003,38.08704087700005],[13.422728232000054,38.08779793100007],[13.423008938000066,38.08808827200005],[13.42321556500002,38.088301984000054],[13.42309754300004,38.088545443000044],[13.423077629000034,38.08859713800007],[13.423298041000066,38.088837718000036],[13.423518794000074,38.089063457000066],[13.423505895000062,38.08922664600004],[13.422689881000053,38.08965876100007],[13.422507558000063,38.08975529600008],[13.422601825000072,38.09017982800003],[13.423097614000028,38.090728547000026],[13.422841069000071,38.09086947600008],[13.422279569000068,38.09117794600007],[13.421580767000023,38.09162229200007],[13.421843060000072,38.091958040000065],[13.42165072000006,38.09208752500007],[13.421399663000045,38.09174194000008],[13.421239595000031,38.091876134000074]]],[[[13.429484211000045,38.098825730000044],[13.428954159000057,38.099112055000035],[13.428251747000047,38.09929252100005],[13.427815623000072,38.099269425000045],[13.426641588000052,38.09904659400007],[13.425987641000063,38.09900330800008],[13.425620714000047,38.09880854600004],[13.425163514000076,38.09875063700008],[13.424492927000074,38.09846549500003],[13.423645155000031,38.09829879000006],[13.422838801000069,38.098236188000044],[13.421878193000055,38.09824054000006],[13.420398774000034,38.09844039200004],[13.419806897000058,38.09618258000006],[13.419917747000056,38.09616136200003],[13.419992282000067,38.09640453500003],[13.420804831000055,38.09637084600007],[13.420719161000022,38.09598358200003],[13.420899486000053,38.09590431400005],[13.42077398400005,38.09562045700005],[13.420572047000064,38.094956882000076],[13.42123037400006,38.09494344500007],[13.421444192000024,38.093743388000064],[13.421719275000044,38.09362827000007],[13.422718434000046,38.09393870200006],[13.423345249000022,38.09412946000003],[13.424149605000025,38.09376925000004],[13.42406139600007,38.09358922800004],[13.424440893000053,38.09339515800008],[13.424562513000069,38.093638654000074],[13.424800860000062,38.09414486400004],[13.425091870000074,38.094601718000035],[13.425144910000029,38.09475837800005],[13.425884009000072,38.094992088000026],[13.427302284000064,38.09544058400007],[13.427768613000069,38.09558804100004],[13.429078379000032,38.09500410800007],[13.428948398000045,38.094490000000064],[13.428729373000067,38.09462072600007],[13.42848630900005,38.09455808000007],[13.428636192000056,38.09414423800007],[13.42964045900004,38.09421708900004],[13.42966672800003,38.09386843100003],[13.42999241700005,38.09314508500006],[13.430332153000052,38.09308278200007],[13.43052692200007,38.09276608700003],[13.429988543000036,38.092447023000034],[13.429906208000034,38.09275620600005],[13.429824993000068,38.09306115800007],[13.429468557000064,38.093464803000074],[13.428799499000036,38.09310632800003],[13.428743660000066,38.09307641600003],[13.428064321000022,38.09275545400004],[13.426718049000044,38.09216828500007],[13.426633517000027,38.092115257000046],[13.426785283000072,38.09199662300006],[13.426971704000039,38.091840052000066],[13.427069564000021,38.09185820700003],[13.427107700000022,38.091824461000044],[13.426999125000066,38.09169161900007],[13.427164856000047,38.09149841900006],[13.427313126000058,38.09154315300003],[13.427391641000042,38.09157321600003],[13.427556982000056,38.09142690600004],[13.427967594000052,38.091127963000076],[13.427331281000022,38.090555094000024],[13.427503753000053,38.09040146800004],[13.426928931000077,38.09002992500007],[13.427132490000076,38.089743061000036],[13.426908347000051,38.08958155300007],[13.426428976000068,38.08923611900008],[13.426799106000033,38.08907029400007],[13.427083744000072,38.089385985000035],[13.42736994300003,38.08962743100005],[13.427535593000073,38.08979300900006],[13.428018189000056,38.090081636000036],[13.428460839000024,38.09048111000004],[13.428660703000048,38.09029188200003],[13.428883173000031,38.09008126400005],[13.428804067000044,38.09002007000004],[13.429173065000043,38.08972211500003],[13.42921627100003,38.08976591000004],[13.429557803000023,38.09010235400007],[13.429791901000044,38.089806604000046],[13.429680423000036,38.08971133700004],[13.429626532000043,38.08962950100005],[13.42975984900005,38.089502234000065],[13.429558391000057,38.08933009000003],[13.42987299300006,38.089041387000066],[13.429990375000045,38.08917716000008],[13.430065600000034,38.089189685000065],[13.430216262000044,38.089271937000035],[13.430306415000075,38.08945135700003],[13.430979485000023,38.089185593000025],[13.431109926000033,38.08923931900006],[13.431491762000064,38.08984588900006],[13.431861251000043,38.08970973100003],[13.431941664000021,38.089465767000036],[13.432169561000023,38.08935742400007],[13.43191822600005,38.08924269600004],[13.431677466000053,38.08886074800006],[13.43131072400007,38.088640542000064],[13.431256416000053,38.08854326900007],[13.431645489000061,38.088370256000076],[13.431536870000059,38.08804700200005],[13.431398330000036,38.08808858900005],[13.431250194000029,38.087669970000036],[13.43170961100003,38.087519592000035],[13.431537083000023,38.08722412600008],[13.431799845000057,38.08712828300003],[13.431924410000022,38.08746114500008],[13.43269371200006,38.08724512800006],[13.433027591000041,38.08720015200004],[13.433012655000027,38.08728509100007],[13.432863068000074,38.08813403900007],[13.433311581000055,38.088258833000054],[13.433173216000057,38.08857627800006],[13.43345819700005,38.08877225800006],[13.433704572000067,38.08846518900003],[13.434012155000062,38.08866207500006],[13.433854245000077,38.08890891400006],[13.434153621000064,38.08912048900004],[13.434103609000033,38.08916469500008],[13.433972895000068,38.08939206600007],[13.433777256000042,38.08951579500007],[13.433192766000047,38.08910288900006],[13.432877130000065,38.09035152200005],[13.433006803000069,38.09046678000004],[13.432987706000063,38.09066038800006],[13.432933681000065,38.09070557500007],[13.433294871000044,38.09109069500005],[13.433098020000045,38.09122036800005],[13.432732533000035,38.09087381900008],[13.43258574400005,38.09099659300006],[13.432359779000024,38.09145396800005],[13.432464927000069,38.09165991800006],[13.43268422500006,38.09152361400004],[13.432826478000038,38.09169439500005],[13.432556851000072,38.09183996400003],[13.433642786000064,38.093438854000055],[13.434382150000033,38.09315167700004],[13.434477378000054,38.09309355400006],[13.434552651000047,38.09302580000008],[13.434672913000043,38.092950149000046],[13.434744933000047,38.092889196000044],[13.43585220600005,38.09254008500005],[13.435927862000028,38.09251372500006],[13.435635602000048,38.09166064500005],[13.436022647000073,38.091599322000036],[13.437523934000069,38.091285147000065],[13.43819445500003,38.09113813100004],[13.438188868000054,38.09118037800005],[13.439012597000044,38.09098934100007],[13.439465927000072,38.09093400100005],[13.440149113000075,38.091022993000024],[13.440235893000022,38.090951517000065],[13.440984014000037,38.09108530100008],[13.441562646000023,38.09130204200005],[13.441636494000022,38.09132176700007],[13.441717442000026,38.09134194100005],[13.442311202000042,38.09148984300003],[13.443529599000044,38.091497728000036],[13.44391230900004,38.091712881000035],[13.443940043000055,38.09172839400003],[13.444522755000037,38.092054491000056],[13.445018121000032,38.09228339200007],[13.44535594000007,38.09194636600006],[13.44542425700007,38.091898754000056],[13.445614110000065,38.09176060000004],[13.446346211000048,38.09237488500003],[13.446306262000064,38.09248573900004],[13.446545874000037,38.09271167700007],[13.44725303100006,38.09260964400005],[13.44729532100007,38.09283297300004],[13.446917841000072,38.092902234000064],[13.445990446000053,38.09319442200007],[13.446399059000044,38.09343001900004],[13.446606712000062,38.09383375500005],[13.446873118000042,38.09412686500008],[13.446843363000028,38.09420072100005],[13.446307379000075,38.094208483000045],[13.446422625000025,38.09453674400004],[13.446403159000056,38.09505186600006],[13.44568468500006,38.095107805000055],[13.445150286000057,38.09503218800006],[13.444685766000077,38.09500733400006],[13.443773264000072,38.09492047600003],[13.442719448000048,38.09480679700005],[13.441418303000034,38.09483315500006],[13.441217459000029,38.09501122700004],[13.441006156000071,38.09493986200005],[13.440415414000029,38.09491956800008],[13.439908777000028,38.09502189900007],[13.439649188000033,38.09505915400007],[13.43951501500004,38.09500419700004],[13.43933219400003,38.09507655900006],[13.439244447000021,38.09512523600006],[13.439242071000024,38.095237377000046],[13.439044523000064,38.09525968500003],[13.438491320000026,38.095297335000055],[13.43776181100003,38.09531964900003],[13.436991485000021,38.095357447000026],[13.435167058000047,38.095445237000035],[13.434517516000028,38.095516631000066],[13.433493996000038,38.09603137100004],[13.433328622000033,38.096189294000055],[13.432778258000042,38.09635808000007],[13.43220522200005,38.09663862900004],[13.431650404000038,38.09701550600005],[13.431114431000026,38.09745666800006],[13.430804255000055,38.097756753000056],[13.43030608600003,38.09816359700005],[13.429484211000045,38.098825730000044]]]]}},{"type":"Feature","properties":{"service_id":20,"population_total":46483.95,"thiessen_area_km2":4.9675,"population_share":0.07641379522053218,"area_share":0.057564295198591416,"population_covered":26239.96,"area_covered_km2":1.8725,"population_coverage_ratio":0.5644951755674249,"area_coverage_ratio":0.3769554539804257},"geometry":{"type":"Polygon","coordinates":[[[13.375647040000047,38.136607611000045],[13.37529259400003,38.13727087500007],[13.373870939000028,38.14087918200005],[13.373195359000022,38.14109363100005],[13.373117961000048,38.14122212900003],[13.373159797000028,38.14135228300006],[13.373456278000049,38.14142706700005],[13.37217094600004,38.14425980300007],[13.37197771800004,38.14423356800006],[13.37216677400005,38.14377680900003],[13.371343505000027,38.14191606500003],[13.368806069000073,38.14272894000004],[13.36900422900004,38.14320286000003],[13.37043073500007,38.14273971000006],[13.370458969000026,38.14281077800007],[13.36909232100004,38.14326297300005],[13.369263290000049,38.14361873300004],[13.370569551000074,38.14320102900007],[13.370627589000037,38.143272515000035],[13.36938120900004,38.143679263000024],[13.369155041000056,38.14379391800003],[13.369325758000059,38.14416143600005],[13.369667470000024,38.14421329400005],[13.36996449000003,38.144264530000044],[13.370081350000078,38.14437217200003],[13.37018332100007,38.144479594000074],[13.370396259000074,38.14451636700005],[13.370463329000074,38.144624832000034],[13.370597987000053,38.144603138000036],[13.370626222000055,38.14467420500006],[13.370728702000065,38.14475809000004],[13.370861009000066,38.14484237600004],[13.370888713000056,38.14493699900004],[13.370976557000063,38.145008887000074],[13.371004538000022,38.145091731000036],[13.371079844000064,38.14505743900003],[13.37119698400005,38.14515330100005],[13.371105726000053,38.14523448600005],[13.371073822000028,38.14532826900006],[13.371175520000065,38.14544746800004],[13.371202442000026,38.14557742400007],[13.371345975000054,38.14582678000005],[13.372839747000057,38.14502293900006],[13.373242652000044,38.144333560000064],[13.373329184000056,38.14446431700003],[13.373188261000053,38.14476862300006],[13.37292706200003,38.14511838200008],[13.371810072000073,38.145738976000075],[13.371403229000066,38.145933582000055],[13.37144481200005,38.14607549600004],[13.37155950400006,38.14613467000004],[13.371542314000067,38.14638312000005],[13.371612386000038,38.14658432500005],[13.371726903000024,38.14679794500006],[13.371749907000037,38.147104529000046],[13.371727409000073,38.14744580800004],[13.371799051000039,38.14757636400003],[13.371780748000049,38.14772923700008],[13.37185158400007,38.14789512800007],[13.371876434000058,38.148119285000064],[13.37182961700006,38.14821286800003],[13.371961930000055,38.148297153000044],[13.372079055000029,38.14839301500007],[13.372165082000038,38.14854732600003],[13.372279604000028,38.14876094600004],[13.372335804000045,38.14891485800007],[13.372427624000068,38.14906563400007],[13.372603955000045,38.14929336400007],[13.372793500000057,38.14967601800004],[13.372760246000041,38.14989909600007],[13.37277017200006,38.15008924400007],[13.372909350000043,38.15019177200003],[13.373234137000054,38.15021863000004],[13.37324331900004,38.14980519300008],[13.373427179000032,38.149807741000075],[13.373434128000042,38.15013198400004],[13.373925387000043,38.150306443000034],[13.373791654000058,38.15059519000005],[13.373826651000059,38.15093098600005],[13.374307501000033,38.150937648000024],[13.374282435000055,38.15079200200006],[13.374424110000064,38.15078278500005],[13.374387872000057,38.14986576200005],[13.374094352000043,38.14970521200007],[13.374239755000076,38.14952839600005],[13.374545431000058,38.14977852100003],[13.374614919000066,38.15047246600005],[13.37532404700005,38.15166706000008],[13.37514539600005,38.152066956000056],[13.375288066000053,38.152013047000025],[13.375490544000058,38.15245176600007],[13.376218035000022,38.152182390000064],[13.376184505000026,38.15114245900003],[13.376298160000033,38.151121671000055],[13.376190919000067,38.14957775200003],[13.375712045000057,38.14884460300004],[13.375912757000037,38.14872445000003],[13.37643306900003,38.149502864000056],[13.376641593000045,38.15222178300007],[13.376458614000057,38.15236591900003],[13.376088712000069,38.15271710500008],[13.375811655000064,38.15301246000007],[13.37550122700003,38.153317378000054],[13.37515624100007,38.15366350000005],[13.374944602000028,38.153950602000066],[13.374833098000067,38.15411235700003],[13.374563420000072,38.15448277200005],[13.374571199000059,38.15460767700006],[13.374558343000047,38.15471484400007],[13.374420243000031,38.154812019000076],[13.37442776100005,38.15494426600003],[13.374321011000063,38.15504187600004],[13.37435036900007,38.15513311600006],[13.374462618000052,38.155258540000034],[13.374333501000024,38.155421912000065],[13.374191894000035,38.15567594500004],[13.373996015000046,38.15602006000006],[13.373698492000074,38.156701342000076],[13.373404839000045,38.15720926300003],[13.373228571000027,38.15761144700008],[13.373114110000074,38.15805577900005],[13.373203261000072,38.15827999000004],[13.373211144000038,38.15839569700006],[13.373153914000056,38.15861786200003],[13.373036524000042,38.15872359600007],[13.372958942000025,38.15892071700006],[13.372879685000044,38.159192123000025],[13.37274597000004,38.15956186100004],[13.372662509000065,38.159780984000065],[13.372523831000024,38.160145097000054],[13.372398829000076,38.16041062700003],[13.372339097000065,38.160705449000034],[13.37228054700006,38.16091731500006],[13.372294391000025,38.161101839000025],[13.372110854000027,38.16128361700004],[13.371909385000038,38.16146516100008],[13.371850191000021,38.161705364000056],[13.37182341700003,38.16210200800003],[13.37175949400006,38.16255485700003],[13.371717936000039,38.162809491000075],[13.371516758000041,38.16297685700005],[13.37151109000007,38.16323199500005],[13.371237832000077,38.16341252600006],[13.371090499000047,38.16358063200005],[13.370924270000046,38.16379099900007],[13.370795190000024,38.16394518000004],[13.370595220000041,38.16408011000004],[13.370475351000039,38.16440391700007],[13.370278572000075,38.16470157900005],[13.370165175000068,38.16505045300005],[13.369949517000066,38.16524772100007],[13.369586011000024,38.16544293700008],[13.369411459000048,38.16569083500008],[13.369407007000063,38.16589103600006],[13.369170968000049,38.16605464400004],[13.369146854000064,38.16618781200003],[13.369799371000056,38.16629699200007],[13.369840124000063,38.16636431000006],[13.369729878000044,38.16657138900007],[13.369224086000031,38.16651430600007],[13.368925058000059,38.16666034200006],[13.368494842000075,38.16700482600004],[13.368086474000052,38.167316217000064],[13.367763705000073,38.16757874800004],[13.367180408000024,38.16815471900003],[13.366981008000039,38.168569157000036],[13.367052838000063,38.16913755600007],[13.367022406000046,38.169554349000066],[13.36713572800005,38.170156709000025],[13.367253533000053,38.17055886700007],[13.367185706000043,38.17075816600004],[13.36733020400004,38.17091037600005],[13.367280515000061,38.17124344400003],[13.367036256000063,38.171774078000055],[13.366794973000026,38.17217124300004],[13.366718915000035,38.17248850900006],[13.366838632000054,38.172801838000055],[13.367125849000047,38.17325886500004],[13.36749840400006,38.173700316000065],[13.367739782000058,38.17430773500007],[13.367858596000076,38.17469530100004],[13.367737434000048,38.175364794000075],[13.367386028000055,38.175880075000066],[13.366845692000027,38.17629203600006],[13.366499349000037,38.176534968000055],[13.366179412000065,38.176520878000076],[13.365988500000071,38.17601378100005],[13.366048137000064,38.17474746800008],[13.365595725000048,38.17477830100006],[13.365578561000063,38.174703814000054],[13.365490285000021,38.174690428000076],[13.365343907000067,38.17430161900006],[13.36533008200007,38.17403206000006],[13.365556192000042,38.17402035600003],[13.365638932000024,38.17368736700007],[13.365385909000054,38.17363929700008],[13.365327579000052,38.17288109300006],[13.365930646000038,38.17284492400006],[13.365911031000053,38.172458550000044],[13.365212977000056,38.17245893000006],[13.364885317000073,38.172459108000055],[13.364828246000059,38.17206477600007],[13.36451173200004,38.17209120600006],[13.36434928400007,38.171659713000054],[13.36545975000007,38.171598335000056],[13.365537317000076,38.17149545500007],[13.365707976000067,38.17143843100007],[13.365700565000054,38.17134922900004],[13.36424336400006,38.17137837000007],[13.36411505500007,38.171037557000034],[13.364361811000038,38.171040997000034],[13.365662642000075,38.170940296000026],[13.365826053000035,38.170786649000036],[13.365630199000066,38.17028641100006],[13.364445082000032,38.17031522800005],[13.364076717000046,38.170324177000055],[13.36397755400003,38.17012973200008],[13.363984513000048,38.16981797400007],[13.364550094000037,38.16977387600008],[13.364421435000054,38.169215171000076],[13.364434818000063,38.16903715900003],[13.364721505000034,38.16884066700004],[13.365013961000045,38.16880760500004],[13.364986878000025,38.16749292900005],[13.36614372300005,38.16751646500006],[13.366087002000029,38.16710727200007],[13.364631945000042,38.166953368000065],[13.36462143700004,38.16658194400003],[13.364213004000021,38.166516658000035],[13.363730308000072,38.16645815700008],[13.363663173000077,38.166093379000074],[13.363777279000033,38.16561974200005],[13.36332909600003,38.165464980000024],[13.363125961000037,38.16529135500008],[13.363204040000028,38.16516621400007],[13.36377666900006,38.16522618300007],[13.364028413000028,38.16448714400008],[13.364779438000028,38.164564444000064],[13.36497220700005,38.16435920300006],[13.365177146000065,38.16445117400008],[13.365114917000028,38.16471019100004],[13.365788011000063,38.16490520900004],[13.366397604000042,38.16499536600003],[13.36641198600006,38.164772808000066],[13.365905861000044,38.16468407100007],[13.365918749000059,38.164528321000034],[13.366130008000027,38.16433819700006],[13.36698466200005,38.16440950200007],[13.367008605000024,38.16417963300006],[13.367288184000074,38.16387909500003],[13.367374323000035,38.16381346700007],[13.367785886000036,38.16392313400007],[13.367963305000046,38.16356175000004],[13.367025572000045,38.16325414800008],[13.366805056000032,38.16318181500003],[13.366046962000041,38.163000483000076],[13.366197992000025,38.162557046000074],[13.365804440000034,38.16248473700006],[13.365840270000035,38.16214368200008],[13.366001049000033,38.161685532000035],[13.366109180000024,38.16105588500005],[13.366241735000074,38.16059734800007],[13.366407933000062,38.16031750700006],[13.366762409000046,38.16003284400006],[13.366934188000073,38.159923854000056],[13.366797416000054,38.15972889500006],[13.367008308000038,38.15955361300007],[13.367087360000028,38.15938392400005],[13.368099607000033,38.15871485100007],[13.368194649000031,38.158671635000076],[13.368558651000058,38.15880291800005],[13.36880816100006,38.15858362300003],[13.368990027000052,38.15802181500004],[13.36903675800005,38.15761406100006],[13.369122416000039,38.157147456000075],[13.369076257000074,38.15685595600007],[13.368998685000065,38.15636606900006],[13.368909138000049,38.15574109600004],[13.368607993000069,38.15574433300003],[13.368506714000034,38.15522314400005],[13.368338411000025,38.15517625600006],[13.368327072000056,38.154418699000075],[13.368148881000025,38.15439394600003],[13.368087351000042,38.154200038000056],[13.368188865000036,38.15344404900003],[13.367870080000046,38.153395078000074],[13.367667320000066,38.15320661800007],[13.367527598000038,38.15272203400008],[13.367187537000063,38.152784118000056],[13.367138535000038,38.15287254300006],[13.366586593000022,38.15315447100005],[13.366080057000033,38.15308801200007],[13.366001376000042,38.15281959600003],[13.366400226000053,38.15223111800003],[13.366434281000068,38.15203713600005],[13.366551087000062,38.151371863000065],[13.36662866000006,38.15126900100006],[13.367003365000073,38.150917793000076],[13.367065111000045,38.15068103700003],[13.36747031300007,38.15064954500008],[13.367908905000036,38.149965069000075],[13.367747422000036,38.14961382300004],[13.367492036000044,38.14925386600004],[13.368079273000035,38.14865314300005],[13.368332706000047,38.14825569000004],[13.368762537000066,38.147541398000044],[13.368298284000048,38.14726763600004],[13.368114010000056,38.14709427500003],[13.367581783000048,38.14691609800008],[13.367009721000045,38.147680395000066],[13.366497051000067,38.14831185000003],[13.365715269000077,38.14919943700005],[13.365947069000072,38.14935118300008],[13.36653941000003,38.14894360100004],[13.366831271000024,38.14893280300004],[13.366987166000058,38.14911318000003],[13.36698171300003,38.14935814900008],[13.366844513000046,38.149902464000036],[13.366822800000023,38.14997144100005],[13.366696365000053,38.150341755000056],[13.366465202000029,38.15058358500005],[13.366094944000054,38.15073436700004],[13.366027936000023,38.15069108100005],[13.365742538000063,38.15050669100003],[13.36524853800006,38.150722580000036],[13.364389326000037,38.15105269500003],[13.364166788000034,38.151138195000044],[13.36375071200007,38.150813097000025],[13.363353623000023,38.15048085300003],[13.363256102000037,38.150635418000036],[13.362701567000045,38.150612840000065],[13.362422180000067,38.15090596400006],[13.361845347000042,38.15103900300005],[13.361684152000066,38.15109614900007],[13.361639343000036,38.15057574800005],[13.361387741000044,38.15046827700007],[13.361047029000076,38.15056006400005],[13.360814576000053,38.15043801000007],[13.360374643000057,38.15075858900008],[13.359894260000033,38.15036575900007],[13.35912184600005,38.14999110700006],[13.35891627500007,38.149928845000034],[13.358027840000034,38.14885458100008],[13.357215180000026,38.14859819000003],[13.357113975000061,38.14891605400004],[13.356701003000069,38.14887315200008],[13.356751619000022,38.148294677000024],[13.355567520000022,38.14824097300004],[13.355571961000066,38.14834549100004],[13.350017808000075,38.133592615000055],[13.359985473000052,38.12157367200007],[13.364698265000072,38.126097601000026],[13.364423805000058,38.12661746500004],[13.365299225000058,38.12667447800004],[13.366032306000022,38.12737818200003],[13.364041359000055,38.12729522500007],[13.36361263200007,38.12810893300008],[13.367262046000064,38.12855864100004],[13.367331017000026,38.12862484800007],[13.366912570000068,38.12935025100006],[13.363205897000057,38.12890588300007],[13.362666498000067,38.129837586000065],[13.365679279000062,38.13039186300006],[13.365496558000075,38.13083332600007],[13.36336523600005,38.13047916800008],[13.362687523000034,38.13401622200007],[13.366914467000072,38.135399481000036],[13.366979591000074,38.135525673000075],[13.368143455000052,38.13513021700004],[13.368905292000022,38.13549874900008],[13.369274370000028,38.13417947200003],[13.36812367500005,38.13398450100004],[13.368172144000027,38.13384199600006],[13.369299811000076,38.134054537000054],[13.369616433000033,38.133056682000074],[13.367946219000032,38.13280081600004],[13.367927957000063,38.13260369200003],[13.369620007000037,38.13289565300005],[13.37009521300007,38.13127827000005],[13.370776548000038,38.13193230100006],[13.370578074000036,38.13258678900007],[13.371500767000043,38.132850166000026],[13.371592916000054,38.13277984800004],[13.371679485000072,38.13279905300004],[13.372445042000038,38.133533931000045],[13.370792152000035,38.133144591000075],[13.369698305000043,38.13599297900004],[13.37036739000007,38.13645865800004],[13.369165340000052,38.13755160100004],[13.369127000000049,38.137747939000064],[13.368318188000046,38.13847050700008],[13.368486220000023,38.13855337200005],[13.369213784000067,38.13791917700007],[13.369370291000052,38.138010844000064],[13.371240474000047,38.13640812500006],[13.371351896000021,38.13649022000004],[13.37083092100005,38.137002015000064],[13.370816120000029,38.13715840900005],[13.369686659000024,38.14007790100004],[13.370215976000054,38.14021052800007],[13.371368067000049,38.137291348000076],[13.371514632000071,38.13732022800008],[13.371455044000072,38.13745363100003],[13.371623667000051,38.13750965000003],[13.370434833000047,38.14055361800007],[13.371155625000029,38.14073364300003],[13.372344833000056,38.13767178200004],[13.372570068000073,38.13772860300003],[13.37135862100007,38.14077226100005],[13.371527040000046,38.14083723300007],[13.37146785300007,38.140952748000075],[13.371986053000057,38.14107626200007],[13.372762657000067,38.14043977400007],[13.373696549000044,38.140676522000035],[13.373996813000076,38.13990914800007],[13.37500869400003,38.13730227600007],[13.375466243000062,38.13643405900007],[13.375647040000047,38.136607611000045]]]}}]}