{"type":"FeatureCollection","features":[{"type":"Feature","properties":{"service_id":3,"population_total":1351.29,"thiessen_area_km2":0.3292,"population_share":0.0016992298306797915,"area_share":0.0016813404340212917,"population_covered":1351.29,"area_covered_km2":0.3292,"population_coverage_ratio":1.0,"area_coverage_ratio":0.9999999844693431},"geometry":{"type":"Polygon","coordinates":[[[4.797755365000057,52.34799685200005],[4.793597811000041,52.35176244000007],[4.792229174000056,52.35108231800007],[4.790415711000037,52.34285416100005],[4.79179438500006,52.34223629300004],[4.79731595800007,52.34486344800007],[4.797755365000057,52.34799685200005]]]}},{"type":"Feature","properties":{"service_id":1,"population_total":922.83,"thiessen_area_km2":0.2076,"population_share":0.0011604496404642479,"area_share":0.0010601427496608258,"population_covered":922.83,"area_covered_km2":0.2076,"population_coverage_ratio":1.0,"area_coverage_ratio":1.0000001469046944},"geometry":{"type":"Polygon","coordinates":[[[4.785239979000039,52.34838560800006],[4.781598138000049,52.352454289000036],[4.778849395000066,52.350694677000035],[4.777994441000033,52.34842088800008],[4.784423095000022,52.34553981700003],[4.785239979000039,52.34838560800006]]]}},{"type":"Feature","properties":{"service_id":2,"population_total":1999.47,"thiessen_area_km2":0.3228,"population_share":0.0025143075543392034,"area_share":0.0016487210336591533,"population_covered":1999.47,"area_covered_km2":0.3228,"population_coverage_ratio":1.0,"area_coverage_ratio":0.9999999320418946},"geometry":{"type":"Polygon","coordinates":[[[4.792229174000056,52.35108231800007],[4.788615572000026,52.35158678500005],[4.785239979000039,52.34838560800006],[4.784423095000022,52.34553981700003],[4.790415711000037,52.34285416100005],[4.792229174000056,52.35108231800007]]]}},{"type":"Feature","properties":{"service_id":7,"population_total":1054.66,"thiessen_area_km2":0.2269,"population_share":0.001326228160530569,"area_share":0.0011587207891751842,"population_covered":1054.66,"area_covered_km2":0.2269,"population_coverage_ratio":1.0,"area_coverage_ratio":0.9999999700314005},"geometry":{"type":"Polygon","coordinates":[[[4.804791306000027,52.34742068700007],[4.802223534000063,52.34916862300008],[4.797755365000057,52.34799685200005],[4.79731595800007,52.34486344800007],[4.799251742000024,52.34271163400007],[4.803890943000056,52.34563038700003],[4.804791306000027,52.34742068700007]]]}},{"type":"Feature","properties":{"service_id":136,"population_total":845.93,"thiessen_area_km2":0.1693,"population_share":0.0010637455037588938,"area_share":0.0008648093493352532,"population_covered":845.93,"area_covered_km2":0.1693,"population_coverage_ratio":1.0,"area_coverage_ratio":1.0000000192182725},"geometry":{"type":"Polygon","coordinates":[[[4.781598138000049,52.352454289000036],[4.783307854000043,52.35627592600008],[4.775800200000049,52.355213855000045],[4.778849395000066,52.350694677000035],[4.781598138000049,52.352454289000036]]]}},{"type":"Feature","properties":{"service_id":135,"population_total":582.26,"thiessen_area_km2":0.222,"population_share":0.0007321884636262516,"area_share":0.001134035048564164,"population_covered":582.26,"area_covered_km2":0.222,"population_coverage_ratio":1.0,"area_coverage_ratio":0.9999999473300993},"geometry":{"type":"Polygon","coordinates":[[[4.775800200000049,52.355213855000045],[4.768987097000036,52.35909216200008],[4.776487406000058,52.34909628200006],[4.777994441000033,52.34842088800008],[4.778849395000066,52.350694677000035],[4.775800200000049,52.355213855000045]]]}},{"type":"Feature","properties":{"service_id":137,"population_total":4350.49,"thiessen_area_km2":3.1509,"population_share":0.005470691162188597,"area_share":0.016094339244259605,"population_covered":2296.09,"area_covered_km2":1.1583,"population_coverage_ratio":0.5277777777777778,"area_coverage_ratio":0.3675962872409674},"geometry":{"type":"Polygon","coordinates":[[[4.785810875000038,52.36794757000007],[4.762973996000028,52.381161432000056],[4.761038135000035,52.38046332500005],[4.761065006000024,52.378730774000076],[4.75960397700004,52.37782669000006],[4.761163234000037,52.37244796700003],[4.759986482000045,52.36540075400006],[4.768987097000036,52.35909216200008],[4.775800200000049,52.355213855000045],[4.783307854000043,52.35627592600008],[4.78423398700005,52.35729048800005],[4.785810875000038,52.36794757000007]]]}},{"type":"Feature","properties":{"service_id":133,"population_total":1120.58,"thiessen_area_km2":0.2404,"population_share":0.0014091174205637296,"area_share":0.0012280598100278416,"population_covered":1120.58,"area_covered_km2":0.2404,"population_coverage_ratio":1.0,"area_coverage_ratio":1.0000000560397513},"geometry":{"type":"Polygon","coordinates":[[[4.788615572000026,52.35158678500005],[4.78423398700005,52.35729048800005],[4.783307854000043,52.35627592600008],[4.781598138000049,52.352454289000036],[4.785239979000039,52.34838560800006],[4.788615572000026,52.35158678500005]]]}},{"type":"Feature","properties":{"service_id":130,"population_total":1889.6,"thiessen_area_km2":0.2816,"population_share":0.0023761587876172693,"area_share":0.0014381668167509165,"population_covered":1889.6,"area_covered_km2":0.2816,"population_coverage_ratio":1.0,"area_coverage_ratio":1.0000000305225443},"geometry":{"type":"Polygon","coordinates":[[[4.80742542400003,52.35454053500007],[4.802030971000022,52.355795820000026],[4.802223534000063,52.34916862300008],[4.804791306000027,52.34742068700007],[4.807053943000028,52.347509536000075],[4.80742542400003,52.35454053500007]]]}},{"type":"Feature","properties":{"service_id":4,"population_total":2285.1,"thiessen_area_km2":0.2872,"population_share":0.0028734943478162327,"area_share":0.0014669006191679699,"population_covered":2285.1,"area_covered_km2":0.2872,"population_coverage_ratio":1.0,"area_coverage_ratio":0.9999999316671362},"geometry":{"type":"Polygon","coordinates":[[[4.799251742000024,52.34271163400007],[4.79731595800007,52.34486344800007],[4.79179438500006,52.34223629300004],[4.793711185000063,52.34137725800008],[4.794062137000026,52.341220856000064],[4.800046921000046,52.33497238100006],[4.800446033000071,52.334804535000046],[4.801230123000039,52.334479603000034],[4.799251742000024,52.34271163400007]]]}},{"type":"Feature","properties":{"service_id":6,"population_total":1647.91,"thiessen_area_km2":0.2995,"population_share":0.002072231500829014,"area_share":0.0015298543326174524,"population_covered":1647.91,"area_covered_km2":0.2956,"population_coverage_ratio":1.0,"area_coverage_ratio":0.9870321160084755},"geometry":{"type":"Polygon","coordinates":[[[4.804088062000062,52.33329525500005],[4.803890943000056,52.34563038700003],[4.799251742000024,52.34271163400007],[4.801230123000039,52.334479603000034],[4.804088062000062,52.33329525500005]]]}},{"type":"Feature","properties":{"service_id":5,"population_total":4614.15,"thiessen_area_km2":0.8879,"population_share":0.005802248202321238,"area_share":0.00453547760764157,"population_covered":4383.44,"area_covered_km2":0.7491,"population_coverage_ratio":0.95,"area_coverage_ratio":0.8436091856776401},"geometry":{"type":"Polygon","coordinates":[[[4.811687492000033,52.345499810000035],[4.807053943000028,52.347509536000075],[4.804791306000027,52.34742068700007],[4.803890943000056,52.34563038700003],[4.804088062000062,52.33329525500005],[4.811155235000058,52.33036657500003],[4.812000484000066,52.33472768900003],[4.811687492000033,52.345499810000035]]]}},{"type":"Feature","properties":{"service_id":131,"population_total":3581.46,"thiessen_area_km2":0.5056,"population_share":0.004503649795135057,"area_share":0.002582356037424394,"population_covered":3581.46,"area_covered_km2":0.5056,"population_coverage_ratio":1.0,"area_coverage_ratio":1.00000002669994},"geometry":{"type":"Polygon","coordinates":[[[4.801966118000053,52.355875420000075],[4.79676577400005,52.35978068600008],[4.793597811000041,52.35176244000007],[4.797755365000057,52.34799685200005],[4.802223534000063,52.34916862300008],[4.802030971000022,52.355795820000026],[4.801966118000053,52.355875420000075]]]}},{"type":"Feature","properties":{"service_id":13,"population_total":2274.12,"thiessen_area_km2":0.2943,"population_share":0.002859679471144039,"area_share":0.0015034453605145897,"population_covered":2274.12,"area_covered_km2":0.2943,"population_coverage_ratio":1.0,"area_coverage_ratio":0.9999998787318454},"geometry":{"type":"Polygon","coordinates":[[[4.826096470000039,52.34600407600004],[4.8247214570000665,52.347642042000075],[4.8220310490000315,52.345535048000045],[4.821567461000029,52.34354626900006],[4.825777303000052,52.33491444400005],[4.82715298100004,52.34194164200005],[4.826096470000039,52.34600407600004]]]}},{"type":"Feature","properties":{"service_id":129,"population_total":2109.33,"thiessen_area_km2":0.281,"population_share":0.002652456321061138,"area_share":0.001435308913695315,"population_covered":2109.33,"area_covered_km2":0.281,"population_coverage_ratio":1.0,"area_coverage_ratio":1.0000000137995537},"geometry":{"type":"Polygon","coordinates":[[[4.811323533000063,52.35266038600008],[4.808635351000021,52.35508341100007],[4.80742542400003,52.35454053500007],[4.807053943000028,52.347509536000075],[4.811687492000033,52.345499810000035],[4.812905434000072,52.34674854600007],[4.811323533000063,52.35266038600008]]]}},{"type":"Feature","properties":{"service_id":57,"population_total":999.73,"thiessen_area_km2":0.213,"population_share":0.0012571537771696017,"area_share":0.001088006546947134,"population_covered":999.73,"area_covered_km2":0.213,"population_coverage_ratio":1.0,"area_coverage_ratio":0.9999999289843359},"geometry":{"type":"Polygon","coordinates":[[[4.821824148000076,52.35293606300007],[4.8164887740000495,52.35735312300005],[4.815986126000041,52.356189233000066],[4.815169347000051,52.34935871000005],[4.822118622000062,52.35230916800003],[4.821824148000076,52.35293606300007]]]}},{"type":"Feature","properties":{"service_id":56,"population_total":1801.72,"thiessen_area_km2":0.1803,"population_share":0.002265639774239722,"area_share":0.0009208227601953966,"population_covered":1801.72,"area_covered_km2":0.1803,"population_coverage_ratio":1.0,"area_coverage_ratio":0.9999998914509796},"geometry":{"type":"Polygon","coordinates":[[[4.815169347000051,52.34935871000005],[4.815986126000041,52.356189233000066],[4.811323533000063,52.35266038600008],[4.812905434000072,52.34674854600007],[4.813598647000049,52.34707303300007],[4.815169347000051,52.34935871000005]]]}},{"type":"Feature","properties":{"service_id":9,"population_total":4240.62,"thiessen_area_km2":0.5424,"population_share":0.005332542395466663,"area_share":0.0027705326859293173,"population_covered":4240.62,"area_covered_km2":0.5419,"population_coverage_ratio":1.0,"area_coverage_ratio":0.9991186283410561},"geometry":{"type":"Polygon","coordinates":[[[4.8220310490000315,52.345535048000045],[4.813598647000049,52.34707303300007],[4.812905434000072,52.34674854600007],[4.811687492000033,52.345499810000035],[4.812000484000066,52.33472768900003],[4.821567461000029,52.34354626900006],[4.8220310490000315,52.345535048000045]]]}},{"type":"Feature","properties":{"service_id":127,"population_total":1131.57,"thiessen_area_km2":0.1907,"population_share":0.0014229322972359227,"area_share":0.0009742953310144421,"population_covered":1131.57,"area_covered_km2":0.1907,"population_coverage_ratio":1.0,"area_coverage_ratio":1.0000000266325346},"geometry":{"type":"Polygon","coordinates":[[[4.8105417030000694,52.35840120300003],[4.807427745000041,52.360021163000056],[4.801966118000053,52.355875420000075],[4.802030971000022,52.355795820000026],[4.80742542400003,52.35454053500007],[4.808635351000021,52.35508341100007],[4.8105417030000694,52.35840120300003]]]}},{"type":"Feature","properties":{"service_id":14,"population_total":6371.92,"thiessen_area_km2":0.6333,"population_share":0.008012628469872187,"area_share":0.003234840980576647,"population_covered":5690.79,"area_covered_km2":0.5903,"population_coverage_ratio":0.893103448275862,"area_coverage_ratio":0.9321284220760955},"geometry":{"type":"Polygon","coordinates":[[[4.863263696000047,52.329141038000046],[4.855707389000031,52.33872903200006],[4.855585882000071,52.33870786700004],[4.853632739000034,52.33693129400007],[4.85126578400002,52.32985856700003],[4.85903787500007,52.32989883400006],[4.859147072000042,52.321819305000076],[4.859528064000074,52.32182312000003],[4.861252789000048,52.32183143200007],[4.863138365000054,52.32699162100005],[4.863263696000047,52.329141038000046]]]}},{"type":"Feature","properties":{"service_id":12,"population_total":2702.57,"thiessen_area_km2":1.2411,"population_share":0.003398459661359583,"area_share":0.00633922636294108,"population_covered":2702.57,"area_covered_km2":0.7773,"population_coverage_ratio":1.0,"area_coverage_ratio":0.6263396494944005},"geometry":{"type":"Polygon","coordinates":[[[4.835105027000054,52.34179160300005],[4.82715298100004,52.34194164200005],[4.825777303000052,52.33491444400005],[4.826752745000022,52.32572533500007],[4.835682647000056,52.32649882700008],[4.837367450000045,52.332659129000035],[4.837603522000052,52.33718774400006],[4.835105027000054,52.34179160300005]]]}},{"type":"Feature","properties":{"service_id":10,"population_total":1647.91,"thiessen_area_km2":0.1667,"population_share":0.002072231500829014,"area_share":0.0008514828740437724,"population_covered":1647.91,"area_covered_km2":0.1667,"population_coverage_ratio":1.0,"area_coverage_ratio":1.0000002054510742},"geometry":{"type":"Polygon","coordinates":[[[4.834601178000071,52.34333911300007],[4.826096470000039,52.34600407600004],[4.82715298100004,52.34194164200005],[4.835105027000054,52.34179160300005],[4.834601178000071,52.34333911300007]]]}},{"type":"Feature","properties":{"service_id":55,"population_total":4394.43,"thiessen_area_km2":0.3551,"population_share":0.00552595066887737,"area_share":0.0018137968759993214,"population_covered":4394.43,"area_covered_km2":0.3551,"population_coverage_ratio":1.0,"area_coverage_ratio":0.9999999918643503},"geometry":{"type":"Polygon","coordinates":[[[4.825137719000054,52.349629451000055],[4.822118622000062,52.35230916800003],[4.815169347000051,52.34935871000005],[4.813598647000049,52.34707303300007],[4.8220310490000315,52.345535048000045],[4.8247214570000665,52.347642042000075],[4.825137719000054,52.349629451000055]]]}},{"type":"Feature","properties":{"service_id":11,"population_total":2515.81,"thiessen_area_km2":0.2671,"population_share":0.0031636067579322944,"area_share":0.0013641867148298599,"population_covered":2515.81,"area_covered_km2":0.2671,"population_coverage_ratio":1.0,"area_coverage_ratio":0.9999998763322065},"geometry":{"type":"Polygon","coordinates":[[[4.834646522000071,52.344076908000034],[4.8279237240000725,52.35131357500006],[4.825137719000054,52.349629451000055],[4.8247214570000665,52.347642042000075],[4.826096470000039,52.34600407600004],[4.834601178000071,52.34333911300007],[4.834646522000071,52.344076908000034]]]}},{"type":"Feature","properties":{"service_id":58,"population_total":1691.86,"thiessen_area_km2":0.2825,"population_share":0.0021274910075177876,"area_share":0.0014428798630730134,"population_covered":1691.86,"area_covered_km2":0.2825,"population_coverage_ratio":1.0,"area_coverage_ratio":1.0000000561551474},"geometry":{"type":"Polygon","coordinates":[[[4.8242229440000415,52.35868460700004],[4.815833997000027,52.36137042800004],[4.815607232000048,52.36075310600006],[4.8164887740000495,52.35735312300005],[4.821824148000076,52.35293606300007],[4.8242229440000415,52.35868460700004]]]}},{"type":"Feature","properties":{"service_id":21,"population_total":2274.12,"thiessen_area_km2":0.2081,"population_share":0.002859679471144039,"area_share":0.0010630209205160137,"population_covered":2274.12,"area_covered_km2":0.2081,"population_coverage_ratio":1.0,"area_coverage_ratio":0.9999997612494314},"geometry":{"type":"Polygon","coordinates":[[[4.848901986000044,52.34441249100007],[4.843194882000034,52.34508022000006],[4.84239775900005,52.34426748200008],[4.839815910000027,52.339764297000045],[4.84775739600002,52.34153773700007],[4.848901986000044,52.34441249100007]]]}},{"type":"Feature","properties":{"service_id":52,"population_total":2318.06,"thiessen_area_km2":0.2295,"population_share":0.0029149389778328127,"area_share":0.001172306582098674,"population_covered":2318.06,"area_covered_km2":0.2295,"population_coverage_ratio":1.0,"area_coverage_ratio":0.9999998130313011},"geometry":{"type":"Polygon","coordinates":[[[4.844406415000037,52.35358393900003],[4.839384267000071,52.355594953000036],[4.838982878000024,52.35008432600006],[4.8433630530000755,52.34836709800004],[4.844623087000059,52.34985203200006],[4.845202810000046,52.35090783100003],[4.844406415000037,52.35358393900003]]]}},{"type":"Feature","properties":{"service_id":53,"population_total":2658.63,"thiessen_area_km2":0.2616,"population_share":0.0033432001546708093,"area_share":0.0013364478943414357,"population_covered":2658.63,"area_covered_km2":0.2616,"population_coverage_ratio":1.0,"area_coverage_ratio":1.00000000501728},"geometry":{"type":"Polygon","coordinates":[[[4.8359411000000705,52.34787587400007],[4.831391794000069,52.353808908000076],[4.8301765140000725,52.35356242200004],[4.8279237240000725,52.35131357500006],[4.834646522000071,52.344076908000034],[4.8359411000000705,52.34787587400007]]]}},{"type":"Feature","properties":{"service_id":18,"population_total":1263.4,"thiessen_area_km2":0.3879,"population_share":0.001588710817302244,"area_share":0.0019813000482609556,"population_covered":1263.4,"area_covered_km2":0.3879,"population_coverage_ratio":1.0,"area_coverage_ratio":1.00000011811336},"geometry":{"type":"Polygon","coordinates":[[[4.84239775900005,52.34426748200008],[4.83766330900005,52.34873877700005],[4.8359411000000705,52.34787587400007],[4.834646522000071,52.344076908000034],[4.834601178000071,52.34333911300007],[4.835105027000054,52.34179160300005],[4.837603522000052,52.33718774400006],[4.839815910000027,52.339764297000045],[4.84239775900005,52.34426748200008]]]}},{"type":"Feature","properties":{"service_id":20,"population_total":1274.38,"thiessen_area_km2":0.1378,"population_share":0.0016025256939744374,"area_share":0.0007039293042766377,"population_covered":1274.38,"area_covered_km2":0.1378,"population_coverage_ratio":1.0,"area_coverage_ratio":1.000000146096137},"geometry":{"type":"Polygon","coordinates":[[[4.849452625000026,52.34471036100007],[4.844623087000059,52.34985203200006],[4.8433630530000755,52.34836709800004],[4.843194882000034,52.34508022000006],[4.848901986000044,52.34441249100007],[4.849452625000026,52.34471036100007]]]}},{"type":"Feature","properties":{"service_id":48,"population_total":2065.38,"thiessen_area_km2":0.1865,"population_share":0.0025971968143723638,"area_share":0.0009528647248860484,"population_covered":2065.38,"area_covered_km2":0.1865,"population_coverage_ratio":1.0,"area_coverage_ratio":0.9999999713322483},"geometry":{"type":"Polygon","coordinates":[[[4.850132117000044,52.35503810100005],[4.849084677000064,52.35763307000008],[4.844406415000037,52.35358393900003],[4.845202810000046,52.35090783100003],[4.846108288000039,52.35074537700007],[4.8495146030000456,52.351444806000075],[4.850132117000044,52.35503810100005]]]}},{"type":"Feature","properties":{"service_id":65,"population_total":4075.83,"thiessen_area_km2":0.4424,"population_share":0.005125319245383761,"area_share":0.0022597489822756343,"population_covered":4075.83,"area_covered_km2":0.4424,"population_coverage_ratio":1.0,"area_coverage_ratio":0.9999999624067659},"geometry":{"type":"Polygon","coordinates":[[[4.839626800000076,52.36399559300003],[4.838575849000051,52.364996649000034],[4.83421831000004,52.36361031700005],[4.832776297000066,52.36193594000008],[4.832963631000041,52.355055322000055],[4.839260988000035,52.355760848000045],[4.839750374000062,52.35781009900006],[4.839626800000076,52.36399559300003]]]}},{"type":"Feature","properties":{"service_id":54,"population_total":2394.96,"thiessen_area_km2":0.3066,"population_share":0.0030116431145381668,"area_share":0.0015662321324124632,"population_covered":2394.96,"area_covered_km2":0.3066,"population_coverage_ratio":1.0,"area_coverage_ratio":1.000000015988984},"geometry":{"type":"Polygon","coordinates":[[[4.839384267000071,52.355594953000036],[4.839260988000035,52.355760848000045],[4.832963631000041,52.355055322000055],[4.831391794000069,52.353808908000076],[4.8359411000000705,52.34787587400007],[4.83766330900005,52.34873877700005],[4.838982878000024,52.35008432600006],[4.839384267000071,52.355594953000036]]]}},{"type":"Feature","properties":{"service_id":19,"population_total":988.75,"thiessen_area_km2":0.1303,"population_share":0.0012433389004974083,"area_share":0.0006655732599208208,"population_covered":988.75,"area_covered_km2":0.1303,"population_coverage_ratio":1.0,"area_coverage_ratio":1.0000000461404919},"geometry":{"type":"Polygon","coordinates":[[[4.8433630530000755,52.34836709800004],[4.838982878000024,52.35008432600006],[4.83766330900005,52.34873877700005],[4.84239775900005,52.34426748200008],[4.843194882000034,52.34508022000006],[4.8433630530000755,52.34836709800004]]]}},{"type":"Feature","properties":{"service_id":8,"population_total":1647.91,"thiessen_area_km2":1.3069,"population_share":0.002072231500829014,"area_share":0.006675630163664433,"population_covered":1329.31,"area_covered_km2":0.8156,"population_coverage_ratio":0.8066666666666668,"area_coverage_ratio":0.6240406949151746},"geometry":{"type":"Polygon","coordinates":[[[4.825777303000052,52.33491444400005],[4.821567461000029,52.34354626900006],[4.812000484000066,52.33472768900003],[4.811155235000058,52.33036657500003],[4.819325924000054,52.32698059100005],[4.8208098410000275,52.32521057100007],[4.826752745000022,52.32572533500007],[4.825777303000052,52.33491444400005]]]}},{"type":"Feature","properties":{"service_id":16,"population_total":1428.19,"thiessen_area_km2":0.2821,"population_share":0.0017959339673851453,"area_share":0.00144109584936114,"population_covered":1428.19,"area_covered_km2":0.2821,"population_coverage_ratio":1.0,"area_coverage_ratio":1.0000000270145513},"geometry":{"type":"Polygon","coordinates":[[[4.855585882000071,52.33870786700004],[4.850451123000028,52.345066012000075],[4.849452625000026,52.34471036100007],[4.848901986000044,52.34441249100007],[4.84775739600002,52.34153773700007],[4.848384981000038,52.33833651700007],[4.853632739000034,52.33693129400007],[4.855585882000071,52.33870786700004]]]}},{"type":"Feature","properties":{"service_id":15,"population_total":1594.1,"thiessen_area_km2":0.896,"population_share":0.0020045687904900527,"area_share":0.004576769999402391,"population_covered":1594.1,"area_covered_km2":0.8053,"population_coverage_ratio":1.0,"area_coverage_ratio":0.8987851928028052},"geometry":{"type":"Polygon","coordinates":[[[4.853632739000034,52.33693129400007],[4.848384981000038,52.33833651700007],[4.837367450000045,52.332659129000035],[4.835682647000056,52.32649882700008],[4.8428740500000345,52.32712173400006],[4.842848777000029,52.32891845600005],[4.847257137000042,52.329837799000074],[4.85126578400002,52.32985856700003],[4.853632739000034,52.33693129400007]]]}},{"type":"Feature","properties":{"service_id":17,"population_total":1900.59,"thiessen_area_km2":0.3805,"population_share":0.0023899736642894625,"area_share":0.0019433268976059893,"population_covered":1900.59,"area_covered_km2":0.3804,"population_coverage_ratio":1.0,"area_coverage_ratio":0.9998409159982772},"geometry":{"type":"Polygon","coordinates":[[[4.848384981000038,52.33833651700007],[4.84775739600002,52.34153773700007],[4.839815910000027,52.339764297000045],[4.837603522000052,52.33718774400006],[4.837367450000045,52.332659129000035],[4.848384981000038,52.33833651700007]]]}},{"type":"Feature","properties":{"service_id":26,"population_total":681.14,"thiessen_area_km2":0.0855,"population_share":0.0008565223536759923,"area_share":0.000436539174244248,"population_covered":681.14,"area_covered_km2":0.0855,"population_coverage_ratio":1.0,"area_coverage_ratio":1.000000184083465},"geometry":{"type":"Polygon","coordinates":[[[4.85942923500005,52.349001789000056],[4.857320471000037,52.35094921000007],[4.853513378000059,52.34732860500003],[4.855427248000069,52.346603240000036],[4.85942923500005,52.349001789000056]]]}},{"type":"Feature","properties":{"service_id":51,"population_total":747.05,"thiessen_area_km2":0.0951,"population_share":0.000939411613709153,"area_share":0.0004856192417987645,"population_covered":747.05,"area_covered_km2":0.0951,"population_coverage_ratio":1.0,"area_coverage_ratio":0.9999997776479528},"geometry":{"type":"Polygon","coordinates":[[[4.846108288000039,52.35074537700007],[4.845202810000046,52.35090783100003],[4.844623087000059,52.34985203200006],[4.849452625000026,52.34471036100007],[4.850451123000028,52.345066012000075],[4.850756259000036,52.345786058000044],[4.846108288000039,52.35074537700007]]]}},{"type":"Feature","properties":{"service_id":29,"population_total":329.58,"thiessen_area_km2":0.0598,"population_share":0.0004144463001658028,"area_share":0.0003055130209805755,"population_covered":329.58,"area_covered_km2":0.0598,"population_coverage_ratio":1.0,"area_coverage_ratio":1.0000001148883395},"geometry":{"type":"Polygon","coordinates":[[[4.855765267000038,52.35214266200006],[4.855313765000062,52.35448139600004],[4.8520861870000545,52.353757339000026],[4.853044620000048,52.35118873700003],[4.855765267000038,52.35214266200006]]]}},{"type":"Feature","properties":{"service_id":31,"population_total":340.57,"thiessen_area_km2":0.0836,"population_share":0.00042826117683799616,"area_share":0.00042685403728392,"population_covered":340.57,"area_covered_km2":0.0836,"population_coverage_ratio":1.0,"area_coverage_ratio":0.9999998978825041},"geometry":{"type":"Polygon","coordinates":[[[4.856727567000064,52.35576410200008],[4.854958263000071,52.35987368000008],[4.851972918000058,52.35833377400007],[4.8554381020000505,52.35497748300003],[4.856727567000064,52.35576410200008]]]}},{"type":"Feature","properties":{"service_id":49,"population_total":1197.48,"thiessen_area_km2":0.0892,"population_share":0.0015058215572690834,"area_share":0.0004554776174083713,"population_covered":1197.48,"area_covered_km2":0.0892,"population_coverage_ratio":1.0,"area_coverage_ratio":0.9999998970142933},"geometry":{"type":"Polygon","coordinates":[[[4.8520861870000545,52.353757339000026],[4.850132117000044,52.35503810100005],[4.8495146030000456,52.351444806000075],[4.851714382000068,52.34933396300005],[4.853044620000048,52.35118873700003],[4.8520861870000545,52.353757339000026]]]}},{"type":"Feature","properties":{"service_id":50,"population_total":1120.58,"thiessen_area_km2":0.1234,"population_share":0.0014091174205637296,"area_share":0.0006304702623357336,"population_covered":1120.58,"area_covered_km2":0.1234,"population_coverage_ratio":1.0,"area_coverage_ratio":1.0000002288969336},"geometry":{"type":"Polygon","coordinates":[[[4.851714382000068,52.34933396300005],[4.8495146030000456,52.351444806000075],[4.846108288000039,52.35074537700007],[4.850756259000036,52.345786058000044],[4.851880512000037,52.34724995300007],[4.851714382000068,52.34933396300005]]]}},{"type":"Feature","properties":{"service_id":47,"population_total":2285.1,"thiessen_area_km2":0.2438,"population_share":0.0028734943478162327,"area_share":0.0012452455417615279,"population_covered":2285.1,"area_covered_km2":0.2438,"population_coverage_ratio":1.0,"area_coverage_ratio":0.9999998512335262},"geometry":{"type":"Polygon","coordinates":[[[4.849262357000043,52.35831761400004],[4.84889744700007,52.35904190400004],[4.839750374000062,52.35781009900006],[4.839260988000035,52.355760848000045],[4.839384267000071,52.355594953000036],[4.844406415000037,52.35358393900003],[4.849084677000064,52.35763307000008],[4.849262357000043,52.35831761400004]]]}},{"type":"Feature","properties":{"service_id":373,"population_total":2504.38,"thiessen_area_km2":0.7452,"population_share":0.003149236971523032,"area_share":0.003806151787840343,"population_covered":2460.44,"area_covered_km2":0.6565,"population_coverage_ratio":0.9824530490437976,"area_coverage_ratio":0.8810431654606031},"geometry":{"type":"Polygon","coordinates":[[[4.901906237000048,52.325783870000066],[4.891098004000071,52.32824015600005],[4.883531231000063,52.324176081000076],[4.883147890000032,52.32194023000005],[4.884117126000035,52.321945191000054],[4.899053097000035,52.32199478100006],[4.904807090000077,52.32114410400004],[4.906493116000036,52.32053780500007],[4.905691217000026,52.32212671600007],[4.901906237000048,52.325783870000066]]]}},{"type":"Feature","properties":{"service_id":24,"population_total":4658.1,"thiessen_area_km2":0.4865,"population_share":0.005857507709010013,"area_share":0.0024848308276787297,"population_covered":4658.1,"area_covered_km2":0.4865,"population_coverage_ratio":1.0,"area_coverage_ratio":1.0000001174563053},"geometry":{"type":"Polygon","coordinates":[[[4.8659324780000475,52.33865357600007],[4.863681144000054,52.339930424000045],[4.857074800000021,52.33972364400006],[4.855707389000031,52.33872903200006],[4.863263696000047,52.329141038000046],[4.866301889000056,52.33561032000006],[4.8659324780000475,52.33865357600007]]]}},{"type":"Feature","properties":{"service_id":349,"population_total":2340.03,"thiessen_area_km2":0.1627,"population_share":0.0029425687311772,"area_share":0.000830985760194778,"population_covered":2340.03,"area_covered_km2":0.1627,"population_coverage_ratio":1.0,"area_coverage_ratio":0.9999999946888906},"geometry":{"type":"Polygon","coordinates":[[[4.8784133880000695,52.33399734200003],[4.875193033000073,52.33418373900008],[4.872390909000046,52.33207000600004],[4.8725229990000685,52.33035735700008],[4.874279312000056,52.32919074000006],[4.878576461000023,52.33134903200005],[4.8784133880000695,52.33399734200003]]]}},{"type":"Feature","properties":{"service_id":350,"population_total":3526.53,"thiessen_area_km2":0.3614,"population_share":0.00443457541177409,"area_share":0.0018460299031304306,"population_covered":3526.53,"area_covered_km2":0.3614,"population_coverage_ratio":1.0,"area_coverage_ratio":0.9999999673897927},"geometry":{"type":"Polygon","coordinates":[[[4.870661828000038,52.334614900000076],[4.866301889000056,52.33561032000006],[4.863263696000047,52.329141038000046],[4.863138365000054,52.32699162100005],[4.8725229990000685,52.33035735700008],[4.872390909000046,52.33207000600004],[4.870661828000038,52.334614900000076]]]}},{"type":"Feature","properties":{"service_id":346,"population_total":604.23,"thiessen_area_km2":0.0444,"population_share":0.0007598182169706385,"area_share":0.00022663992681613395,"population_covered":604.23,"area_covered_km2":0.0444,"population_coverage_ratio":1.0,"area_coverage_ratio":1.0000000078392342},"geometry":{"type":"Polygon","coordinates":[[[4.873154956000064,52.338480298000036],[4.8719620590000545,52.33936921500003],[4.870797699000036,52.33471811800007],[4.872950055000047,52.335982484000056],[4.873154956000064,52.338480298000036]]]}},{"type":"Feature","properties":{"service_id":344,"population_total":681.14,"thiessen_area_km2":0.0525,"population_share":0.0008565223536759923,"area_share":0.00026830518804556305,"population_covered":681.14,"area_covered_km2":0.0525,"population_coverage_ratio":1.0,"area_coverage_ratio":1.0000001921978638},"geometry":{"type":"Polygon","coordinates":[[[4.87585346700007,52.33869007800007],[4.875699260000033,52.33873022100005],[4.873154956000064,52.338480298000036],[4.872950055000047,52.335982484000056],[4.873698780000041,52.33569642900005],[4.8768136210000534,52.338095407000026],[4.87585346700007,52.33869007800007]]]}},{"type":"Feature","properties":{"service_id":347,"population_total":1856.65,"thiessen_area_km2":0.1976,"population_share":0.002334714157600689,"area_share":0.0010093342596637022,"population_covered":1856.65,"area_covered_km2":0.1976,"population_coverage_ratio":1.0,"area_coverage_ratio":0.9999998919101162},"geometry":{"type":"Polygon","coordinates":[[[4.871127190000038,52.34019155100003],[4.868140449000066,52.34029896000004],[4.8678524980000475,52.34019868400003],[4.8659324780000475,52.33865357600007],[4.866301889000056,52.33561032000006],[4.870661828000038,52.334614900000076],[4.870797699000036,52.33471811800007],[4.8719620590000545,52.33936921500003],[4.871127190000038,52.34019155100003]]]}},{"type":"Feature","properties":{"service_id":342,"population_total":1417.2,"thiessen_area_km2":0.1053,"population_share":0.001782119090712952,"area_share":0.0005376491871024027,"population_covered":1417.2,"area_covered_km2":0.1053,"population_coverage_ratio":1.0,"area_coverage_ratio":1.000000110109195},"geometry":{"type":"Polygon","coordinates":[[[4.872712346000071,52.34367473800006],[4.871938932000035,52.34466042100007],[4.870344201000023,52.34450556100006],[4.868140449000066,52.34029896000004],[4.871127190000038,52.34019155100003],[4.872992909000061,52.34195607000004],[4.872712346000071,52.34367473800006]]]}},{"type":"Feature","properties":{"service_id":340,"population_total":670.15,"thiessen_area_km2":0.0598,"population_share":0.0008427074770037989,"area_share":0.0003052427268548671,"population_covered":670.15,"area_covered_km2":0.0598,"population_coverage_ratio":1.0,"area_coverage_ratio":1.0000000378757397},"geometry":{"type":"Polygon","coordinates":[[[4.87704201300005,52.34364267500007],[4.875519972000063,52.344936043000075],[4.872712346000071,52.34367473800006],[4.872992909000061,52.34195607000004],[4.874029187000076,52.34189971600006],[4.876296468000021,52.34294541500003],[4.87704201300005,52.34364267500007]]]}},{"type":"Feature","properties":{"service_id":337,"population_total":1087.62,"thiessen_area_km2":0.128,"population_share":0.0013676727905471493,"area_share":0.000653987530730967,"population_covered":1087.62,"area_covered_km2":0.128,"population_coverage_ratio":1.0,"area_coverage_ratio":1.0000002670795358},"geometry":{"type":"Polygon","coordinates":[[[4.867940735000047,52.348199693000026],[4.866430236000042,52.34926005500006],[4.866324295000027,52.34920175500008],[4.8678524980000475,52.34019868400003],[4.868140449000066,52.34029896000004],[4.870344201000023,52.34450556100006],[4.867940735000047,52.348199693000026]]]}},{"type":"Feature","properties":{"service_id":352,"population_total":2285.1,"thiessen_area_km2":0.2361,"population_share":0.0028734943478162327,"area_share":0.0012058756059537407,"population_covered":2285.1,"area_covered_km2":0.2361,"population_coverage_ratio":1.0,"area_coverage_ratio":0.9999999748578434},"geometry":{"type":"Polygon","coordinates":[[[4.8810675400000605,52.32891518000008],[4.878576461000023,52.33134903200005],[4.874279312000056,52.32919074000006],[4.874629774000027,52.32277510200004],[4.881059282000024,52.32844881600005],[4.8810675400000605,52.32891518000008]]]}},{"type":"Feature","properties":{"service_id":353,"population_total":2422.99,"thiessen_area_km2":0.2602,"population_share":0.003046886142729653,"area_share":0.0013291868825066108,"population_covered":2422.99,"area_covered_km2":0.2602,"population_coverage_ratio":1.0,"area_coverage_ratio":1.0000000675724514},"geometry":{"type":"Polygon","coordinates":[[[4.883531231000063,52.324176081000076],[4.881059282000024,52.32844881600005],[4.874629774000027,52.32277510200004],[4.874339064000026,52.32189514100003],[4.883147890000032,52.32194023000005],[4.883531231000063,52.324176081000076]]]}},{"type":"Feature","properties":{"service_id":356,"population_total":736.07,"thiessen_area_km2":0.1066,"population_share":0.0009255967370369596,"area_share":0.000544327452127301,"population_covered":736.07,"area_covered_km2":0.1066,"population_coverage_ratio":1.0,"area_coverage_ratio":1.0000000414058043},"geometry":{"type":"Polygon","coordinates":[[[4.887780514000042,52.338593186000026],[4.8876208010000255,52.33861631800005],[4.887236193000035,52.33782719700008],[4.886983343000054,52.33391200400007],[4.893039505000047,52.33682418200004],[4.887780514000042,52.338593186000026]]]}},{"type":"Feature","properties":{"service_id":355,"population_total":3153.0,"thiessen_area_km2":0.2791,"population_share":0.003964869604919513,"area_share":0.001425707706341318,"population_covered":3153.0,"area_covered_km2":0.2791,"population_coverage_ratio":1.0,"area_coverage_ratio":0.9999999397145735},"geometry":{"type":"Polygon","coordinates":[[[4.882273006000048,52.335864524000044],[4.8797923000000765,52.33705157300005],[4.879778181000063,52.33704204600008],[4.8784133880000695,52.33399734200003],[4.878576461000023,52.33134903200005],[4.8810675400000605,52.32891518000008],[4.886252327000022,52.331652312000074],[4.8862002800000255,52.33192099100006],[4.882273006000048,52.335864524000044]]]}},{"type":"Feature","properties":{"service_id":351,"population_total":812.97,"thiessen_area_km2":0.071,"population_share":0.0010223008737423136,"area_share":0.0003627279131294682,"population_covered":812.97,"area_covered_km2":0.071,"population_coverage_ratio":1.0,"area_coverage_ratio":0.9999997670877931},"geometry":{"type":"Polygon","coordinates":[[[4.873698780000041,52.33569642900005],[4.872950055000047,52.335982484000056],[4.870797699000036,52.33471811800007],[4.870661828000038,52.334614900000076],[4.872390909000046,52.33207000600004],[4.875193033000073,52.33418373900008],[4.873698780000041,52.33569642900005]]]}},{"type":"Feature","properties":{"service_id":348,"population_total":5872.62,"thiessen_area_km2":0.6367,"population_share":0.007384757417798389,"area_share":0.0032523214359695997,"population_covered":5872.62,"area_covered_km2":0.6367,"population_coverage_ratio":1.0,"area_coverage_ratio":1.0000000291383615},"geometry":{"type":"Polygon","coordinates":[[[4.874279312000056,52.32919074000006],[4.8725229990000685,52.33035735700008],[4.863138365000054,52.32699162100005],[4.861252789000048,52.32183143200007],[4.872192860000041,52.32188415500008],[4.874339064000026,52.32189514100003],[4.874629774000027,52.32277510200004],[4.874279312000056,52.32919074000006]]]}},{"type":"Feature","properties":{"service_id":345,"population_total":1120.58,"thiessen_area_km2":0.1201,"population_share":0.0014091174205637296,"area_share":0.0006132647053862318,"population_covered":1120.58,"area_covered_km2":0.1201,"population_coverage_ratio":1.0,"area_coverage_ratio":0.9999999915353824},"geometry":{"type":"Polygon","coordinates":[[[4.879778181000063,52.33704204600008],[4.8768136210000534,52.338095407000026],[4.873698780000041,52.33569642900005],[4.875193033000073,52.33418373900008],[4.8784133880000695,52.33399734200003],[4.879778181000063,52.33704204600008]]]}},{"type":"Feature","properties":{"service_id":343,"population_total":845.93,"thiessen_area_km2":0.0724,"population_share":0.0010637455037588938,"area_share":0.0003696339333294099,"population_covered":845.93,"area_covered_km2":0.0724,"population_coverage_ratio":1.0,"area_coverage_ratio":0.9999999462030256},"geometry":{"type":"Polygon","coordinates":[[[4.874029187000076,52.34189971600006],[4.872992909000061,52.34195607000004],[4.871127190000038,52.34019155100003],[4.8719620590000545,52.33936921500003],[4.873154956000064,52.338480298000036],[4.875699260000033,52.33873022100005],[4.874029187000076,52.34189971600006]]]}},{"type":"Feature","properties":{"service_id":341,"population_total":483.39,"thiessen_area_km2":0.0364,"population_share":0.0006078545735765107,"area_share":0.00018606356375829573,"population_covered":483.39,"area_covered_km2":0.0364,"population_coverage_ratio":1.0,"area_coverage_ratio":1.0000000970544913},"geometry":{"type":"Polygon","coordinates":[[[4.87585346700007,52.33869007800007],[4.876296468000021,52.34294541500003],[4.874029187000076,52.34189971600006],[4.875699260000033,52.33873022100005],[4.87585346700007,52.33869007800007]]]}},{"type":"Feature","properties":{"service_id":359,"population_total":1647.91,"thiessen_area_km2":0.2176,"population_share":0.002072231500829014,"area_share":0.001111686960715398,"population_covered":1647.91,"area_covered_km2":0.2176,"population_coverage_ratio":1.0,"area_coverage_ratio":1.0000000183693065},"geometry":{"type":"Polygon","coordinates":[[[4.881696509000051,52.34206782500007],[4.880630740000072,52.34369999300003],[4.87704201300005,52.34364267500007],[4.876296468000021,52.34294541500003],[4.87585346700007,52.33869007800007],[4.8768136210000534,52.338095407000026],[4.879778181000063,52.33704204600008],[4.8797923000000765,52.33705157300005],[4.881696509000051,52.34206782500007]]]}},{"type":"Feature","properties":{"service_id":357,"population_total":1109.59,"thiessen_area_km2":0.2472,"population_share":0.0013953025438915361,"area_share":0.001262439387893225,"population_covered":1109.59,"area_covered_km2":0.2472,"population_coverage_ratio":1.0,"area_coverage_ratio":1.0000000182886664},"geometry":{"type":"Polygon","coordinates":[[[4.885253395000063,52.34195371000004],[4.881696509000051,52.34206782500007],[4.8797923000000765,52.33705157300005],[4.882273006000048,52.335864524000044],[4.887236193000035,52.33782719700008],[4.8876208010000255,52.33861631800005],[4.88575490900007,52.341648088000056],[4.885253395000063,52.34195371000004]]]}},{"type":"Feature","properties":{"service_id":329,"population_total":1944.54,"thiessen_area_km2":0.2145,"population_share":0.0024452331709782366,"area_share":0.00109578697539329,"population_covered":1944.54,"area_covered_km2":0.2145,"population_coverage_ratio":1.0,"area_coverage_ratio":0.9999999258040237},"geometry":{"type":"Polygon","coordinates":[[[4.880805949000035,52.347538590000056],[4.876141812000071,52.35055350500005],[4.874941701000068,52.34605420400004],[4.875519972000063,52.344936043000075],[4.87704201300005,52.34364267500007],[4.880630740000072,52.34369999300003],[4.880805949000035,52.347538590000056]]]}},{"type":"Feature","properties":{"service_id":339,"population_total":285.64,"thiessen_area_km2":0.0426,"population_share":0.0003591867934770291,"area_share":0.00021751065065563543,"population_covered":285.64,"area_covered_km2":0.0426,"population_coverage_ratio":1.0,"area_coverage_ratio":0.9999998410980008},"geometry":{"type":"Polygon","coordinates":[[[4.874941701000068,52.34605420400004],[4.872610976000033,52.346079548000034],[4.871938932000035,52.34466042100007],[4.872712346000071,52.34367473800006],[4.875519972000063,52.344936043000075],[4.874941701000068,52.34605420400004]]]}},{"type":"Feature","properties":{"service_id":361,"population_total":1571.01,"thiessen_area_km2":0.1306,"population_share":0.00197552736412366,"area_share":0.0006671579345159581,"population_covered":1571.01,"area_covered_km2":0.1306,"population_coverage_ratio":1.0,"area_coverage_ratio":0.9999999306608363},"geometry":{"type":"Polygon","coordinates":[[[4.892275164000068,52.344061569000075],[4.888681351000059,52.34655259700003],[4.886499818000061,52.34481073200004],[4.885253395000063,52.34195371000004],[4.88575490900007,52.341648088000056],[4.89229688100005,52.34374502000003],[4.892275164000068,52.344061569000075]]]}},{"type":"Feature","properties":{"service_id":32,"population_total":505.36,"thiessen_area_km2":0.1381,"population_share":0.0006354843269208975,"area_share":0.0007051831811692174,"population_covered":505.36,"area_covered_km2":0.1381,"population_coverage_ratio":1.0,"area_coverage_ratio":1.0000000481953901},"geometry":{"type":"Polygon","coordinates":[[[4.86218433800002,52.35170735600008],[4.858801222000068,52.35326791800003],[4.857281272000023,52.35104014900003],[4.857320471000037,52.35094921000007],[4.85942923500005,52.349001789000056],[4.861535928000023,52.34807217100007],[4.862963944000057,52.34825853500007],[4.863371931000074,52.34854918800005],[4.86218433800002,52.35170735600008]]]}},{"type":"Feature","properties":{"service_id":27,"population_total":791.0,"thiessen_area_km2":0.1162,"population_share":0.0009946711203979266,"area_share":0.0005933068460279465,"population_covered":791.0,"area_covered_km2":0.1162,"population_coverage_ratio":1.0,"area_coverage_ratio":0.9999999571565509},"geometry":{"type":"Polygon","coordinates":[[[4.857281272000023,52.35104014900003],[4.855765267000038,52.35214266200006],[4.853044620000048,52.35118873700003],[4.851714382000068,52.34933396300005],[4.851880512000037,52.34724995300007],[4.853513378000059,52.34732860500003],[4.857320471000037,52.35094921000007],[4.857281272000023,52.35104014900003]]]}},{"type":"Feature","properties":{"service_id":23,"population_total":2153.27,"thiessen_area_km2":0.2751,"population_share":0.0027077158277499114,"area_share":0.00140511443473308,"population_covered":2153.27,"area_covered_km2":0.2751,"population_coverage_ratio":1.0,"area_coverage_ratio":0.9999998584580228},"geometry":{"type":"Polygon","coordinates":[[[4.855427248000069,52.346603240000036],[4.853513378000059,52.34732860500003],[4.851880512000037,52.34724995300007],[4.850756259000036,52.345786058000044],[4.850451123000028,52.345066012000075],[4.855585882000071,52.33870786700004],[4.855707389000031,52.33872903200006],[4.857074800000021,52.33972364400006],[4.857764277000058,52.34330362600008],[4.855427248000069,52.346603240000036]]]}},{"type":"Feature","properties":{"service_id":22,"population_total":659.16,"thiessen_area_km2":0.1227,"population_share":0.0008288926003316056,"area_share":0.000626737524047152,"population_covered":659.16,"area_covered_km2":0.1227,"population_coverage_ratio":1.0,"area_coverage_ratio":1.0000001470948234},"geometry":{"type":"Polygon","coordinates":[[[4.861535928000023,52.34807217100007],[4.85942923500005,52.349001789000056],[4.855427248000069,52.346603240000036],[4.857764277000058,52.34330362600008],[4.861535928000023,52.34807217100007]]]}},{"type":"Feature","properties":{"service_id":33,"population_total":296.62,"thiessen_area_km2":0.0789,"population_share":0.0003730016701492225,"area_share":0.0004028962328778335,"population_covered":296.62,"area_covered_km2":0.0789,"population_coverage_ratio":1.0,"area_coverage_ratio":1.0000001175122604},"geometry":{"type":"Polygon","coordinates":[[[4.86218433800002,52.35170735600008],[4.861426264000045,52.35662299400008],[4.859616557000038,52.356352110000046],[4.858801222000068,52.35326791800003],[4.86218433800002,52.35170735600008]]]}},{"type":"Feature","properties":{"service_id":28,"population_total":472.4,"thiessen_area_km2":0.1064,"population_share":0.0005940396969043173,"area_share":0.0005433160950815499,"population_covered":472.4,"area_covered_km2":0.1064,"population_coverage_ratio":1.0,"area_coverage_ratio":0.9999999774782432},"geometry":{"type":"Polygon","coordinates":[[[4.859616557000038,52.356352110000046],[4.859459801000071,52.35640208900003],[4.856727567000064,52.35576410200008],[4.8554381020000505,52.35497748300003],[4.855313765000062,52.35448139600004],[4.855765267000038,52.35214266200006],[4.857281272000023,52.35104014900003],[4.858801222000068,52.35326791800003],[4.859616557000038,52.356352110000046]]]}},{"type":"Feature","properties":{"service_id":34,"population_total":1241.43,"thiessen_area_km2":0.2583,"population_share":0.0015610810639578572,"area_share":0.0013194018469028903,"population_covered":1241.43,"area_covered_km2":0.2583,"population_coverage_ratio":1.0,"area_coverage_ratio":0.9999998601196732},"geometry":{"type":"Polygon","coordinates":[[[4.86435259700005,52.35748402200005],[4.86301652100002,52.35765057900005],[4.862822477000066,52.35762569700006],[4.861426264000045,52.35662299400008],[4.86218433800002,52.35170735600008],[4.863371931000074,52.34854918800005],[4.866324295000027,52.34920175500008],[4.866430236000042,52.34926005500006],[4.867359360000023,52.35081161200003],[4.86435259700005,52.35748402200005]]]}},{"type":"Feature","properties":{"service_id":30,"population_total":1483.12,"thiessen_area_km2":0.136,"population_share":0.0018650083507461123,"area_share":0.0006944804060415693,"population_covered":1483.12,"area_covered_km2":0.136,"population_coverage_ratio":1.0,"area_coverage_ratio":1.0000000168003087},"geometry":{"type":"Polygon","coordinates":[[[4.8554381020000505,52.35497748300003],[4.851972918000058,52.35833377400007],[4.849262357000043,52.35831761400004],[4.849084677000064,52.35763307000008],[4.850132117000044,52.35503810100005],[4.8520861870000545,52.353757339000026],[4.855313765000062,52.35448139600004],[4.8554381020000505,52.35497748300003]]]}},{"type":"Feature","properties":{"service_id":338,"population_total":911.84,"thiessen_area_km2":0.0714,"population_share":0.0011466347637920545,"area_share":0.0003649406546855932,"population_covered":911.84,"area_covered_km2":0.0714,"population_coverage_ratio":1.0,"area_coverage_ratio":1.0000000681774093},"geometry":{"type":"Polygon","coordinates":[[[4.872060327000042,52.34729914500008],[4.867940735000047,52.348199693000026],[4.870344201000023,52.34450556100006],[4.871938932000035,52.34466042100007],[4.872610976000033,52.346079548000034],[4.872060327000042,52.34729914500008]]]}},{"type":"Feature","properties":{"service_id":331,"population_total":1977.49,"thiessen_area_km2":0.2211,"population_share":0.0024866778009948166,"area_share":0.001129270116277048,"population_covered":1977.49,"area_covered_km2":0.2211,"population_coverage_ratio":1.0,"area_coverage_ratio":0.9999999904082144},"geometry":{"type":"Polygon","coordinates":[[[4.874312847000056,52.35192822600004],[4.871651736000047,52.35259939900004],[4.870026565000046,52.352366353000036],[4.867359360000023,52.35081161200003],[4.866430236000042,52.34926005500006],[4.867940735000047,52.348199693000026],[4.872060327000042,52.34729914500008],[4.875248136000039,52.351393373000064],[4.874312847000056,52.35192822600004]]]}},{"type":"Feature","properties":{"service_id":336,"population_total":1922.56,"thiessen_area_km2":0.2774,"population_share":0.0024176034176338498,"area_share":0.0014166918929377254,"population_covered":1922.56,"area_covered_km2":0.2774,"population_coverage_ratio":1.0,"area_coverage_ratio":0.9999999125240504},"geometry":{"type":"Polygon","coordinates":[[[4.8678524980000475,52.34019868400003],[4.866324295000027,52.34920175500008],[4.863371931000074,52.34854918800005],[4.862963944000057,52.34825853500007],[4.863681144000054,52.339930424000045],[4.8659324780000475,52.33865357600007],[4.8678524980000475,52.34019868400003]]]}},{"type":"Feature","properties":{"service_id":25,"population_total":2087.35,"thiessen_area_km2":0.29,"population_share":0.002624826567716751,"area_share":0.0014810729592527772,"population_covered":2087.35,"area_covered_km2":0.29,"population_coverage_ratio":1.0,"area_coverage_ratio":0.9999998513596865},"geometry":{"type":"Polygon","coordinates":[[[4.863681144000054,52.339930424000045],[4.862963944000057,52.34825853500007],[4.861535928000023,52.34807217100007],[4.857764277000058,52.34330362600008],[4.857074800000021,52.33972364400006],[4.863681144000054,52.339930424000045]]]}},{"type":"Feature","properties":{"service_id":333,"population_total":714.09,"thiessen_area_km2":0.0931,"population_share":0.0008979669836925726,"area_share":0.0004754809482926789,"population_covered":714.09,"area_covered_km2":0.0931,"population_coverage_ratio":1.0,"area_coverage_ratio":0.999999876532632},"geometry":{"type":"Polygon","coordinates":[[[4.874565379000046,52.35644916900003],[4.872149487000058,52.35749795100003],[4.871651736000047,52.35259939900004],[4.874312847000056,52.35192822600004],[4.874565379000046,52.35644916900003]]]}},{"type":"Feature","properties":{"service_id":332,"population_total":791.0,"thiessen_area_km2":0.1148,"population_share":0.0009946711203979266,"area_share":0.0005864013057217197,"population_covered":791.0,"area_covered_km2":0.1148,"population_coverage_ratio":1.0,"area_coverage_ratio":1.0000000940629747},"geometry":{"type":"Polygon","coordinates":[[[4.877674031000026,52.35501945200008],[4.876250783000046,52.35780266900008],[4.874565379000046,52.35644916900003],[4.874312847000056,52.35192822600004],[4.875248136000039,52.351393373000064],[4.875618060000022,52.35130704000005],[4.8776958360000435,52.353593311000054],[4.877674031000026,52.35501945200008]]]}},{"type":"Feature","properties":{"service_id":334,"population_total":637.19,"thiessen_area_km2":0.1393,"population_share":0.0008012628469872187,"area_share":0.0007117482351137624,"population_covered":637.19,"area_covered_km2":0.1393,"population_coverage_ratio":1.0,"area_coverage_ratio":1.0000000121702097},"geometry":{"type":"Polygon","coordinates":[[[4.871714323000049,52.35860653900005],[4.869398356000033,52.35970102500005],[4.868354858000032,52.35910297800007],[4.870026565000046,52.352366353000036],[4.871651736000047,52.35259939900004],[4.872149487000058,52.35749795100003],[4.871714323000049,52.35860653900005]]]}},{"type":"Feature","properties":{"service_id":330,"population_total":1076.64,"thiessen_area_km2":0.0904,"population_share":0.0013538579138749557,"area_share":0.0004619919344890437,"population_covered":1076.64,"area_covered_km2":0.0904,"population_coverage_ratio":1.0,"area_coverage_ratio":1.0000001299416827},"geometry":{"type":"Polygon","coordinates":[[[4.875618060000022,52.35130704000005],[4.875248136000039,52.351393373000064],[4.872060327000042,52.34729914500008],[4.872610976000033,52.346079548000034],[4.874941701000068,52.34605420400004],[4.876141812000071,52.35055350500005],[4.875618060000022,52.35130704000005]]]}},{"type":"Feature","properties":{"service_id":322,"population_total":626.21,"thiessen_area_km2":0.0722,"population_share":0.0007874479703150253,"area_share":0.00036887950679465113,"population_covered":626.21,"area_covered_km2":0.0722,"population_coverage_ratio":1.0,"area_coverage_ratio":0.9999996858645182},"geometry":{"type":"Polygon","coordinates":[[[4.883815156000026,52.35676986000004],[4.882900353000025,52.357179192000046],[4.8821410800000535,52.35563561500004],[4.88197148200004,52.354944672000045],[4.88603142300002,52.352469746000054],[4.886921942000072,52.352723121000054],[4.883815156000026,52.35676986000004]]]}},{"type":"Feature","properties":{"service_id":328,"population_total":747.05,"thiessen_area_km2":0.2349,"population_share":0.000939411613709153,"area_share":0.0011996412820517782,"population_covered":747.05,"area_covered_km2":0.2349,"population_coverage_ratio":1.0,"area_coverage_ratio":0.9999999743828509},"geometry":{"type":"Polygon","coordinates":[[[4.885018387000059,52.347989562000066],[4.882270574000074,52.34875958400005],[4.880805949000035,52.347538590000056],[4.880630740000072,52.34369999300003],[4.881696509000051,52.34206782500007],[4.885253395000063,52.34195371000004],[4.886499818000061,52.34481073200004],[4.885018387000059,52.347989562000066]]]}},{"type":"Feature","properties":{"service_id":320,"population_total":1307.34,"thiessen_area_km2":0.2097,"population_share":0.0016439703239910176,"area_share":0.001071011242675609,"population_covered":1307.34,"area_covered_km2":0.2097,"population_coverage_ratio":1.0,"area_coverage_ratio":1.0000000644185265},"geometry":{"type":"Polygon","coordinates":[[[4.882609073000026,52.349716654000076],[4.881134068000051,52.35393396200004],[4.8776958360000435,52.353593311000054],[4.875618060000022,52.35130704000005],[4.876141812000071,52.35055350500005],[4.880805949000035,52.347538590000056],[4.882270574000074,52.34875958400005],[4.882609073000026,52.349716654000076]]]}},{"type":"Feature","properties":{"service_id":323,"population_total":1373.26,"thiessen_area_km2":0.116,"population_share":0.0017268595840241783,"area_share":0.000592553874335381,"population_covered":1373.26,"area_covered_km2":0.116,"population_coverage_ratio":1.0,"area_coverage_ratio":1.0000003961168686},"geometry":{"type":"Polygon","coordinates":[[[4.889922562000038,52.35644789500003],[4.883815156000026,52.35676986000004],[4.886921942000072,52.352723121000054],[4.88767058600007,52.35274738600003],[4.890454973000033,52.355469811000034],[4.889922562000038,52.35644789500003]]]}},{"type":"Feature","properties":{"service_id":325,"population_total":2713.56,"thiessen_area_km2":0.2849,"population_share":0.0034122745380317765,"area_share":0.0014552050425381022,"population_covered":2713.56,"area_covered_km2":0.2849,"population_coverage_ratio":1.0,"area_coverage_ratio":0.999999946544781},"geometry":{"type":"Polygon","coordinates":[[[4.8927066680000735,52.354869174000044],[4.890454973000033,52.355469811000034],[4.88767058600007,52.35274738600003],[4.888430139000036,52.34896986900003],[4.8946265490000656,52.34913667400008],[4.895253589000049,52.349725299000056],[4.895228107000037,52.351601843000026],[4.893536723000068,52.354387906000056],[4.8927066680000735,52.354869174000044]]]}},{"type":"Feature","properties":{"service_id":303,"population_total":109.86,"thiessen_area_km2":0.013,"population_share":0.00013814876672193425,"area_share":6.630295725176694e-05,"population_covered":109.86,"area_covered_km2":0.013,"population_coverage_ratio":1.0,"area_coverage_ratio":0.9999999499784626},"geometry":{"type":"Polygon","coordinates":[[[4.879639642000029,52.356441689000064],[4.880210186000056,52.358484485000076],[4.878963150000061,52.35785664400004],[4.878816307000022,52.35633781000007],[4.879639642000029,52.356441689000064]]]}},{"type":"Feature","properties":{"service_id":302,"population_total":318.6,"thiessen_area_km2":0.0417,"population_share":0.00040063142349360936,"area_share":0.000212755049079334,"population_covered":318.6,"area_covered_km2":0.0417,"population_coverage_ratio":1.0,"area_coverage_ratio":0.999999941871685},"geometry":{"type":"Polygon","coordinates":[[[4.878963150000061,52.35785664400004],[4.876333034000027,52.35847576900005],[4.876250783000046,52.35780266900008],[4.877674031000026,52.35501945200008],[4.878816307000022,52.35633781000007],[4.878963150000061,52.35785664400004]]]}},{"type":"Feature","properties":{"service_id":321,"population_total":703.11,"thiessen_area_km2":0.0935,"population_share":0.0008841521070203792,"area_share":0.00047769661690673425,"population_covered":703.11,"area_covered_km2":0.0935,"population_coverage_ratio":1.0,"area_coverage_ratio":0.99999977187424},"geometry":{"type":"Polygon","coordinates":[[[4.88603142300002,52.352469746000054],[4.88197148200004,52.354944672000045],[4.881134068000051,52.35393396200004],[4.882609073000026,52.349716654000076],[4.88603142300002,52.352469746000054]]]}},{"type":"Feature","properties":{"service_id":319,"population_total":483.39,"thiessen_area_km2":0.0698,"population_share":0.0006078545735765107,"area_share":0.0003564197283971208,"population_covered":483.39,"area_covered_km2":0.0698,"population_coverage_ratio":1.0,"area_coverage_ratio":1.0000001079486798},"geometry":{"type":"Polygon","coordinates":[[[4.8821410800000535,52.35563561500004],[4.879639642000029,52.356441689000064],[4.878816307000022,52.35633781000007],[4.877674031000026,52.35501945200008],[4.8776958360000435,52.353593311000054],[4.881134068000051,52.35393396200004],[4.88197148200004,52.354944672000045],[4.8821410800000535,52.35563561500004]]]}},{"type":"Feature","properties":{"service_id":315,"population_total":1241.43,"thiessen_area_km2":0.1625,"population_share":0.0015610810639578572,"area_share":0.00083002292687679,"population_covered":1241.43,"area_covered_km2":0.1625,"population_coverage_ratio":1.0,"area_coverage_ratio":0.9999997370706666},"geometry":{"type":"Polygon","coordinates":[[[4.889922562000038,52.35644789500003],[4.888600478000058,52.361393891000034],[4.8827451410000435,52.35827501000006],[4.882900353000025,52.357179192000046],[4.883815156000026,52.35676986000004],[4.889922562000038,52.35644789500003]]]}},{"type":"Feature","properties":{"service_id":258,"population_total":362.54,"thiessen_area_km2":0.1605,"population_share":0.0004558909301823831,"area_share":0.0008197387332778395,"population_covered":362.54,"area_covered_km2":0.1605,"population_coverage_ratio":1.0,"area_coverage_ratio":0.9999999307931051},"geometry":{"type":"Polygon","coordinates":[[[4.888503038000067,52.363007854000045],[4.890278824000063,52.36792630600007],[4.884332205000021,52.36763926500004],[4.884187054000051,52.36697611300008],[4.8842092940000725,52.36511836600005],[4.88607618900005,52.363884917000064],[4.888317406000056,52.362710510000056],[4.888503038000067,52.363007854000045]]]}},{"type":"Feature","properties":{"service_id":139,"population_total":14314.28,"thiessen_area_km2":4.9886,"population_share":0.018000063890403584,"area_share":0.025480692132456864,"population_covered":7217.85,"area_covered_km2":1.9226,"population_coverage_ratio":0.5042412087475973,"area_coverage_ratio":0.38539243281276087},"geometry":{"type":"Polygon","coordinates":[[[4.782413578000046,52.42668825000004],[4.779698502000031,52.42690844900005],[4.741550476000043,52.39876452400006],[4.7578330040000765,52.39666366600005],[4.758430004000047,52.396667480000076],[4.760784149000074,52.39668273900003],[4.760848045000046,52.39259719900008],[4.7609210010000425,52.387832642000035],[4.760989189000043,52.38355255100004],[4.760993957000039,52.38322067300004],[4.761033058000066,52.38079071000004],[4.761038135000035,52.38046332500005],[4.762973996000028,52.381161432000056],[4.766659402000073,52.385079706000056],[4.779166770000074,52.41307583200006],[4.782413578000046,52.42668825000004]]]}},{"type":"Feature","properties":{"service_id":132,"population_total":6382.91,"thiessen_area_km2":1.19,"population_share":0.008026443346544381,"area_share":0.006078124068049223,"population_covered":5712.76,"area_covered_km2":0.9708,"population_coverage_ratio":0.8950086058519793,"area_coverage_ratio":0.8158070633613942},"geometry":{"type":"Polygon","coordinates":[[[4.792930686000034,52.36735304600006],[4.785810875000038,52.36794757000007],[4.78423398700005,52.35729048800005],[4.788615572000026,52.35158678500005],[4.792229174000056,52.35108231800007],[4.793597811000041,52.35176244000007],[4.79676577400005,52.35978068600008],[4.795535944000051,52.36423201500003],[4.792930686000034,52.36735304600006]]]}},{"type":"Feature","properties":{"service_id":114,"population_total":11062.98,"thiessen_area_km2":2.6605,"population_share":0.01391158080889878,"area_share":0.013589292945621077,"population_covered":9074.5,"area_covered_km2":2.0336,"population_coverage_ratio":0.82025819265144,"area_coverage_ratio":0.7643878226501256},"geometry":{"type":"Polygon","coordinates":[[[4.819014983000045,52.40889842000007],[4.802166925000051,52.42162794600006],[4.8030754710000565,52.405068407000044],[4.808448438000028,52.39290709900007],[4.813831148000077,52.391629058000035],[4.818275190000065,52.39555517400004],[4.822259574000043,52.400411716000065],[4.821869037000056,52.406125348000046],[4.819014983000045,52.40889842000007]]]}},{"type":"Feature","properties":{"service_id":138,"population_total":8689.98,"thiessen_area_km2":5.7833,"population_share":0.010927567447704999,"area_share":0.029540287555039204,"population_covered":5196.41,"area_covered_km2":1.9224,"population_coverage_ratio":0.5979772439949432,"area_coverage_ratio":0.3324050928943729},"geometry":{"type":"Polygon","coordinates":[[[4.779698502000031,52.42690844900005],[4.775064945000054,52.42728424100005],[4.769162178000045,52.42724990800008],[4.752898216000062,52.42894744900008],[4.7524199480000675,52.429016113000046],[4.741061210000055,52.43067169200003],[4.731224060000045,52.40009689300007],[4.741550476000043,52.39876452400006],[4.779698502000031,52.42690844900005]]]}},{"type":"Feature","properties":{"service_id":134,"population_total":1054.66,"thiessen_area_km2":0.8656,"population_share":0.001326228160530569,"area_share":0.004421094319404472,"population_covered":878.89,"area_covered_km2":0.4704,"population_coverage_ratio":0.8333333333333333,"area_coverage_ratio":0.5434548377915012},"geometry":{"type":"Polygon","coordinates":[[[4.768987097000036,52.35909216200008],[4.759986482000045,52.36540075400006],[4.759812831000033,52.36436080900006],[4.759743213000036,52.36392974800003],[4.758465767000075,52.35627746500006],[4.770338059000039,52.35095977800006],[4.770553112000073,52.35089492800006],[4.775960922000024,52.349288940000065],[4.776261807000026,52.34919738700006],[4.776487406000058,52.34909628200006],[4.768987097000036,52.35909216200008]]]}},{"type":"Feature","properties":{"service_id":126,"population_total":3350.75,"thiessen_area_km2":0.4723,"population_share":0.004213537385018995,"area_share":0.0024125659608677068,"population_covered":3350.75,"area_covered_km2":0.4723,"population_coverage_ratio":1.0,"area_coverage_ratio":0.9999999638757545},"geometry":{"type":"Polygon","coordinates":[[[4.803260225000031,52.36417540800005],[4.795535944000051,52.36423201500003],[4.79676577400005,52.35978068600008],[4.801966118000053,52.355875420000075],[4.807427745000041,52.360021163000056],[4.806671283000071,52.36128381200007],[4.803260225000031,52.36417540800005]]]}},{"type":"Feature","properties":{"service_id":123,"population_total":2438.91,"thiessen_area_km2":0.7107,"population_share":0.0030669026212269404,"area_share":0.003630180503842522,"population_covered":2438.91,"area_covered_km2":0.7107,"population_coverage_ratio":1.0,"area_coverage_ratio":1.000000004754073},"geometry":{"type":"Polygon","coordinates":[[[4.811005514000044,52.36799006100006],[4.807739629000025,52.37336348800005],[4.792960270000037,52.367389382000056],[4.792930686000034,52.36735304600006],[4.795535944000051,52.36423201500003],[4.803260225000031,52.36417540800005],[4.811005514000044,52.36799006100006]]]}},{"type":"Feature","properties":{"service_id":124,"population_total":988.75,"thiessen_area_km2":0.2276,"population_share":0.0012433389004974083,"area_share":0.001162627580017783,"population_covered":988.75,"area_covered_km2":0.2276,"population_coverage_ratio":1.0,"area_coverage_ratio":1.00000012359685},"geometry":{"type":"Polygon","coordinates":[[[4.813764653000021,52.366571830000055],[4.811005514000044,52.36799006100006],[4.803260225000031,52.36417540800005],[4.806671283000071,52.36128381200007],[4.813764653000021,52.366571830000055]]]}},{"type":"Feature","properties":{"service_id":117,"population_total":1900.59,"thiessen_area_km2":1.4422,"population_share":0.0023899736642894625,"area_share":0.007366753795081329,"population_covered":1571.01,"area_covered_km2":1.1371,"population_coverage_ratio":0.8265895953757225,"area_coverage_ratio":0.7884121892312096},"geometry":{"type":"Polygon","coordinates":[[[4.826900118000026,52.420863455000074],[4.813508033000062,52.42300796500007],[4.81300783100005,52.423069000000055],[4.800410126000031,52.42460993900005],[4.802166925000051,52.42162794600006],[4.819014983000045,52.40889842000007],[4.826900118000026,52.420863455000074]]]}},{"type":"Feature","properties":{"service_id":121,"population_total":6932.21,"thiessen_area_km2":0.8426,"population_share":0.008717187180154053,"area_share":0.004303959026510466,"population_covered":6932.21,"area_covered_km2":0.8404,"population_coverage_ratio":1.0,"area_coverage_ratio":0.997367148626452},"geometry":{"type":"Polygon","coordinates":[[[4.808348872000067,52.37725475800005],[4.799120043000073,52.382288766000045],[4.792960270000037,52.367389382000056],[4.807739629000025,52.37336348800005],[4.808348872000067,52.37725475800005]]]}},{"type":"Feature","properties":{"service_id":122,"population_total":11293.68,"thiessen_area_km2":3.6079,"population_share":0.014201693219014842,"area_share":0.018428710315472264,"population_covered":9140.41,"area_covered_km2":2.2864,"population_coverage_ratio":0.8093385214007782,"area_coverage_ratio":0.6337036286202955},"geometry":{"type":"Polygon","coordinates":[[[4.797955764000051,52.38712266600004],[4.795083287000068,52.38845429400004],[4.766659402000073,52.385079706000056],[4.762973996000028,52.381161432000056],[4.785810875000038,52.36794757000007],[4.792930686000034,52.36735304600006],[4.792960270000037,52.367389382000056],[4.799120043000073,52.382288766000045],[4.797955764000051,52.38712266600004]]]}},{"type":"Feature","properties":{"service_id":120,"population_total":5042.61,"thiessen_area_km2":0.9162,"population_share":0.006341028392536783,"area_share":0.004679746743130028,"population_covered":5042.61,"area_covered_km2":0.9162,"population_coverage_ratio":1.0,"area_coverage_ratio":0.9999999619801127},"geometry":{"type":"Polygon","coordinates":[[[4.820792746000052,52.37051547200008],[4.814503340000044,52.38107826100003],[4.808348872000067,52.37725475800005],[4.807739629000025,52.37336348800005],[4.811005514000044,52.36799006100006],[4.813764653000021,52.366571830000055],[4.815999236000039,52.36569543500008],[4.819866707000074,52.368844582000065],[4.820792746000052,52.37051547200008]]]}},{"type":"Feature","properties":{"service_id":115,"population_total":4570.21,"thiessen_area_km2":1.0857,"population_share":0.0057469886956324654,"area_share":0.005545517956261594,"population_covered":4570.21,"area_covered_km2":1.0753,"population_coverage_ratio":1.0,"area_coverage_ratio":0.990456527649829},"geometry":{"type":"Polygon","coordinates":[[[4.808448438000028,52.39290709900007],[4.8030754710000565,52.405068407000044],[4.794624217000035,52.39621009700005],[4.795083287000068,52.38845429400004],[4.797955764000051,52.38712266600004],[4.808448438000028,52.39290709900007]]]}},{"type":"Feature","properties":{"service_id":118,"population_total":19346.48,"thiessen_area_km2":3.2786,"population_share":0.024327997819732623,"area_share":0.016746552305383775,"population_covered":14457.67,"area_covered_km2":1.9459,"population_coverage_ratio":0.7473026689381034,"area_coverage_ratio":0.5935032481301753},"geometry":{"type":"Polygon","coordinates":[[[4.794624217000035,52.39621009700005],[4.779166770000074,52.41307583200006],[4.766659402000073,52.385079706000056],[4.795083287000068,52.38845429400004],[4.794624217000035,52.39621009700005]]]}},{"type":"Feature","properties":{"service_id":128,"population_total":1571.01,"thiessen_area_km2":0.2646,"population_share":0.00197552736412366,"area_share":0.0013516141373943109,"population_covered":1571.01,"area_covered_km2":0.2646,"population_coverage_ratio":1.0,"area_coverage_ratio":0.9999999792954609},"geometry":{"type":"Polygon","coordinates":[[[4.8164887740000495,52.35735312300005],[4.815607232000048,52.36075310600006],[4.8105417030000694,52.35840120300003],[4.808635351000021,52.35508341100007],[4.811323533000063,52.35266038600008],[4.815986126000041,52.356189233000066],[4.8164887740000495,52.35735312300005]]]}},{"type":"Feature","properties":{"service_id":61,"population_total":944.8,"thiessen_area_km2":0.4694,"population_share":0.0011880793938086347,"area_share":0.0023978506670167183,"population_covered":944.8,"area_covered_km2":0.4694,"population_coverage_ratio":1.0,"area_coverage_ratio":1.0000000018496025},"geometry":{"type":"Polygon","coordinates":[[[4.8298033310000505,52.36728442900005],[4.827417122000043,52.373271834000036],[4.820792746000052,52.37051547200008],[4.819866707000074,52.368844582000065],[4.826842971000076,52.36175237800006],[4.8298033310000505,52.36728442900005]]]}},{"type":"Feature","properties":{"service_id":125,"population_total":406.48,"thiessen_area_km2":0.34,"population_share":0.0005111504368711568,"area_share":0.0017364430803386978,"population_covered":406.48,"area_covered_km2":0.34,"population_coverage_ratio":1.0,"area_coverage_ratio":0.9999999137784701},"geometry":{"type":"Polygon","coordinates":[[[4.815999236000039,52.36569543500008],[4.813764653000021,52.366571830000055],[4.806671283000071,52.36128381200007],[4.807427745000041,52.360021163000056],[4.8105417030000694,52.35840120300003],[4.815607232000048,52.36075310600006],[4.815833997000027,52.36137042800004],[4.815999236000039,52.36569543500008]]]}},{"type":"Feature","properties":{"service_id":63,"population_total":2131.3,"thiessen_area_km2":0.1763,"population_share":0.0026800860744055246,"area_share":0.000900705464074328,"population_covered":2131.3,"area_covered_km2":0.1763,"population_coverage_ratio":1.0,"area_coverage_ratio":0.9999999834396421},"geometry":{"type":"Polygon","coordinates":[[[4.83421831000004,52.36361031700005],[4.8298033310000505,52.36728442900005],[4.826842971000076,52.36175237800006],[4.82695050500007,52.36149332800005],[4.832776297000066,52.36193594000008],[4.83421831000004,52.36361031700005]]]}},{"type":"Feature","properties":{"service_id":66,"population_total":8657.03,"thiessen_area_km2":1.0777,"population_share":0.01088612281768842,"area_share":0.00550462559943771,"population_covered":8657.03,"area_covered_km2":1.0777,"population_coverage_ratio":1.0,"area_coverage_ratio":0.9999999995856208},"geometry":{"type":"Polygon","coordinates":[[[4.826508790000048,52.382508245000054],[4.8157181380000225,52.384864641000036],[4.814503340000044,52.38107826100003],[4.820792746000052,52.37051547200008],[4.827417122000043,52.373271834000036],[4.8307509090000735,52.37666385000006],[4.830086173000041,52.37931324500005],[4.826508790000048,52.382508245000054]]]}},{"type":"Feature","properties":{"service_id":60,"population_total":1878.62,"thiessen_area_km2":0.5101,"population_share":0.0023623439109450757,"area_share":0.0026054003291560383,"population_covered":1878.62,"area_covered_km2":0.5101,"population_coverage_ratio":1.0,"area_coverage_ratio":1.0000000046748276},"geometry":{"type":"Polygon","coordinates":[[[4.826842971000076,52.36175237800006],[4.819866707000074,52.368844582000065],[4.815999236000039,52.36569543500008],[4.815833997000027,52.36137042800004],[4.8242229440000415,52.35868460700004],[4.82632919100007,52.359440465000034],[4.82695050500007,52.36149332800005],[4.826842971000076,52.36175237800006]]]}},{"type":"Feature","properties":{"service_id":69,"population_total":3240.89,"thiessen_area_km2":0.4097,"population_share":0.004075388618297061,"area_share":0.0020927974601945543,"population_covered":3240.89,"area_covered_km2":0.4097,"population_coverage_ratio":1.0,"area_coverage_ratio":1.0000000369847684},"geometry":{"type":"Polygon","coordinates":[[[4.8338014240000575,52.388557440000056],[4.828621674000033,52.38984608100003],[4.826884731000064,52.387283497000055],[4.826508790000048,52.382508245000054],[4.830086173000041,52.37931324500005],[4.832249541000067,52.382654366000054],[4.834650479000061,52.38717495000003],[4.834380822000071,52.38810089800006],[4.8338014240000575,52.388557440000056]]]}},{"type":"Feature","properties":{"service_id":112,"population_total":2175.24,"thiessen_area_km2":0.2272,"population_share":0.0027353455810942987,"area_share":0.0011604845086691045,"population_covered":2175.24,"area_covered_km2":0.2272,"population_coverage_ratio":1.0,"area_coverage_ratio":0.9999998335240947},"geometry":{"type":"Polygon","coordinates":[[[4.835791871000026,52.39065719600006],[4.833929835000049,52.39813370000007],[4.829844045000073,52.39769526600003],[4.8338014240000575,52.388557440000056],[4.834380822000071,52.38810089800006],[4.835791871000026,52.39065719600006]]]}},{"type":"Feature","properties":{"service_id":68,"population_total":3933.01,"thiessen_area_km2":0.541,"population_share":0.004945725848645247,"area_share":0.0027632906442017426,"population_covered":3933.01,"area_covered_km2":0.5182,"population_coverage_ratio":1.0,"area_coverage_ratio":0.9579177598631624},"geometry":{"type":"Polygon","coordinates":[[[4.8267797890000566,52.39815702400006],[4.822259574000043,52.400411716000065],[4.818275190000065,52.39555517400004],[4.826884731000064,52.387283497000055],[4.828621674000033,52.38984608100003],[4.8267797890000566,52.39815702400006]]]}},{"type":"Feature","properties":{"service_id":119,"population_total":8635.05,"thiessen_area_km2":1.4003,"population_share":0.010858493064344034,"area_share":0.007152578813885622,"population_covered":8624.07,"area_covered_km2":1.3821,"population_coverage_ratio":0.9987277353689566,"area_coverage_ratio":0.9869903157114917},"geometry":{"type":"Polygon","coordinates":[[[4.813831148000077,52.391629058000035],[4.808448438000028,52.39290709900007],[4.797955764000051,52.38712266600004],[4.799120043000073,52.382288766000045],[4.808348872000067,52.37725475800005],[4.814503340000044,52.38107826100003],[4.8157181380000225,52.384864641000036],[4.813831148000077,52.391629058000035]]]}},{"type":"Feature","properties":{"service_id":113,"population_total":2515.81,"thiessen_area_km2":0.2532,"population_share":0.0031636067579322944,"area_share":0.0012932402899336135,"population_covered":2515.81,"area_covered_km2":0.2532,"population_coverage_ratio":1.0,"area_coverage_ratio":1.0000001432467238},"geometry":{"type":"Polygon","coordinates":[[[4.829844045000073,52.39769526600003],[4.8267797890000566,52.39815702400006],[4.828621674000033,52.38984608100003],[4.8338014240000575,52.388557440000056],[4.829844045000073,52.39769526600003]]]}},{"type":"Feature","properties":{"service_id":107,"population_total":2581.73,"thiessen_area_km2":1.0938,"population_share":0.0032464960179654553,"area_share":0.0055871573643394064,"population_covered":1571.01,"area_covered_km2":0.7141,"population_coverage_ratio":0.6085106382978723,"area_coverage_ratio":0.6528306709225015},"geometry":{"type":"Polygon","coordinates":[[[4.847316829000022,52.41819756900003],[4.845137119000071,52.41858291600005],[4.844564915000035,52.41868591300005],[4.840842974000054,52.41911808300006],[4.8296816800000215,52.41037236400007],[4.835404593000021,52.401661568000065],[4.842870206000043,52.410093724000035],[4.847316829000022,52.41819756900003]]]}},{"type":"Feature","properties":{"service_id":116,"population_total":18412.66,"thiessen_area_km2":3.8058,"population_share":0.023153733302596183,"area_share":0.01943930582568222,"population_covered":9129.43,"area_covered_km2":1.1605,"population_coverage_ratio":0.49582338902147965,"area_coverage_ratio":0.30492238402226846},"geometry":{"type":"Polygon","coordinates":[[[4.800410126000031,52.42460993900005],[4.785906792000048,52.42638397200005],[4.785412788000031,52.42644500700004],[4.782413578000046,52.42668825000004],[4.779166770000074,52.41307583200006],[4.794624217000035,52.39621009700005],[4.8030754710000565,52.405068407000044],[4.802166925000051,52.42162794600006],[4.800410126000031,52.42460993900005]]]}},{"type":"Feature","properties":{"service_id":67,"population_total":4800.91,"thiessen_area_km2":0.7692,"population_share":0.006037101105748528,"area_share":0.003929100218097861,"population_covered":4800.91,"area_covered_km2":0.7692,"population_coverage_ratio":1.0,"area_coverage_ratio":1.0000000256823967},"geometry":{"type":"Polygon","coordinates":[[[4.826884731000064,52.387283497000055],[4.818275190000065,52.39555517400004],[4.813831148000077,52.391629058000035],[4.8157181380000225,52.384864641000036],[4.826508790000048,52.382508245000054],[4.826884731000064,52.387283497000055]]]}},{"type":"Feature","properties":{"service_id":100,"population_total":1560.02,"thiessen_area_km2":0.7487,"population_share":0.0019617124874514663,"area_share":0.003824370282648623,"population_covered":1461.15,"area_covered_km2":0.7026,"population_coverage_ratio":0.9366197183098591,"area_coverage_ratio":0.938412028920032},"geometry":{"type":"Polygon","coordinates":[[[4.86783966400003,52.39629156800004],[4.861467404000052,52.40635364500008],[4.858398383000065,52.39075729600006],[4.859685596000077,52.38958523700006],[4.861672584000075,52.38887597000007],[4.863091122000071,52.38883309000005],[4.865906636000034,52.38918081400004],[4.86783966400003,52.39629156800004]]]}},{"type":"Feature","properties":{"service_id":64,"population_total":3076.1,"thiessen_area_km2":0.3023,"population_share":0.0038681654682141595,"area_share":0.0015443496312824315,"population_covered":3076.1,"area_covered_km2":0.3023,"population_coverage_ratio":1.0,"area_coverage_ratio":1.0000000611731594},"geometry":{"type":"Polygon","coordinates":[[[4.832963631000041,52.355055322000055],[4.832776297000066,52.36193594000008],[4.82695050500007,52.36149332800005],[4.82632919100007,52.359440465000034],[4.8301765140000725,52.35356242200004],[4.831391794000069,52.353808908000076],[4.832963631000041,52.355055322000055]]]}},{"type":"Feature","properties":{"service_id":42,"population_total":1933.55,"thiessen_area_km2":0.1709,"population_share":0.002431418294306043,"area_share":0.0008729777234159469,"population_covered":1933.55,"area_covered_km2":0.1709,"population_coverage_ratio":1.0,"area_coverage_ratio":0.9999999890575073},"geometry":{"type":"Polygon","coordinates":[[[4.856455459000074,52.36144432300006],[4.852069048000033,52.36307898000007],[4.848621797000021,52.360189759000036],[4.84889744700007,52.35904190400004],[4.849262357000043,52.35831761400004],[4.851972918000058,52.35833377400007],[4.854958263000071,52.35987368000008],[4.856331626000042,52.361079017000066],[4.856455459000074,52.36144432300006]]]}},{"type":"Feature","properties":{"service_id":82,"population_total":1472.13,"thiessen_area_km2":0.2144,"population_share":0.0018511934740739191,"area_share":0.0010951880678201147,"population_covered":1472.13,"area_covered_km2":0.2144,"population_coverage_ratio":1.0,"area_coverage_ratio":1.0000000116253387},"geometry":{"type":"Polygon","coordinates":[[[4.856288785000061,52.37421684600008],[4.852297044000068,52.37608158000006],[4.851183281000033,52.374684423000076],[4.850647615000071,52.37190462700005],[4.855721460000041,52.36838270800007],[4.8564482560000215,52.37076558700005],[4.856288785000061,52.37421684600008]]]}},{"type":"Feature","properties":{"service_id":81,"population_total":1713.83,"thiessen_area_km2":0.2351,"population_share":0.0021551207608621744,"area_share":0.0012007259403752884,"population_covered":1713.83,"area_covered_km2":0.2351,"population_coverage_ratio":1.0,"area_coverage_ratio":1.0000000121355537},"geometry":{"type":"Polygon","coordinates":[[[4.855721460000041,52.36838270800007],[4.850647615000071,52.37190462700005],[4.84738294400006,52.37016709200003],[4.847578431000045,52.36649431200004],[4.8531589380000355,52.366534999000066],[4.85582265000005,52.36797384700003],[4.855721460000041,52.36838270800007]]]}},{"type":"Feature","properties":{"service_id":46,"population_total":2065.38,"thiessen_area_km2":0.3401,"population_share":0.0025971968143723638,"area_share":0.0017369884932305292,"population_covered":2065.38,"area_covered_km2":0.3401,"population_coverage_ratio":1.0,"area_coverage_ratio":1.00000009768706},"geometry":{"type":"Polygon","coordinates":[[[4.846059989000025,52.36391001900006],[4.839626800000076,52.36399559300003],[4.839750374000062,52.35781009900006],[4.84889744700007,52.35904190400004],[4.848621797000021,52.360189759000036],[4.846059989000025,52.36391001900006]]]}},{"type":"Feature","properties":{"service_id":44,"population_total":999.73,"thiessen_area_km2":0.2132,"population_share":0.0012571537771696017,"area_share":0.0010890985168205912,"population_covered":999.73,"area_covered_km2":0.2132,"population_coverage_ratio":1.0,"area_coverage_ratio":1.0000001192067516},"geometry":{"type":"Polygon","coordinates":[[[4.852069048000033,52.36307898000007],[4.8531589380000355,52.366534999000066],[4.847578431000045,52.36649431200004],[4.846059989000025,52.36391001900006],[4.848621797000021,52.360189759000036],[4.852069048000033,52.36307898000007]]]}},{"type":"Feature","properties":{"service_id":80,"population_total":2153.27,"thiessen_area_km2":0.2345,"population_share":0.0027077158277499114,"area_share":0.0011979062364086929,"population_covered":2153.27,"area_covered_km2":0.2345,"population_coverage_ratio":1.0,"area_coverage_ratio":0.9999999948608663},"geometry":{"type":"Polygon","coordinates":[[[4.851183281000033,52.374684423000076],[4.845515044000024,52.37598194700007],[4.843672886000036,52.37507158300008],[4.842415072000051,52.37382337400004],[4.84738294400006,52.37016709200003],[4.850647615000071,52.37190462700005],[4.851183281000033,52.374684423000076]]]}},{"type":"Feature","properties":{"service_id":85,"population_total":1318.33,"thiessen_area_km2":0.133,"population_share":0.0016577852006632113,"area_share":0.0006791551625978781,"population_covered":1318.33,"area_covered_km2":0.133,"population_coverage_ratio":1.0,"area_coverage_ratio":0.9999998652480593},"geometry":{"type":"Polygon","coordinates":[[[4.8616815100000395,52.37476667700008],[4.857999024000037,52.37559128800007],[4.856288785000061,52.37421684600008],[4.8564482560000215,52.37076558700005],[4.86183507100003,52.37298863600006],[4.8616815100000395,52.37476667700008]]]}},{"type":"Feature","properties":{"service_id":62,"population_total":5899.52,"thiessen_area_km2":0.7574,"population_share":0.0074185887729678705,"area_share":0.003868648802940181,"population_covered":5899.52,"area_covered_km2":0.7574,"population_coverage_ratio":1.0,"area_coverage_ratio":1.000000007708186},"geometry":{"type":"Polygon","coordinates":[[[4.836264724000046,52.37483345900006],[4.8307509090000735,52.37666385000006],[4.827417122000043,52.373271834000036],[4.8298033310000505,52.36728442900005],[4.83421831000004,52.36361031700005],[4.838575849000051,52.364996649000034],[4.838187178000055,52.37323969900007],[4.836264724000046,52.37483345900006]]]}},{"type":"Feature","properties":{"service_id":78,"population_total":1735.8,"thiessen_area_km2":0.1913,"population_share":0.0021827505142065612,"area_share":0.0009773249309739413,"population_covered":1735.8,"area_covered_km2":0.1913,"population_coverage_ratio":1.0,"area_coverage_ratio":1.0000001376457182},"geometry":{"type":"Polygon","coordinates":[[[4.849252981000063,52.38080038700008],[4.845924928000045,52.38320872600008],[4.844185296000035,52.38248469800004],[4.843672886000036,52.37507158300008],[4.845515044000024,52.37598194700007],[4.849252981000063,52.38080038700008]]]}},{"type":"Feature","properties":{"service_id":72,"population_total":2570.74,"thiessen_area_km2":0.446,"population_share":0.0032326811412932616,"area_share":0.002278013556927227,"population_covered":2570.74,"area_covered_km2":0.446,"population_coverage_ratio":1.0,"area_coverage_ratio":0.9999999833574986},"geometry":{"type":"Polygon","coordinates":[[[4.841097266000077,52.38264574100003],[4.840772552000033,52.38319160700007],[4.832249541000067,52.382654366000054],[4.830086173000041,52.37931324500005],[4.8307509090000735,52.37666385000006],[4.836264724000046,52.37483345900006],[4.841097266000077,52.38264574100003]]]}},{"type":"Feature","properties":{"service_id":45,"population_total":4218.65,"thiessen_area_km2":0.5823,"population_share":0.005304912642122276,"area_share":0.0029743999317867727,"population_covered":4218.65,"area_covered_km2":0.5823,"population_coverage_ratio":1.0,"area_coverage_ratio":0.9999999007246712},"geometry":{"type":"Polygon","coordinates":[[[4.84738294400006,52.37016709200003],[4.842415072000051,52.37382337400004],[4.838187178000055,52.37323969900007],[4.838575849000051,52.364996649000034],[4.839626800000076,52.36399559300003],[4.846059989000025,52.36391001900006],[4.847578431000045,52.36649431200004],[4.84738294400006,52.37016709200003]]]}},{"type":"Feature","properties":{"service_id":73,"population_total":3174.98,"thiessen_area_km2":0.3656,"population_share":0.0039924993582639,"area_share":0.0018676505548842,"population_covered":3174.98,"area_covered_km2":0.3656,"population_coverage_ratio":1.0,"area_coverage_ratio":0.9999999834522163},"geometry":{"type":"Polygon","coordinates":[[[4.844185296000035,52.38248469800004],[4.841097266000077,52.38264574100003],[4.836264724000046,52.37483345900006],[4.838187178000055,52.37323969900007],[4.842415072000051,52.37382337400004],[4.843672886000036,52.37507158300008],[4.844185296000035,52.38248469800004]]]}},{"type":"Feature","properties":{"service_id":94,"population_total":296.62,"thiessen_area_km2":0.0662,"population_share":0.0003730016701492225,"area_share":0.00033793135091671363,"population_covered":296.62,"area_covered_km2":0.0662,"population_coverage_ratio":1.0,"area_coverage_ratio":1.000000141902754},"geometry":{"type":"Polygon","coordinates":[[[4.859102632000031,52.380069597000045],[4.857446107000044,52.38382424800005],[4.855064243000072,52.38051693400007],[4.85765032300003,52.37947733400006],[4.859102632000031,52.380069597000045]]]}},{"type":"Feature","properties":{"service_id":79,"population_total":1351.29,"thiessen_area_km2":0.2055,"population_share":0.0016992298306797915,"area_share":0.001049739998959797,"population_covered":1351.29,"area_covered_km2":0.2055,"population_coverage_ratio":1.0,"area_coverage_ratio":0.9999999327772574},"geometry":{"type":"Polygon","coordinates":[[[4.852065481000068,52.38057052700003],[4.849252981000063,52.38080038700008],[4.845515044000024,52.37598194700007],[4.851183281000033,52.374684423000076],[4.852297044000068,52.37608158000006],[4.852065481000068,52.38057052700003]]]}},{"type":"Feature","properties":{"service_id":140,"population_total":4943.73,"thiessen_area_km2":0.7236,"population_share":0.0062166945024870425,"area_share":0.0036961336228790937,"population_covered":4943.73,"area_covered_km2":0.7236,"population_coverage_ratio":1.0,"area_coverage_ratio":1.0000000525740804},"geometry":{"type":"Polygon","coordinates":[[[4.902630756000065,52.42412361700008],[4.90205192600007,52.42435455300006],[4.901673794000033,52.424400330000026],[4.894660950000059,52.42521667500006],[4.889388537000059,52.42519078400005],[4.88919121400005,52.41421293800005],[4.890623159000029,52.412985562000074],[4.8911284680000335,52.41281183500007],[4.902630756000065,52.42412361700008]]]}},{"type":"Feature","properties":{"service_id":74,"population_total":1054.66,"thiessen_area_km2":0.2019,"population_share":0.001326228160530569,"area_share":0.0010314954035709279,"population_covered":1054.66,"area_covered_km2":0.2019,"population_coverage_ratio":1.0,"area_coverage_ratio":1.0000001189883312},"geometry":{"type":"Polygon","coordinates":[[[4.8464344090000395,52.38800286900005],[4.846049071000039,52.38839538900004],[4.839712901000041,52.38578646600007],[4.840772552000033,52.38319160700007],[4.841097266000077,52.38264574100003],[4.844185296000035,52.38248469800004],[4.845924928000045,52.38320872600008],[4.8464344090000395,52.38800286900005]]]}},{"type":"Feature","properties":{"service_id":111,"population_total":922.83,"thiessen_area_km2":0.1854,"population_share":0.0011604496404642479,"area_share":0.000947239565153417,"population_covered":922.83,"area_covered_km2":0.1854,"population_coverage_ratio":1.0,"area_coverage_ratio":1.0000001010714803},"geometry":{"type":"Polygon","coordinates":[[[4.834411911000075,52.39816996400003],[4.834181865000062,52.39822953500004],[4.833929835000049,52.39813370000007],[4.835791871000026,52.39065719600006],[4.84124065900005,52.39378792900004],[4.834411911000075,52.39816996400003]]]}},{"type":"Feature","properties":{"service_id":71,"population_total":1702.84,"thiessen_area_km2":0.197,"population_share":0.002141305884189981,"area_share":0.0010061069945846014,"population_covered":1702.84,"area_covered_km2":0.197,"population_coverage_ratio":1.0,"area_coverage_ratio":0.99999993404168},"geometry":{"type":"Polygon","coordinates":[[[4.8387269670000705,52.386667712000076],[4.834650479000061,52.38717495000003],[4.832249541000067,52.382654366000054],[4.840772552000033,52.38319160700007],[4.839712901000041,52.38578646600007],[4.8387269670000705,52.386667712000076]]]}},{"type":"Feature","properties":{"service_id":102,"population_total":1197.48,"thiessen_area_km2":0.0926,"population_share":0.0015058215572690834,"area_share":0.00047321391558845623,"population_covered":1197.48,"area_covered_km2":0.0926,"population_coverage_ratio":1.0,"area_coverage_ratio":0.9999998909789496},"geometry":{"type":"Polygon","coordinates":[[[4.85380746200002,52.39112782400008],[4.850100262000069,52.39517841500003],[4.846918901000038,52.39205635900004],[4.85380746200002,52.39112782400008]]]}},{"type":"Feature","properties":{"service_id":75,"population_total":1933.55,"thiessen_area_km2":0.1927,"population_share":0.002431418294306043,"area_share":0.000984126999342353,"population_covered":1933.55,"area_covered_km2":0.1927,"population_coverage_ratio":1.0,"area_coverage_ratio":0.9999997623980835},"geometry":{"type":"Polygon","coordinates":[[[4.845007846000044,52.39055283600004],[4.842293582000025,52.39287228500007],[4.8387269670000705,52.386667712000076],[4.839712901000041,52.38578646600007],[4.846049071000039,52.38839538900004],[4.845007846000044,52.39055283600004]]]}},{"type":"Feature","properties":{"service_id":76,"population_total":2680.6,"thiessen_area_km2":0.351,"population_share":0.0033708299080151957,"area_share":0.0017926238315965032,"population_covered":2680.6,"area_covered_km2":0.351,"population_coverage_ratio":1.0,"area_coverage_ratio":0.9999999561993526},"geometry":{"type":"Polygon","coordinates":[[[4.852183162000074,52.38066529400004],[4.853415232000032,52.388563427000065],[4.8464344090000395,52.38800286900005],[4.845924928000045,52.38320872600008],[4.849252981000063,52.38080038700008],[4.852065481000068,52.38057052700003],[4.852183162000074,52.38066529400004]]]}},{"type":"Feature","properties":{"service_id":83,"population_total":1395.23,"thiessen_area_km2":0.2226,"population_share":0.001754489337368565,"area_share":0.0011369485716976608,"population_covered":1395.23,"area_covered_km2":0.2226,"population_coverage_ratio":1.0,"area_coverage_ratio":1.0000000186222453},"geometry":{"type":"Polygon","coordinates":[[[4.855064243000072,52.38051693400007],[4.852183162000074,52.38066529400004],[4.852065481000068,52.38057052700003],[4.852297044000068,52.37608158000006],[4.856288785000061,52.37421684600008],[4.857999024000037,52.37559128800007],[4.85765032300003,52.37947733400006],[4.855064243000072,52.38051693400007]]]}},{"type":"Feature","properties":{"service_id":106,"population_total":6295.02,"thiessen_area_km2":0.8803,"population_share":0.007915924333166832,"area_share":0.004496480294507579,"population_covered":6295.02,"area_covered_km2":0.8803,"population_coverage_ratio":1.0,"area_coverage_ratio":0.9999999882724071},"geometry":{"type":"Polygon","coordinates":[[[4.835404593000021,52.401661568000065],[4.8296816800000215,52.41037236400007],[4.821869037000056,52.406125348000046],[4.822259574000043,52.400411716000065],[4.8267797890000566,52.39815702400006],[4.829844045000073,52.39769526600003],[4.833929835000049,52.39813370000007],[4.834181865000062,52.39822953500004],[4.835404593000021,52.401661568000065]]]}},{"type":"Feature","properties":{"service_id":109,"population_total":659.16,"thiessen_area_km2":0.2266,"population_share":0.0008288926003316056,"area_share":0.0011572897890762689,"population_covered":659.16,"area_covered_km2":0.2266,"population_coverage_ratio":1.0,"area_coverage_ratio":0.9999999726602083},"geometry":{"type":"Polygon","coordinates":[[[4.84347355400007,52.396387126000036],[4.840638031000026,52.40029073800008],[4.834411911000075,52.39816996400003],[4.84124065900005,52.39378792900004],[4.84190624200005,52.39367839400006],[4.84347355400007,52.396387126000036]]]}},{"type":"Feature","properties":{"service_id":110,"population_total":4229.64,"thiessen_area_km2":1.3659,"population_share":0.00531872751879447,"area_share":0.00697701292012061,"population_covered":1373.26,"area_covered_km2":0.722,"population_coverage_ratio":0.3246753246753247,"area_coverage_ratio":0.52857427221557},"geometry":{"type":"Polygon","coordinates":[[[4.855907031000072,52.41667892300006],[4.847316829000022,52.41819756900003],[4.842870206000043,52.410093724000035],[4.840638031000026,52.40029073800008],[4.84347355400007,52.396387126000036],[4.848748536000073,52.39975005200006],[4.855907031000072,52.41667892300006]]]}},{"type":"Feature","properties":{"service_id":70,"population_total":2515.81,"thiessen_area_km2":0.2197,"population_share":0.0031636067579322944,"area_share":0.001121947260300434,"population_covered":2515.81,"area_covered_km2":0.2197,"population_coverage_ratio":1.0,"area_coverage_ratio":1.0000001635048965},"geometry":{"type":"Polygon","coordinates":[[[4.84190624200005,52.39367839400006],[4.84124065900005,52.39378792900004],[4.835791871000026,52.39065719600006],[4.834380822000071,52.38810089800006],[4.834650479000061,52.38717495000003],[4.8387269670000705,52.386667712000076],[4.842293582000025,52.39287228500007],[4.84190624200005,52.39367839400006]]]}},{"type":"Feature","properties":{"service_id":103,"population_total":2120.31,"thiessen_area_km2":0.3077,"population_share":0.0026662711977333315,"area_share":0.0015716266074311976,"population_covered":2120.31,"area_covered_km2":0.3077,"population_coverage_ratio":1.0,"area_coverage_ratio":0.9999999650100051},"geometry":{"type":"Polygon","coordinates":[[[4.850100262000069,52.39517841500003],[4.848748536000073,52.39975005200006],[4.84347355400007,52.396387126000036],[4.84190624200005,52.39367839400006],[4.842293582000025,52.39287228500007],[4.845007846000044,52.39055283600004],[4.846918901000038,52.39205635900004],[4.850100262000069,52.39517841500003]]]}},{"type":"Feature","properties":{"service_id":108,"population_total":1065.65,"thiessen_area_km2":0.2835,"population_share":0.0013400430372027623,"area_share":0.0014479074870677885,"population_covered":1065.65,"area_covered_km2":0.2835,"population_coverage_ratio":1.0,"area_coverage_ratio":0.999964276510459},"geometry":{"type":"Polygon","coordinates":[[[4.840638031000026,52.40029073800008],[4.842870206000043,52.410093724000035],[4.835404593000021,52.401661568000065],[4.834181865000062,52.39822953500004],[4.834411911000075,52.39816996400003],[4.840638031000026,52.40029073800008]]]}},{"type":"Feature","properties":{"service_id":101,"population_total":2307.08,"thiessen_area_km2":0.2154,"population_share":0.002901124101160619,"area_share":0.001100311176036614,"population_covered":2307.08,"area_covered_km2":0.2154,"population_coverage_ratio":1.0,"area_coverage_ratio":1.0000000115045258},"geometry":{"type":"Polygon","coordinates":[[[4.85380746200002,52.39112782400008],[4.846918901000038,52.39205635900004],[4.845007846000044,52.39055283600004],[4.846049071000039,52.38839538900004],[4.8464344090000395,52.38800286900005],[4.853415232000032,52.388563427000065],[4.854949966000049,52.38998865100007],[4.85380746200002,52.39112782400008]]]}},{"type":"Feature","properties":{"service_id":105,"population_total":4438.37,"thiessen_area_km2":1.0971,"population_share":0.005581210175566145,"area_share":0.005604018965506711,"population_covered":4185.69,"area_covered_km2":1.06,"population_coverage_ratio":0.943069306930693,"area_coverage_ratio":0.9661432165955903},"geometry":{"type":"Polygon","coordinates":[[[4.840842974000054,52.41911808300006],[4.829781055000069,52.42040252700008],[4.8290400510000495,52.42052078200004],[4.826900118000026,52.420863455000074],[4.819014983000045,52.40889842000007],[4.821869037000056,52.406125348000046],[4.8296816800000215,52.41037236400007],[4.840842974000054,52.41911808300006]]]}},{"type":"Feature","properties":{"service_id":41,"population_total":296.62,"thiessen_area_km2":0.0855,"population_share":0.0003730016701492225,"area_share":0.0004366070292780802,"population_covered":296.62,"area_covered_km2":0.0855,"population_coverage_ratio":1.0,"area_coverage_ratio":1.0000000342666469},"geometry":{"type":"Polygon","coordinates":[[[4.859459801000071,52.35640208900003],[4.856331626000042,52.361079017000066],[4.854958263000071,52.35987368000008],[4.856727567000064,52.35576410200008],[4.859459801000071,52.35640208900003]]]}},{"type":"Feature","properties":{"service_id":59,"population_total":3889.07,"thiessen_area_km2":0.3604,"population_share":0.004890466341956473,"area_share":0.001840786322112323,"population_covered":3889.07,"area_covered_km2":0.3604,"population_coverage_ratio":1.0,"area_coverage_ratio":1.0000000677830116},"geometry":{"type":"Polygon","coordinates":[[[4.8301765140000725,52.35356242200004],[4.82632919100007,52.359440465000034],[4.8242229440000415,52.35868460700004],[4.821824148000076,52.35293606300007],[4.822118622000062,52.35230916800003],[4.825137719000054,52.349629451000055],[4.8279237240000725,52.35131357500006],[4.8301765140000725,52.35356242200004]]]}},{"type":"Feature","properties":{"service_id":35,"population_total":1043.68,"thiessen_area_km2":0.19,"population_share":0.0013124132838583755,"area_share":0.0009705733607976018,"population_covered":1043.68,"area_covered_km2":0.19,"population_coverage_ratio":1.0,"area_coverage_ratio":0.9999997836841584},"geometry":{"type":"Polygon","coordinates":[[[4.863342732000035,52.36580903600003],[4.861680040000067,52.36685381400008],[4.858137022000051,52.36608512400005],[4.8577794780000545,52.36337499700005],[4.860945584000035,52.36061224600007],[4.863916884000048,52.36415863600007],[4.864147909000053,52.36482344500007],[4.8638532290000285,52.365396444000055],[4.863342732000035,52.36580903600003]]]}},{"type":"Feature","properties":{"service_id":40,"population_total":637.19,"thiessen_area_km2":0.1735,"population_share":0.0008012628469872187,"area_share":0.0008861023987468809,"population_covered":637.19,"area_covered_km2":0.1735,"population_coverage_ratio":1.0,"area_coverage_ratio":1.0000000905464195},"geometry":{"type":"Polygon","coordinates":[[[4.860945584000035,52.36061224600007],[4.8577794780000545,52.36337499700005],[4.856455459000074,52.36144432300006],[4.856331626000042,52.361079017000066],[4.859459801000071,52.35640208900003],[4.859616557000038,52.356352110000046],[4.861426264000045,52.35662299400008],[4.862822477000066,52.35762569700006],[4.860945584000035,52.36061224600007]]]}},{"type":"Feature","properties":{"service_id":36,"population_total":307.61,"thiessen_area_km2":0.0636,"population_share":0.00038681654682141595,"area_share":0.0003246778365442819,"population_covered":307.61,"area_covered_km2":0.0636,"population_coverage_ratio":1.0,"area_coverage_ratio":1.0000004629835786},"geometry":{"type":"Polygon","coordinates":[[[4.86301652100002,52.35765057900005],[4.863916884000048,52.36415863600007],[4.860945584000035,52.36061224600007],[4.862822477000066,52.35762569700006],[4.86301652100002,52.35765057900005]]]}},{"type":"Feature","properties":{"service_id":88,"population_total":812.97,"thiessen_area_km2":0.103,"population_share":0.0010223008737423136,"area_share":0.0005261692138007227,"population_covered":812.97,"area_covered_km2":0.103,"population_coverage_ratio":1.0,"area_coverage_ratio":0.9999996089454151},"geometry":{"type":"Polygon","coordinates":[[[4.869386461000033,52.371105432000036],[4.868798032000029,52.37116236800006],[4.863342732000035,52.36580903600003],[4.8638532290000285,52.365396444000055],[4.86951169200006,52.36788674600007],[4.869386461000033,52.371105432000036]]]}},{"type":"Feature","properties":{"service_id":43,"population_total":1834.67,"thiessen_area_km2":0.1973,"population_share":0.002307084404256302,"area_share":0.0010077703055679343,"population_covered":1834.67,"area_covered_km2":0.1973,"population_coverage_ratio":1.0,"area_coverage_ratio":0.9999999895416769},"geometry":{"type":"Polygon","coordinates":[[[4.858137022000051,52.36608512400005],[4.85582265000005,52.36797384700003],[4.8531589380000355,52.366534999000066],[4.852069048000033,52.36307898000007],[4.856455459000074,52.36144432300006],[4.8577794780000545,52.36337499700005],[4.858137022000051,52.36608512400005]]]}},{"type":"Feature","properties":{"service_id":86,"population_total":2636.66,"thiessen_area_km2":0.2532,"population_share":0.0033155704013264225,"area_share":0.001293334583751456,"population_covered":2636.66,"area_covered_km2":0.2532,"population_coverage_ratio":1.0,"area_coverage_ratio":1.0000000693090196},"geometry":{"type":"Polygon","coordinates":[[[4.863089370000068,52.37067960600007],[4.86183507100003,52.37298863600006],[4.8564482560000215,52.37076558700005],[4.855721460000041,52.36838270800007],[4.85582265000005,52.36797384700003],[4.858137022000051,52.36608512400005],[4.861680040000067,52.36685381400008],[4.863089370000068,52.37067960600007]]]}},{"type":"Feature","properties":{"service_id":298,"population_total":1702.84,"thiessen_area_km2":0.2342,"population_share":0.002141305884189981,"area_share":0.0011963669210322651,"population_covered":1702.84,"area_covered_km2":0.2342,"population_coverage_ratio":1.0,"area_coverage_ratio":1.0000000097713913},"geometry":{"type":"Polygon","coordinates":[[[4.8712523410000585,52.372181874000034],[4.870625449000045,52.372232145000055],[4.869386461000033,52.371105432000036],[4.86951169200006,52.36788674600007],[4.871406602000036,52.36465212200005],[4.8745200820000605,52.36473233400005],[4.875502529000073,52.36691712700008],[4.874964448000071,52.36833974600006],[4.8712523410000585,52.372181874000034]]]}},{"type":"Feature","properties":{"service_id":335,"population_total":703.11,"thiessen_area_km2":0.2034,"population_share":0.0008841521070203792,"area_share":0.001038712229319429,"population_covered":703.11,"area_covered_km2":0.2034,"population_coverage_ratio":1.0,"area_coverage_ratio":1.0000000619373606},"geometry":{"type":"Polygon","coordinates":[[[4.870026565000046,52.352366353000036],[4.868354858000032,52.35910297800007],[4.867089710000073,52.35896759500008],[4.86435259700005,52.35748402200005],[4.867359360000023,52.35081161200003],[4.870026565000046,52.352366353000036]]]}},{"type":"Feature","properties":{"service_id":39,"population_total":1032.69,"thiessen_area_km2":0.1456,"population_share":0.0012985984071861819,"area_share":0.000743599912422085,"population_covered":1032.69,"area_covered_km2":0.1456,"population_coverage_ratio":1.0,"area_coverage_ratio":1.0000000151048636},"geometry":{"type":"Polygon","coordinates":[[[4.871406602000036,52.36465212200005],[4.86951169200006,52.36788674600007],[4.8638532290000285,52.365396444000055],[4.864147909000053,52.36482344500007],[4.864660148000041,52.364438593000045],[4.8703209440000705,52.36334646500006],[4.871406602000036,52.36465212200005]]]}},{"type":"Feature","properties":{"service_id":38,"population_total":791.0,"thiessen_area_km2":0.139,"population_share":0.0009946711203979266,"area_share":0.0007099416864502928,"population_covered":791.0,"area_covered_km2":0.139,"population_coverage_ratio":1.0,"area_coverage_ratio":1.0000000645087623},"geometry":{"type":"Polygon","coordinates":[[[4.8703209440000705,52.36334646500006],[4.864660148000041,52.364438593000045],[4.867089710000073,52.35896759500008],[4.868354858000032,52.35910297800007],[4.869398356000033,52.35970102500005],[4.8703209440000705,52.36334646500006]]]}},{"type":"Feature","properties":{"service_id":297,"population_total":109.86,"thiessen_area_km2":0.0371,"population_share":0.00013814876672193425,"area_share":0.00018953718005138248,"population_covered":109.86,"area_covered_km2":0.0371,"population_coverage_ratio":1.0,"area_coverage_ratio":0.9999997900667911},"geometry":{"type":"Polygon","coordinates":[[[4.876602418000061,52.36739601800008],[4.877038919000029,52.37101789800005],[4.875824059000024,52.37023286900006],[4.874964448000071,52.36833974600006],[4.875502529000073,52.36691712700008],[4.876602418000061,52.36739601800008]]]}},{"type":"Feature","properties":{"service_id":37,"population_total":571.28,"thiessen_area_km2":0.1248,"population_share":0.0007183735869540582,"area_share":0.0006376595807348426,"population_covered":571.28,"area_covered_km2":0.1248,"population_coverage_ratio":1.0,"area_coverage_ratio":0.99999989881457},"geometry":{"type":"Polygon","coordinates":[[[4.864660148000041,52.364438593000045],[4.864147909000053,52.36482344500007],[4.863916884000048,52.36415863600007],[4.86301652100002,52.35765057900005],[4.86435259700005,52.35748402200005],[4.867089710000073,52.35896759500008],[4.864660148000041,52.364438593000045]]]}},{"type":"Feature","properties":{"service_id":87,"population_total":1120.58,"thiessen_area_km2":0.1474,"population_share":0.0014091174205637296,"area_share":0.0007529554428973954,"population_covered":1120.58,"area_covered_km2":0.1474,"population_coverage_ratio":1.0,"area_coverage_ratio":1.0000002221687447},"geometry":{"type":"Polygon","coordinates":[[[4.868798032000029,52.37116236800006],[4.8669641970000725,52.37155721700003],[4.863089370000068,52.37067960600007],[4.861680040000067,52.36685381400008],[4.863342732000035,52.36580903600003],[4.868798032000029,52.37116236800006]]]}},{"type":"Feature","properties":{"service_id":90,"population_total":1362.27,"thiessen_area_km2":0.1602,"population_share":0.0017130447073519846,"area_share":0.0008183918296592686,"population_covered":1362.27,"area_covered_km2":0.1602,"population_coverage_ratio":1.0,"area_coverage_ratio":0.9999999406602469},"geometry":{"type":"Polygon","coordinates":[[[4.8669641970000725,52.37155721700003],[4.864145965000034,52.37768700400005],[4.8616815100000395,52.37476667700008],[4.86183507100003,52.37298863600006],[4.863089370000068,52.37067960600007],[4.8669641970000725,52.37155721700003]]]}},{"type":"Feature","properties":{"service_id":304,"population_total":461.42,"thiessen_area_km2":0.0579,"population_share":0.0005802248202321239,"area_share":0.0002957900499283634,"population_covered":461.42,"area_covered_km2":0.0579,"population_coverage_ratio":1.0,"area_coverage_ratio":0.9999999910238948},"geometry":{"type":"Polygon","coordinates":[[[4.881394237000052,52.35956866200007],[4.879529951000052,52.36031888000008],[4.876149972000064,52.35915641100007],[4.876333034000027,52.35847576900005],[4.878963150000061,52.35785664400004],[4.880210186000056,52.358484485000076],[4.881493931000023,52.35939520100004],[4.881394237000052,52.35956866200007]]]}},{"type":"Feature","properties":{"service_id":301,"population_total":318.6,"thiessen_area_km2":0.0772,"population_share":0.00040063142349360936,"area_share":0.0003940865534473997,"population_covered":318.6,"area_covered_km2":0.0772,"population_coverage_ratio":1.0,"area_coverage_ratio":0.9999999943578438},"geometry":{"type":"Polygon","coordinates":[[[4.876149972000064,52.35915641100007],[4.87535844100006,52.36004990500004],[4.871714323000049,52.35860653900005],[4.872149487000058,52.35749795100003],[4.874565379000046,52.35644916900003],[4.876250783000046,52.35780266900008],[4.876333034000027,52.35847576900005],[4.876149972000064,52.35915641100007]]]}},{"type":"Feature","properties":{"service_id":306,"population_total":175.78,"thiessen_area_km2":0.0447,"population_share":0.0002210380267550948,"area_share":0.00022845803718075968,"population_covered":175.78,"area_covered_km2":0.0447,"population_coverage_ratio":1.0,"area_coverage_ratio":1.0000002681049165},"geometry":{"type":"Polygon","coordinates":[[[4.882470814000044,52.36442946900007],[4.882282041000053,52.364472532000036],[4.880842742000027,52.36437020200003],[4.8788546090000295,52.36285967300006],[4.881627121000065,52.36146977000004],[4.882470814000044,52.36442946900007]]]}},{"type":"Feature","properties":{"service_id":308,"population_total":406.48,"thiessen_area_km2":0.0615,"population_share":0.0005111504368711568,"area_share":0.0003141798421603319,"population_covered":406.48,"area_covered_km2":0.0615,"population_coverage_ratio":1.0,"area_coverage_ratio":0.9999998060916873},"geometry":{"type":"Polygon","coordinates":[[[4.880842742000027,52.36437020200003],[4.879392946000053,52.365157827000075],[4.875076014000058,52.36407055500007],[4.875399521000077,52.363462181000045],[4.878303716000062,52.36259948500003],[4.8788546090000295,52.36285967300006],[4.880842742000027,52.36437020200003]]]}},{"type":"Feature","properties":{"service_id":307,"population_total":373.53,"thiessen_area_km2":0.0432,"population_share":0.0004697058068545765,"area_share":0.000220702332704425,"population_covered":373.53,"area_covered_km2":0.0432,"population_coverage_ratio":1.0,"area_coverage_ratio":0.9999998912351744},"geometry":{"type":"Polygon","coordinates":[[[4.881627121000065,52.36146977000004],[4.8788546090000295,52.36285967300006],[4.878303716000062,52.36259948500003],[4.879529951000052,52.36031888000008],[4.881394237000052,52.35956866200007],[4.881627121000065,52.36146977000004]]]}},{"type":"Feature","properties":{"service_id":318,"population_total":307.61,"thiessen_area_km2":0.061,"population_share":0.00038681654682141595,"area_share":0.0003113549125157059,"population_covered":307.61,"area_covered_km2":0.061,"population_coverage_ratio":1.0,"area_coverage_ratio":0.9999999898876903},"geometry":{"type":"Polygon","coordinates":[[[4.881704115000048,52.35924296200005],[4.881493931000023,52.35939520100004],[4.880210186000056,52.358484485000076],[4.879639642000029,52.356441689000064],[4.8821410800000535,52.35563561500004],[4.882900353000025,52.357179192000046],[4.8827451410000435,52.35827501000006],[4.881704115000048,52.35924296200005]]]}},{"type":"Feature","properties":{"service_id":305,"population_total":681.14,"thiessen_area_km2":0.0899,"population_share":0.0008565223536759923,"area_share":0.00045938494941992367,"population_covered":681.14,"area_covered_km2":0.0899,"population_coverage_ratio":1.0,"area_coverage_ratio":1.0000000442311994},"geometry":{"type":"Polygon","coordinates":[[[4.878303716000062,52.36259948500003],[4.875399521000077,52.363462181000045],[4.87535844100006,52.36004990500004],[4.876149972000064,52.35915641100007],[4.879529951000052,52.36031888000008],[4.878303716000062,52.36259948500003]]]}},{"type":"Feature","properties":{"service_id":310,"population_total":340.57,"thiessen_area_km2":0.0463,"population_share":0.00042826117683799616,"area_share":0.00023655931922360906,"population_covered":340.57,"area_covered_km2":0.0463,"population_coverage_ratio":1.0,"area_coverage_ratio":0.9999998407164775},"geometry":{"type":"Polygon","coordinates":[[[4.882282041000053,52.364472532000036],[4.879126599000074,52.36843342700007],[4.8786494850000395,52.36807812600006],[4.879392946000053,52.365157827000075],[4.880842742000027,52.36437020200003],[4.882282041000053,52.364472532000036]]]}},{"type":"Feature","properties":{"service_id":317,"population_total":406.48,"thiessen_area_km2":0.096,"population_share":0.0005111504368711568,"area_share":0.0004905624423190758,"population_covered":406.48,"area_covered_km2":0.096,"population_coverage_ratio":1.0,"area_coverage_ratio":0.9999997479411342},"geometry":{"type":"Polygon","coordinates":[[[4.88607618900005,52.363884917000064],[4.8842092940000725,52.36511836600005],[4.882470814000044,52.36442946900007],[4.881627121000065,52.36146977000004],[4.881394237000052,52.35956866200007],[4.881493931000023,52.35939520100004],[4.881704115000048,52.35924296200005],[4.88607618900005,52.363884917000064]]]}},{"type":"Feature","properties":{"service_id":311,"population_total":395.5,"thiessen_area_km2":0.0737,"population_share":0.0004973355601989633,"area_share":0.00037624366000194774,"population_covered":395.5,"area_covered_km2":0.0737,"population_coverage_ratio":1.0,"area_coverage_ratio":1.0000002364052292},"geometry":{"type":"Polygon","coordinates":[[[4.884187054000051,52.36697611300008],[4.8791475100000525,52.368465247000074],[4.879126599000074,52.36843342700007],[4.882282041000053,52.364472532000036],[4.882470814000044,52.36442946900007],[4.8842092940000725,52.36511836600005],[4.884187054000051,52.36697611300008]]]}},{"type":"Feature","properties":{"service_id":260,"population_total":889.87,"thiessen_area_km2":0.0803,"population_share":0.0011190050104476676,"area_share":0.00041034405156081116,"population_covered":889.87,"area_covered_km2":0.0803,"population_coverage_ratio":1.0,"area_coverage_ratio":0.9999998648879894},"geometry":{"type":"Polygon","coordinates":[[[4.884351042000048,52.36852446800003],[4.880498089000071,52.370725495000045],[4.879812021000021,52.370580483000026],[4.8791475100000525,52.368465247000074],[4.884187054000051,52.36697611300008],[4.884332205000021,52.36763926500004],[4.884351042000048,52.36852446800003]]]}},{"type":"Feature","properties":{"service_id":299,"population_total":549.3,"thiessen_area_km2":0.0779,"population_share":0.0006907438336096713,"area_share":0.00039812977136192724,"population_covered":549.3,"area_covered_km2":0.0779,"population_coverage_ratio":1.0,"area_coverage_ratio":0.9999999145444196},"geometry":{"type":"Polygon","coordinates":[[[4.875824059000024,52.37023286900006],[4.8741346530000556,52.37319276200003],[4.8712523410000585,52.372181874000034],[4.874964448000071,52.36833974600006],[4.875824059000024,52.37023286900006]]]}},{"type":"Feature","properties":{"service_id":296,"population_total":549.3,"thiessen_area_km2":0.0723,"population_share":0.0006907438336096713,"area_share":0.00036954690811727935,"population_covered":549.3,"area_covered_km2":0.0723,"population_coverage_ratio":1.0,"area_coverage_ratio":1.0000002459950943},"geometry":{"type":"Polygon","coordinates":[[[4.879812021000021,52.370580483000026],[4.87824144800004,52.37217104800004],[4.877038919000029,52.37101789800005],[4.876602418000061,52.36739601800008],[4.8786494850000395,52.36807812600006],[4.879126599000074,52.36843342700007],[4.8791475100000525,52.368465247000074],[4.879812021000021,52.370580483000026]]]}},{"type":"Feature","properties":{"service_id":309,"population_total":538.32,"thiessen_area_km2":0.0909,"population_share":0.0006769289569374779,"area_share":0.0004640577664444054,"population_covered":538.32,"area_covered_km2":0.0909,"population_coverage_ratio":1.0,"area_coverage_ratio":0.9999999425232216},"geometry":{"type":"Polygon","coordinates":[[[4.879392946000053,52.365157827000075],[4.8786494850000395,52.36807812600006],[4.876602418000061,52.36739601800008],[4.875502529000073,52.36691712700008],[4.8745200820000605,52.36473233400005],[4.875076014000058,52.36407055500007],[4.879392946000053,52.365157827000075]]]}},{"type":"Feature","properties":{"service_id":300,"population_total":1197.48,"thiessen_area_km2":0.215,"population_share":0.0015058215572690834,"area_share":0.0010979896580847047,"population_covered":1197.48,"area_covered_km2":0.215,"population_coverage_ratio":1.0,"area_coverage_ratio":0.9999999697281806},"geometry":{"type":"Polygon","coordinates":[[[4.875076014000058,52.36407055500007],[4.8745200820000605,52.36473233400005],[4.871406602000036,52.36465212200005],[4.8703209440000705,52.36334646500006],[4.869398356000033,52.35970102500005],[4.871714323000049,52.35860653900005],[4.87535844100006,52.36004990500004],[4.875399521000077,52.363462181000045],[4.875076014000058,52.36407055500007]]]}},{"type":"Feature","properties":{"service_id":261,"population_total":1065.65,"thiessen_area_km2":0.0961,"population_share":0.0013400430372027623,"area_share":0.0004909045867838124,"population_covered":1065.65,"area_covered_km2":0.0961,"population_coverage_ratio":1.0,"area_coverage_ratio":1.0000000122220456},"geometry":{"type":"Polygon","coordinates":[[[4.885870349000072,52.37120393100008],[4.882658316000061,52.37300010400003],[4.880498089000071,52.370725495000045],[4.884351042000048,52.36852446800003],[4.885968579000064,52.371042630000034],[4.885870349000072,52.37120393100008]]]}},{"type":"Feature","properties":{"service_id":263,"population_total":582.26,"thiessen_area_km2":0.0473,"population_share":0.0007321884636262516,"area_share":0.00024175150346269619,"population_covered":582.26,"area_covered_km2":0.0473,"population_coverage_ratio":1.0,"area_coverage_ratio":1.0000001738994453},"geometry":{"type":"Polygon","coordinates":[[[4.883475487000055,52.37441086200005],[4.882466416000057,52.37452911200006],[4.882658316000061,52.37300010400003],[4.885870349000072,52.37120393100008],[4.885978779000027,52.37313453500008],[4.883475487000055,52.37441086200005]]]}},{"type":"Feature","properties":{"service_id":262,"population_total":736.07,"thiessen_area_km2":0.0785,"population_share":0.0009255967370369596,"area_share":0.00040073691453251786,"population_covered":736.07,"area_covered_km2":0.0785,"population_coverage_ratio":1.0,"area_coverage_ratio":1.0000001223211625},"geometry":{"type":"Polygon","coordinates":[[[4.888648986000021,52.37529914900006],[4.886711261000073,52.375670746000026],[4.886083561000021,52.37422601500003],[4.885978779000027,52.37313453500008],[4.885870349000072,52.37120393100008],[4.885968579000064,52.371042630000034],[4.886907440000073,52.37098668200008],[4.889506551000068,52.37457714700008],[4.889329242000031,52.374857089000045],[4.888648986000021,52.37529914900006]]]}},{"type":"Feature","properties":{"service_id":285,"population_total":362.54,"thiessen_area_km2":0.053,"population_share":0.0004558909301823831,"area_share":0.00027084326662913993,"population_covered":362.54,"area_covered_km2":0.053,"population_coverage_ratio":1.0,"area_coverage_ratio":1.000000029997584},"geometry":{"type":"Polygon","coordinates":[[[4.889008387000047,52.380648948000044],[4.888697807000028,52.380873405000045],[4.884161994000067,52.37874982000005],[4.883966613000041,52.37848429400003],[4.88505562000006,52.377876753000066],[4.8883764800000336,52.378692450000074],[4.889008387000047,52.380648948000044]]]}},{"type":"Feature","properties":{"service_id":96,"population_total":900.86,"thiessen_area_km2":0.2152,"population_share":0.001132819887119861,"area_share":0.001099020376850527,"population_covered":900.86,"area_covered_km2":0.2152,"population_coverage_ratio":1.0,"area_coverage_ratio":0.9999999293650987},"geometry":{"type":"Polygon","coordinates":[[[4.861672584000075,52.38887597000007],[4.859685596000077,52.38958523700006],[4.859193520000076,52.38666115800004],[4.859947233000071,52.380378878000045],[4.863017712000044,52.37968007900008],[4.863358515000073,52.38188452800006],[4.861672584000075,52.38887597000007]]]}},{"type":"Feature","properties":{"service_id":77,"population_total":2307.08,"thiessen_area_km2":0.3694,"population_share":0.002901124101160619,"area_share":0.0018866453625438653,"population_covered":2307.08,"area_covered_km2":0.3694,"population_coverage_ratio":1.0,"area_coverage_ratio":1.0000000907482898},"geometry":{"type":"Polygon","coordinates":[[[4.859685596000077,52.38958523700006],[4.858398383000065,52.39075729600006],[4.854949966000049,52.38998865100007],[4.853415232000032,52.388563427000065],[4.852183162000074,52.38066529400004],[4.855064243000072,52.38051693400007],[4.857446107000044,52.38382424800005],[4.859193520000076,52.38666115800004],[4.859685596000077,52.38958523700006]]]}},{"type":"Feature","properties":{"service_id":84,"population_total":1702.84,"thiessen_area_km2":0.2031,"population_share":0.002141305884189981,"area_share":0.0010372155854565205,"population_covered":1702.84,"area_covered_km2":0.2031,"population_coverage_ratio":1.0,"area_coverage_ratio":0.999999998588582},"geometry":{"type":"Polygon","coordinates":[[[4.863017712000044,52.37968007900008],[4.859947233000071,52.380378878000045],[4.859102632000031,52.380069597000045],[4.85765032300003,52.37947733400006],[4.857999024000037,52.37559128800007],[4.8616815100000395,52.37476667700008],[4.864145965000034,52.37768700400005],[4.86432293200005,52.37811945400006],[4.863017712000044,52.37968007900008]]]}},{"type":"Feature","properties":{"service_id":292,"population_total":878.89,"thiessen_area_km2":0.1342,"population_share":0.001105190133775474,"area_share":0.0006853733999365629,"population_covered":878.89,"area_covered_km2":0.1342,"population_coverage_ratio":1.0,"area_coverage_ratio":1.000000302170833},"geometry":{"type":"Polygon","coordinates":[[[4.87077143700003,52.37884878400007],[4.866966206000029,52.378927118000036],[4.866371546000039,52.37845284400004],[4.870435998000062,52.373300406000055],[4.872422820000054,52.37848742500006],[4.87077143700003,52.37884878400007]]]}},{"type":"Feature","properties":{"service_id":91,"population_total":791.0,"thiessen_area_km2":0.0939,"population_share":0.0009946711203979266,"area_share":0.0004794207686945816,"population_covered":791.0,"area_covered_km2":0.0939,"population_coverage_ratio":1.0,"area_coverage_ratio":1.0000000809753016},"geometry":{"type":"Polygon","coordinates":[[[4.869839687000024,52.384354579000046],[4.869808585000044,52.38438012300003],[4.868388730000049,52.382941964000054],[4.866966206000029,52.378927118000036],[4.87077143700003,52.37884878400007],[4.869839687000024,52.384354579000046]]]}},{"type":"Feature","properties":{"service_id":89,"population_total":1241.43,"thiessen_area_km2":0.1859,"population_share":0.0015610810639578572,"area_share":0.0009494438027649015,"population_covered":1241.43,"area_covered_km2":0.1859,"population_coverage_ratio":1.0,"area_coverage_ratio":0.9999999112952414},"geometry":{"type":"Polygon","coordinates":[[[4.870435998000062,52.373300406000055],[4.866371546000039,52.37845284400004],[4.86432293200005,52.37811945400006],[4.864145965000034,52.37768700400005],[4.8669641970000725,52.37155721700003],[4.868798032000029,52.37116236800006],[4.869386461000033,52.371105432000036],[4.870625449000045,52.372232145000055],[4.870435998000062,52.373300406000055]]]}},{"type":"Feature","properties":{"service_id":295,"population_total":736.07,"thiessen_area_km2":0.0785,"population_share":0.0009255967370369596,"area_share":0.0004009986397932809,"population_covered":736.07,"area_covered_km2":0.0785,"population_coverage_ratio":1.0,"area_coverage_ratio":1.000000253809152},"geometry":{"type":"Polygon","coordinates":[[[4.87824144800004,52.37217104800004],[4.877033218000065,52.37486567000008],[4.8741346530000556,52.37319276200003],[4.875824059000024,52.37023286900006],[4.877038919000029,52.37101789800005],[4.87824144800004,52.37217104800004]]]}},{"type":"Feature","properties":{"service_id":93,"population_total":999.73,"thiessen_area_km2":0.1471,"population_share":0.0012571537771696017,"area_share":0.0007515794656391963,"population_covered":999.73,"area_covered_km2":0.1471,"population_coverage_ratio":1.0,"area_coverage_ratio":1.0000000051165272},"geometry":{"type":"Polygon","coordinates":[[[4.868388730000049,52.382941964000054],[4.865858420000052,52.383450552000056],[4.863358515000073,52.38188452800006],[4.863017712000044,52.37968007900008],[4.86432293200005,52.37811945400006],[4.866371546000039,52.37845284400004],[4.866966206000029,52.378927118000036],[4.868388730000049,52.382941964000054]]]}},{"type":"Feature","properties":{"service_id":293,"population_total":1900.59,"thiessen_area_km2":0.2605,"population_share":0.0023899736642894625,"area_share":0.001330336465657183,"population_covered":1900.59,"area_covered_km2":0.2605,"population_coverage_ratio":1.0,"area_coverage_ratio":0.9999998640275405},"geometry":{"type":"Polygon","coordinates":[[[4.878067509000061,52.37795634100007],[4.875089762000073,52.37972911000003],[4.872422820000054,52.37848742500006],[4.870435998000062,52.373300406000055],[4.870625449000045,52.372232145000055],[4.8712523410000585,52.372181874000034],[4.8741346530000556,52.37319276200003],[4.877033218000065,52.37486567000008],[4.878067509000061,52.37795634100007]]]}},{"type":"Feature","properties":{"service_id":265,"population_total":76.9,"thiessen_area_km2":0.0109,"population_share":9.670413670535399e-05,"area_share":5.546983579352868e-05,"population_covered":76.9,"area_covered_km2":0.0109,"population_coverage_ratio":1.0,"area_coverage_ratio":1.0000005001955048},"geometry":{"type":"Polygon","coordinates":[[[4.886083561000021,52.37422601500003],[4.883475487000055,52.37441086200005],[4.885978779000027,52.37313453500008],[4.886083561000021,52.37422601500003]]]}},{"type":"Feature","properties":{"service_id":282,"population_total":1538.05,"thiessen_area_km2":0.1497,"population_share":0.0019340827341070798,"area_share":0.0007647382780801406,"population_covered":1538.05,"area_covered_km2":0.1497,"population_coverage_ratio":1.0,"area_coverage_ratio":0.9999998726738304},"geometry":{"type":"Polygon","coordinates":[[[4.8864192410000555,52.38292410300005],[4.884552968000037,52.383524615000056],[4.880727489000037,52.38140202900007],[4.88028659400004,52.37858792700007],[4.8811013910000725,52.37826468600008],[4.883966613000041,52.37848429400003],[4.884161994000067,52.37874982000005],[4.8864192410000555,52.38292410300005]]]}},{"type":"Feature","properties":{"service_id":279,"population_total":1285.37,"thiessen_area_km2":0.1118,"population_share":0.0016163405706466308,"area_share":0.000570924690478072,"population_covered":1285.37,"area_covered_km2":0.1118,"population_coverage_ratio":1.0,"area_coverage_ratio":0.9999999816418232},"geometry":{"type":"Polygon","coordinates":[[[4.891346411000029,52.385940720000065],[4.8886336790000655,52.38729680800003],[4.886858883000059,52.385974548000036],[4.886492798000063,52.38296247900007],[4.887385766000023,52.382646944000044],[4.891385684000056,52.384510945000045],[4.891346411000029,52.385940720000065]]]}},{"type":"Feature","properties":{"service_id":146,"population_total":878.89,"thiessen_area_km2":0.5876,"population_share":0.001105190133775474,"area_share":0.0030015578312668416,"population_covered":878.89,"area_covered_km2":0.5876,"population_coverage_ratio":1.0,"area_coverage_ratio":1.0000000579511905},"geometry":{"type":"Polygon","coordinates":[[[4.8911284680000335,52.41281183500007],[4.890623159000029,52.412985562000074],[4.883457913000029,52.39795165800007],[4.886064418000046,52.39731220400006],[4.888895177000052,52.39743419700005],[4.894643601000041,52.41039399400006],[4.8911284680000335,52.41281183500007]]]}},{"type":"Feature","properties":{"service_id":291,"population_total":922.83,"thiessen_area_km2":0.1261,"population_share":0.0011604496404642479,"area_share":0.0006441488346356865,"population_covered":922.83,"area_covered_km2":0.1261,"population_coverage_ratio":1.0,"area_coverage_ratio":1.0000002136545645},"geometry":{"type":"Polygon","coordinates":[[[4.8745544060000725,52.38128209200005],[4.869839687000024,52.384354579000046],[4.87077143700003,52.37884878400007],[4.872422820000054,52.37848742500006],[4.875089762000073,52.37972911000003],[4.8745544060000725,52.38128209200005]]]}},{"type":"Feature","properties":{"service_id":97,"population_total":1340.3,"thiessen_area_km2":0.2127,"population_share":0.0016854149540075978,"area_share":0.0010864153047571803,"population_covered":1340.3,"area_covered_km2":0.2127,"population_coverage_ratio":1.0,"area_coverage_ratio":0.9999999847633562},"geometry":{"type":"Polygon","coordinates":[[[4.869673209000041,52.387898875000076],[4.865906636000034,52.38918081400004],[4.863091122000071,52.38883309000005],[4.865858420000052,52.383450552000056],[4.868388730000049,52.382941964000054],[4.869808585000044,52.38438012300003],[4.869673209000041,52.387898875000076]]]}},{"type":"Feature","properties":{"service_id":95,"population_total":439.44,"thiessen_area_km2":0.0636,"population_share":0.000552595066887737,"area_share":0.0003250738575839993,"population_covered":439.44,"area_covered_km2":0.0636,"population_coverage_ratio":1.0,"area_coverage_ratio":0.9999999146909787},"geometry":{"type":"Polygon","coordinates":[[[4.859947233000071,52.380378878000045],[4.859193520000076,52.38666115800004],[4.857446107000044,52.38382424800005],[4.859102632000031,52.380069597000045],[4.859947233000071,52.380378878000045]]]}},{"type":"Feature","properties":{"service_id":92,"population_total":977.76,"thiessen_area_km2":0.1047,"population_share":0.0012295240238252149,"area_share":0.0005347139507656388,"population_covered":977.76,"area_covered_km2":0.1047,"population_coverage_ratio":1.0,"area_coverage_ratio":0.999999981637337},"geometry":{"type":"Polygon","coordinates":[[[4.863091122000071,52.38883309000005],[4.861672584000075,52.38887597000007],[4.863358515000073,52.38188452800006],[4.865858420000052,52.383450552000056],[4.863091122000071,52.38883309000005]]]}},{"type":"Feature","properties":{"service_id":290,"population_total":1658.9,"thiessen_area_km2":0.265,"population_share":0.0020860463775012076,"area_share":0.0013534314782677527,"population_covered":1658.9,"area_covered_km2":0.265,"population_coverage_ratio":1.0,"area_coverage_ratio":0.999999993382082},"geometry":{"type":"Polygon","coordinates":[[[4.875500849000048,52.38387387200004],[4.874393189000045,52.390598440000076],[4.869673209000041,52.387898875000076],[4.869808585000044,52.38438012300003],[4.869839687000024,52.384354579000046],[4.8745544060000725,52.38128209200005],[4.875500849000048,52.38387387200004]]]}},{"type":"Feature","properties":{"service_id":288,"population_total":417.47,"thiessen_area_km2":0.1205,"population_share":0.0005249653135433502,"area_share":0.0006155005801260018,"population_covered":417.47,"area_covered_km2":0.1205,"population_coverage_ratio":1.0,"area_coverage_ratio":1.0000000608896285},"geometry":{"type":"Polygon","coordinates":[[[4.882610545000034,52.38705132100006],[4.881100451000066,52.387972716000036],[4.880339762000062,52.38510615600006],[4.880727489000037,52.38140202900007],[4.884552968000037,52.383524615000056],[4.882610545000034,52.38705132100006]]]}},{"type":"Feature","properties":{"service_id":294,"population_total":2394.96,"thiessen_area_km2":0.2306,"population_share":0.0030116431145381668,"area_share":0.0011776354950697144,"population_covered":2394.96,"area_covered_km2":0.2306,"population_coverage_ratio":1.0,"area_coverage_ratio":1.000000032644765},"geometry":{"type":"Polygon","coordinates":[[[4.8811013910000725,52.37826468600008],[4.88028659400004,52.37858792700007],[4.878067509000061,52.37795634100007],[4.877033218000065,52.37486567000008],[4.87824144800004,52.37217104800004],[4.879812021000021,52.370580483000026],[4.880498089000071,52.370725495000045],[4.882658316000061,52.37300010400003],[4.882466416000057,52.37452911200006],[4.8811013910000725,52.37826468600008]]]}},{"type":"Feature","properties":{"service_id":281,"population_total":362.54,"thiessen_area_km2":0.0722,"population_share":0.0004558909301823831,"area_share":0.00036871411778930085,"population_covered":362.54,"area_covered_km2":0.0722,"population_coverage_ratio":1.0,"area_coverage_ratio":1.0000004313536217},"geometry":{"type":"Polygon","coordinates":[[[4.886858883000059,52.385974548000036],[4.882610545000034,52.38705132100006],[4.884552968000037,52.383524615000056],[4.8864192410000555,52.38292410300005],[4.886492798000063,52.38296247900007],[4.886858883000059,52.385974548000036]]]}},{"type":"Feature","properties":{"service_id":287,"population_total":1076.64,"thiessen_area_km2":0.2458,"population_share":0.0013538579138749557,"area_share":0.0012555013492332385,"population_covered":1076.64,"area_covered_km2":0.2458,"population_coverage_ratio":1.0,"area_coverage_ratio":1.000000037266594},"geometry":{"type":"Polygon","coordinates":[[[4.880727489000037,52.38140202900007],[4.880339762000062,52.38510615600006],[4.875500849000048,52.38387387200004],[4.8745544060000725,52.38128209200005],[4.875089762000073,52.37972911000003],[4.878067509000061,52.37795634100007],[4.88028659400004,52.37858792700007],[4.880727489000037,52.38140202900007]]]}},{"type":"Feature","properties":{"service_id":98,"population_total":1351.29,"thiessen_area_km2":0.3582,"population_share":0.0016992298306797915,"area_share":0.0018296419427386147,"population_covered":1351.29,"area_covered_km2":0.3582,"population_coverage_ratio":1.0,"area_coverage_ratio":1.0000000305400312},"geometry":{"type":"Polygon","coordinates":[[[4.875965737000058,52.39239826800008],[4.86783966400003,52.39629156800004],[4.865906636000034,52.38918081400004],[4.869673209000041,52.387898875000076],[4.874393189000045,52.390598440000076],[4.875965737000058,52.39239826800008]]]}},{"type":"Feature","properties":{"service_id":104,"population_total":6459.81,"thiessen_area_km2":1.6932,"population_share":0.008123147483249734,"area_share":0.008648384777642095,"population_covered":5020.64,"area_covered_km2":0.9983,"population_coverage_ratio":0.7772108843537415,"area_coverage_ratio":0.5896342422318434},"geometry":{"type":"Polygon","coordinates":[[[4.861467404000052,52.40635364500008],[4.860381222000058,52.41792673200007],[4.859384060000025,52.41699981700003],[4.859356880000064,52.41606903100006],[4.855907031000072,52.41667892300006],[4.848748536000073,52.39975005200006],[4.850100262000069,52.39517841500003],[4.85380746200002,52.39112782400008],[4.854949966000049,52.38998865100007],[4.858398383000065,52.39075729600006],[4.861467404000052,52.40635364500008]]]}},{"type":"Feature","properties":{"service_id":289,"population_total":1779.74,"thiessen_area_km2":0.3588,"population_share":0.0022380100208953353,"area_share":0.0018324330191020657,"population_covered":1779.74,"area_covered_km2":0.3588,"population_coverage_ratio":1.0,"area_coverage_ratio":0.9999999650720773},"geometry":{"type":"Polygon","coordinates":[[[4.881100451000066,52.387972716000036],[4.879371383000034,52.39401636000008],[4.875965737000058,52.39239826800008],[4.874393189000045,52.390598440000076],[4.875500849000048,52.38387387200004],[4.880339762000062,52.38510615600006],[4.881100451000066,52.387972716000036]]]}},{"type":"Feature","properties":{"service_id":142,"population_total":5058.44,"thiessen_area_km2":2.9235,"population_share":0.006360932104383772,"area_share":0.014932736700107762,"population_covered":4513.57,"area_covered_km2":1.7763,"population_coverage_ratio":0.8922865059339846,"area_coverage_ratio":0.6076099802098727},"geometry":{"type":"Polygon","coordinates":[[[4.889388537000059,52.42519078400005],[4.879900932000055,52.42514419500003],[4.8754158020000204,52.42961120600006],[4.8748211860000765,52.42969894400005],[4.869499206000057,52.43048095700004],[4.865081787000065,52.42956161500007],[4.8607239720000734,52.42415237400007],[4.862260818000038,52.41967391900005],[4.860760323000022,52.41827912700006],[4.871639294000033,52.411928286000034],[4.88919121400005,52.41421293800005],[4.889388537000059,52.42519078400005]]]}},{"type":"Feature","properties":{"service_id":99,"population_total":4515.28,"thiessen_area_km2":2.1241,"population_share":0.005677914312271498,"area_share":0.010849396641214783,"population_covered":4152.74,"area_covered_km2":1.3145,"population_coverage_ratio":0.9197080291970803,"area_coverage_ratio":0.6188626861246189},"geometry":{"type":"Polygon","coordinates":[[[4.871639294000033,52.411928286000034],[4.860760323000022,52.41827912700006],[4.860381222000058,52.41792673200007],[4.861467404000052,52.40635364500008],[4.86783966400003,52.39629156800004],[4.875965737000058,52.39239826800008],[4.879371383000034,52.39401636000008],[4.8820231870000725,52.39792087100005],[4.871639294000033,52.411928286000034]]]}},{"type":"Feature","properties":{"service_id":316,"population_total":406.48,"thiessen_area_km2":0.1298,"population_share":0.0005111504368711568,"area_share":0.0006629410717496211,"population_covered":406.48,"area_covered_km2":0.1298,"population_coverage_ratio":1.0,"area_coverage_ratio":1.0000002320129449},"geometry":{"type":"Polygon","coordinates":[[[4.888317406000056,52.362710510000056],[4.88607618900005,52.363884917000064],[4.881704115000048,52.35924296200005],[4.8827451410000435,52.35827501000006],[4.888600478000058,52.361393891000034],[4.88863423600003,52.36159606000007],[4.888317406000056,52.362710510000056]]]}},{"type":"Feature","properties":{"service_id":354,"population_total":2405.95,"thiessen_area_km2":0.2959,"population_share":0.0030254579912103604,"area_share":0.001511471604983844,"population_covered":2405.95,"area_covered_km2":0.2959,"population_coverage_ratio":1.0,"area_coverage_ratio":1.00000001889776},"geometry":{"type":"Polygon","coordinates":[[[4.891098004000071,52.32824015600005],[4.886252327000022,52.331652312000074],[4.8810675400000605,52.32891518000008],[4.881059282000024,52.32844881600005],[4.883531231000063,52.324176081000076],[4.891098004000071,52.32824015600005]]]}},{"type":"Feature","properties":{"service_id":372,"population_total":1603.97,"thiessen_area_km2":0.6932,"population_share":0.00201697199414024,"area_share":0.0035406437986070533,"population_covered":1494.11,"area_covered_km2":0.6568,"population_coverage_ratio":0.9315068493150686,"area_coverage_ratio":0.9475002544494774},"geometry":{"type":"Polygon","coordinates":[[[4.894680127000072,52.33660415600008],[4.893039505000047,52.33682418200004],[4.886983343000054,52.33391200400007],[4.8862002800000255,52.33192099100006],[4.886252327000022,52.331652312000074],[4.891098004000071,52.32824015600005],[4.901906237000048,52.325783870000066],[4.900215195000044,52.32955663900003],[4.894680127000072,52.33660415600008]]]}},{"type":"Feature","properties":{"service_id":358,"population_total":1691.86,"thiessen_area_km2":0.1132,"population_share":0.0021274910075177876,"area_share":0.0005780879690501687,"population_covered":1691.86,"area_covered_km2":0.1132,"population_coverage_ratio":1.0,"area_coverage_ratio":1.0000001451478444},"geometry":{"type":"Polygon","coordinates":[[[4.886983343000054,52.33391200400007],[4.887236193000035,52.33782719700008],[4.882273006000048,52.335864524000044],[4.8862002800000255,52.33192099100006],[4.886983343000054,52.33391200400007]]]}},{"type":"Feature","properties":{"service_id":360,"population_total":1439.18,"thiessen_area_km2":0.1153,"population_share":0.001809748844057339,"area_share":0.0005888431999372433,"population_covered":1439.18,"area_covered_km2":0.1153,"population_coverage_ratio":1.0,"area_coverage_ratio":1.0000000239862785},"geometry":{"type":"Polygon","coordinates":[[[4.892763535000029,52.34300891600003],[4.89229688100005,52.34374502000003],[4.88575490900007,52.341648088000056],[4.8876208010000255,52.33861631800005],[4.887780514000042,52.338593186000026],[4.892763535000029,52.34300891600003]]]}},{"type":"Feature","properties":{"service_id":363,"population_total":1406.22,"thiessen_area_km2":0.1811,"population_share":0.0017683042140407585,"area_share":0.0009248661923591011,"population_covered":1406.22,"area_covered_km2":0.1811,"population_coverage_ratio":1.0,"area_coverage_ratio":1.0000001377563097},"geometry":{"type":"Polygon","coordinates":[[[4.893682081000065,52.341952039000034],[4.892763535000029,52.34300891600003],[4.887780514000042,52.338593186000026],[4.893039505000047,52.33682418200004],[4.894680127000072,52.33660415600008],[4.894279586000039,52.340522339000074],[4.893682081000065,52.341952039000034]]]}},{"type":"Feature","properties":{"service_id":364,"population_total":2614.69,"thiessen_area_km2":0.4016,"population_share":0.0032879406479820353,"area_share":0.0020515484101997646,"population_covered":2614.69,"area_covered_km2":0.382,"population_coverage_ratio":1.0,"area_coverage_ratio":0.9510792563089997},"geometry":{"type":"Polygon","coordinates":[[[4.900876308000022,52.33976291000005],[4.899573968000027,52.34282613800008],[4.894279586000039,52.340522339000074],[4.894680127000072,52.33660415600008],[4.900215195000044,52.32955663900003],[4.900876308000022,52.33976291000005]]]}},{"type":"Feature","properties":{"service_id":367,"population_total":878.89,"thiessen_area_km2":0.0739,"population_share":0.001105190133775474,"area_share":0.0003776848767599006,"population_covered":878.89,"area_covered_km2":0.0739,"population_coverage_ratio":1.0,"area_coverage_ratio":1.0000000772614115},"geometry":{"type":"Polygon","coordinates":[[[4.904388329000028,52.343061918000046],[4.899666969000066,52.34375415800008],[4.899573968000027,52.34282613800008],[4.900876308000022,52.33976291000005],[4.904388329000028,52.343061918000046]]]}},{"type":"Feature","properties":{"service_id":368,"population_total":2735.53,"thiessen_area_km2":0.7592,"population_share":0.003439904291376163,"area_share":0.003877606749205049,"population_covered":2131.3,"area_covered_km2":0.4417,"population_coverage_ratio":0.7791164658634537,"area_coverage_ratio":0.58185788995464},"geometry":{"type":"Polygon","coordinates":[[[4.9061982400000375,52.34288039200004],[4.905521259000068,52.34356024500005],[4.904388329000028,52.343061918000046],[4.900876308000022,52.33976291000005],[4.900215195000044,52.32955663900003],[4.901906237000048,52.325783870000066],[4.905691217000026,52.32212671600007],[4.906481058000054,52.32549578000004],[4.9061982400000375,52.34288039200004]]]}},{"type":"Feature","properties":{"service_id":370,"population_total":1175.51,"thiessen_area_km2":0.1381,"population_share":0.0014781918039246966,"area_share":0.0007054719887365018,"population_covered":1175.51,"area_covered_km2":0.1381,"population_coverage_ratio":1.0,"area_coverage_ratio":0.9999999109824795},"geometry":{"type":"Polygon","coordinates":[[[4.912058197000022,52.34520168800003],[4.9108328520000555,52.345439601000066],[4.907549286000062,52.34295214500003],[4.912588387000028,52.34022396900008],[4.9142097170000625,52.341900106000026],[4.912058197000022,52.34520168800003]]]}},{"type":"Feature","properties":{"service_id":209,"population_total":1252.41,"thiessen_area_km2":0.2226,"population_share":0.0015748959406300506,"area_share":0.0011369729363570006,"population_covered":1252.41,"area_covered_km2":0.2226,"population_coverage_ratio":1.0,"area_coverage_ratio":1.0000001231206752},"geometry":{"type":"Polygon","coordinates":[[[4.918624167000075,52.345790280000074],[4.913817910000034,52.34930031700003],[4.912058197000022,52.34520168800003],[4.9142097170000625,52.341900106000026],[4.914453956000045,52.34192828700003],[4.918663421000076,52.34372970100003],[4.918809269000064,52.344153938000034],[4.918624167000075,52.345790280000074]]]}},{"type":"Feature","properties":{"service_id":327,"population_total":747.05,"thiessen_area_km2":0.0672,"population_share":0.000939411613709153,"area_share":0.00034345466736374275,"population_covered":747.05,"area_covered_km2":0.0672,"population_coverage_ratio":1.0,"area_coverage_ratio":0.9999999694579623},"geometry":{"type":"Polygon","coordinates":[[[4.888681351000059,52.34655259700003],[4.888399575000051,52.34890718200006],[4.885018387000059,52.347989562000066],[4.886499818000061,52.34481073200004],[4.888681351000059,52.34655259700003]]]}},{"type":"Feature","properties":{"service_id":326,"population_total":1680.87,"thiessen_area_km2":0.1486,"population_share":0.0021136761308455944,"area_share":0.0007592623177862662,"population_covered":1680.87,"area_covered_km2":0.1486,"population_coverage_ratio":1.0,"area_coverage_ratio":0.9999999225210708},"geometry":{"type":"Polygon","coordinates":[[[4.892275164000068,52.344061569000075],[4.8946265490000656,52.34913667400008],[4.888430139000036,52.34896986900003],[4.888399575000051,52.34890718200006],[4.888681351000059,52.34655259700003],[4.892275164000068,52.344061569000075]]]}},{"type":"Feature","properties":{"service_id":217,"population_total":1230.44,"thiessen_area_km2":0.1538,"population_share":0.0015472661872856638,"area_share":0.0007855778587004361,"population_covered":1230.44,"area_covered_km2":0.1538,"population_coverage_ratio":1.0,"area_coverage_ratio":1.000000005444643},"geometry":{"type":"Polygon","coordinates":[[[4.90627962800005,52.35175575800008],[4.9060486200000355,52.35192955500003],[4.901658781000037,52.34958857100003],[4.90077980500007,52.34742644000005],[4.9050923310000485,52.34607463700007],[4.906287060000068,52.34751954400008],[4.90627962800005,52.35175575800008]]]}},{"type":"Feature","properties":{"service_id":362,"population_total":2021.44,"thiessen_area_km2":0.2193,"population_share":0.00254193730768359,"area_share":0.0011203767801955748,"population_covered":2021.44,"area_covered_km2":0.2193,"population_coverage_ratio":1.0,"area_coverage_ratio":1.0000000154874438},"geometry":{"type":"Polygon","coordinates":[[[4.89928074900007,52.34692400600005],[4.895253589000049,52.349725299000056],[4.8946265490000656,52.34913667400008],[4.892275164000068,52.344061569000075],[4.89229688100005,52.34374502000003],[4.892763535000029,52.34300891600003],[4.893682081000065,52.341952039000034],[4.89915746500003,52.34582983800004],[4.89928074900007,52.34692400600005]]]}},{"type":"Feature","properties":{"service_id":219,"population_total":1867.63,"thiessen_area_km2":0.2088,"population_share":0.0023485290342728825,"area_share":0.0010664048978931198,"population_covered":1867.63,"area_covered_km2":0.2088,"population_coverage_ratio":1.0,"area_coverage_ratio":1.0000001201155504},"geometry":{"type":"Polygon","coordinates":[[[4.900987116000067,52.35208914300006],[4.90003334000005,52.35342083900008],[4.895228107000037,52.351601843000026],[4.895253589000049,52.349725299000056],[4.89928074900007,52.34692400600005],[4.90077980500007,52.34742644000005],[4.901658781000037,52.34958857100003],[4.900987116000067,52.35208914300006]]]}},{"type":"Feature","properties":{"service_id":366,"population_total":1153.54,"thiessen_area_km2":0.155,"population_share":0.0014505620505803095,"area_share":0.0007915996378532426,"population_covered":1153.54,"area_covered_km2":0.155,"population_coverage_ratio":1.0,"area_coverage_ratio":0.9999998352328034},"geometry":{"type":"Polygon","coordinates":[[[4.9050923310000485,52.34607463700007],[4.90077980500007,52.34742644000005],[4.89928074900007,52.34692400600005],[4.89915746500003,52.34582983800004],[4.899666969000066,52.34375415800008],[4.904388329000028,52.343061918000046],[4.905521259000068,52.34356024500005],[4.9050923310000485,52.34607463700007]]]}},{"type":"Feature","properties":{"service_id":365,"population_total":834.94,"thiessen_area_km2":0.1049,"population_share":0.0010499306270867004,"area_share":0.0005359674008327075,"population_covered":834.94,"area_covered_km2":0.1049,"population_coverage_ratio":1.0,"area_coverage_ratio":1.0000002860796595},"geometry":{"type":"Polygon","coordinates":[[[4.899666969000066,52.34375415800008],[4.89915746500003,52.34582983800004],[4.893682081000065,52.341952039000034],[4.894279586000039,52.340522339000074],[4.899573968000027,52.34282613800008],[4.899666969000066,52.34375415800008]]]}},{"type":"Feature","properties":{"service_id":369,"population_total":1428.19,"thiessen_area_km2":0.4338,"population_share":0.0017959339673851453,"area_share":0.002215723929508359,"population_covered":1230.44,"area_covered_km2":0.3701,"population_coverage_ratio":0.8615384615384616,"area_coverage_ratio":0.8531149150080489},"geometry":{"type":"Polygon","coordinates":[[[4.912588387000028,52.34022396900008],[4.907549286000062,52.34295214500003],[4.9061982400000375,52.34288039200004],[4.906481058000054,52.32549578000004],[4.912588387000028,52.34022396900008]]]}},{"type":"Feature","properties":{"service_id":216,"population_total":1252.41,"thiessen_area_km2":0.1356,"population_share":0.0015748959406300506,"area_share":0.0006925115262421384,"population_covered":1252.41,"area_covered_km2":0.1356,"population_coverage_ratio":1.0,"area_coverage_ratio":1.0000001378786496},"geometry":{"type":"Polygon","coordinates":[[[4.909031498000047,52.347261384000035],[4.906287060000068,52.34751954400008],[4.9050923310000485,52.34607463700007],[4.905521259000068,52.34356024500005],[4.9061982400000375,52.34288039200004],[4.907549286000062,52.34295214500003],[4.9108328520000555,52.345439601000066],[4.909031498000047,52.347261384000035]]]}},{"type":"Feature","properties":{"service_id":214,"population_total":1252.41,"thiessen_area_km2":0.1517,"population_share":0.0015748959406300506,"area_share":0.0007750952275934448,"population_covered":1252.41,"area_covered_km2":0.1517,"population_coverage_ratio":1.0,"area_coverage_ratio":0.9999998011351756},"geometry":{"type":"Polygon","coordinates":[[[4.911786145000065,52.35123181100005],[4.9099638190000405,52.35233059600006],[4.90627962800005,52.35175575800008],[4.906287060000068,52.34751954400008],[4.909031498000047,52.347261384000035],[4.911786145000065,52.35123181100005]]]}},{"type":"Feature","properties":{"service_id":213,"population_total":1263.4,"thiessen_area_km2":0.1875,"population_share":0.001588710817302244,"area_share":0.0009576111231824267,"population_covered":1263.4,"area_covered_km2":0.1875,"population_coverage_ratio":1.0,"area_coverage_ratio":1.00000013403827},"geometry":{"type":"Polygon","coordinates":[[[4.910185673000058,52.358059096000034],[4.908216238000023,52.35887778000006],[4.905147847000023,52.35404695600005],[4.905994025000041,52.35201620600003],[4.9060486200000355,52.35192955500003],[4.90627962800005,52.35175575800008],[4.9099638190000405,52.35233059600006],[4.910185673000058,52.358059096000034]]]}},{"type":"Feature","properties":{"service_id":221,"population_total":406.48,"thiessen_area_km2":0.0492,"population_share":0.0005111504368711568,"area_share":0.00025133305698114426,"population_covered":406.48,"area_covered_km2":0.0492,"population_coverage_ratio":1.0,"area_coverage_ratio":1.0000000321160039},"geometry":{"type":"Polygon","coordinates":[[[4.905994025000041,52.35201620600003],[4.900987116000067,52.35208914300006],[4.901658781000037,52.34958857100003],[4.9060486200000355,52.35192955500003],[4.905994025000041,52.35201620600003]]]}},{"type":"Feature","properties":{"service_id":212,"population_total":1472.13,"thiessen_area_km2":0.2107,"population_share":0.0018511934740739191,"area_share":0.001076085023562342,"population_covered":1472.13,"area_covered_km2":0.2107,"population_coverage_ratio":1.0,"area_coverage_ratio":0.9999999665052968},"geometry":{"type":"Polygon","coordinates":[[[4.914833229000067,52.35619562000005],[4.9114483300000416,52.35828934800003],[4.910185673000058,52.358059096000034],[4.9099638190000405,52.35233059600006],[4.911786145000065,52.35123181100005],[4.91337141300005,52.350963457000034],[4.914407992000065,52.35191343300005],[4.914833229000067,52.35619562000005]]]}},{"type":"Feature","properties":{"service_id":225,"population_total":252.68,"thiessen_area_km2":0.0328,"population_share":0.00031774216346044877,"area_share":0.00016735210949159554,"population_covered":252.68,"area_covered_km2":0.0328,"population_coverage_ratio":1.0,"area_coverage_ratio":1.000000119623086},"geometry":{"type":"Polygon","coordinates":[[[4.90283443800007,52.35726448200006],[4.899361210000052,52.35919716500007],[4.9019775880000225,52.35540163300004],[4.902294483000048,52.35548670400004],[4.90283443800007,52.35726448200006]]]}},{"type":"Feature","properties":{"service_id":386,"population_total":1032.69,"thiessen_area_km2":0.1933,"population_share":0.0012985984071861819,"area_share":0.0009870983392715874,"population_covered":1032.69,"area_covered_km2":0.1933,"population_coverage_ratio":1.0,"area_coverage_ratio":0.9999999017632464},"geometry":{"type":"Polygon","coordinates":[[[4.945576523000057,52.317318140000054],[4.943799880000029,52.31764043900006],[4.941692829000033,52.31502914400005],[4.939375212000073,52.313341861000026],[4.943180476000066,52.31020183600003],[4.945114942000032,52.31187229600005],[4.945576523000057,52.317318140000054]]]}},{"type":"Feature","properties":{"service_id":390,"population_total":1713.83,"thiessen_area_km2":0.3234,"population_share":0.0021551207608621744,"area_share":0.001651790415954814,"population_covered":1713.83,"area_covered_km2":0.3234,"population_coverage_ratio":1.0,"area_coverage_ratio":1.0000000408329193},"geometry":{"type":"Polygon","coordinates":[[[4.9419121150000365,52.30777095700006],[4.936777506000055,52.30889721900007],[4.9353125370000726,52.30425709200006],[4.9392767280000385,52.299799576000055],[4.9428566030000525,52.30440831800007],[4.9419121150000365,52.30777095700006]]]}},{"type":"Feature","properties":{"service_id":388,"population_total":1472.13,"thiessen_area_km2":0.2822,"population_share":0.0018511934740739191,"area_share":0.0014415563388770415,"population_covered":1472.13,"area_covered_km2":0.2822,"population_coverage_ratio":1.0,"area_coverage_ratio":1.000000003199462},"geometry":{"type":"Polygon","coordinates":[[[4.95017309900004,52.30906806300004],[4.945114942000032,52.31187229600005],[4.943180476000066,52.31020183600003],[4.9419121150000365,52.30777095700006],[4.9428566030000525,52.30440831800007],[4.945094601000051,52.30404884700005],[4.95017309900004,52.30906806300004]]]}},{"type":"Feature","properties":{"service_id":391,"population_total":538.32,"thiessen_area_km2":0.1065,"population_share":0.0006769289569374779,"area_share":0.0005440829260621417,"population_covered":538.32,"area_covered_km2":0.1065,"population_coverage_ratio":1.0,"area_coverage_ratio":0.9999999376637365},"geometry":{"type":"Polygon","coordinates":[[[4.936777506000055,52.30889721900007],[4.935490658000049,52.31051381000003],[4.932931900000028,52.30865097100008],[4.932951927000033,52.306911469000056],[4.9353125370000726,52.30425709200006],[4.936777506000055,52.30889721900007]]]}},{"type":"Feature","properties":{"service_id":385,"population_total":1768.76,"thiessen_area_km2":0.3133,"population_share":0.0022241951442231417,"area_share":0.0016001318196853776,"population_covered":1768.76,"area_covered_km2":0.3133,"population_coverage_ratio":1.0,"area_coverage_ratio":1.0000000976636132},"geometry":{"type":"Polygon","coordinates":[[[4.952013713000042,52.31206829200005],[4.947462959000063,52.318617345000064],[4.945576523000057,52.317318140000054],[4.945114942000032,52.31187229600005],[4.95017309900004,52.30906806300004],[4.952277585000047,52.30897741300004],[4.952013713000042,52.31206829200005]]]}},{"type":"Feature","properties":{"service_id":382,"population_total":977.76,"thiessen_area_km2":0.2325,"population_share":0.0012295240238252149,"area_share":0.0011874675271247971,"population_covered":977.76,"area_covered_km2":0.2325,"population_coverage_ratio":1.0,"area_coverage_ratio":1.0000000060918024},"geometry":{"type":"Polygon","coordinates":[[[4.953826721000041,52.314959515000055],[4.9515055520000715,52.321885853000026],[4.9478036290000205,52.31905569400004],[4.947462959000063,52.318617345000064],[4.952013713000042,52.31206829200005],[4.953826721000041,52.314959515000055]]]}},{"type":"Feature","properties":{"service_id":387,"population_total":703.11,"thiessen_area_km2":0.1855,"population_share":0.0008841521070203792,"area_share":0.0009477527322845834,"population_covered":703.11,"area_covered_km2":0.1855,"population_coverage_ratio":1.0,"area_coverage_ratio":0.9999999911877727},"geometry":{"type":"Polygon","coordinates":[[[4.943180476000066,52.31020183600003],[4.939375212000073,52.313341861000026],[4.935490658000049,52.31051381000003],[4.936777506000055,52.30889721900007],[4.9419121150000365,52.30777095700006],[4.943180476000066,52.31020183600003]]]}},{"type":"Feature","properties":{"service_id":397,"population_total":856.91,"thiessen_area_km2":0.1719,"population_share":0.0010775603804310872,"area_share":0.0008778077083766021,"population_covered":856.91,"area_covered_km2":0.1719,"population_coverage_ratio":1.0,"area_coverage_ratio":0.9999999176140376},"geometry":{"type":"Polygon","coordinates":[[[4.9478036290000205,52.31905569400004],[4.9427612960000715,52.32454898800006],[4.941587925000022,52.32400512600003],[4.9401268950000485,52.323101043000065],[4.944596767000064,52.318630219000056],[4.944303036000065,52.31826400700004],[4.943799880000029,52.31764043900006],[4.945576523000057,52.317318140000054],[4.947462959000063,52.318617345000064],[4.9478036290000205,52.31905569400004]]]}},{"type":"Feature","properties":{"service_id":215,"population_total":791.0,"thiessen_area_km2":0.1279,"population_share":0.0009946711203979266,"area_share":0.0006533457459356493,"population_covered":791.0,"area_covered_km2":0.1279,"population_coverage_ratio":1.0,"area_coverage_ratio":1.0000000720422557},"geometry":{"type":"Polygon","coordinates":[[[4.91337141300005,52.350963457000034],[4.911786145000065,52.35123181100005],[4.909031498000047,52.347261384000035],[4.9108328520000555,52.345439601000066],[4.912058197000022,52.34520168800003],[4.913817910000034,52.34930031700003],[4.91337141300005,52.350963457000034]]]}},{"type":"Feature","properties":{"service_id":393,"population_total":856.91,"thiessen_area_km2":0.1919,"population_share":0.0010775603804310872,"area_share":0.000980119581606814,"population_covered":856.91,"area_covered_km2":0.1919,"population_coverage_ratio":1.0,"area_coverage_ratio":1.000000008962285},"geometry":{"type":"Polygon","coordinates":[[[4.927053228000034,52.33845519700003],[4.920047238000052,52.34182716500004],[4.918600660000038,52.335498389000065],[4.918617554000036,52.335340588000065],[4.927053228000034,52.33845519700003]]]}},{"type":"Feature","properties":{"service_id":371,"population_total":2197.21,"thiessen_area_km2":0.8313,"population_share":0.002762975334438685,"area_share":0.004246148803706004,"population_covered":1999.47,"area_covered_km2":0.487,"population_coverage_ratio":0.91,"area_coverage_ratio":0.5857804532723485},"geometry":{"type":"Polygon","coordinates":[[[4.918600660000038,52.335498389000065],[4.914453956000045,52.34192828700003],[4.9142097170000625,52.341900106000026],[4.912588387000028,52.34022396900008],[4.906481058000054,52.32549578000004],[4.905691217000026,52.32212671600007],[4.906493116000036,52.32053780500007],[4.910748413000022,52.319007588000034],[4.91265323600004,52.32296119200004],[4.91065311400007,52.324760436000076],[4.910586834000071,52.33014678900008],[4.914984226000058,52.33196258500004],[4.915619850000041,52.33216095000006],[4.91734308100007,52.33269532300005],[4.918617554000036,52.335340588000065],[4.918600660000038,52.335498389000065]]]}},{"type":"Feature","properties":{"service_id":392,"population_total":1149.01,"thiessen_area_km2":0.3161,"population_share":0.001444869253753294,"area_share":0.0016146629020899498,"population_covered":1149.01,"area_covered_km2":0.2023,"population_coverage_ratio":1.0,"area_coverage_ratio":0.6398586965529649},"geometry":{"type":"MultiPolygon","coordinates":[[[[4.91514778100003,52.318500518000064],[4.916596889000061,52.32030105500007],[4.91363000900003,52.32208251900005],[4.91265323600004,52.32296119200004],[4.910748413000022,52.319007588000034],[4.912200928000061,52.318485260000045],[4.91514778100003,52.318500518000064]]],[[[4.923788071000047,52.334693909000066],[4.928188986000066,52.33471670400007],[4.927273210000067,52.33843194500008],[4.927053228000034,52.33845519700003],[4.918617554000036,52.335340588000065],[4.91734308100007,52.33269532300005],[4.923788071000047,52.334693909000066]]]]}},{"type":"Feature","properties":{"service_id":394,"population_total":670.15,"thiessen_area_km2":0.1746,"population_share":0.0008427074770037989,"area_share":0.0008918632654140571,"population_covered":670.15,"area_covered_km2":0.1746,"population_coverage_ratio":1.0,"area_coverage_ratio":1.0000000381328888},"geometry":{"type":"Polygon","coordinates":[[[4.920047238000052,52.34182716500004],[4.918663421000076,52.34372970100003],[4.914453956000045,52.34192828700003],[4.918600660000038,52.335498389000065],[4.920047238000052,52.34182716500004]]]}},{"type":"Feature","properties":{"service_id":208,"population_total":878.89,"thiessen_area_km2":0.2168,"population_share":0.001105190133775474,"area_share":0.0011074652629965533,"population_covered":878.89,"area_covered_km2":0.2168,"population_coverage_ratio":1.0,"area_coverage_ratio":0.9999998710547928},"geometry":{"type":"Polygon","coordinates":[[[4.9287224180000635,52.34660124700008],[4.920452932000046,52.34994891100007],[4.918624167000075,52.345790280000074],[4.918809269000064,52.344153938000034],[4.9287224180000635,52.34660124700008]]]}},{"type":"Feature","properties":{"service_id":188,"population_total":4270.22,"thiessen_area_km2":1.2706,"population_share":0.005369764075798916,"area_share":0.006490240582099173,"population_covered":4263.28,"area_covered_km2":1.268,"population_coverage_ratio":0.9983732026356151,"area_coverage_ratio":0.9979090095566303},"geometry":{"type":"Polygon","coordinates":[[[4.9581520340000225,52.34456880100004],[4.948045946000036,52.34998898300006],[4.939291622000042,52.34156078900003],[4.9427375770000594,52.33477803100004],[4.944409847000031,52.33478546100008],[4.945614815000056,52.33628082300004],[4.945864200000074,52.336589813000046],[4.953207016000022,52.33841323900003],[4.95618391000005,52.33937454200003],[4.95905113200007,52.342926025000054],[4.959376661000022,52.343263000000036],[4.9581520340000225,52.34456880100004]]]}},{"type":"Feature","properties":{"service_id":222,"population_total":966.77,"thiessen_area_km2":0.1563,"population_share":0.0012157091471530215,"area_share":0.0007984006287733882,"population_covered":966.77,"area_covered_km2":0.1563,"population_coverage_ratio":1.0,"area_coverage_ratio":0.9999999532572067},"geometry":{"type":"Polygon","coordinates":[[[4.908216238000023,52.35887778000006],[4.9067376160000435,52.36073208000005],[4.903132228000061,52.358034615000065],[4.90283443800007,52.35726448200006],[4.902294483000048,52.35548670400004],[4.905147847000023,52.35404695600005],[4.908216238000023,52.35887778000006]]]}},{"type":"Feature","properties":{"service_id":210,"population_total":659.16,"thiessen_area_km2":0.2042,"population_share":0.0008288926003316056,"area_share":0.0010430504763743484,"population_covered":659.16,"area_covered_km2":0.2042,"population_coverage_ratio":1.0,"area_coverage_ratio":0.9999999147957965},"geometry":{"type":"Polygon","coordinates":[[[4.918612010000061,52.351788456000065],[4.914407992000065,52.35191343300005],[4.91337141300005,52.350963457000034],[4.913817910000034,52.34930031700003],[4.918624167000075,52.345790280000074],[4.920452932000046,52.34994891100007],[4.92034794500006,52.350515408000035],[4.918612010000061,52.351788456000065]]]}},{"type":"Feature","properties":{"service_id":206,"population_total":472.4,"thiessen_area_km2":0.1781,"population_share":0.0005940396969043173,"area_share":0.0009098238533315767,"population_covered":472.4,"area_covered_km2":0.1781,"population_coverage_ratio":1.0,"area_coverage_ratio":1.0000001497677642},"geometry":{"type":"Polygon","coordinates":[[[4.928952691000063,52.34658538900004],[4.923613743000033,52.353891178000026],[4.92034794500006,52.350515408000035],[4.920452932000046,52.34994891100007],[4.9287224180000635,52.34660124700008],[4.928952691000063,52.34658538900004]]]}},{"type":"Feature","properties":{"service_id":190,"population_total":571.28,"thiessen_area_km2":0.2978,"population_share":0.0007183735869540582,"area_share":0.001521225155631358,"population_covered":571.28,"area_covered_km2":0.2978,"population_coverage_ratio":1.0,"area_coverage_ratio":1.000000088982757},"geometry":{"type":"Polygon","coordinates":[[[4.933192302000066,52.35635644000007],[4.932449668000061,52.35671810500003],[4.931416851000051,52.35652957600007],[4.929460590000076,52.354474148000065],[4.929784027000039,52.346297220000054],[4.931165136000061,52.34499879300006],[4.932507559000044,52.345078828000055],[4.933812379000074,52.35264898500003],[4.933192302000066,52.35635644000007]]]}},{"type":"Feature","properties":{"service_id":211,"population_total":681.14,"thiessen_area_km2":0.1573,"population_share":0.0008565223536759923,"area_share":0.0008032445772934887,"population_covered":681.14,"area_covered_km2":0.1573,"population_coverage_ratio":1.0,"area_coverage_ratio":1.0000001151669196},"geometry":{"type":"Polygon","coordinates":[[[4.918971528000043,52.35659198400003],[4.918186555000034,52.35724477300005],[4.916320119000034,52.35686360400007],[4.914833229000067,52.35619562000005],[4.914407992000065,52.35191343300005],[4.918612010000061,52.351788456000065],[4.918971528000043,52.35659198400003]]]}},{"type":"Feature","properties":{"service_id":395,"population_total":1669.88,"thiessen_area_km2":0.4352,"population_share":0.002099861254173401,"area_share":0.002223014087669606,"population_covered":1669.88,"area_covered_km2":0.4352,"population_coverage_ratio":1.0,"area_coverage_ratio":1.000000015387324},"geometry":{"type":"Polygon","coordinates":[[[4.928952691000063,52.34658538900004],[4.9287224180000635,52.34660124700008],[4.918809269000064,52.344153938000034],[4.918663421000076,52.34372970100003],[4.920047238000052,52.34182716500004],[4.927053228000034,52.33845519700003],[4.927273210000067,52.33843194500008],[4.931165136000061,52.34499879300006],[4.929784027000039,52.346297220000054],[4.928952691000063,52.34658538900004]]]}},{"type":"Feature","properties":{"service_id":192,"population_total":252.68,"thiessen_area_km2":0.0863,"population_share":0.00031774216346044877,"area_share":0.0004407990966765844,"population_covered":252.68,"area_covered_km2":0.0863,"population_coverage_ratio":1.0,"area_coverage_ratio":0.9999993963571598},"geometry":{"type":"Polygon","coordinates":[[[4.933004842000059,52.34501938400007],[4.936347286000057,52.35316831800003],[4.933812379000074,52.35264898500003],[4.932507559000044,52.345078828000055],[4.933004842000059,52.34501938400007]]]}},{"type":"Feature","properties":{"service_id":193,"population_total":538.32,"thiessen_area_km2":0.2198,"population_share":0.0006769289569374779,"area_share":0.001122671409611414,"population_covered":538.32,"area_covered_km2":0.2198,"population_coverage_ratio":1.0,"area_coverage_ratio":1.0000000303856948},"geometry":{"type":"Polygon","coordinates":[[[4.938269154000068,52.35317336900005],[4.936865596000075,52.353738871000076],[4.936347286000057,52.35316831800003],[4.933004842000059,52.34501938400007],[4.935436546000062,52.34447076300006],[4.939575295000054,52.35064816300007],[4.938269154000068,52.35317336900005]]]}},{"type":"Feature","properties":{"service_id":396,"population_total":2579.78,"thiessen_area_km2":0.8524,"population_share":0.0032440422651626552,"area_share":0.004353696979952113,"population_covered":2579.78,"area_covered_km2":0.8524,"population_coverage_ratio":1.0,"area_coverage_ratio":0.9999999699762203},"geometry":{"type":"Polygon","coordinates":[[[4.933004842000059,52.34501938400007],[4.932507559000044,52.345078828000055],[4.931165136000061,52.34499879300006],[4.927273210000067,52.33843194500008],[4.928188986000066,52.33471670400007],[4.9282069200000365,52.334716797000056],[4.928955078000058,52.334716797000056],[4.9427375770000594,52.33477803100004],[4.939291622000042,52.34156078900003],[4.935436546000062,52.34447076300006],[4.933004842000059,52.34501938400007]]]}},{"type":"Feature","properties":{"service_id":194,"population_total":834.94,"thiessen_area_km2":0.3196,"population_share":0.0010499306270867004,"area_share":0.00163241787775935,"population_covered":834.94,"area_covered_km2":0.3196,"population_coverage_ratio":1.0,"area_coverage_ratio":1.0000000406377643},"geometry":{"type":"Polygon","coordinates":[[[4.945825561000049,52.35838808400007],[4.945470985000043,52.358514924000076],[4.9411148630000525,52.35738080600004],[4.938269154000068,52.35317336900005],[4.939575295000054,52.35064816300007],[4.946402959000068,52.352622318000044],[4.945825561000049,52.35838808400007]]]}},{"type":"Feature","properties":{"service_id":186,"population_total":1834.67,"thiessen_area_km2":1.026,"population_share":0.002307084404256302,"area_share":0.0052405794505754,"population_covered":1834.67,"area_covered_km2":1.0059,"population_coverage_ratio":1.0,"area_coverage_ratio":0.980450972864966},"geometry":{"type":"Polygon","coordinates":[[[4.954343596000058,52.36365072600006],[4.953688815000021,52.364099741000075],[4.945825561000049,52.35838808400007],[4.946402959000068,52.352622318000044],[4.948045946000036,52.34998898300006],[4.9581520340000225,52.34456880100004],[4.954343596000058,52.36365072600006]]]}},{"type":"Feature","properties":{"service_id":191,"population_total":285.64,"thiessen_area_km2":0.0691,"population_share":0.0003591867934770291,"area_share":0.00035303587023565716,"population_covered":285.64,"area_covered_km2":0.0691,"population_coverage_ratio":1.0,"area_coverage_ratio":1.0000001119428596},"geometry":{"type":"Polygon","coordinates":[[[4.935345391000055,52.356199728000036],[4.933192302000066,52.35635644000007],[4.933812379000074,52.35264898500003],[4.936347286000057,52.35316831800003],[4.936865596000075,52.353738871000076],[4.935345391000055,52.356199728000036]]]}},{"type":"Feature","properties":{"service_id":378,"population_total":1768.76,"thiessen_area_km2":0.9527,"population_share":0.0022241951442231417,"area_share":0.00486609321815404,"population_covered":1395.23,"area_covered_km2":0.4913,"population_coverage_ratio":0.7888198757763975,"area_coverage_ratio":0.5156746564024164},"geometry":{"type":"Polygon","coordinates":[[[4.961913217000074,52.28834093800003],[4.949104373000068,52.29820414000005],[4.946711634000053,52.29614459800007],[4.9589774860000375,52.278300063000074],[4.961511442000074,52.27830992000003],[4.961913217000074,52.28834093800003]]]}},{"type":"Feature","properties":{"service_id":374,"population_total":889.87,"thiessen_area_km2":0.3266,"population_share":0.0011190050104476676,"area_share":0.001668006413039409,"population_covered":878.89,"area_covered_km2":0.2508,"population_coverage_ratio":0.9876543209876543,"area_coverage_ratio":0.7679360870861613},"geometry":{"type":"Polygon","coordinates":[[[4.946711634000053,52.29614459800007],[4.942669903000024,52.29632878400008],[4.942409435000059,52.29627701800007],[4.956808090000038,52.280086518000076],[4.956926822000071,52.27994537400008],[4.958299160000024,52.27829742400007],[4.9589774860000375,52.278300063000074],[4.946711634000053,52.29614459800007]]]}},{"type":"Feature","properties":{"service_id":377,"population_total":3207.93,"thiessen_area_km2":0.7188,"population_share":0.00403394398828048,"area_share":0.0036712875313811917,"population_covered":3032.16,"area_covered_km2":0.6527,"population_coverage_ratio":0.9452054794520548,"area_coverage_ratio":0.9081567800245575},"geometry":{"type":"Polygon","coordinates":[[[4.961372218000065,52.29577414200003],[4.953540331000056,52.30349125500004],[4.948857434000047,52.30149381100006],[4.949104373000068,52.29820414000005],[4.961913217000074,52.28834093800003],[4.962676934000058,52.29253714300006],[4.961372218000065,52.29577414200003]]]}},{"type":"Feature","properties":{"service_id":376,"population_total":373.53,"thiessen_area_km2":0.1301,"population_share":0.0004697058068545765,"area_share":0.0006643399619675701,"population_covered":373.53,"area_covered_km2":0.1301,"population_coverage_ratio":1.0,"area_coverage_ratio":0.9999998751068134},"geometry":{"type":"Polygon","coordinates":[[[4.948857434000047,52.30149381100006],[4.948326689000055,52.301676556000075],[4.942669903000024,52.29632878400008],[4.946711634000053,52.29614459800007],[4.949104373000068,52.29820414000005],[4.948857434000047,52.30149381100006]]]}},{"type":"Feature","properties":{"service_id":412,"population_total":9585.61,"thiessen_area_km2":2.3418,"population_share":0.012053805219609522,"area_share":0.01196174693238326,"population_covered":9349.15,"area_covered_km2":1.5354,"population_coverage_ratio":0.9753318420071044,"area_coverage_ratio":0.655653423505085},"geometry":{"type":"Polygon","coordinates":[[[4.981096143000059,52.29778046500007],[4.978297022000049,52.302708651000046],[4.964833589000023,52.294444086000055],[4.962676934000058,52.29253714300006],[4.961913217000074,52.28834093800003],[4.961511442000074,52.27830992000003],[4.964182854000057,52.27832031200006],[4.970620155000063,52.27913665700004],[4.971529007000072,52.27925109900008],[4.972988128000054,52.281959534000066],[4.97568607300002,52.28362655600006],[4.975893975000076,52.28375625600006],[4.977734420000047,52.28475133900008],[4.981449037000061,52.29633058700006],[4.981096143000059,52.29778046500007]]]}},{"type":"Feature","properties":{"service_id":380,"population_total":1153.54,"thiessen_area_km2":0.4078,"population_share":0.0014505620505803095,"area_share":0.002083081589119612,"population_covered":1153.54,"area_covered_km2":0.4078,"population_coverage_ratio":1.0,"area_coverage_ratio":1.0000000814021501},"geometry":{"type":"Polygon","coordinates":[[[4.967211316000032,52.31253492500008],[4.960936780000054,52.31336782300008],[4.958143706000044,52.31027326000003],[4.961883012000044,52.301751453000065],[4.967211316000032,52.31253492500008]]]}},{"type":"Feature","properties":{"service_id":414,"population_total":2372.99,"thiessen_area_km2":0.4597,"population_share":0.00298401336119378,"area_share":0.002347943075320676,"population_covered":2372.99,"area_covered_km2":0.4597,"population_coverage_ratio":1.0,"area_coverage_ratio":1.0000001214820942},"geometry":{"type":"Polygon","coordinates":[[[4.98731033100006,52.294200656000044],[4.981449037000061,52.29633058700006],[4.977734420000047,52.28475133900008],[4.985835075000068,52.28913116400008],[4.9875988960000655,52.29008483800004],[4.988372150000032,52.290035644000056],[4.98731033100006,52.294200656000044]]]}},{"type":"Feature","properties":{"service_id":415,"population_total":1922.56,"thiessen_area_km2":0.1714,"population_share":0.0024176034176338498,"area_share":0.0008753296838315277,"population_covered":1922.56,"area_covered_km2":0.1714,"population_coverage_ratio":1.0,"area_coverage_ratio":1.000000044656828},"geometry":{"type":"Polygon","coordinates":[[[4.992866810000066,52.28974969400008],[4.990931583000076,52.29611008300003],[4.98731033100006,52.294200656000044],[4.988372150000032,52.290035644000056],[4.992866810000066,52.28974969400008]]]}},{"type":"Feature","properties":{"service_id":410,"population_total":2186.23,"thiessen_area_km2":0.7678,"population_share":0.0027491604577664914,"area_share":0.003921991609229358,"population_covered":2164.26,"area_covered_km2":0.7655,"population_coverage_ratio":0.9899497487437188,"area_coverage_ratio":0.9970026275693078},"geometry":{"type":"Polygon","coordinates":[[[4.978459341000075,52.303768312000045],[4.9705350170000315,52.312245559000075],[4.964833589000023,52.294444086000055],[4.978297022000049,52.302708651000046],[4.978459341000075,52.303768312000045]]]}},{"type":"Feature","properties":{"service_id":417,"population_total":2152.61,"thiessen_area_km2":0.4023,"population_share":0.0027068815888039673,"area_share":0.0020550199879908805,"population_covered":2152.61,"area_covered_km2":0.4023,"population_coverage_ratio":1.0,"area_coverage_ratio":1.000000023745986},"geometry":{"type":"Polygon","coordinates":[[[5.005226090000065,52.29305469700006],[4.992203741000026,52.301048457000036],[4.99199242800006,52.300569765000034],[4.991791147000072,52.29730988600005],[5.001967377000028,52.290161718000036],[5.005228042000056,52.29284668000008],[5.005226090000065,52.29305469700006]]]}},{"type":"Feature","properties":{"service_id":406,"population_total":1340.3,"thiessen_area_km2":0.4894,"population_share":0.0016854149540075978,"area_share":0.0024999965760587905,"population_covered":1340.3,"area_covered_km2":0.4894,"population_coverage_ratio":1.0,"area_coverage_ratio":1.0000000243885394},"geometry":{"type":"Polygon","coordinates":[[[4.990321325000025,52.30660424800004],[4.985646187000043,52.319705972000065],[4.982984028000033,52.31491791900004],[4.982051277000039,52.30619931100006],[4.990321325000025,52.30660424800004]]]}},{"type":"Feature","properties":{"service_id":398,"population_total":1296.54,"thiessen_area_km2":0.3771,"population_share":0.00163038062850703,"area_share":0.0019262891201198497,"population_covered":1296.54,"area_covered_km2":0.3771,"population_coverage_ratio":1.0,"area_coverage_ratio":1.0000000071468023},"geometry":{"type":"Polygon","coordinates":[[[4.953339198000037,52.324972494000065],[4.950345039000069,52.32767105100004],[4.949150085000042,52.32724762000004],[4.947447777000036,52.32672119100005],[4.9427612960000715,52.32454898800006],[4.9478036290000205,52.31905569400004],[4.9515055520000715,52.321885853000026],[4.953136622000045,52.32388276700004],[4.953339198000037,52.324972494000065]]]}},{"type":"Feature","properties":{"service_id":409,"population_total":3372.72,"thiessen_area_km2":0.6264,"population_share":0.004241167138363382,"area_share":0.0031993815354950084,"population_covered":3372.72,"area_covered_km2":0.6264,"population_coverage_ratio":1.0,"area_coverage_ratio":1.00000002507874},"geometry":{"type":"Polygon","coordinates":[[[4.982051277000039,52.30619931100006],[4.982984028000033,52.31491791900004],[4.97013886700006,52.312908478000054],[4.9705350170000315,52.312245559000075],[4.978459341000075,52.303768312000045],[4.982051277000039,52.30619931100006]]]}},{"type":"Feature","properties":{"service_id":383,"population_total":1944.54,"thiessen_area_km2":0.3434,"population_share":0.0024452331709782366,"area_share":0.0017541044576618887,"population_covered":1944.54,"area_covered_km2":0.3434,"population_coverage_ratio":1.0,"area_coverage_ratio":0.9999999146306592},"geometry":{"type":"Polygon","coordinates":[[[4.959381370000074,52.31720172900003],[4.953136622000045,52.32388276700004],[4.9515055520000715,52.321885853000026],[4.953826721000041,52.314959515000055],[4.960812790000034,52.31355374700007],[4.959381370000074,52.31720172900003]]]}},{"type":"Feature","properties":{"service_id":379,"population_total":1757.77,"thiessen_area_km2":0.5237,"population_share":0.002210380267550948,"area_share":0.0026751416669418193,"population_covered":1757.77,"area_covered_km2":0.52,"population_coverage_ratio":1.0,"area_coverage_ratio":0.9929097530408858},"geometry":{"type":"Polygon","coordinates":[[[4.961883012000044,52.301751453000065],[4.958143706000044,52.31027326000003],[4.953392888000053,52.30819615200005],[4.953540331000056,52.30349125500004],[4.961372218000065,52.29577414200003],[4.961883012000044,52.301751453000065]]]}},{"type":"Feature","properties":{"service_id":389,"population_total":1505.09,"thiessen_area_km2":0.3109,"population_share":0.0018926381040904995,"area_share":0.001588238618788028,"population_covered":1505.09,"area_covered_km2":0.3109,"population_coverage_ratio":1.0,"area_coverage_ratio":1.000000090115575},"geometry":{"type":"Polygon","coordinates":[[[4.952277585000047,52.30897741300004],[4.95017309900004,52.30906806300004],[4.945094601000051,52.30404884700005],[4.948326689000055,52.301676556000075],[4.948857434000047,52.30149381100006],[4.953540331000056,52.30349125500004],[4.953392888000053,52.30819615200005],[4.952277585000047,52.30897741300004]]]}},{"type":"Feature","properties":{"service_id":407,"population_total":2263.13,"thiessen_area_km2":0.7639,"population_share":0.0028458645944718455,"area_share":0.0039019862230349157,"population_covered":2252.15,"area_covered_km2":0.6594,"population_coverage_ratio":0.9951456310679612,"area_coverage_ratio":0.8632183075602732},"geometry":{"type":"Polygon","coordinates":[[[4.995866166000042,52.30743319000004],[4.987874527000031,52.32862585700008],[4.987856321000038,52.328593727000055],[4.985646187000043,52.319705972000065],[4.990321325000025,52.30660424800004],[4.992912784000055,52.30586940500007],[4.995866166000042,52.30743319000004]]]}},{"type":"Feature","properties":{"service_id":381,"population_total":3493.57,"thiessen_area_km2":0.6491,"population_share":0.00439313078175751,"area_share":0.0033154281378163127,"population_covered":3493.57,"area_covered_km2":0.6491,"population_coverage_ratio":1.0,"area_coverage_ratio":0.9999999379730171},"geometry":{"type":"Polygon","coordinates":[[[4.970355921000021,52.31499198300003],[4.966722869000023,52.325679294000054],[4.959381370000074,52.31720172900003],[4.960812790000034,52.31355374700007],[4.960936780000054,52.31336782300008],[4.967211316000032,52.31253492500008],[4.9699605110000675,52.31310395100007],[4.970355921000021,52.31499198300003]]]}},{"type":"Feature","properties":{"service_id":399,"population_total":2205.1,"thiessen_area_km2":0.323,"population_share":0.002772891356602011,"area_share":0.0016499299322556525,"population_covered":2205.1,"area_covered_km2":0.323,"population_coverage_ratio":0.9999999999999998,"area_coverage_ratio":1.0000001004502133},"geometry":{"type":"Polygon","coordinates":[[[4.966722869000023,52.325679294000054],[4.966669955000043,52.32618522100006],[4.960732936000056,52.32408523500004],[4.960165023000059,52.32385253900003],[4.956334114000072,52.32227325400004],[4.953339198000037,52.324972494000065],[4.953136622000045,52.32388276700004],[4.959381370000074,52.31720172900003],[4.966722869000023,52.325679294000054]]]}},{"type":"Feature","properties":{"service_id":411,"population_total":1977.49,"thiessen_area_km2":0.6267,"population_share":0.0024866778009948166,"area_share":0.0032011453109628816,"population_covered":1911.58,"area_covered_km2":0.5629,"population_coverage_ratio":0.9666666666666667,"area_coverage_ratio":0.8982211474461625},"geometry":{"type":"Polygon","coordinates":[[[4.97013886700006,52.312908478000054],[4.9699605110000675,52.31310395100007],[4.967211316000032,52.31253492500008],[4.961883012000044,52.301751453000065],[4.961372218000065,52.29577414200003],[4.962676934000058,52.29253714300006],[4.964833589000023,52.294444086000055],[4.9705350170000315,52.312245559000075],[4.97013886700006,52.312908478000054]]]}},{"type":"Feature","properties":{"service_id":384,"population_total":1054.66,"thiessen_area_km2":0.2772,"population_share":0.001326228160530569,"area_share":0.0014158339513885025,"population_covered":1054.66,"area_covered_km2":0.2772,"population_coverage_ratio":1.0,"area_coverage_ratio":0.9999999728278486},"geometry":{"type":"Polygon","coordinates":[[[4.960812790000034,52.31355374700007],[4.953826721000041,52.314959515000055],[4.952013713000042,52.31206829200005],[4.952277585000047,52.30897741300004],[4.953392888000053,52.30819615200005],[4.958143706000044,52.31027326000003],[4.960936780000054,52.31336782300008],[4.960812790000034,52.31355374700007]]]}},{"type":"Feature","properties":{"service_id":408,"population_total":3724.28,"thiessen_area_km2":0.8076,"population_share":0.004683243191873572,"area_share":0.004125200979503793,"population_covered":3559.49,"area_covered_km2":0.7309,"population_coverage_ratio":0.9557522123893806,"area_coverage_ratio":0.905008621000832},"geometry":{"type":"Polygon","coordinates":[[[4.985646187000043,52.319705972000065],[4.987856321000038,52.328593727000055],[4.970355921000021,52.31499198300003],[4.9699605110000675,52.31310395100007],[4.97013886700006,52.312908478000054],[4.982984028000033,52.31491791900004],[4.985646187000043,52.319705972000065]]]}},{"type":"Feature","properties":{"service_id":189,"population_total":659.16,"thiessen_area_km2":0.509,"population_share":0.0008288926003316056,"area_share":0.0025997305990937522,"population_covered":659.16,"area_covered_km2":0.509,"population_coverage_ratio":1.0,"area_coverage_ratio":1.0000000431960119},"geometry":{"type":"Polygon","coordinates":[[[4.948045946000036,52.34998898300006],[4.946402959000068,52.352622318000044],[4.939575295000054,52.35064816300007],[4.935436546000062,52.34447076300006],[4.939291622000042,52.34156078900003],[4.948045946000036,52.34998898300006]]]}},{"type":"Feature","properties":{"service_id":197,"population_total":351.55,"thiessen_area_km2":0.1132,"population_share":0.0004420760535101896,"area_share":0.0005780468264642162,"population_covered":351.55,"area_covered_km2":0.1132,"population_coverage_ratio":1.0,"area_coverage_ratio":0.9999998552423263},"geometry":{"type":"Polygon","coordinates":[[[4.9411148630000525,52.35738080600004],[4.937653027000067,52.35777215600007],[4.935345391000055,52.356199728000036],[4.936865596000075,52.353738871000076],[4.938269154000068,52.35317336900005],[4.9411148630000525,52.35738080600004]]]}},{"type":"Feature","properties":{"service_id":375,"population_total":1428.19,"thiessen_area_km2":0.296,"population_share":0.0017959339673851453,"area_share":0.001512032311228298,"population_covered":1428.19,"area_covered_km2":0.296,"population_coverage_ratio":1.0,"area_coverage_ratio":1.0000000058029732},"geometry":{"type":"Polygon","coordinates":[[[4.945094601000051,52.30404884700005],[4.9428566030000525,52.30440831800007],[4.9392767280000385,52.299799576000055],[4.942409435000059,52.29627701800007],[4.942669903000024,52.29632878400008],[4.948326689000055,52.301676556000075],[4.945094601000051,52.30404884700005]]]}},{"type":"Feature","properties":{"service_id":405,"population_total":2471.87,"thiessen_area_km2":0.7075,"population_share":0.0031083472512435212,"area_share":0.0036138860857026314,"population_covered":2471.87,"area_covered_km2":0.7075,"population_coverage_ratio":1.0,"area_coverage_ratio":0.9999999859332535},"geometry":{"type":"Polygon","coordinates":[[[4.992912784000055,52.30586940500007],[4.990321325000025,52.30660424800004],[4.982051277000039,52.30619931100006],[4.978459341000075,52.303768312000045],[4.978297022000049,52.302708651000046],[4.981096143000059,52.29778046500007],[4.99199242800006,52.300569765000034],[4.992203741000026,52.301048457000036],[4.992912784000055,52.30586940500007]]]}},{"type":"Feature","properties":{"service_id":416,"population_total":1768.76,"thiessen_area_km2":0.3225,"population_share":0.0022241951442231417,"area_share":0.0016470675537081552,"population_covered":1768.76,"area_covered_km2":0.3225,"population_coverage_ratio":1.0,"area_coverage_ratio":0.9999999767918039},"geometry":{"type":"Polygon","coordinates":[[[5.001967377000028,52.290161718000036],[4.991791147000072,52.29730988600005],[4.990931583000076,52.29611008300003],[4.992866810000066,52.28974969400008],[5.000850201000048,52.28924179100005],[5.001967377000028,52.290161718000036]]]}},{"type":"Feature","properties":{"service_id":404,"population_total":2433.08,"thiessen_area_km2":0.6687,"population_share":0.003059578063417872,"area_share":0.0034154685218805705,"population_covered":2433.08,"area_covered_km2":0.6687,"population_coverage_ratio":1.0,"area_coverage_ratio":0.9999999998157726},"geometry":{"type":"Polygon","coordinates":[[[5.005204534000029,52.295351839000034],[4.99818547600006,52.30758548600005],[4.995866166000042,52.30743319000004],[4.992912784000055,52.30586940500007],[4.992203741000026,52.301048457000036],[5.005226090000065,52.29305469700006],[5.005204534000029,52.295351839000034]]]}},{"type":"Feature","properties":{"service_id":401,"population_total":1454.55,"thiessen_area_km2":1.2993,"population_share":0.001829084684781709,"area_share":0.0066364618419238715,"population_covered":1146.01,"area_covered_km2":1.0849,"population_coverage_ratio":0.7878784414869138,"area_coverage_ratio":0.8350042063350913},"geometry":{"type":"Polygon","coordinates":[[[5.008581561000028,52.318542861000026],[5.0007290840000564,52.31444168100006],[5.00049686400007,52.31804275500008],[4.99309396700005,52.32780838000008],[4.988647938000042,52.330482483000026],[4.98845736100003,52.33048165000008],[4.987874527000031,52.32862585700008],[4.995866166000042,52.30743319000004],[4.99818547600006,52.30758548600005],[5.008338055000024,52.31586545200008],[5.008653920000029,52.31639332900005],[5.008581561000028,52.318542861000026]]]}},{"type":"Feature","properties":{"service_id":413,"population_total":3460.61,"thiessen_area_km2":0.3066,"population_share":0.004351686151740929,"area_share":0.0015659449483074175,"population_covered":3460.61,"area_covered_km2":0.3066,"population_coverage_ratio":1.0,"area_coverage_ratio":0.9999999448091138},"geometry":{"type":"Polygon","coordinates":[[[4.991791147000072,52.29730988600005],[4.99199242800006,52.300569765000034],[4.981096143000059,52.29778046500007],[4.981449037000061,52.29633058700006],[4.98731033100006,52.294200656000044],[4.990931583000076,52.29611008300003],[4.991791147000072,52.29730988600005]]]}},{"type":"Feature","properties":{"service_id":431,"population_total":217.37,"thiessen_area_km2":0.243,"population_share":0.0002733452449136915,"area_share":0.0012409964692294707,"population_covered":208.74,"area_covered_km2":0.2234,"population_coverage_ratio":0.9602605556740293,"area_coverage_ratio":0.9194634186282566},"geometry":{"type":"MultiPolygon","coordinates":[[[[5.00023698800004,52.349376679000045],[4.999855850000074,52.34954857000008],[4.998574189000067,52.34296392300007],[5.001793861000067,52.34130477900004],[5.002024173000052,52.34130477900004],[5.002819144000057,52.34130778700006],[5.0035049070000355,52.345098808000046],[5.001739025000063,52.34669113100006],[5.00023698800004,52.349376679000045]]],[[[5.00023698800004,52.349376679000045],[5.004232615000035,52.34987998300005],[5.004192801000045,52.35002695800006],[5.0018405640000765,52.35242959300007],[5.000353967000024,52.352107688000046],[4.999871321000057,52.34962805500004],[5.00023698800004,52.349376679000045]]]]}},{"type":"Feature","properties":{"service_id":400,"population_total":4567.11,"thiessen_area_km2":1.2537,"population_share":0.005743089841123597,"area_share":0.006403782178237327,"population_covered":4512.93,"area_covered_km2":1.1478,"population_coverage_ratio":0.9881374278886524,"area_coverage_ratio":0.9155544347727114},"geometry":{"type":"Polygon","coordinates":[[[4.98845736100003,52.33048165000008],[4.983413220000045,52.330459595000036],[4.98275613800007,52.330459595000036],[4.981275081000035,52.331352234000065],[4.980775833000052,52.33117294300007],[4.971003056000029,52.327716827000074],[4.9707951540000295,52.327644348000035],[4.966669955000043,52.32618522100006],[4.966722869000023,52.325679294000054],[4.970355921000021,52.31499198300003],[4.987856321000038,52.328593727000055],[4.987874527000031,52.32862585700008],[4.98845736100003,52.33048165000008]]]}},{"type":"Feature","properties":{"service_id":402,"population_total":1351.29,"thiessen_area_km2":0.9832,"population_share":0.0016992298306797915,"area_share":0.005022230015153823,"population_covered":1351.29,"area_covered_km2":0.9455,"population_coverage_ratio":1.0,"area_coverage_ratio":0.9615907221952863},"geometry":{"type":"Polygon","coordinates":[[[5.010055421000061,52.30034414000005],[5.008338055000024,52.31586545200008],[4.99818547600006,52.30758548600005],[5.005204534000029,52.295351839000034],[5.005202770000039,52.29553985600006],[5.006646156000045,52.29824066100008],[5.010055421000061,52.30034414000005]]]}},{"type":"Feature","properties":{"service_id":425,"population_total":98.87,"thiessen_area_km2":0.0498,"population_share":0.00012433389004974082,"area_share":0.0002541880861611131,"population_covered":98.87,"area_covered_km2":0.0498,"population_coverage_ratio":1.0,"area_coverage_ratio":1.0000001362020081},"geometry":{"type":"Polygon","coordinates":[[[5.007377056000053,52.35222315100003],[5.004228928000032,52.353689598000074],[5.004192801000045,52.35002695800006],[5.004232615000035,52.34987998300005],[5.004740077000065,52.34994390500003],[5.007377056000053,52.35222315100003]]]}},{"type":"Feature","properties":{"service_id":435,"population_total":87.89,"thiessen_area_km2":0.0545,"population_share":0.0001105190133775474,"area_share":0.0002783424112983087,"population_covered":87.89,"area_covered_km2":0.0545,"population_coverage_ratio":1.0,"area_coverage_ratio":1.0000002575619817},"geometry":{"type":"Polygon","coordinates":[[[4.996697884000071,52.35180961900005],[4.998246337000069,52.354866696000045],[4.99326441900007,52.35421676200008],[4.993468467000071,52.35402966700008],[4.996697884000071,52.35180961900005]]]}},{"type":"Feature","properties":{"service_id":430,"population_total":197.75,"thiessen_area_km2":0.229,"population_share":0.00024866778009948164,"area_share":0.0011697871262484872,"population_covered":197.75,"area_covered_km2":0.229,"population_coverage_ratio":1.0,"area_coverage_ratio":0.9999124457490655},"geometry":{"type":"MultiPolygon","coordinates":[[[[4.999855850000074,52.34954857000008],[4.996445230000063,52.351086741000074],[4.996564841000065,52.34399936900007],[4.998574189000067,52.34296392300007],[4.999855850000074,52.34954857000008]]],[[[5.000353967000024,52.352107688000046],[4.998705571000073,52.35532056900007],[4.998246337000069,52.354866696000045],[4.996697884000071,52.35180961900005],[4.999871321000057,52.34962805500004],[5.000353967000024,52.352107688000046]]]]}},{"type":"Feature","properties":{"service_id":434,"population_total":54.93,"thiessen_area_km2":0.6414,"population_share":6.907438336096713e-05,"area_share":0.003276386847095776,"population_covered":54.93,"area_covered_km2":0.6414,"population_coverage_ratio":1.0,"area_coverage_ratio":0.9998856097339855},"geometry":{"type":"MultiPolygon","coordinates":[[[[4.99326441900007,52.35421676200008],[4.993117164000068,52.35427116900007],[4.993468467000071,52.35402966700008],[4.99326441900007,52.35421676200008]]],[[[4.996445230000063,52.351086741000074],[4.994316101000038,52.352046966000046],[4.989524445000029,52.35492742800005],[4.979553483000075,52.353784415000064],[4.97956085200002,52.35378265300005],[4.980078221000042,52.353473663000045],[4.986430168000027,52.349655151000036],[4.99151897400003,52.34659957800005],[4.996564841000065,52.34399936900007],[4.996445230000063,52.351086741000074]]]]}},{"type":"Feature","properties":{"service_id":429,"population_total":21.97,"thiessen_area_km2":0.0505,"population_share":2.762975334438685e-05,"area_share":0.00025806404987569175,"population_covered":21.97,"area_covered_km2":0.0505,"population_coverage_ratio":1.0,"area_coverage_ratio":1.0},"geometry":{"type":"Polygon","coordinates":[[[5.002537676000031,52.35363640400004],[4.998881593000021,52.355823083000075],[4.998705571000073,52.35532056900007],[5.000353967000024,52.352107688000046],[5.0018405640000765,52.35242959300007],[5.002537676000031,52.35363640400004]]]}},{"type":"Feature","properties":{"service_id":418,"population_total":1501.9,"thiessen_area_km2":0.3872,"population_share":0.0018886300346769337,"area_share":0.0019775288494234392,"population_covered":1501.9,"area_covered_km2":0.3872,"population_coverage_ratio":1.0,"area_coverage_ratio":0.999999954581137},"geometry":{"type":"Polygon","coordinates":[[[5.024204227000041,52.30965034700006],[5.019095779000054,52.31037472200006],[5.01701993100005,52.310330675000046],[5.017739037000069,52.30366570700005],[5.018367767000029,52.30366897600004],[5.02573585500005,52.30279922500006],[5.025414943000044,52.304241180000076],[5.024204227000041,52.30965034700006]]]}},{"type":"Feature","properties":{"service_id":423,"population_total":431.41,"thiessen_area_km2":0.4039,"population_share":0.0005424944670143711,"area_share":0.0020630959461492644,"population_covered":431.41,"area_covered_km2":0.4039,"population_coverage_ratio":1.0,"area_coverage_ratio":1.0000000499472177},"geometry":{"type":"Polygon","coordinates":[[[5.022121215000027,52.31610253000008],[5.013907199000073,52.32132432800006],[5.008581561000028,52.318542861000026],[5.008653920000029,52.31639332900005],[5.011788448000061,52.31432984300005],[5.022121215000027,52.31610253000008]]]}},{"type":"Feature","properties":{"service_id":420,"population_total":1071.23,"thiessen_area_km2":0.1856,"population_share":0.0013470588933783255,"area_share":0.0009481585332027536,"population_covered":1071.23,"area_covered_km2":0.1856,"population_coverage_ratio":1.0,"area_coverage_ratio":1.000000099228166},"geometry":{"type":"Polygon","coordinates":[[[5.022306855000068,52.31500005200007],[5.0204514620000396,52.31507634400003],[5.012920915000052,52.31351970600008],[5.01701993100005,52.310330675000046],[5.019095779000054,52.31037472200006],[5.022306855000068,52.31500005200007]]]}},{"type":"Feature","properties":{"service_id":432,"population_total":341.5,"thiessen_area_km2":0.265,"population_share":0.00042943292400489304,"area_share":0.001353321377711993,"population_covered":281.03,"area_covered_km2":0.2443,"population_coverage_ratio":0.8229336579855512,"area_coverage_ratio":0.9220687315586141},"geometry":{"type":"MultiPolygon","coordinates":[[[[5.00471305800005,52.34400940000006],[5.0035049070000355,52.345098808000046],[5.002819144000057,52.34130778700006],[5.012106895000045,52.34134292600004],[5.016499042000021,52.34405136100003],[5.009141921000037,52.34312820400004],[5.00471305800005,52.34400940000006]]],[[[5.007596016000036,52.35030364900007],[5.010542869000062,52.35031509400005],[5.0095833060000245,52.35314886500004],[5.007377056000053,52.35222315100003],[5.004740077000065,52.34994390500003],[5.007596016000036,52.35030364900007]]]]}},{"type":"Feature","properties":{"service_id":433,"population_total":142.82,"thiessen_area_km2":0.1747,"population_share":0.00017959339673851455,"area_share":0.0008922370327258657,"population_covered":142.82,"area_covered_km2":0.1747,"population_coverage_ratio":1.0,"area_coverage_ratio":0.9999999702907877},"geometry":{"type":"Polygon","coordinates":[[[4.9992574390000755,52.360047817000066],[4.999184355000068,52.36008629300005],[4.991453914000033,52.35541456300007],[4.993117164000068,52.35427116900007],[4.99326441900007,52.35421676200008],[4.998246337000069,52.354866696000045],[4.998705571000073,52.35532056900007],[4.998881593000021,52.355823083000075],[4.9992574390000755,52.360047817000066]]]}},{"type":"Feature","properties":{"service_id":422,"population_total":326.55,"thiessen_area_km2":0.0617,"population_share":0.0004106340924953956,"area_share":0.00031534381126650145,"population_covered":326.55,"area_covered_km2":0.0617,"population_coverage_ratio":1.0,"area_coverage_ratio":0.9999998557088571},"geometry":{"type":"Polygon","coordinates":[[[5.022652678000043,52.31597118600007],[5.022121215000027,52.31610253000008],[5.011788448000061,52.31432984300005],[5.012920915000052,52.31351970600008],[5.0204514620000396,52.31507634400003],[5.022652678000043,52.31597118600007]]]}},{"type":"Feature","properties":{"service_id":421,"population_total":62.23,"thiessen_area_km2":0.0084,"population_share":7.825165751856952e-05,"area_share":4.2877951944507206e-05,"population_covered":62.23,"area_covered_km2":0.0084,"population_coverage_ratio":1.0,"area_coverage_ratio":1.0},"geometry":{"type":"Polygon","coordinates":[[[5.022793161000038,52.315954625000074],[5.022652678000043,52.31597118600007],[5.0204514620000396,52.31507634400003],[5.022306855000068,52.31500005200007],[5.0228705940000395,52.31560867500008],[5.022793161000038,52.315954625000074]]]}},{"type":"Feature","properties":{"service_id":403,"population_total":3111.57,"thiessen_area_km2":0.6815,"population_share":0.003912763461310086,"area_share":0.003480871216496216,"population_covered":2924.8,"area_covered_km2":0.6406,"population_coverage_ratio":0.9399777406046788,"area_coverage_ratio":0.9400553268462577},"geometry":{"type":"Polygon","coordinates":[[[5.011788448000061,52.31432984300005],[5.008653920000029,52.31639332900005],[5.008338055000024,52.31586545200008],[5.010055421000061,52.30034414000005],[5.011035919000051,52.30094909700006],[5.0116901400000415,52.301353454000036],[5.015425205000042,52.303657532000045],[5.017633915000033,52.303665161000026],[5.017739037000069,52.30366570700005],[5.01701993100005,52.310330675000046],[5.012920915000052,52.31351970600008],[5.011788448000061,52.31432984300005]]]}},{"type":"Feature","properties":{"service_id":424,"population_total":418.3,"thiessen_area_km2":0.2628,"population_share":0.0005260075440664669,"area_share":0.0013421118004378894,"population_covered":418.3,"area_covered_km2":0.2628,"population_coverage_ratio":0.9999999999999994,"area_coverage_ratio":1.0000000164333214},"geometry":{"type":"Polygon","coordinates":[[[5.022793161000038,52.315954625000074],[5.02112102500007,52.32342529300007],[5.0196390150000525,52.32431793200004],[5.013907199000073,52.32132432800006],[5.022121215000027,52.31610253000008],[5.022652678000043,52.31597118600007],[5.022793161000038,52.315954625000074]]]}},{"type":"Feature","properties":{"service_id":419,"population_total":610.64,"thiessen_area_km2":0.1143,"population_share":0.0007678763036693182,"area_share":0.0005838548067419823,"population_covered":610.64,"area_covered_km2":0.1143,"population_coverage_ratio":1.0,"area_coverage_ratio":0.9999998654675496},"geometry":{"type":"Polygon","coordinates":[[[5.024204227000041,52.30965034700006],[5.0228705940000395,52.31560867500008],[5.022306855000068,52.31500005200007],[5.019095779000054,52.31037472200006],[5.024204227000041,52.30965034700006]]]}},{"type":"Feature","properties":{"service_id":428,"population_total":54.93,"thiessen_area_km2":0.0429,"population_share":6.907438336096713e-05,"area_share":0.00021903233307918465,"population_covered":54.93,"area_covered_km2":0.0429,"population_coverage_ratio":1.0,"area_coverage_ratio":0.9999998409543965},"geometry":{"type":"Polygon","coordinates":[[[5.004228928000032,52.353689598000074],[5.0041185720000385,52.35404409400007],[5.002537676000031,52.35363640400004],[5.0018405640000765,52.35242959300007],[5.004192801000045,52.35002695800006],[5.004228928000032,52.353689598000074]]]}},{"type":"Feature","properties":{"service_id":313,"population_total":1746.79,"thiessen_area_km2":0.1741,"population_share":0.002196565390878755,"area_share":0.0008890983404979135,"population_covered":1746.79,"area_covered_km2":0.1741,"population_coverage_ratio":1.0,"area_coverage_ratio":0.9999999168614765},"geometry":{"type":"Polygon","coordinates":[[[4.89631259600003,52.36560538800006],[4.895908741000028,52.36575951400005],[4.888503038000067,52.363007854000045],[4.888317406000056,52.362710510000056],[4.88863423600003,52.36159606000007],[4.894860177000055,52.361636118000035],[4.897125836000043,52.362765403000026],[4.89631259600003,52.36560538800006]]]}},{"type":"Feature","properties":{"service_id":324,"population_total":878.89,"thiessen_area_km2":0.1383,"population_share":0.001105190133775474,"area_share":0.000706445128142917,"population_covered":878.89,"area_covered_km2":0.1383,"population_coverage_ratio":1.0,"area_coverage_ratio":0.9999999579465989},"geometry":{"type":"Polygon","coordinates":[[[4.888430139000036,52.34896986900003],[4.88767058600007,52.35274738600003],[4.886921942000072,52.352723121000054],[4.88603142300002,52.352469746000054],[4.882609073000026,52.349716654000076],[4.882270574000074,52.34875958400005],[4.885018387000059,52.347989562000066],[4.888399575000051,52.34890718200006],[4.888430139000036,52.34896986900003]]]}},{"type":"Feature","properties":{"service_id":314,"population_total":2021.44,"thiessen_area_km2":0.2148,"population_share":0.00254193730768359,"area_share":0.0010969868394849294,"population_covered":2021.44,"area_covered_km2":0.2148,"population_coverage_ratio":1.0,"area_coverage_ratio":0.9999999178775079},"geometry":{"type":"Polygon","coordinates":[[[4.8927066680000735,52.354869174000044],[4.894860177000055,52.361636118000035],[4.88863423600003,52.36159606000007],[4.888600478000058,52.361393891000034],[4.889922562000038,52.35644789500003],[4.890454973000033,52.355469811000034],[4.8927066680000735,52.354869174000044]]]}},{"type":"Feature","properties":{"service_id":228,"population_total":1538.05,"thiessen_area_km2":0.1706,"population_share":0.0019340827341070798,"area_share":0.0008712864707976581,"population_covered":1538.05,"area_covered_km2":0.1706,"population_coverage_ratio":1.0,"area_coverage_ratio":1.0000000153272142},"geometry":{"type":"Polygon","coordinates":[[[4.900718320000067,52.36666628200004],[4.89760760300004,52.367475874000036],[4.89631259600003,52.36560538800006],[4.897125836000043,52.362765403000026],[4.898536911000065,52.36174695100004],[4.89875835600003,52.36177598300003],[4.902292503000069,52.36315650900008],[4.900718320000067,52.36666628200004]]]}},{"type":"Feature","properties":{"service_id":255,"population_total":340.57,"thiessen_area_km2":0.0588,"population_share":0.00042826117683799616,"area_share":0.000300426580546969,"population_covered":340.57,"area_covered_km2":0.0588,"population_coverage_ratio":1.0,"area_coverage_ratio":0.9999999058999941},"geometry":{"type":"Polygon","coordinates":[[[4.901907779000055,52.36754222500008],[4.900226495000027,52.36960138300003],[4.898026869000034,52.36891065800006],[4.89760760300004,52.367475874000036],[4.900718320000067,52.36666628200004],[4.901907779000055,52.36754222500008]]]}},{"type":"Feature","properties":{"service_id":264,"population_total":1120.58,"thiessen_area_km2":0.1251,"population_share":0.0014091174205637296,"area_share":0.0006389248073800789,"population_covered":1120.58,"area_covered_km2":0.1251,"population_coverage_ratio":1.0,"area_coverage_ratio":0.9999999429208898},"geometry":{"type":"Polygon","coordinates":[[[4.88505562000006,52.377876753000066],[4.883966613000041,52.37848429400003],[4.8811013910000725,52.37826468600008],[4.882466416000057,52.37452911200006],[4.883475487000055,52.37441086200005],[4.886083561000021,52.37422601500003],[4.886711261000073,52.375670746000026],[4.88505562000006,52.377876753000066]]]}},{"type":"Feature","properties":{"service_id":270,"population_total":1285.37,"thiessen_area_km2":0.1326,"population_share":0.0016163405706466308,"area_share":0.0006771794777003918,"population_covered":1285.37,"area_covered_km2":0.1326,"population_coverage_ratio":1.0,"area_coverage_ratio":0.9999999102186345},"geometry":{"type":"Polygon","coordinates":[[[4.8896592100000476,52.37449474700003],[4.889506551000068,52.37457714700008],[4.886907440000073,52.37098668200008],[4.890817904000073,52.36887057000007],[4.891270314000053,52.369067158000064],[4.892599609000058,52.37170536100007],[4.89254260000007,52.37191106000006],[4.8896592100000476,52.37449474700003]]]}},{"type":"Feature","properties":{"service_id":312,"population_total":1175.51,"thiessen_area_km2":0.1532,"population_share":0.0014781918039246966,"area_share":0.000782644554337822,"population_covered":1175.51,"area_covered_km2":0.1532,"population_coverage_ratio":1.0,"area_coverage_ratio":1.0000003485797353},"geometry":{"type":"Polygon","coordinates":[[[4.895908741000028,52.36575951400005],[4.891270314000053,52.369067158000064],[4.890817904000073,52.36887057000007],[4.890278824000063,52.36792630600007],[4.888503038000067,52.363007854000045],[4.895908741000028,52.36575951400005]]]}},{"type":"Feature","properties":{"service_id":246,"population_total":516.35,"thiessen_area_km2":0.0742,"population_share":0.0006492992035930909,"area_share":0.0003792066927361077,"population_covered":516.35,"area_covered_km2":0.0742,"population_coverage_ratio":1.0,"area_coverage_ratio":0.9999997124688482},"geometry":{"type":"Polygon","coordinates":[[[4.897450109000033,52.370132512000055],[4.898105805000057,52.37348218100004],[4.8961393830000475,52.37331068100008],[4.892674808000038,52.37170344500004],[4.897450109000033,52.370132512000055]]]}},{"type":"Feature","properties":{"service_id":269,"population_total":516.35,"thiessen_area_km2":0.0648,"population_share":0.0006492992035930909,"area_share":0.00033116677854602564,"population_covered":516.35,"area_covered_km2":0.0648,"population_coverage_ratio":1.0,"area_coverage_ratio":0.9999997312245889},"geometry":{"type":"Polygon","coordinates":[[[4.893537138000056,52.37465697600004],[4.892781180000043,52.37633343200008],[4.8896592100000476,52.37449474700003],[4.89254260000007,52.37191106000006],[4.893537138000056,52.37465697600004]]]}},{"type":"Feature","properties":{"service_id":257,"population_total":1724.81,"thiessen_area_km2":0.1798,"population_share":0.0021689356375343676,"area_share":0.0009185962362161662,"population_covered":1724.81,"area_covered_km2":0.1798,"population_coverage_ratio":1.0,"area_coverage_ratio":1.0000000110225071},"geometry":{"type":"Polygon","coordinates":[[[4.892674808000038,52.37170344500004],[4.892599609000058,52.37170536100007],[4.891270314000053,52.369067158000064],[4.895908741000028,52.36575951400005],[4.89631259600003,52.36560538800006],[4.89760760300004,52.367475874000036],[4.898026869000034,52.36891065800006],[4.897450109000033,52.370132512000055],[4.892674808000038,52.37170344500004]]]}},{"type":"Feature","properties":{"service_id":247,"population_total":1175.51,"thiessen_area_km2":0.1855,"population_share":0.0014781918039246966,"area_share":0.0009473121277113497,"population_covered":1175.51,"area_covered_km2":0.1855,"population_coverage_ratio":1.0,"area_coverage_ratio":1.000000126357451},"geometry":{"type":"Polygon","coordinates":[[[4.903184669000041,52.37597993600008],[4.902064214000063,52.37799238000008],[4.898804877000032,52.375823497000056],[4.8982035510000514,52.373608243000035],[4.901604517000067,52.37125160100004],[4.90446206200005,52.37312947700008],[4.903184669000041,52.37597993600008]]]}},{"type":"Feature","properties":{"service_id":224,"population_total":758.04,"thiessen_area_km2":0.08,"population_share":0.0009532264903813464,"area_share":0.0004083918087319509,"population_covered":758.04,"area_covered_km2":0.08,"population_coverage_ratio":1.0,"area_coverage_ratio":0.9999996164409638},"geometry":{"type":"Polygon","coordinates":[[[4.899361210000052,52.35919716500007],[4.89841515300003,52.36038590700008],[4.897397003000037,52.35763704800007],[4.900833363000061,52.354705815000045],[4.9019775880000225,52.35540163300004],[4.899361210000052,52.35919716500007]]]}},{"type":"Feature","properties":{"service_id":218,"population_total":1263.4,"thiessen_area_km2":0.1822,"population_share":0.001588710817302244,"area_share":0.0009306978869239998,"population_covered":1263.4,"area_covered_km2":0.1822,"population_coverage_ratio":1.0,"area_coverage_ratio":0.9999999147185625},"geometry":{"type":"Polygon","coordinates":[[[4.900833363000061,52.354705815000045],[4.897397003000037,52.35763704800007],[4.893536723000068,52.354387906000056],[4.895228107000037,52.351601843000026],[4.90003334000005,52.35342083900008],[4.900833363000061,52.354705815000045]]]}},{"type":"Feature","properties":{"service_id":227,"population_total":1977.49,"thiessen_area_km2":0.1905,"population_share":0.0024866778009948166,"area_share":0.0009732681761530446,"population_covered":1977.49,"area_covered_km2":0.1905,"population_coverage_ratio":1.0,"area_coverage_ratio":1.0000003612619675},"geometry":{"type":"Polygon","coordinates":[[[4.898536911000065,52.36174695100004],[4.897125836000043,52.362765403000026],[4.894860177000055,52.361636118000035],[4.8927066680000735,52.354869174000044],[4.893536723000068,52.354387906000056],[4.897397003000037,52.35763704800007],[4.89841515300003,52.36038590700008],[4.898536911000065,52.36174695100004]]]}},{"type":"Feature","properties":{"service_id":226,"population_total":362.54,"thiessen_area_km2":0.0542,"population_share":0.0004558909301823831,"area_share":0.00027676321169076,"population_covered":362.54,"area_covered_km2":0.0542,"population_coverage_ratio":1.0,"area_coverage_ratio":1.0000004180962159},"geometry":{"type":"Polygon","coordinates":[[[4.903132228000061,52.358034615000065],[4.89875835600003,52.36177598300003],[4.898536911000065,52.36174695100004],[4.89841515300003,52.36038590700008],[4.899361210000052,52.35919716500007],[4.90283443800007,52.35726448200006],[4.903132228000061,52.358034615000065]]]}},{"type":"Feature","properties":{"service_id":231,"population_total":791.0,"thiessen_area_km2":0.1216,"population_share":0.0009946711203979266,"area_share":0.000620899829102029,"population_covered":791.0,"area_covered_km2":0.1216,"population_coverage_ratio":1.0,"area_coverage_ratio":1.0000000437163756},"geometry":{"type":"Polygon","coordinates":[[[4.914405845000033,52.36289748100006],[4.9144012040000575,52.36290017400006],[4.9114483300000416,52.35828934800003],[4.914833229000067,52.35619562000005],[4.916320119000034,52.35686360400007],[4.914405845000033,52.36289748100006]]]}},{"type":"Feature","properties":{"service_id":254,"population_total":186.76,"thiessen_area_km2":0.0512,"population_share":0.00023485290342728824,"area_share":0.00026165424514436943,"population_covered":186.76,"area_covered_km2":0.0512,"population_coverage_ratio":1.0,"area_coverage_ratio":1.0000002301853346},"geometry":{"type":"Polygon","coordinates":[[[4.902911733000053,52.367414704000055],[4.901907779000055,52.36754222500008],[4.900718320000067,52.36666628200004],[4.902292503000069,52.36315650900008],[4.903156453000065,52.36326924400004],[4.902911733000053,52.367414704000055]]]}},{"type":"Feature","properties":{"service_id":223,"population_total":1351.29,"thiessen_area_km2":0.1811,"population_share":0.0016992298306797915,"area_share":0.0009250584657238703,"population_covered":1351.29,"area_covered_km2":0.1811,"population_coverage_ratio":1.0,"area_coverage_ratio":0.9999999620110391},"geometry":{"type":"Polygon","coordinates":[[[4.9063195900000665,52.36247869600004],[4.903156453000065,52.36326924400004],[4.902292503000069,52.36315650900008],[4.89875835600003,52.36177598300003],[4.903132228000061,52.358034615000065],[4.9067376160000435,52.36073208000005],[4.9063195900000665,52.36247869600004]]]}},{"type":"Feature","properties":{"service_id":252,"population_total":977.76,"thiessen_area_km2":0.141,"population_share":0.0012295240238252149,"area_share":0.0007201353492589343,"population_covered":977.76,"area_covered_km2":0.141,"population_coverage_ratio":1.0,"area_coverage_ratio":0.9999997530775318},"geometry":{"type":"Polygon","coordinates":[[[4.907925282000065,52.364742722000074],[4.90421942100005,52.368388320000065],[4.903592037000067,52.368123910000065],[4.902911733000053,52.367414704000055],[4.903156453000065,52.36326924400004],[4.9063195900000665,52.36247869600004],[4.907925282000065,52.364742722000074]]]}},{"type":"Feature","properties":{"service_id":236,"population_total":637.19,"thiessen_area_km2":0.1283,"population_share":0.0008012628469872187,"area_share":0.0006551752181760977,"population_covered":637.19,"area_covered_km2":0.1283,"population_coverage_ratio":1.0,"area_coverage_ratio":1.0000000947942114},"geometry":{"type":"Polygon","coordinates":[[[4.913218183000026,52.37496977700005],[4.912356041000066,52.37553451200006],[4.910161071000061,52.37337155100005],[4.910536429000047,52.37066093000004],[4.913701773000071,52.36954341900008],[4.914302516000021,52.37033166300006],[4.91440241600003,52.37136396900007],[4.913218183000026,52.37496977700005]]]}},{"type":"Feature","properties":{"service_id":256,"population_total":681.14,"thiessen_area_km2":0.0858,"population_share":0.0008565223536759923,"area_share":0.0004384907467100538,"population_covered":681.14,"area_covered_km2":0.0858,"population_coverage_ratio":1.0,"area_coverage_ratio":0.9999999452468245},"geometry":{"type":"Polygon","coordinates":[[[4.901604517000067,52.37125160100004],[4.8982035510000514,52.373608243000035],[4.898105805000057,52.37348218100004],[4.897450109000033,52.370132512000055],[4.898026869000034,52.36891065800006],[4.900226495000027,52.36960138300003],[4.901148257000045,52.370404903000065],[4.901604517000067,52.37125160100004]]]}},{"type":"Feature","properties":{"service_id":253,"population_total":98.87,"thiessen_area_km2":0.0353,"population_share":0.00012433389004974082,"area_share":0.0001802292039298427,"population_covered":98.87,"area_covered_km2":0.0353,"population_coverage_ratio":1.0,"area_coverage_ratio":1.000000131087186},"geometry":{"type":"Polygon","coordinates":[[[4.903592037000067,52.368123910000065],[4.901148257000045,52.370404903000065],[4.900226495000027,52.36960138300003],[4.901907779000055,52.36754222500008],[4.902911733000053,52.367414704000055],[4.903592037000067,52.368123910000065]]]}},{"type":"Feature","properties":{"service_id":272,"population_total":505.36,"thiessen_area_km2":0.065,"population_share":0.0006354843269208975,"area_share":0.00033212625408331046,"population_covered":505.36,"area_covered_km2":0.065,"population_coverage_ratio":1.0,"area_coverage_ratio":0.9999996503849861},"geometry":{"type":"Polygon","coordinates":[[[4.898804877000032,52.375823497000056],[4.896491059000027,52.37647997700003],[4.894770805000064,52.37511467500008],[4.8961393830000475,52.37331068100008],[4.898105805000057,52.37348218100004],[4.8982035510000514,52.373608243000035],[4.898804877000032,52.375823497000056]]]}},{"type":"Feature","properties":{"service_id":251,"population_total":505.36,"thiessen_area_km2":0.1133,"population_share":0.0006354843269208975,"area_share":0.000578478216788703,"population_covered":505.36,"area_covered_km2":0.1133,"population_coverage_ratio":1.0,"area_coverage_ratio":1.0000001526311786},"geometry":{"type":"Polygon","coordinates":[[[4.905789481000056,52.37225992800006],[4.905782176000059,52.37226086600003],[4.90421942100005,52.368388320000065],[4.907925282000065,52.364742722000074],[4.909002634000046,52.36553175200004],[4.905789481000056,52.37225992800006]]]}},{"type":"Feature","properties":{"service_id":250,"population_total":285.64,"thiessen_area_km2":0.0953,"population_share":0.0003591867934770291,"area_share":0.0004869820028534898,"population_covered":285.64,"area_covered_km2":0.0953,"population_coverage_ratio":1.0,"area_coverage_ratio":0.9999997877513509},"geometry":{"type":"Polygon","coordinates":[[[4.905782176000059,52.37226086600003],[4.90446206200005,52.37312947700008],[4.901604517000067,52.37125160100004],[4.901148257000045,52.370404903000065],[4.903592037000067,52.368123910000065],[4.90421942100005,52.368388320000065],[4.905782176000059,52.37226086600003]]]}},{"type":"Feature","properties":{"service_id":242,"population_total":1307.34,"thiessen_area_km2":0.2373,"population_share":0.0016439703239910176,"area_share":0.001212319717368297,"population_covered":1307.34,"area_covered_km2":0.2373,"population_coverage_ratio":1.0,"area_coverage_ratio":1.000000062305437},"geometry":{"type":"Polygon","coordinates":[[[4.918244089000041,52.38027614900005],[4.913811189000057,52.38031747800005],[4.912094864000039,52.37800306100007],[4.9122021200000745,52.376619471000026],[4.912356041000066,52.37553451200006],[4.913218183000026,52.37496977700005],[4.91801739400006,52.37426078300007],[4.918244089000041,52.38027614900005]]]}},{"type":"Feature","properties":{"service_id":266,"population_total":472.4,"thiessen_area_km2":0.0652,"population_share":0.0005940396969043173,"area_share":0.0003328136049833586,"population_covered":472.4,"area_covered_km2":0.0652,"population_coverage_ratio":1.0,"area_coverage_ratio":1.000000032293986},"geometry":{"type":"Polygon","coordinates":[[[4.8890269090000515,52.37810402000008],[4.8883764800000336,52.378692450000074],[4.88505562000006,52.377876753000066],[4.886711261000073,52.375670746000026],[4.888648986000021,52.37529914900006],[4.8890269090000515,52.37810402000008]]]}},{"type":"Feature","properties":{"service_id":276,"population_total":340.57,"thiessen_area_km2":0.0659,"population_share":0.00042826117683799616,"area_share":0.00033652256229831464,"population_covered":340.57,"area_covered_km2":0.0659,"population_coverage_ratio":1.0,"area_coverage_ratio":1.0000003510312965},"geometry":{"type":"Polygon","coordinates":[[[4.892961263000075,52.382118379000076],[4.892293418000065,52.38244199900004],[4.890520231000039,52.38081114700003],[4.8909294230000455,52.37878428300007],[4.8927435460000765,52.377626332000034],[4.893168895000031,52.377936599000066],[4.892961263000075,52.382118379000076]]]}},{"type":"Feature","properties":{"service_id":259,"population_total":988.75,"thiessen_area_km2":0.1087,"population_share":0.0012433389004974083,"area_share":0.0005549687755432162,"population_covered":988.75,"area_covered_km2":0.1087,"population_coverage_ratio":1.0,"area_coverage_ratio":0.9999999634121033},"geometry":{"type":"Polygon","coordinates":[[[4.886907440000073,52.37098668200008],[4.885968579000064,52.371042630000034],[4.884351042000048,52.36852446800003],[4.884332205000021,52.36763926500004],[4.890278824000063,52.36792630600007],[4.890817904000073,52.36887057000007],[4.886907440000073,52.37098668200008]]]}},{"type":"Feature","properties":{"service_id":286,"population_total":241.69,"thiessen_area_km2":0.0387,"population_share":0.00030392728678825537,"area_share":0.0001974363367714853,"population_covered":241.69,"area_covered_km2":0.0387,"population_coverage_ratio":1.0,"area_coverage_ratio":0.9999998480963828},"geometry":{"type":"Polygon","coordinates":[[[4.8909294230000455,52.37878428300007],[4.890520231000039,52.38081114700003],[4.889008387000047,52.380648948000044],[4.8883764800000336,52.378692450000074],[4.8890269090000515,52.37810402000008],[4.889847049000025,52.37809608200007],[4.8909294230000455,52.37878428300007]]]}},{"type":"Feature","properties":{"service_id":267,"population_total":230.71,"thiessen_area_km2":0.0289,"population_share":0.00029011241011606196,"area_share":0.00014767164808804923,"population_covered":230.71,"area_covered_km2":0.0289,"population_coverage_ratio":1.0,"area_coverage_ratio":0.999999741480955},"geometry":{"type":"Polygon","coordinates":[[[4.889847049000025,52.37809608200007],[4.8890269090000515,52.37810402000008],[4.888648986000021,52.37529914900006],[4.889329242000031,52.374857089000045],[4.890504298000053,52.376616899000055],[4.889847049000025,52.37809608200007]]]}},{"type":"Feature","properties":{"service_id":284,"population_total":461.42,"thiessen_area_km2":0.0589,"population_share":0.0005802248202321239,"area_share":0.0003008783977318406,"population_covered":461.42,"area_covered_km2":0.0589,"population_coverage_ratio":1.0,"area_coverage_ratio":0.9999998628448961},"geometry":{"type":"Polygon","coordinates":[[[4.887385766000023,52.382646944000044],[4.886492798000063,52.38296247900007],[4.8864192410000555,52.38292410300005],[4.884161994000067,52.37874982000005],[4.888697807000028,52.380873405000045],[4.887385766000023,52.382646944000044]]]}},{"type":"Feature","properties":{"service_id":271,"population_total":263.67,"thiessen_area_km2":0.0465,"population_share":0.00033155704013264223,"area_share":0.00023774146853175755,"population_covered":263.67,"area_covered_km2":0.0465,"population_coverage_ratio":1.0,"area_coverage_ratio":1.0000003177388224},"geometry":{"type":"Polygon","coordinates":[[[4.8961393830000475,52.37331068100008],[4.894770805000064,52.37511467500008],[4.893537138000056,52.37465697600004],[4.89254260000007,52.37191106000006],[4.892599609000058,52.37170536100007],[4.892674808000038,52.37170344500004],[4.8961393830000475,52.37331068100008]]]}},{"type":"Feature","properties":{"service_id":275,"population_total":87.89,"thiessen_area_km2":0.0255,"population_share":0.0001105190133775474,"area_share":0.0001302578232214911,"population_covered":87.89,"area_covered_km2":0.0255,"population_coverage_ratio":1.0,"area_coverage_ratio":0.9999997245862396},"geometry":{"type":"Polygon","coordinates":[[[4.8927435460000765,52.377626332000034],[4.8909294230000455,52.37878428300007],[4.889847049000025,52.37809608200007],[4.890504298000053,52.376616899000055],[4.892696322000063,52.37749195200007],[4.8927435460000765,52.377626332000034]]]}},{"type":"Feature","properties":{"service_id":277,"population_total":197.75,"thiessen_area_km2":0.154,"population_share":0.00024866778009948164,"area_share":0.0007868469336683639,"population_covered":197.75,"area_covered_km2":0.154,"population_coverage_ratio":1.0,"area_coverage_ratio":0.9999998602383999},"geometry":{"type":"Polygon","coordinates":[[[4.9024771350000265,52.38291059800008],[4.9007194620000405,52.38444853900006],[4.894697446000066,52.38207390500003],[4.895437955000034,52.378653805000056],[4.9024771350000265,52.38291059800008]]]}},{"type":"Feature","properties":{"service_id":268,"population_total":120.85,"thiessen_area_km2":0.033,"population_share":0.00015196364339412768,"area_share":0.00016875674351078394,"population_covered":120.85,"area_covered_km2":0.033,"population_coverage_ratio":1.0,"area_coverage_ratio":1.000000218877733},"geometry":{"type":"Polygon","coordinates":[[[4.892781180000043,52.37633343200008],[4.892696322000063,52.37749195200007],[4.890504298000053,52.376616899000055],[4.889329242000031,52.374857089000045],[4.889506551000068,52.37457714700008],[4.8896592100000476,52.37449474700003],[4.892781180000043,52.37633343200008]]]}},{"type":"Feature","properties":{"service_id":274,"population_total":186.76,"thiessen_area_km2":0.064,"population_share":0.00023485290342728824,"area_share":0.00032681613529306105,"population_covered":186.76,"area_covered_km2":0.064,"population_coverage_ratio":1.0,"area_coverage_ratio":0.9999997209657684},"geometry":{"type":"Polygon","coordinates":[[[4.894697446000066,52.38207390500003],[4.892961263000075,52.382118379000076],[4.893168895000031,52.377936599000066],[4.89518673200007,52.377981340000076],[4.895437955000034,52.378653805000056],[4.894697446000066,52.38207390500003]]]}},{"type":"Feature","properties":{"service_id":283,"population_total":351.55,"thiessen_area_km2":0.0829,"population_share":0.0004420760535101896,"area_share":0.0004232907945831407,"population_covered":351.55,"area_covered_km2":0.0829,"population_coverage_ratio":1.0,"area_coverage_ratio":1.0000000940902662},"geometry":{"type":"Polygon","coordinates":[[[4.892293418000065,52.38244199900004],[4.891385684000056,52.384510945000045],[4.887385766000023,52.382646944000044],[4.888697807000028,52.380873405000045],[4.889008387000047,52.380648948000044],[4.890520231000039,52.38081114700003],[4.892293418000065,52.38244199900004]]]}},{"type":"Feature","properties":{"service_id":248,"population_total":1603.97,"thiessen_area_km2":0.29,"population_share":0.00201697199414024,"area_share":0.0014813266213197943,"population_covered":1603.97,"area_covered_km2":0.29,"population_coverage_ratio":1.0,"area_coverage_ratio":1.0000001614368295},"geometry":{"type":"Polygon","coordinates":[[[4.912094864000039,52.37800306100007],[4.902953010000033,52.382360163000044],[4.902064214000063,52.37799238000008],[4.903184669000041,52.37597993600008],[4.9122021200000745,52.376619471000026],[4.912094864000039,52.37800306100007]]]}},{"type":"Feature","properties":{"service_id":273,"population_total":483.39,"thiessen_area_km2":0.0638,"population_share":0.0006078545735765107,"area_share":0.0003257810681411119,"population_covered":483.39,"area_covered_km2":0.0638,"population_coverage_ratio":1.0,"area_coverage_ratio":1.0000000936712448},"geometry":{"type":"Polygon","coordinates":[[[4.896491059000027,52.37647997700003],[4.89518673200007,52.377981340000076],[4.893168895000031,52.377936599000066],[4.8927435460000765,52.377626332000034],[4.892696322000063,52.37749195200007],[4.892781180000043,52.37633343200008],[4.893537138000056,52.37465697600004],[4.894770805000064,52.37511467500008],[4.896491059000027,52.37647997700003]]]}},{"type":"Feature","properties":{"service_id":245,"population_total":692.12,"thiessen_area_km2":0.2184,"population_share":0.0008703372303481858,"area_share":0.0011153843049450712,"population_covered":692.12,"area_covered_km2":0.2184,"population_coverage_ratio":1.0,"area_coverage_ratio":1.0000001343413387},"geometry":{"type":"Polygon","coordinates":[[[4.902857142000073,52.38265187600007],[4.9024771350000265,52.38291059800008],[4.895437955000034,52.378653805000056],[4.89518673200007,52.377981340000076],[4.896491059000027,52.37647997700003],[4.898804877000032,52.375823497000056],[4.902064214000063,52.37799238000008],[4.902953010000033,52.382360163000044],[4.902857142000073,52.38265187600007]]]}},{"type":"Feature","properties":{"service_id":237,"population_total":450.43,"thiessen_area_km2":0.0768,"population_share":0.0005664099435599305,"area_share":0.00039250817724291036,"population_covered":450.43,"area_covered_km2":0.0768,"population_coverage_ratio":1.0,"area_coverage_ratio":0.9999997714323838},"geometry":{"type":"Polygon","coordinates":[[[4.913701773000071,52.36954341900008],[4.910536429000047,52.37066093000004],[4.910606001000076,52.365992977000076],[4.911936489000027,52.36571650500008],[4.913701773000071,52.36954341900008]]]}},{"type":"Feature","properties":{"service_id":280,"population_total":2614.69,"thiessen_area_km2":0.5746,"population_share":0.0032879406479820353,"area_share":0.002934863996291044,"population_covered":2559.76,"area_covered_km2":0.5414,"population_coverage_ratio":0.9789915966386554,"area_coverage_ratio":0.9422205831459111},"geometry":{"type":"Polygon","coordinates":[[[4.886064418000046,52.39731220400006],[4.883457913000029,52.39795165800007],[4.8820231870000725,52.39792087100005],[4.879371383000034,52.39401636000008],[4.881100451000066,52.387972716000036],[4.882610545000034,52.38705132100006],[4.886858883000059,52.385974548000036],[4.8886336790000655,52.38729680800003],[4.886064418000046,52.39731220400006]]]}},{"type":"Feature","properties":{"service_id":278,"population_total":1241.43,"thiessen_area_km2":0.345,"population_share":0.0015610810639578572,"area_share":0.001762043092661616,"population_covered":1241.43,"area_covered_km2":0.345,"population_coverage_ratio":1.0,"area_coverage_ratio":0.9999999752157397},"geometry":{"type":"Polygon","coordinates":[[[4.89895105100004,52.387979607000034],[4.896731125000031,52.38995556700007],[4.891346411000029,52.385940720000065],[4.891385684000056,52.384510945000045],[4.892293418000065,52.38244199900004],[4.892961263000075,52.382118379000076],[4.894697446000066,52.38207390500003],[4.9007194620000405,52.38444853900006],[4.89895105100004,52.387979607000034]]]}},{"type":"Feature","properties":{"service_id":149,"population_total":2548.77,"thiessen_area_km2":0.3394,"population_share":0.003205051387948875,"area_share":0.0017338200476241271,"population_covered":2548.77,"area_covered_km2":0.3394,"population_coverage_ratio":1.0,"area_coverage_ratio":1.0000000229036357},"geometry":{"type":"Polygon","coordinates":[[[4.906751971000062,52.391570768000065],[4.906262599000058,52.39368623400003],[4.89895105100004,52.387979607000034],[4.9007194620000405,52.38444853900006],[4.9024771350000265,52.38291059800008],[4.902857142000073,52.38265187600007],[4.904825076000066,52.38426675000005],[4.906751971000062,52.391570768000065]]]}},{"type":"Feature","properties":{"service_id":150,"population_total":1285.37,"thiessen_area_km2":0.1737,"population_share":0.0016163405706466308,"area_share":0.0008873528263642507,"population_covered":1285.37,"area_covered_km2":0.1737,"population_coverage_ratio":1.0,"area_coverage_ratio":0.9999997471453751},"geometry":{"type":"Polygon","coordinates":[[[4.911801079000043,52.38690874300005],[4.906751971000062,52.391570768000065],[4.904825076000066,52.38426675000005],[4.911801079000043,52.38690874300005]]]}},{"type":"Feature","properties":{"service_id":153,"population_total":2856.38,"thiessen_area_km2":0.4293,"population_share":0.0035918679347702906,"area_share":0.0021926934168116116,"population_covered":2856.38,"area_covered_km2":0.4293,"population_coverage_ratio":1.0,"area_coverage_ratio":1.0000001069756825},"geometry":{"type":"Polygon","coordinates":[[[4.9155571650000525,52.39567425400003],[4.911085984000067,52.40209597000006],[4.905962024000075,52.39969576200008],[4.906597598000076,52.395322572000055],[4.913934544000028,52.39222761600007],[4.9155571650000525,52.39567425400003]]]}},{"type":"Feature","properties":{"service_id":156,"population_total":2724.55,"thiessen_area_km2":1.2016,"population_share":0.0034260894147039693,"area_share":0.0061374973284730626,"population_covered":2307.08,"area_covered_km2":0.8943,"population_coverage_ratio":0.8467741935483871,"area_coverage_ratio":0.7442811995002788},"geometry":{"type":"Polygon","coordinates":[[[4.92544599200005,52.414847767000026],[4.9235428320000665,52.41573466300008],[4.915397530000064,52.40892851900003],[4.913897605000045,52.406031161000044],[4.922281738000038,52.39523358800005],[4.926649764000047,52.397560852000026],[4.92544599200005,52.414847767000026]]]}},{"type":"Feature","properties":{"service_id":144,"population_total":1867.63,"thiessen_area_km2":0.6096,"population_share":0.0023485290342728825,"area_share":0.0031136228778163803,"population_covered":1867.63,"area_covered_km2":0.6096,"population_coverage_ratio":1.0,"area_coverage_ratio":0.999999980724168},"geometry":{"type":"Polygon","coordinates":[[[4.894658552000067,52.39610563300005],[4.888895177000052,52.39743419700005],[4.886064418000046,52.39731220400006],[4.8886336790000655,52.38729680800003],[4.891346411000029,52.385940720000065],[4.896731125000031,52.38995556700007],[4.894658552000067,52.39610563300005]]]}},{"type":"Feature","properties":{"service_id":151,"population_total":1076.64,"thiessen_area_km2":0.1638,"population_share":0.0013538579138749557,"area_share":0.0008368416474241403,"population_covered":1076.64,"area_covered_km2":0.1638,"population_coverage_ratio":1.0,"area_coverage_ratio":1.0000000361810584},"geometry":{"type":"Polygon","coordinates":[[[4.913781906000054,52.38850188300006],[4.90655184600007,52.394740074000026],[4.906262599000058,52.39368623400003],[4.906751971000062,52.391570768000065],[4.911801079000043,52.38690874300005],[4.913540762000025,52.386974045000045],[4.913961710000024,52.38740279000007],[4.913781906000054,52.38850188300006]]]}},{"type":"Feature","properties":{"service_id":147,"population_total":3713.29,"thiessen_area_km2":1.0311,"population_share":0.004669428315201378,"area_share":0.005266865113255529,"population_covered":3713.29,"area_covered_km2":1.0311,"population_coverage_ratio":1.0,"area_coverage_ratio":1.0000000104788191},"geometry":{"type":"Polygon","coordinates":[[[4.915397530000064,52.40892851900003],[4.9020836170000734,52.41249180500006],[4.898799254000039,52.40934553800008],[4.901518772000031,52.400844618000065],[4.905962024000075,52.39969576200008],[4.911085984000067,52.40209597000006],[4.913897605000045,52.406031161000044],[4.915397530000064,52.40892851900003]]]}},{"type":"Feature","properties":{"service_id":143,"population_total":2065.38,"thiessen_area_km2":1.2232,"population_share":0.0025971968143723638,"area_share":0.006247782096994265,"population_covered":2065.38,"area_covered_km2":1.2,"population_coverage_ratio":1.0,"area_coverage_ratio":0.9810410028871606},"geometry":{"type":"Polygon","coordinates":[[[4.890623159000029,52.412985562000074],[4.88919121400005,52.41421293800005],[4.871639294000033,52.411928286000034],[4.8820231870000725,52.39792087100005],[4.883457913000029,52.39795165800007],[4.890623159000029,52.412985562000074]]]}},{"type":"Feature","properties":{"service_id":145,"population_total":3350.75,"thiessen_area_km2":0.8062,"population_share":0.004213537385018995,"area_share":0.004117805272097814,"population_covered":3350.75,"area_covered_km2":0.8062,"population_coverage_ratio":1.0,"area_coverage_ratio":0.999999966445513},"geometry":{"type":"Polygon","coordinates":[[[4.898799254000039,52.40934553800008],[4.894643601000041,52.41039399400006],[4.888895177000052,52.39743419700005],[4.894658552000067,52.39610563300005],[4.901518772000031,52.400844618000065],[4.898799254000039,52.40934553800008]]]}},{"type":"Feature","properties":{"service_id":148,"population_total":2329.05,"thiessen_area_km2":0.7349,"population_share":0.0029287538545050063,"area_share":0.003753687623055858,"population_covered":2329.05,"area_covered_km2":0.7349,"population_coverage_ratio":1.0,"area_coverage_ratio":0.9999999805810967},"geometry":{"type":"Polygon","coordinates":[[[4.905962024000075,52.39969576200008],[4.901518772000031,52.400844618000065],[4.894658552000067,52.39610563300005],[4.896731125000031,52.38995556700007],[4.89895105100004,52.387979607000034],[4.906262599000058,52.39368623400003],[4.90655184600007,52.394740074000026],[4.906597598000076,52.395322572000055],[4.905962024000075,52.39969576200008]]]}},{"type":"Feature","properties":{"service_id":141,"population_total":5405.15,"thiessen_area_km2":0.6812,"population_share":0.006796919322719166,"area_share":0.0034792427060598716,"population_covered":5405.15,"area_covered_km2":0.6812,"population_coverage_ratio":1.0,"area_coverage_ratio":0.9999999439285152},"geometry":{"type":"Polygon","coordinates":[[[4.903512578000061,52.42377179700003],[4.902630756000065,52.42412361700008],[4.8911284680000335,52.41281183500007],[4.894643601000041,52.41039399400006],[4.898799254000039,52.40934553800008],[4.9020836170000734,52.41249180500006],[4.903512578000061,52.42377179700003]]]}},{"type":"Feature","properties":{"service_id":220,"population_total":692.12,"thiessen_area_km2":0.1063,"population_share":0.0008703372303481858,"area_share":0.0005429475034352942,"population_covered":692.12,"area_covered_km2":0.1063,"population_coverage_ratio":1.0,"area_coverage_ratio":0.9999999791645839},"geometry":{"type":"Polygon","coordinates":[[[4.905147847000023,52.35404695600005],[4.902294483000048,52.35548670400004],[4.9019775880000225,52.35540163300004],[4.900833363000061,52.354705815000045],[4.90003334000005,52.35342083900008],[4.900987116000067,52.35208914300006],[4.905994025000041,52.35201620600003],[4.905147847000023,52.35404695600005]]]}},{"type":"Feature","properties":{"service_id":230,"population_total":725.08,"thiessen_area_km2":0.1167,"population_share":0.0009117818603647662,"area_share":0.0005960195762756793,"population_covered":725.08,"area_covered_km2":0.1167,"population_coverage_ratio":1.0,"area_coverage_ratio":1.000000048043064},"geometry":{"type":"Polygon","coordinates":[[[4.91885723200005,52.36121306300004],[4.914405845000033,52.36289748100006],[4.916320119000034,52.35686360400007],[4.918186555000034,52.35724477300005],[4.91885723200005,52.36121306300004]]]}},{"type":"Feature","properties":{"service_id":238,"population_total":307.61,"thiessen_area_km2":0.1014,"population_share":0.00038681654682141595,"area_share":0.0005178534719045096,"population_covered":307.61,"area_covered_km2":0.1014,"population_coverage_ratio":1.0,"area_coverage_ratio":0.9999999566678018},"geometry":{"type":"Polygon","coordinates":[[[4.915669324000021,52.36883108900008],[4.914302516000021,52.37033166300006],[4.913701773000071,52.36954341900008],[4.911936489000027,52.36571650500008],[4.913779163000072,52.36470981800005],[4.916139848000057,52.366423619000045],[4.915669324000021,52.36883108900008]]]}},{"type":"Feature","properties":{"service_id":229,"population_total":2702.57,"thiessen_area_km2":0.3299,"population_share":0.003398459661359583,"area_share":0.00168491610168344,"population_covered":2702.57,"area_covered_km2":0.3299,"population_coverage_ratio":1.0,"area_coverage_ratio":0.9999999243556753},"geometry":{"type":"Polygon","coordinates":[[[4.911936489000027,52.36571650500008],[4.910606001000076,52.365992977000076],[4.909002634000046,52.36553175200004],[4.907925282000065,52.364742722000074],[4.9063195900000665,52.36247869600004],[4.9067376160000435,52.36073208000005],[4.908216238000023,52.35887778000006],[4.910185673000058,52.358059096000034],[4.9114483300000416,52.35828934800003],[4.9144012040000575,52.36290017400006],[4.913779163000072,52.36470981800005],[4.911936489000027,52.36571650500008]]]}},{"type":"Feature","properties":{"service_id":235,"population_total":615.22,"thiessen_area_km2":0.1765,"population_share":0.0007736330936428319,"area_share":0.0009016805751759037,"population_covered":615.22,"area_covered_km2":0.1765,"population_coverage_ratio":1.0,"area_coverage_ratio":1.0000001389528659},"geometry":{"type":"Polygon","coordinates":[[[4.910536429000047,52.37066093000004],[4.910161071000061,52.37337155100005],[4.905789481000056,52.37225992800006],[4.909002634000046,52.36553175200004],[4.910606001000076,52.365992977000076],[4.910536429000047,52.37066093000004]]]}},{"type":"Feature","properties":{"service_id":205,"population_total":922.83,"thiessen_area_km2":0.1534,"population_share":0.0011604496404642479,"area_share":0.0007837121201152796,"population_covered":922.83,"area_covered_km2":0.1534,"population_coverage_ratio":1.0,"area_coverage_ratio":1.000000107538196},"geometry":{"type":"Polygon","coordinates":[[[4.921630433000075,52.35628424600003],[4.918971528000043,52.35659198400003],[4.918612010000061,52.351788456000065],[4.92034794500006,52.350515408000035],[4.923613743000033,52.353891178000026],[4.923734718000048,52.354468531000066],[4.921630433000075,52.35628424600003]]]}},{"type":"Feature","properties":{"service_id":203,"population_total":362.54,"thiessen_area_km2":0.1374,"population_share":0.0004558909301823831,"area_share":0.0007016066283086714,"population_covered":362.54,"area_covered_km2":0.1374,"population_coverage_ratio":1.0,"area_coverage_ratio":0.9999999383859971},"geometry":{"type":"Polygon","coordinates":[[[4.922998551000035,52.36026639600004],[4.919659363000051,52.361668972000075],[4.91885723200005,52.36121306300004],[4.918186555000034,52.35724477300005],[4.918971528000043,52.35659198400003],[4.921630433000075,52.35628424600003],[4.922998551000035,52.36026639600004]]]}},{"type":"Feature","properties":{"service_id":232,"population_total":955.79,"thiessen_area_km2":0.2239,"population_share":0.001201894270480828,"area_share":0.0011437643137888697,"population_covered":955.79,"area_covered_km2":0.2239,"population_coverage_ratio":1.0,"area_coverage_ratio":0.9999999765673231},"geometry":{"type":"Polygon","coordinates":[[[4.921370895000052,52.36717303900008],[4.920724153000037,52.36749710000004],[4.916139848000057,52.366423619000045],[4.913779163000072,52.36470981800005],[4.9144012040000575,52.36290017400006],[4.914405845000033,52.36289748100006],[4.91885723200005,52.36121306300004],[4.919659363000051,52.361668972000075],[4.921370895000052,52.36717303900008]]]}},{"type":"Feature","properties":{"service_id":198,"population_total":1175.51,"thiessen_area_km2":0.1606,"population_share":0.0014781918039246966,"area_share":0.000820466572458207,"population_covered":1175.51,"area_covered_km2":0.1606,"population_coverage_ratio":1.0,"area_coverage_ratio":1.0000001397493605},"geometry":{"type":"Polygon","coordinates":[[[4.929176096000049,52.35912735900007],[4.92599989200005,52.35991852400008],[4.92549918900005,52.355466266000064],[4.929460590000076,52.354474148000065],[4.931416851000051,52.35652957600007],[4.929176096000049,52.35912735900007]]]}},{"type":"Feature","properties":{"service_id":201,"population_total":1032.69,"thiessen_area_km2":0.1376,"population_share":0.0012985984071861819,"area_share":0.0007030499847769899,"population_covered":1032.69,"area_covered_km2":0.1376,"population_coverage_ratio":1.0,"area_coverage_ratio":1.0000000354059906},"geometry":{"type":"Polygon","coordinates":[[[4.930418548000034,52.36185101600006],[4.929056550000041,52.364552106000076],[4.927797299000076,52.36401108500007],[4.92595277700002,52.36316051000006],[4.925397066000073,52.36079218100008],[4.92599989200005,52.35991852400008],[4.929176096000049,52.35912735900007],[4.930418548000034,52.36185101600006]]]}},{"type":"Feature","properties":{"service_id":204,"population_total":823.96,"thiessen_area_km2":0.1432,"population_share":0.001036115750414507,"area_share":0.0007314252132903995,"population_covered":823.96,"area_covered_km2":0.1432,"population_coverage_ratio":1.0,"area_coverage_ratio":0.9999998618004303},"geometry":{"type":"Polygon","coordinates":[[[4.92599989200005,52.35991852400008],[4.925397066000073,52.36079218100008],[4.922998551000035,52.36026639600004],[4.921630433000075,52.35628424600003],[4.923734718000048,52.354468531000066],[4.92549918900005,52.355466266000064],[4.92599989200005,52.35991852400008]]]}},{"type":"Feature","properties":{"service_id":199,"population_total":878.89,"thiessen_area_km2":0.1127,"population_share":0.001105190133775474,"area_share":0.0005757003409654219,"population_covered":878.89,"area_covered_km2":0.1127,"population_coverage_ratio":1.0,"area_coverage_ratio":0.9999999307005124},"geometry":{"type":"Polygon","coordinates":[[[4.933634502000075,52.360971481000036],[4.930418548000034,52.36185101600006],[4.929176096000049,52.35912735900007],[4.931416851000051,52.35652957600007],[4.932449668000061,52.35671810500003],[4.933634502000075,52.360971481000036]]]}},{"type":"Feature","properties":{"service_id":196,"population_total":977.76,"thiessen_area_km2":0.161,"population_share":0.0012295240238252149,"area_share":0.000822261023476411,"population_covered":977.76,"area_covered_km2":0.161,"population_coverage_ratio":1.0,"area_coverage_ratio":0.9999999720889807},"geometry":{"type":"Polygon","coordinates":[[[4.937653027000067,52.35777215600007],[4.93580700800004,52.36301830000008],[4.933634502000075,52.360971481000036],[4.932449668000061,52.35671810500003],[4.933192302000066,52.35635644000007],[4.935345391000055,52.356199728000036],[4.937653027000067,52.35777215600007]]]}},{"type":"Feature","properties":{"service_id":169,"population_total":1274.38,"thiessen_area_km2":0.1683,"population_share":0.0016025256939744374,"area_share":0.000859646584420103,"population_covered":1274.38,"area_covered_km2":0.1683,"population_coverage_ratio":1.0,"area_coverage_ratio":0.9999997983794655},"geometry":{"type":"Polygon","coordinates":[[[4.931036017000054,52.36740685900003],[4.927645403000042,52.37072137200005],[4.924742223000067,52.36969094500006],[4.927797299000076,52.36401108500007],[4.929056550000041,52.364552106000076],[4.931036017000054,52.36740685900003]]]}},{"type":"Feature","properties":{"service_id":233,"population_total":527.33,"thiessen_area_km2":0.1039,"population_share":0.0006631140802652845,"area_share":0.0005307322675066672,"population_covered":527.33,"area_covered_km2":0.1039,"population_coverage_ratio":1.0,"area_coverage_ratio":0.9999998650816808},"geometry":{"type":"Polygon","coordinates":[[[4.920724153000037,52.36749710000004],[4.9191104360000395,52.37050633300004],[4.917061999000055,52.37032815500004],[4.915669324000021,52.36883108900008],[4.916139848000057,52.366423619000045],[4.920724153000037,52.36749710000004]]]}},{"type":"Feature","properties":{"service_id":174,"population_total":3021.17,"thiessen_area_km2":0.2392,"population_share":0.0037990910848531923,"area_share":0.0012216528846335083,"population_covered":3021.17,"area_covered_km2":0.2392,"population_coverage_ratio":1.0,"area_coverage_ratio":1.0000000057028395},"geometry":{"type":"Polygon","coordinates":[[[4.938228084000059,52.36844346300006],[4.934790190000058,52.370388295000055],[4.932138251000026,52.367412081000055],[4.935978867000074,52.36344759800005],[4.9400453130000415,52.36449136400006],[4.940197235000028,52.36506841000005],[4.938228084000059,52.36844346300006]]]}},{"type":"Feature","properties":{"service_id":249,"population_total":439.44,"thiessen_area_km2":0.1991,"population_share":0.000552595066887737,"area_share":0.0010167194877691661,"population_covered":439.44,"area_covered_km2":0.1991,"population_coverage_ratio":1.0,"area_coverage_ratio":0.9999996147811919},"geometry":{"type":"Polygon","coordinates":[[[4.912356041000066,52.37553451200006],[4.9122021200000745,52.376619471000026],[4.903184669000041,52.37597993600008],[4.90446206200005,52.37312947700008],[4.905782176000059,52.37226086600003],[4.905789481000056,52.37225992800006],[4.910161071000061,52.37337155100005],[4.912356041000066,52.37553451200006]]]}},{"type":"Feature","properties":{"service_id":234,"population_total":65.92,"thiessen_area_km2":0.0265,"population_share":8.288926003316056e-05,"area_share":0.00013520067372915738,"population_covered":65.92,"area_covered_km2":0.0265,"population_coverage_ratio":1.0,"area_coverage_ratio":0.999999771691897},"geometry":{"type":"Polygon","coordinates":[[[4.917061999000055,52.37032815500004],[4.91440241600003,52.37136396900007],[4.914302516000021,52.37033166300006],[4.915669324000021,52.36883108900008],[4.917061999000055,52.37032815500004]]]}},{"type":"Feature","properties":{"service_id":202,"population_total":801.98,"thiessen_area_km2":0.2038,"population_share":0.00100848599707012,"area_share":0.001040972452034051,"population_covered":801.98,"area_covered_km2":0.2038,"population_coverage_ratio":1.0,"area_coverage_ratio":1.0000000057634149},"geometry":{"type":"Polygon","coordinates":[[[4.92595277700002,52.36316051000006],[4.921919775000049,52.367235804000074],[4.921370895000052,52.36717303900008],[4.919659363000051,52.361668972000075],[4.922998551000035,52.36026639600004],[4.925397066000073,52.36079218100008],[4.92595277700002,52.36316051000006]]]}},{"type":"Feature","properties":{"service_id":239,"population_total":450.43,"thiessen_area_km2":0.1469,"population_share":0.0005664099435599305,"area_share":0.0007503362094364324,"population_covered":450.43,"area_covered_km2":0.1469,"population_coverage_ratio":1.0,"area_coverage_ratio":0.9999998897761361},"geometry":{"type":"Polygon","coordinates":[[[4.91801739400006,52.37426078300007],[4.913218183000026,52.37496977700005],[4.91440241600003,52.37136396900007],[4.917061999000055,52.37032815500004],[4.9191104360000395,52.37050633300004],[4.918914255000061,52.37389532700007],[4.91801739400006,52.37426078300007]]]}},{"type":"Feature","properties":{"service_id":167,"population_total":1219.45,"thiessen_area_km2":0.3698,"population_share":0.0015334513106134702,"area_share":0.0018889034053337595,"population_covered":1219.45,"area_covered_km2":0.3698,"population_coverage_ratio":1.0,"area_coverage_ratio":0.9999997962517422},"geometry":{"type":"Polygon","coordinates":[[[4.926688586000068,52.38176932500005],[4.926576493000027,52.381775504000075],[4.921354436000058,52.375076636000074],[4.924549295000077,52.36962695900007],[4.924742223000067,52.36969094500006],[4.927645403000042,52.37072137200005],[4.928309668000054,52.374650408000036],[4.926688586000068,52.38176932500005]]]}},{"type":"Feature","properties":{"service_id":168,"population_total":615.22,"thiessen_area_km2":0.1318,"population_share":0.0007736330936428319,"area_share":0.0006731038055304741,"population_covered":615.22,"area_covered_km2":0.1318,"population_coverage_ratio":1.0,"area_coverage_ratio":1.000000180819867},"geometry":{"type":"Polygon","coordinates":[[[4.927797299000076,52.36401108500007],[4.924742223000067,52.36969094500006],[4.924549295000077,52.36962695900007],[4.921919775000049,52.367235804000074],[4.92595277700002,52.36316051000006],[4.927797299000076,52.36401108500007]]]}},{"type":"Feature","properties":{"service_id":240,"population_total":450.43,"thiessen_area_km2":0.2048,"population_share":0.0005664099435599305,"area_share":0.0010460542212376756,"population_covered":450.43,"area_covered_km2":0.2048,"population_coverage_ratio":1.0,"area_coverage_ratio":1.000000184958353},"geometry":{"type":"Polygon","coordinates":[[[4.924549295000077,52.36962695900007],[4.921354436000058,52.375076636000074],[4.918914255000061,52.37389532700007],[4.9191104360000395,52.37050633300004],[4.920724153000037,52.36749710000004],[4.921370895000052,52.36717303900008],[4.921919775000049,52.367235804000074],[4.924549295000077,52.36962695900007]]]}},{"type":"Feature","properties":{"service_id":241,"population_total":1120.58,"thiessen_area_km2":0.2813,"population_share":0.0014091174205637296,"area_share":0.0014366782787808604,"population_covered":1120.58,"area_covered_km2":0.2813,"population_coverage_ratio":1.0,"area_coverage_ratio":0.9999998576794904},"geometry":{"type":"Polygon","coordinates":[[[4.926576493000027,52.381775504000075],[4.925761974000068,52.38215823200005],[4.918244089000041,52.38027614900005],[4.91801739400006,52.37426078300007],[4.918914255000061,52.37389532700007],[4.921354436000058,52.375076636000074],[4.926576493000027,52.381775504000075]]]}},{"type":"Feature","properties":{"service_id":171,"population_total":1933.55,"thiessen_area_km2":0.5069,"population_share":0.002431418294306043,"area_share":0.0025893743782998283,"population_covered":1933.55,"area_covered_km2":0.5069,"population_coverage_ratio":1.0,"area_coverage_ratio":1.0000000604061394},"geometry":{"type":"Polygon","coordinates":[[[4.933033015000035,52.383028711000065],[4.9302970270000515,52.38355296600008],[4.926688586000068,52.38176932500005],[4.928309668000054,52.374650408000036],[4.935414648000062,52.37268534100008],[4.936071259000073,52.373410868000065],[4.935345965000067,52.37652753800006],[4.933033015000035,52.383028711000065]]]}},{"type":"Feature","properties":{"service_id":152,"population_total":747.05,"thiessen_area_km2":0.1224,"population_share":0.000939411613709153,"area_share":0.0006249800977446298,"population_covered":747.05,"area_covered_km2":0.1224,"population_coverage_ratio":1.0,"area_coverage_ratio":0.9999999945400077},"geometry":{"type":"Polygon","coordinates":[[[4.913934544000028,52.39222761600007],[4.906597598000076,52.395322572000055],[4.90655184600007,52.394740074000026],[4.913781906000054,52.38850188300006],[4.913934544000028,52.39222761600007]]]}},{"type":"Feature","properties":{"service_id":164,"population_total":1856.65,"thiessen_area_km2":1.0633,"population_share":0.002334714157600689,"area_share":0.005431300155520147,"population_covered":1691.86,"area_covered_km2":0.8938,"population_coverage_ratio":0.9112426035502958,"area_coverage_ratio":0.840529755846119},"geometry":{"type":"Polygon","coordinates":[[[4.93114614600006,52.41218973000008],[4.928710937000062,52.413326263000044],[4.92544599200005,52.414847767000026],[4.926649764000047,52.397560852000026],[4.930380479000064,52.39479652300008],[4.93360889500002,52.39560817500006],[4.936769530000049,52.39988207300007],[4.93114614600006,52.41218973000008]]]}},{"type":"Feature","properties":{"service_id":157,"population_total":2834.41,"thiessen_area_km2":0.4113,"population_share":0.003564238181425904,"area_share":0.0021010418634955065,"population_covered":2834.41,"area_covered_km2":0.4113,"population_coverage_ratio":1.0,"area_coverage_ratio":0.999999957678073},"geometry":{"type":"Polygon","coordinates":[[[4.922281738000038,52.39523358800005],[4.913897605000045,52.406031161000044],[4.911085984000067,52.40209597000006],[4.9155571650000525,52.39567425400003],[4.921629034000034,52.39467337700006],[4.922281738000038,52.39523358800005]]]}},{"type":"Feature","properties":{"service_id":244,"population_total":878.89,"thiessen_area_km2":0.4424,"population_share":0.001105190133775474,"area_share":0.002259755381868733,"population_covered":878.89,"area_covered_km2":0.4424,"population_coverage_ratio":1.0,"area_coverage_ratio":0.9999999995797588},"geometry":{"type":"Polygon","coordinates":[[[4.913811189000057,52.38031747800005],[4.913540762000025,52.386974045000045],[4.911801079000043,52.38690874300005],[4.904825076000066,52.38426675000005],[4.902857142000073,52.38265187600007],[4.902953010000033,52.382360163000044],[4.912094864000039,52.37800306100007],[4.913811189000057,52.38031747800005]]]}},{"type":"Feature","properties":{"service_id":243,"population_total":3504.56,"thiessen_area_km2":0.5072,"population_share":0.004406945658429703,"area_share":0.0025908397486085455,"population_covered":3504.56,"area_covered_km2":0.5072,"population_coverage_ratio":1.0,"area_coverage_ratio":1.0000001416802435},"geometry":{"type":"Polygon","coordinates":[[[4.925761974000068,52.38215823200005],[4.920395175000067,52.38775732200003],[4.913961710000024,52.38740279000007],[4.913540762000025,52.386974045000045],[4.913811189000057,52.38031747800005],[4.918244089000041,52.38027614900005],[4.925761974000068,52.38215823200005]]]}},{"type":"Feature","properties":{"service_id":154,"population_total":1439.18,"thiessen_area_km2":0.3963,"population_share":0.001809748844057339,"area_share":0.002024377823616152,"population_covered":1439.18,"area_covered_km2":0.3963,"population_coverage_ratio":1.0,"area_coverage_ratio":1.000000039102635},"geometry":{"type":"Polygon","coordinates":[[[4.921629034000034,52.39467337700006],[4.9155571650000525,52.39567425400003],[4.913934544000028,52.39222761600007],[4.913781906000054,52.38850188300006],[4.913961710000024,52.38740279000007],[4.920395175000067,52.38775732200003],[4.921629034000034,52.39467337700006]]]}},{"type":"Feature","properties":{"service_id":158,"population_total":4016.76,"thiessen_area_km2":1.3537,"population_share":0.005051030774949604,"area_share":0.0069143847932693165,"population_covered":4016.76,"area_covered_km2":1.3453,"population_coverage_ratio":1.0,"area_coverage_ratio":0.9937704648567024},"geometry":{"type":"Polygon","coordinates":[[[4.9235428320000665,52.41573466300008],[4.918364047000068,52.41814804100005],[4.9168891910000525,52.41814041200007],[4.91095209100007,52.42080688400006],[4.910379886000044,52.42103195100003],[4.903512578000061,52.42377179700003],[4.9020836170000734,52.41249180500006],[4.915397530000064,52.40892851900003],[4.9235428320000665,52.41573466300008]]]}},{"type":"Feature","properties":{"service_id":207,"population_total":538.32,"thiessen_area_km2":0.2333,"population_share":0.0006769289569374779,"area_share":0.0011916702093015608,"population_covered":538.32,"area_covered_km2":0.2333,"population_coverage_ratio":1.0,"area_coverage_ratio":0.9999999076174548},"geometry":{"type":"Polygon","coordinates":[[[4.929460590000076,52.354474148000065],[4.92549918900005,52.355466266000064],[4.923734718000048,52.354468531000066],[4.923613743000033,52.353891178000026],[4.928952691000063,52.34658538900004],[4.929784027000039,52.346297220000054],[4.929460590000076,52.354474148000065]]]}},{"type":"Feature","properties":{"service_id":187,"population_total":2729.69,"thiessen_area_km2":1.7112,"population_share":0.0034325569447348366,"area_share":0.008740475371571767,"population_covered":2528.66,"area_covered_km2":1.5476,"population_coverage_ratio":0.9263546621755804,"area_coverage_ratio":0.9044161223207503},"geometry":{"type":"Polygon","coordinates":[[[4.970229122000035,52.36102917300008],[4.954343596000058,52.36365072600006],[4.9581520340000225,52.34456880100004],[4.959376661000022,52.343263000000036],[4.959390163000023,52.34327697700007],[4.963419914000042,52.34743499700005],[4.963699818000066,52.34773635800008],[4.964402198000073,52.34849548300008],[4.969244957000058,52.35374069200003],[4.969612121000068,52.35396575900006],[4.97192812000003,52.355396271000075],[4.972174167000048,52.35554885800008],[4.976719811000066,52.35446196500004],[4.97650862200004,52.35731791900008],[4.970229122000035,52.36102917300008]]]}},{"type":"Feature","properties":{"service_id":170,"population_total":1164.52,"thiessen_area_km2":0.2715,"population_share":0.0014643769272525032,"area_share":0.0013870060559516928,"population_covered":1164.52,"area_covered_km2":0.2715,"population_coverage_ratio":1.0,"area_coverage_ratio":1.0000000951680676},"geometry":{"type":"Polygon","coordinates":[[[4.935414648000062,52.37268534100008],[4.928309668000054,52.374650408000036],[4.927645403000042,52.37072137200005],[4.931036017000054,52.36740685900003],[4.932138251000026,52.367412081000055],[4.934790190000058,52.370388295000055],[4.935414648000062,52.37268534100008]]]}},{"type":"Feature","properties":{"service_id":200,"population_total":1900.59,"thiessen_area_km2":0.2052,"population_share":0.0023899736642894625,"area_share":0.0010480144306084255,"population_covered":1900.59,"area_covered_km2":0.2052,"population_coverage_ratio":1.0,"area_coverage_ratio":0.9999999539288862},"geometry":{"type":"Polygon","coordinates":[[[4.935978867000074,52.36344759800005],[4.932138251000026,52.367412081000055],[4.931036017000054,52.36740685900003],[4.929056550000041,52.364552106000076],[4.930418548000034,52.36185101600006],[4.933634502000075,52.360971481000036],[4.93580700800004,52.36301830000008],[4.935978867000074,52.36344759800005]]]}},{"type":"Feature","properties":{"service_id":175,"population_total":1450.16,"thiessen_area_km2":0.1224,"population_share":0.0018235637207295323,"area_share":0.0006252993870379806,"population_covered":1450.16,"area_covered_km2":0.1224,"population_coverage_ratio":1.0,"area_coverage_ratio":0.9999999814552402},"geometry":{"type":"Polygon","coordinates":[[[4.943299550000063,52.37015195300006],[4.939198174000069,52.37023302700004],[4.938228084000059,52.36844346300006],[4.940197235000028,52.36506841000005],[4.943745579000051,52.36946291900006],[4.943299550000063,52.37015195300006]]]}},{"type":"Feature","properties":{"service_id":172,"population_total":1098.61,"thiessen_area_km2":0.1244,"population_share":0.0013814876672193425,"area_share":0.0006354604275750992,"population_covered":1098.61,"area_covered_km2":0.1244,"population_coverage_ratio":1.0,"area_coverage_ratio":1.0000000223550292},"geometry":{"type":"Polygon","coordinates":[[[4.941965676000052,52.37396636500006],[4.941183851000062,52.37435733900003],[4.9374873280000315,52.37337487500008],[4.939198174000069,52.37023302700004],[4.943299550000063,52.37015195300006],[4.941965676000052,52.37396636500006]]]}},{"type":"Feature","properties":{"service_id":173,"population_total":1043.68,"thiessen_area_km2":0.1023,"population_share":0.0013124132838583755,"area_share":0.0005226768659548211,"population_covered":1043.68,"area_covered_km2":0.1023,"population_coverage_ratio":1.0,"area_coverage_ratio":1.000000149392363},"geometry":{"type":"Polygon","coordinates":[[[4.9374873280000315,52.37337487500008],[4.936071259000073,52.373410868000065],[4.935414648000062,52.37268534100008],[4.934790190000058,52.370388295000055],[4.938228084000059,52.36844346300006],[4.939198174000069,52.37023302700004],[4.9374873280000315,52.37337487500008]]]}},{"type":"Feature","properties":{"service_id":176,"population_total":5921.49,"thiessen_area_km2":0.7074,"population_share":0.007446218526312257,"area_share":0.0036133430134944575,"population_covered":5921.49,"area_covered_km2":0.7074,"population_coverage_ratio":1.0,"area_coverage_ratio":0.9999999958465653},"geometry":{"type":"Polygon","coordinates":[[[4.94959349800007,52.368698632000076],[4.943745579000051,52.36946291900006],[4.940197235000028,52.36506841000005],[4.9400453130000415,52.36449136400006],[4.945470985000043,52.358514924000076],[4.945825561000049,52.35838808400007],[4.953688815000021,52.364099741000075],[4.95311106500003,52.36714060400004],[4.94959349800007,52.368698632000076]]]}},{"type":"Feature","properties":{"service_id":177,"population_total":1691.86,"thiessen_area_km2":0.2385,"population_share":0.0021274910075177876,"area_share":0.0012184302565556328,"population_covered":1691.86,"area_covered_km2":0.2385,"population_coverage_ratio":1.0,"area_coverage_ratio":0.9999999335861711},"geometry":{"type":"Polygon","coordinates":[[[4.94959349800007,52.368698632000076],[4.945815026000048,52.37618409700008],[4.941965676000052,52.37396636500006],[4.943299550000063,52.37015195300006],[4.943745579000051,52.36946291900006],[4.94959349800007,52.368698632000076]]]}},{"type":"Feature","properties":{"service_id":180,"population_total":823.96,"thiessen_area_km2":0.1243,"population_share":0.001036115750414507,"area_share":0.0006350885591168471,"population_covered":823.96,"area_covered_km2":0.1243,"population_coverage_ratio":1.0,"area_coverage_ratio":0.9999998747177201},"geometry":{"type":"Polygon","coordinates":[[[4.941183851000062,52.37435733900003],[4.940624384000046,52.377078193000045],[4.935345965000067,52.37652753800006],[4.936071259000073,52.373410868000065],[4.9374873280000315,52.37337487500008],[4.941183851000062,52.37435733900003]]]}},{"type":"Feature","properties":{"service_id":162,"population_total":406.48,"thiessen_area_km2":0.3053,"population_share":0.0005111504368711568,"area_share":0.0015592280371634912,"population_covered":406.48,"area_covered_km2":0.3053,"population_coverage_ratio":1.0,"area_coverage_ratio":0.9999999780039472},"geometry":{"type":"Polygon","coordinates":[[[4.9505466810000485,52.39597826900007],[4.942226662000053,52.40166816300007],[4.940607704000058,52.40025933000004],[4.942035759000021,52.393900417000054],[4.9503194670000426,52.39561916700006],[4.9505466810000485,52.39597826900007]]]}},{"type":"Feature","properties":{"service_id":181,"population_total":648.18,"thiessen_area_km2":0.3372,"population_share":0.0008150777236594122,"area_share":0.0017226100451176796,"population_covered":648.18,"area_covered_km2":0.3372,"population_coverage_ratio":1.0,"area_coverage_ratio":1.000000119798634},"geometry":{"type":"Polygon","coordinates":[[[4.940624384000046,52.377078193000045],[4.940184072000022,52.384461292000026],[4.933033015000035,52.383028711000065],[4.935345965000067,52.37652753800006],[4.940624384000046,52.377078193000045]]]}},{"type":"Feature","properties":{"service_id":155,"population_total":4669.08,"thiessen_area_km2":0.8849,"population_share":0.005871322585682206,"area_share":0.004519685549631263,"population_covered":4669.08,"area_covered_km2":0.8849,"population_coverage_ratio":1.0,"area_coverage_ratio":0.9999999083854227},"geometry":{"type":"Polygon","coordinates":[[[4.930380479000064,52.39479652300008],[4.926649764000047,52.397560852000026],[4.922281738000038,52.39523358800005],[4.921629034000034,52.39467337700006],[4.920395175000067,52.38775732200003],[4.925761974000068,52.38215823200005],[4.926576493000027,52.381775504000075],[4.926688586000068,52.38176932500005],[4.9302970270000515,52.38355296600008],[4.930380479000064,52.39479652300008]]]}},{"type":"Feature","properties":{"service_id":166,"population_total":4064.85,"thiessen_area_km2":0.8063,"population_share":0.005111504368711568,"area_share":0.004118630508397102,"population_covered":4064.85,"area_covered_km2":0.8063,"population_coverage_ratio":1.0,"area_coverage_ratio":1.000000018566549},"geometry":{"type":"Polygon","coordinates":[[[4.940182820000075,52.39189434800005],[4.93360889500002,52.39560817500006],[4.930380479000064,52.39479652300008],[4.9302970270000515,52.38355296600008],[4.933033015000035,52.383028711000065],[4.940184072000022,52.384461292000026],[4.940713085000027,52.384760637000056],[4.940182820000075,52.39189434800005]]]}},{"type":"Feature","properties":{"service_id":184,"population_total":2658.63,"thiessen_area_km2":0.6147,"population_share":0.0033432001546708093,"area_share":0.0031395970323925978,"population_covered":2658.63,"area_covered_km2":0.6137,"population_coverage_ratio":1.0,"area_coverage_ratio":0.9983893803007213},"geometry":{"type":"Polygon","coordinates":[[[4.96564864000004,52.37026557200005],[4.954553348000047,52.37041881200008],[4.95311106500003,52.36714060400004],[4.953688815000021,52.364099741000075],[4.954343596000058,52.36365072600006],[4.970229122000035,52.36102917300008],[4.970004674000052,52.361481766000054],[4.969159126000022,52.36182022100007],[4.964716911000039,52.36359405500008],[4.961749077000036,52.36537933300008],[4.961717128000032,52.36807250900006],[4.966726115000029,52.36809287700004],[4.96564864000004,52.37026557200005]]]}},{"type":"Feature","properties":{"service_id":179,"population_total":1307.34,"thiessen_area_km2":0.4931,"population_share":0.0016439703239910176,"area_share":0.0025186866004685638,"population_covered":1307.34,"area_covered_km2":0.4931,"population_coverage_ratio":1.0,"area_coverage_ratio":0.9999999325465749},"geometry":{"type":"Polygon","coordinates":[[[4.949398906000056,52.383512102000054],[4.940713085000027,52.384760637000056],[4.940184072000022,52.384461292000026],[4.940624384000046,52.377078193000045],[4.941183851000062,52.37435733900003],[4.941965676000052,52.37396636500006],[4.945815026000048,52.37618409700008],[4.949509087000024,52.38340968600005],[4.949398906000056,52.383512102000054]]]}},{"type":"Feature","properties":{"service_id":165,"population_total":1010.72,"thiessen_area_km2":0.3273,"population_share":0.001270968653841795,"area_share":0.001671905236110153,"population_covered":1010.72,"area_covered_km2":0.3273,"population_coverage_ratio":1.0,"area_coverage_ratio":1.0000001009666013},"geometry":{"type":"Polygon","coordinates":[[[4.942035759000021,52.393900417000054],[4.940607704000058,52.40025933000004],[4.936769530000049,52.39988207300007],[4.93360889500002,52.39560817500006],[4.940182820000075,52.39189434800005],[4.942035759000021,52.393900417000054]]]}},{"type":"Feature","properties":{"service_id":182,"population_total":3142.02,"thiessen_area_km2":1.3883,"population_share":0.00395105472824732,"area_share":0.007091052687765455,"population_covered":1351.29,"area_covered_km2":0.7286,"population_coverage_ratio":0.4300699300699301,"area_coverage_ratio":0.5248558736123055},"geometry":{"type":"Polygon","coordinates":[[[4.971665691000055,52.38166645100006],[4.984093084000051,52.39894759800006],[4.955499231000033,52.38095596000005],[4.955951996000067,52.37710909800006],[4.965407726000024,52.37296431900006],[4.967890616000034,52.37641694900003],[4.964557170000035,52.377956390000065],[4.961574078000069,52.38063812200005],[4.967446804000076,52.383354187000066],[4.971665691000055,52.38166645100006]]]}},{"type":"Feature","properties":{"service_id":178,"population_total":1922.56,"thiessen_area_km2":0.8173,"population_share":0.0024176034176338498,"area_share":0.004174380601164277,"population_covered":1922.56,"area_covered_km2":0.8173,"population_coverage_ratio":1.0,"area_coverage_ratio":1.0000000031943164},"geometry":{"type":"Polygon","coordinates":[[[4.955499231000033,52.38095596000005],[4.949509087000024,52.38340968600005],[4.945815026000048,52.37618409700008],[4.94959349800007,52.368698632000076],[4.95311106500003,52.36714060400004],[4.954553348000047,52.37041881200008],[4.955951996000067,52.37710909800006],[4.955499231000033,52.38095596000005]]]}},{"type":"Feature","properties":{"service_id":159,"population_total":10352.02,"thiessen_area_km2":7.9194,"population_share":0.013017561618108905,"area_share":0.04045108545203187,"population_covered":7888.0,"area_covered_km2":1.9387,"population_coverage_ratio":0.7619769156180765,"area_coverage_ratio":0.24479824721860888},"geometry":{"type":"Polygon","coordinates":[[[5.012706132000062,52.421706777000054],[5.003894805000073,52.42478942900004],[4.99542617700007,52.42475509600007],[4.9935641280000596,52.42474746700003],[4.992105007000021,52.42294693000008],[4.990631104000045,52.42293930000005],[4.989023503000055,52.42422538100004],[4.9505466810000485,52.39597826900007],[4.9503194670000426,52.39561916700006],[4.949398906000056,52.383512102000054],[4.949509087000024,52.38340968600005],[4.955499231000033,52.38095596000005],[4.984093084000051,52.39894759800006],[5.012706132000062,52.421706777000054]]]}},{"type":"Feature","properties":{"service_id":160,"population_total":5009.65,"thiessen_area_km2":0.7349,"population_share":0.0062995837625202025,"area_share":0.003753981953017975,"population_covered":5009.65,"area_covered_km2":0.7349,"population_coverage_ratio":1.0,"area_coverage_ratio":1.0000000820592745},"geometry":{"type":"Polygon","coordinates":[[[4.949398906000056,52.383512102000054],[4.9503194670000426,52.39561916700006],[4.942035759000021,52.393900417000054],[4.940182820000075,52.39189434800005],[4.940713085000027,52.384760637000056],[4.949398906000056,52.383512102000054]]]}},{"type":"Feature","properties":{"service_id":163,"population_total":988.75,"thiessen_area_km2":0.8228,"population_share":0.0012433389004974083,"area_share":0.004202789335134436,"population_covered":955.79,"area_covered_km2":0.7998,"population_coverage_ratio":0.9666666666666667,"area_coverage_ratio":0.9719847122076511},"geometry":{"type":"Polygon","coordinates":[[[4.942226662000053,52.40166816300007],[4.944667758000037,52.41336908300008],[4.9346818920000715,52.411037445000034],[4.933922768000059,52.41126632700008],[4.931718826000065,52.41192245500008],[4.93114614600006,52.41218973000008],[4.936769530000049,52.39988207300007],[4.940607704000058,52.40025933000004],[4.942226662000053,52.40166816300007]]]}},{"type":"Feature","properties":{"service_id":195,"population_total":2889.34,"thiessen_area_km2":0.3142,"population_share":0.0036333125647868714,"area_share":0.0016050399239156033,"population_covered":2889.34,"area_covered_km2":0.3142,"population_coverage_ratio":1.0,"area_coverage_ratio":0.9999999542454411},"geometry":{"type":"Polygon","coordinates":[[[4.945470985000043,52.358514924000076],[4.9400453130000415,52.36449136400006],[4.935978867000074,52.36344759800005],[4.93580700800004,52.36301830000008],[4.937653027000067,52.35777215600007],[4.9411148630000525,52.35738080600004],[4.945470985000043,52.358514924000076]]]}},{"type":"Feature","properties":{"service_id":183,"population_total":5045.75,"thiessen_area_km2":5.1032,"population_share":0.006344976185439492,"area_share":0.02606633066085323,"population_covered":736.07,"area_covered_km2":0.9068,"population_coverage_ratio":0.14587867786817343,"area_coverage_ratio":0.17769761708082413},"geometry":{"type":"MultiPolygon","coordinates":[[[[4.977227535000054,52.358590605000074],[4.970004674000052,52.361481766000054],[4.970229122000035,52.36102917300008],[4.97650862200004,52.35731791900008],[4.977227535000054,52.358590605000074]]],[[[4.983282077000069,52.36930891900005],[4.967890616000034,52.37641694900003],[4.965407726000024,52.37296431900006],[4.96564864000004,52.37026557200005],[4.966726115000029,52.36809287700004],[4.972036838000065,52.36811447200006],[4.972066879000067,52.36542129500003],[4.9794349670000315,52.36545181300005],[4.982552589000022,52.36801751100006],[4.983282077000069,52.36930891900005]]],[[[4.985680031000072,52.37355400100006],[5.012851714000021,52.42165584500003],[5.012706132000062,52.421706777000054],[4.984093084000051,52.39894759800006],[4.971665691000055,52.38166645100006],[4.976334095000027,52.37979888900003],[4.977819919000069,52.37891006500007],[4.983773232000033,52.373546600000054],[4.985680031000072,52.37355400100006]]]]}},{"type":"Feature","properties":{"service_id":161,"population_total":4218.65,"thiessen_area_km2":4.6332,"population_share":0.005304912642122276,"area_share":0.02366547390068226,"population_covered":1505.09,"area_covered_km2":1.3649,"population_coverage_ratio":0.3567708333333333,"area_coverage_ratio":0.2945995921279195},"geometry":{"type":"Polygon","coordinates":[[[4.989023503000055,52.42422538100004],[4.986163139000041,52.426513672000056],[4.979229927000063,52.423946381000064],[4.97881317100007,52.42378997800006],[4.975871086000041,52.42288208000008],[4.950799941000071,52.42098236100003],[4.9479198460000475,52.41468811000004],[4.946461201000034,52.413787841000044],[4.944667758000037,52.41336908300008],[4.942226662000053,52.40166816300007],[4.9505466810000485,52.39597826900007],[4.989023503000055,52.42422538100004]]]}},{"type":"Feature","properties":{"service_id":185,"population_total":1329.31,"thiessen_area_km2":0.375,"population_share":0.0016716000773354047,"area_share":0.0019154426862565792,"population_covered":1329.31,"area_covered_km2":0.375,"population_coverage_ratio":1.0,"area_coverage_ratio":0.9999999037646617},"geometry":{"type":"Polygon","coordinates":[[[4.965407726000024,52.37296431900006],[4.955951996000067,52.37710909800006],[4.954553348000047,52.37041881200008],[4.96564864000004,52.37026557200005],[4.965407726000024,52.37296431900006]]]}},{"type":"Feature","properties":{"service_id":426,"population_total":1823.69,"thiessen_area_km2":5.2511,"population_share":0.002293269527584109,"area_share":0.026821762550105894,"population_covered":32.96,"area_covered_km2":0.1145,"population_coverage_ratio":0.01807228915662651,"area_coverage_ratio":0.02180912454951849},"geometry":{"type":"MultiPolygon","coordinates":[[[[5.0095833060000245,52.35314886500004],[5.0090250970000625,52.354797363000046],[5.007542134000062,52.35568618700006],[5.005151204000072,52.35694493600005],[5.0041185720000385,52.35404409400007],[5.004228928000032,52.353689598000074],[5.007377056000053,52.35222315100003],[5.0095833060000245,52.35314886500004]]],[[[5.031990051000037,52.419506073000036],[5.0276054820000695,52.42002285500007],[5.010859650000043,52.37298094100004],[5.011795044000053,52.37275695800008],[5.014731884000071,52.37366867000003],[5.017629146000047,52.37906265300006],[5.016478062000033,52.38245773300008],[5.016108990000021,52.383544922000056],[5.021982192000053,52.38626098600008],[5.029329777000044,52.388980866000054],[5.032195091000062,52.39796447800006],[5.035119056000042,52.40066909800004],[5.042462826000076,52.40428543100006],[5.049815177000028,52.40700149500003],[5.055658817000051,52.41330719000007],[5.061554908000062,52.41422271700003],[5.0704159740000705,52.41335678100006],[5.071867943000029,52.416053772000055],[5.068910122000034,52.41694259600007],[5.061536789000058,52.41601944000007],[5.052690983000048,52.41509246800007],[5.0438208580000605,52.41685485900007],[5.043225765000045,52.41678237900004],[5.036449909000055,52.41593170200008],[5.031990051000037,52.419506073000036]]]]}},{"type":"Feature","properties":{"service_id":427,"population_total":626.21,"thiessen_area_km2":1.3769,"population_share":0.0007874479703150253,"area_share":0.007033190757900755,"population_covered":65.92,"area_covered_km2":0.1821,"population_coverage_ratio":0.10526315789473685,"area_coverage_ratio":0.13225535914500144},"geometry":{"type":"MultiPolygon","coordinates":[[[[5.0041185720000385,52.35404409400007],[5.005151204000072,52.35694493600005],[4.9992574390000755,52.360047817000066],[4.998881593000021,52.355823083000075],[5.002537676000031,52.35363640400004],[5.0041185720000385,52.35404409400007]]],[[[5.0276054820000695,52.42002285500007],[5.026558794000039,52.42014622100004],[5.00567250000006,52.374223020000045],[5.010859650000043,52.37298094100004],[5.0276054820000695,52.42002285500007]]]]}},{"type":"Feature","properties":{"service_id":436,"population_total":3965.97,"thiessen_area_km2":6.2636,"population_share":0.004987170478661827,"area_share":0.031993454495798344,"population_covered":472.4,"area_covered_km2":0.6004,"population_coverage_ratio":0.11911357340720222,"area_coverage_ratio":0.09586128536472108},"geometry":{"type":"MultiPolygon","coordinates":[[[[4.989524445000029,52.35492742800005],[4.988382816000069,52.35561370800008],[4.98541784300005,52.357395172000054],[4.978041172000076,52.358264923000036],[4.977227535000054,52.358590605000074],[4.97650862200004,52.35731791900008],[4.976719811000066,52.35446196500004],[4.979553483000075,52.353784415000064],[4.989524445000029,52.35492742800005]]],[[[4.98831892000004,52.36189651500007],[4.982394219000071,52.36456680300006],[4.980930805000071,52.363662720000036],[4.988337993000073,52.360099793000074],[4.989849090000064,52.356517791000044],[4.991453914000033,52.35541456300007],[4.999184355000068,52.36008629300005],[4.995687961000044,52.36192703300003],[4.989800930000058,52.36100387600004],[4.98831892000004,52.36189651500007]]],[[[4.9838199610000515,52.36906051600005],[4.983282077000069,52.36930891900005],[4.982552589000022,52.36801751100006],[4.9838199610000515,52.36906051600005]]],[[[5.012851714000021,52.42165584500003],[4.985680031000072,52.37355400100006],[4.98672199300006,52.37355804500004],[4.9925808910000455,52.37717056300005],[5.001409054000021,52.379001618000075],[5.00440311400007,52.37452697800006],[5.00567250000006,52.374223020000045],[5.026558794000039,52.42014622100004],[5.024740219000023,52.42036056500007],[5.02313613900003,52.419475555000076],[5.021667957000034,52.41857147200005],[5.012851714000021,52.42165584500003]]]]}}]}